dataset,noise_type,n_eligible
sentnob,char_insert,89
sentnob,char_insert,21
sentnob,char_insert,21
sentnob,char_insert,18
sentnob,char_insert,17
sentnob,char_insert,9
sentnob,char_insert,19
sentnob,char_insert,20
sentnob,char_insert,14
sentnob,char_insert,14
sentnob,char_insert,16
sentnob,char_insert,82
sentnob,char_insert,8
sentnob,char_insert,19
sentnob,char_insert,21
sentnob,char_insert,53
sentnob,char_insert,17
sentnob,char_insert,26
sentnob,char_insert,46
sentnob,char_insert,13
sentnob,char_insert,68
sentnob,char_insert,28
sentnob,char_insert,26
sentnob,char_insert,11
sentnob,char_insert,12
sentnob,char_insert,51
sentnob,char_insert,12
sentnob,char_insert,54
sentnob,char_insert,32
sentnob,char_insert,42
sentnob,char_insert,20
sentnob,char_insert,24
sentnob,char_insert,23
sentnob,char_insert,20
sentnob,char_insert,20
sentnob,char_insert,11
sentnob,char_insert,11
sentnob,char_insert,31
sentnob,char_insert,16
sentnob,char_insert,27
sentnob,char_insert,29
sentnob,char_insert,20
sentnob,char_insert,28
sentnob,char_insert,6
sentnob,char_insert,7
sentnob,char_insert,45
sentnob,char_insert,12
sentnob,char_insert,11
sentnob,char_insert,34
sentnob,char_insert,19
sentnob,char_insert,70
sentnob,char_insert,8
sentnob,char_insert,24
sentnob,char_insert,22
sentnob,char_insert,23
sentnob,char_insert,53
sentnob,char_insert,26
sentnob,char_insert,20
sentnob,char_insert,20
sentnob,char_insert,20
sentnob,char_insert,46
sentnob,char_insert,42
sentnob,char_insert,8
sentnob,char_insert,59
sentnob,char_insert,31
sentnob,char_insert,12
sentnob,char_insert,16
sentnob,char_insert,20
sentnob,char_insert,13
sentnob,char_insert,30
sentnob,char_insert,8
sentnob,char_insert,15
sentnob,char_insert,11
sentnob,char_insert,36
sentnob,char_insert,14
sentnob,char_insert,10
sentnob,char_insert,22
sentnob,char_insert,21
sentnob,char_insert,15
sentnob,char_insert,10
sentnob,char_insert,13
sentnob,char_insert,35
sentnob,char_insert,11
sentnob,char_insert,33
sentnob,char_insert,44
sentnob,char_insert,8
sentnob,char_insert,17
sentnob,char_insert,13
sentnob,char_insert,25
sentnob,char_insert,22
sentnob,char_insert,41
sentnob,char_insert,13
sentnob,char_insert,50
sentnob,char_insert,14
sentnob,char_insert,17
sentnob,char_insert,8
sentnob,char_insert,94
sentnob,char_insert,25
sentnob,char_insert,12
sentnob,char_insert,32
sentnob,char_insert,48
sentnob,char_insert,21
sentnob,char_insert,23
sentnob,char_insert,9
sentnob,char_insert,25
sentnob,char_insert,15
sentnob,char_insert,46
sentnob,char_insert,12
sentnob,char_insert,42
sentnob,char_insert,9
sentnob,char_insert,6
sentnob,char_insert,11
sentnob,char_insert,11
sentnob,char_insert,33
sentnob,char_insert,17
sentnob,char_insert,13
sentnob,char_insert,33
sentnob,char_insert,7
sentnob,char_insert,19
sentnob,char_insert,11
sentnob,char_insert,21
sentnob,char_insert,56
sentnob,char_insert,48
sentnob,char_insert,19
sentnob,char_insert,24
sentnob,char_insert,9
sentnob,char_insert,17
sentnob,char_insert,7
sentnob,char_insert,11
sentnob,char_insert,19
sentnob,char_insert,42
sentnob,char_insert,42
sentnob,char_insert,40
sentnob,char_insert,18
sentnob,char_insert,11
sentnob,char_insert,90
sentnob,char_insert,17
sentnob,char_insert,11
sentnob,char_insert,15
sentnob,char_insert,45
sentnob,char_insert,15
sentnob,char_insert,27
sentnob,char_insert,21
sentnob,char_insert,24
sentnob,char_insert,29
sentnob,char_insert,40
sentnob,char_insert,9
sentnob,char_insert,20
sentnob,char_insert,14
sentnob,char_insert,9
sentnob,char_insert,52
sentnob,char_insert,44
sentnob,char_insert,13
sentnob,char_insert,29
sentnob,char_insert,34
sentnob,char_insert,19
sentnob,char_insert,12
sentnob,char_insert,8
sentnob,char_insert,27
sentnob,char_insert,17
sentnob,char_insert,25
sentnob,char_insert,25
sentnob,char_insert,47
sentnob,char_insert,40
sentnob,char_insert,10
sentnob,char_insert,8
sentnob,char_insert,46
sentnob,char_insert,23
sentnob,char_insert,18
sentnob,char_insert,14
sentnob,char_insert,26
sentnob,char_insert,32
sentnob,char_insert,16
sentnob,char_insert,23
sentnob,char_insert,30
sentnob,char_insert,24
sentnob,char_insert,35
sentnob,char_insert,11
sentnob,char_insert,53
sentnob,char_insert,30
sentnob,char_insert,15
sentnob,char_insert,7
sentnob,char_insert,8
sentnob,char_insert,44
sentnob,char_insert,22
sentnob,char_insert,25
sentnob,char_insert,29
sentnob,char_insert,7
sentnob,char_insert,14
sentnob,char_insert,59
sentnob,char_insert,9
sentnob,char_insert,34
sentnob,char_insert,25
sentnob,char_insert,12
sentnob,char_insert,16
sentnob,char_insert,9
sentnob,char_insert,18
sentnob,char_insert,22
sentnob,char_insert,13
sentnob,char_insert,67
sentnob,char_insert,34
sentnob,char_insert,35
sentnob,char_insert,17
sentnob,char_insert,13
sentnob,char_insert,66
sentnob,char_insert,15
sentnob,char_insert,11
sentnob,char_insert,19
sentnob,char_insert,25
sentnob,char_insert,24
sentnob,char_insert,28
sentnob,char_insert,11
sentnob,char_insert,9
sentnob,char_insert,21
sentnob,char_insert,32
sentnob,char_insert,36
sentnob,char_insert,20
sentnob,char_insert,13
sentnob,char_insert,29
sentnob,char_insert,18
sentnob,char_insert,11
sentnob,char_insert,19
sentnob,char_insert,9
sentnob,char_insert,10
sentnob,char_insert,30
sentnob,char_insert,19
sentnob,char_insert,47
sentnob,char_insert,14
sentnob,char_insert,58
sentnob,char_insert,12
sentnob,char_insert,41
sentnob,char_insert,24
sentnob,char_insert,42
sentnob,char_insert,6
sentnob,char_insert,62
sentnob,char_insert,22
sentnob,char_insert,17
sentnob,char_insert,20
sentnob,char_insert,19
sentnob,char_insert,15
sentnob,char_insert,36
sentnob,char_insert,13
sentnob,char_insert,19
sentnob,char_insert,26
sentnob,char_insert,14
sentnob,char_insert,13
sentnob,char_insert,12
sentnob,char_insert,24
sentnob,char_insert,40
sentnob,char_insert,8
sentnob,char_insert,8
sentnob,char_insert,61
sentnob,char_insert,23
sentnob,char_insert,11
sentnob,char_insert,21
sentnob,char_insert,65
sentnob,char_insert,16
sentnob,char_insert,19
sentnob,char_insert,13
sentnob,char_insert,16
sentnob,char_insert,23
sentnob,char_insert,16
sentnob,char_insert,12
sentnob,char_insert,29
sentnob,char_insert,7
sentnob,char_insert,38
sentnob,char_insert,13
sentnob,char_insert,19
sentnob,char_insert,14
sentnob,char_insert,16
sentnob,char_insert,32
sentnob,char_insert,19
sentnob,char_insert,30
sentnob,char_insert,31
sentnob,char_insert,22
sentnob,char_insert,20
sentnob,char_insert,13
sentnob,char_insert,11
sentnob,char_insert,22
sentnob,char_insert,22
sentnob,char_insert,21
sentnob,char_insert,14
sentnob,char_insert,28
sentnob,char_insert,10
sentnob,char_insert,35
sentnob,char_insert,14
sentnob,char_insert,41
sentnob,char_insert,18
sentnob,char_insert,19
sentnob,char_insert,8
sentnob,char_insert,5
sentnob,char_insert,18
sentnob,char_insert,8
sentnob,char_insert,10
sentnob,char_insert,46
sentnob,char_insert,11
sentnob,char_insert,41
sentnob,char_insert,89
sentnob,char_insert,9
sentnob,char_insert,7
sentnob,char_delete,131
sentnob,char_delete,30
sentnob,char_delete,35
sentnob,char_delete,32
sentnob,char_delete,24
sentnob,char_delete,14
sentnob,char_delete,32
sentnob,char_delete,32
sentnob,char_delete,22
sentnob,char_delete,19
sentnob,char_delete,26
sentnob,char_delete,122
sentnob,char_delete,13
sentnob,char_delete,30
sentnob,char_delete,34
sentnob,char_delete,82
sentnob,char_delete,26
sentnob,char_delete,44
sentnob,char_delete,71
sentnob,char_delete,19
sentnob,char_delete,102
sentnob,char_delete,40
sentnob,char_delete,39
sentnob,char_delete,16
sentnob,char_delete,21
sentnob,char_delete,80
sentnob,char_delete,18
sentnob,char_delete,80
sentnob,char_delete,51
sentnob,char_delete,63
sentnob,char_delete,31
sentnob,char_delete,35
sentnob,char_delete,33
sentnob,char_delete,30
sentnob,char_delete,30
sentnob,char_delete,18
sentnob,char_delete,16
sentnob,char_delete,49
sentnob,char_delete,25
sentnob,char_delete,41
sentnob,char_delete,48
sentnob,char_delete,30
sentnob,char_delete,46
sentnob,char_delete,11
sentnob,char_delete,11
sentnob,char_delete,69
sentnob,char_delete,19
sentnob,char_delete,17
sentnob,char_delete,54
sentnob,char_delete,31
sentnob,char_delete,110
sentnob,char_delete,13
sentnob,char_delete,36
sentnob,char_delete,39
sentnob,char_delete,34
sentnob,char_delete,78
sentnob,char_delete,38
sentnob,char_delete,29
sentnob,char_delete,33
sentnob,char_delete,28
sentnob,char_delete,70
sentnob,char_delete,59
sentnob,char_delete,12
sentnob,char_delete,86
sentnob,char_delete,54
sentnob,char_delete,18
sentnob,char_delete,24
sentnob,char_delete,36
sentnob,char_delete,18
sentnob,char_delete,48
sentnob,char_delete,13
sentnob,char_delete,25
sentnob,char_delete,16
sentnob,char_delete,57
sentnob,char_delete,23
sentnob,char_delete,14
sentnob,char_delete,36
sentnob,char_delete,31
sentnob,char_delete,25
sentnob,char_delete,16
sentnob,char_delete,19
sentnob,char_delete,51
sentnob,char_delete,16
sentnob,char_delete,46
sentnob,char_delete,68
sentnob,char_delete,13
sentnob,char_delete,26
sentnob,char_delete,20
sentnob,char_delete,41
sentnob,char_delete,36
sentnob,char_delete,65
sentnob,char_delete,19
sentnob,char_delete,80
sentnob,char_delete,23
sentnob,char_delete,26
sentnob,char_delete,15
sentnob,char_delete,139
sentnob,char_delete,39
sentnob,char_delete,19
sentnob,char_delete,47
sentnob,char_delete,75
sentnob,char_delete,33
sentnob,char_delete,37
sentnob,char_delete,14
sentnob,char_delete,36
sentnob,char_delete,24
sentnob,char_delete,66
sentnob,char_delete,19
sentnob,char_delete,65
sentnob,char_delete,17
sentnob,char_delete,9
sentnob,char_delete,16
sentnob,char_delete,15
sentnob,char_delete,51
sentnob,char_delete,27
sentnob,char_delete,21
sentnob,char_delete,50
sentnob,char_delete,11
sentnob,char_delete,32
sentnob,char_delete,16
sentnob,char_delete,34
sentnob,char_delete,94
sentnob,char_delete,76
sentnob,char_delete,28
sentnob,char_delete,39
sentnob,char_delete,13
sentnob,char_delete,24
sentnob,char_delete,11
sentnob,char_delete,17
sentnob,char_delete,29
sentnob,char_delete,62
sentnob,char_delete,63
sentnob,char_delete,62
sentnob,char_delete,27
sentnob,char_delete,17
sentnob,char_delete,130
sentnob,char_delete,26
sentnob,char_delete,18
sentnob,char_delete,23
sentnob,char_delete,64
sentnob,char_delete,27
sentnob,char_delete,39
sentnob,char_delete,37
sentnob,char_delete,41
sentnob,char_delete,45
sentnob,char_delete,61
sentnob,char_delete,13
sentnob,char_delete,31
sentnob,char_delete,19
sentnob,char_delete,14
sentnob,char_delete,77
sentnob,char_delete,68
sentnob,char_delete,21
sentnob,char_delete,45
sentnob,char_delete,51
sentnob,char_delete,33
sentnob,char_delete,18
sentnob,char_delete,14
sentnob,char_delete,42
sentnob,char_delete,27
sentnob,char_delete,38
sentnob,char_delete,36
sentnob,char_delete,75
sentnob,char_delete,62
sentnob,char_delete,16
sentnob,char_delete,14
sentnob,char_delete,73
sentnob,char_delete,38
sentnob,char_delete,27
sentnob,char_delete,24
sentnob,char_delete,41
sentnob,char_delete,46
sentnob,char_delete,27
sentnob,char_delete,36
sentnob,char_delete,47
sentnob,char_delete,38
sentnob,char_delete,54
sentnob,char_delete,19
sentnob,char_delete,84
sentnob,char_delete,45
sentnob,char_delete,22
sentnob,char_delete,10
sentnob,char_delete,15
sentnob,char_delete,69
sentnob,char_delete,35
sentnob,char_delete,35
sentnob,char_delete,43
sentnob,char_delete,11
sentnob,char_delete,24
sentnob,char_delete,92
sentnob,char_delete,15
sentnob,char_delete,52
sentnob,char_delete,42
sentnob,char_delete,17
sentnob,char_delete,25
sentnob,char_delete,16
sentnob,char_delete,29
sentnob,char_delete,34
sentnob,char_delete,19
sentnob,char_delete,100
sentnob,char_delete,53
sentnob,char_delete,56
sentnob,char_delete,26
sentnob,char_delete,17
sentnob,char_delete,97
sentnob,char_delete,22
sentnob,char_delete,16
sentnob,char_delete,30
sentnob,char_delete,38
sentnob,char_delete,38
sentnob,char_delete,43
sentnob,char_delete,16
sentnob,char_delete,16
sentnob,char_delete,30
sentnob,char_delete,48
sentnob,char_delete,55
sentnob,char_delete,31
sentnob,char_delete,20
sentnob,char_delete,47
sentnob,char_delete,25
sentnob,char_delete,17
sentnob,char_delete,31
sentnob,char_delete,15
sentnob,char_delete,16
sentnob,char_delete,51
sentnob,char_delete,33
sentnob,char_delete,74
sentnob,char_delete,22
sentnob,char_delete,95
sentnob,char_delete,18
sentnob,char_delete,64
sentnob,char_delete,33
sentnob,char_delete,60
sentnob,char_delete,10
sentnob,char_delete,91
sentnob,char_delete,35
sentnob,char_delete,26
sentnob,char_delete,35
sentnob,char_delete,28
sentnob,char_delete,25
sentnob,char_delete,58
sentnob,char_delete,20
sentnob,char_delete,30
sentnob,char_delete,40
sentnob,char_delete,21
sentnob,char_delete,19
sentnob,char_delete,22
sentnob,char_delete,38
sentnob,char_delete,60
sentnob,char_delete,13
sentnob,char_delete,13
sentnob,char_delete,96
sentnob,char_delete,33
sentnob,char_delete,19
sentnob,char_delete,33
sentnob,char_delete,100
sentnob,char_delete,26
sentnob,char_delete,32
sentnob,char_delete,22
sentnob,char_delete,26
sentnob,char_delete,40
sentnob,char_delete,27
sentnob,char_delete,17
sentnob,char_delete,47
sentnob,char_delete,11
sentnob,char_delete,61
sentnob,char_delete,19
sentnob,char_delete,27
sentnob,char_delete,22
sentnob,char_delete,25
sentnob,char_delete,50
sentnob,char_delete,30
sentnob,char_delete,42
sentnob,char_delete,49
sentnob,char_delete,32
sentnob,char_delete,33
sentnob,char_delete,22
sentnob,char_delete,17
sentnob,char_delete,32
sentnob,char_delete,34
sentnob,char_delete,34
sentnob,char_delete,21
sentnob,char_delete,42
sentnob,char_delete,16
sentnob,char_delete,55
sentnob,char_delete,20
sentnob,char_delete,64
sentnob,char_delete,29
sentnob,char_delete,33
sentnob,char_delete,14
sentnob,char_delete,8
sentnob,char_delete,27
sentnob,char_delete,14
sentnob,char_delete,15
sentnob,char_delete,69
sentnob,char_delete,19
sentnob,char_delete,64
sentnob,char_delete,134
sentnob,char_delete,14
sentnob,char_delete,12
sentnob,char_substitute,133
sentnob,char_substitute,30
sentnob,char_substitute,36
sentnob,char_substitute,33
sentnob,char_substitute,16
sentnob,char_substitute,15
sentnob,char_substitute,35
sentnob,char_substitute,32
sentnob,char_substitute,22
sentnob,char_substitute,19
sentnob,char_substitute,27
sentnob,char_substitute,127
sentnob,char_substitute,14
sentnob,char_substitute,30
sentnob,char_substitute,34
sentnob,char_substitute,85
sentnob,char_substitute,26
sentnob,char_substitute,46
sentnob,char_substitute,72
sentnob,char_substitute,19
sentnob,char_substitute,105
sentnob,char_substitute,40
sentnob,char_substitute,41
sentnob,char_substitute,16
sentnob,char_substitute,23
sentnob,char_substitute,82
sentnob,char_substitute,18
sentnob,char_substitute,81
sentnob,char_substitute,53
sentnob,char_substitute,63
sentnob,char_substitute,27
sentnob,char_substitute,36
sentnob,char_substitute,33
sentnob,char_substitute,30
sentnob,char_substitute,32
sentnob,char_substitute,18
sentnob,char_substitute,17
sentnob,char_substitute,51
sentnob,char_substitute,26
sentnob,char_substitute,41
sentnob,char_substitute,48
sentnob,char_substitute,30
sentnob,char_substitute,46
sentnob,char_substitute,12
sentnob,char_substitute,11
sentnob,char_substitute,72
sentnob,char_substitute,19
sentnob,char_substitute,17
sentnob,char_substitute,54
sentnob,char_substitute,33
sentnob,char_substitute,112
sentnob,char_substitute,13
sentnob,char_substitute,36
sentnob,char_substitute,40
sentnob,char_substitute,35
sentnob,char_substitute,78
sentnob,char_substitute,38
sentnob,char_substitute,31
sentnob,char_substitute,34
sentnob,char_substitute,28
sentnob,char_substitute,71
sentnob,char_substitute,60
sentnob,char_substitute,13
sentnob,char_substitute,87
sentnob,char_substitute,58
sentnob,char_substitute,18
sentnob,char_substitute,21
sentnob,char_substitute,37
sentnob,char_substitute,19
sentnob,char_substitute,50
sentnob,char_substitute,13
sentnob,char_substitute,26
sentnob,char_substitute,14
sentnob,char_substitute,59
sentnob,char_substitute,24
sentnob,char_substitute,14
sentnob,char_substitute,36
sentnob,char_substitute,31
sentnob,char_substitute,28
sentnob,char_substitute,19
sentnob,char_substitute,19
sentnob,char_substitute,52
sentnob,char_substitute,16
sentnob,char_substitute,47
sentnob,char_substitute,73
sentnob,char_substitute,14
sentnob,char_substitute,27
sentnob,char_substitute,20
sentnob,char_substitute,41
sentnob,char_substitute,36
sentnob,char_substitute,67
sentnob,char_substitute,19
sentnob,char_substitute,81
sentnob,char_substitute,24
sentnob,char_substitute,27
sentnob,char_substitute,13
sentnob,char_substitute,141
sentnob,char_substitute,40
sentnob,char_substitute,22
sentnob,char_substitute,47
sentnob,char_substitute,75
sentnob,char_substitute,36
sentnob,char_substitute,38
sentnob,char_substitute,14
sentnob,char_substitute,37
sentnob,char_substitute,24
sentnob,char_substitute,66
sentnob,char_substitute,19
sentnob,char_substitute,67
sentnob,char_substitute,19
sentnob,char_substitute,10
sentnob,char_substitute,11
sentnob,char_substitute,15
sentnob,char_substitute,51
sentnob,char_substitute,27
sentnob,char_substitute,21
sentnob,char_substitute,53
sentnob,char_substitute,13
sentnob,char_substitute,34
sentnob,char_substitute,16
sentnob,char_substitute,36
sentnob,char_substitute,95
sentnob,char_substitute,78
sentnob,char_substitute,29
sentnob,char_substitute,41
sentnob,char_substitute,13
sentnob,char_substitute,24
sentnob,char_substitute,12
sentnob,char_substitute,17
sentnob,char_substitute,29
sentnob,char_substitute,63
sentnob,char_substitute,65
sentnob,char_substitute,61
sentnob,char_substitute,28
sentnob,char_substitute,16
sentnob,char_substitute,128
sentnob,char_substitute,27
sentnob,char_substitute,18
sentnob,char_substitute,23
sentnob,char_substitute,66
sentnob,char_substitute,27
sentnob,char_substitute,41
sentnob,char_substitute,39
sentnob,char_substitute,42
sentnob,char_substitute,47
sentnob,char_substitute,65
sentnob,char_substitute,13
sentnob,char_substitute,31
sentnob,char_substitute,20
sentnob,char_substitute,16
sentnob,char_substitute,78
sentnob,char_substitute,70
sentnob,char_substitute,23
sentnob,char_substitute,47
sentnob,char_substitute,51
sentnob,char_substitute,36
sentnob,char_substitute,18
sentnob,char_substitute,14
sentnob,char_substitute,43
sentnob,char_substitute,28
sentnob,char_substitute,40
sentnob,char_substitute,36
sentnob,char_substitute,76
sentnob,char_substitute,57
sentnob,char_substitute,16
sentnob,char_substitute,14
sentnob,char_substitute,75
sentnob,char_substitute,40
sentnob,char_substitute,27
sentnob,char_substitute,22
sentnob,char_substitute,41
sentnob,char_substitute,46
sentnob,char_substitute,27
sentnob,char_substitute,36
sentnob,char_substitute,48
sentnob,char_substitute,39
sentnob,char_substitute,54
sentnob,char_substitute,20
sentnob,char_substitute,88
sentnob,char_substitute,46
sentnob,char_substitute,23
sentnob,char_substitute,9
sentnob,char_substitute,15
sentnob,char_substitute,71
sentnob,char_substitute,38
sentnob,char_substitute,35
sentnob,char_substitute,43
sentnob,char_substitute,11
sentnob,char_substitute,26
sentnob,char_substitute,83
sentnob,char_substitute,15
sentnob,char_substitute,52
sentnob,char_substitute,43
sentnob,char_substitute,17
sentnob,char_substitute,27
sentnob,char_substitute,16
sentnob,char_substitute,27
sentnob,char_substitute,36
sentnob,char_substitute,19
sentnob,char_substitute,100
sentnob,char_substitute,50
sentnob,char_substitute,53
sentnob,char_substitute,26
sentnob,char_substitute,17
sentnob,char_substitute,97
sentnob,char_substitute,24
sentnob,char_substitute,16
sentnob,char_substitute,35
sentnob,char_substitute,39
sentnob,char_substitute,38
sentnob,char_substitute,45
sentnob,char_substitute,16
sentnob,char_substitute,16
sentnob,char_substitute,30
sentnob,char_substitute,49
sentnob,char_substitute,60
sentnob,char_substitute,32
sentnob,char_substitute,20
sentnob,char_substitute,50
sentnob,char_substitute,25
sentnob,char_substitute,17
sentnob,char_substitute,31
sentnob,char_substitute,16
sentnob,char_substitute,17
sentnob,char_substitute,51
sentnob,char_substitute,33
sentnob,char_substitute,75
sentnob,char_substitute,23
sentnob,char_substitute,96
sentnob,char_substitute,14
sentnob,char_substitute,64
sentnob,char_substitute,33
sentnob,char_substitute,53
sentnob,char_substitute,9
sentnob,char_substitute,95
sentnob,char_substitute,36
sentnob,char_substitute,27
sentnob,char_substitute,36
sentnob,char_substitute,30
sentnob,char_substitute,26
sentnob,char_substitute,62
sentnob,char_substitute,20
sentnob,char_substitute,31
sentnob,char_substitute,41
sentnob,char_substitute,22
sentnob,char_substitute,19
sentnob,char_substitute,25
sentnob,char_substitute,41
sentnob,char_substitute,60
sentnob,char_substitute,14
sentnob,char_substitute,14
sentnob,char_substitute,99
sentnob,char_substitute,33
sentnob,char_substitute,19
sentnob,char_substitute,34
sentnob,char_substitute,102
sentnob,char_substitute,28
sentnob,char_substitute,32
sentnob,char_substitute,23
sentnob,char_substitute,27
sentnob,char_substitute,41
sentnob,char_substitute,28
sentnob,char_substitute,17
sentnob,char_substitute,49
sentnob,char_substitute,8
sentnob,char_substitute,65
sentnob,char_substitute,14
sentnob,char_substitute,29
sentnob,char_substitute,22
sentnob,char_substitute,25
sentnob,char_substitute,52
sentnob,char_substitute,31
sentnob,char_substitute,43
sentnob,char_substitute,39
sentnob,char_substitute,34
sentnob,char_substitute,32
sentnob,char_substitute,29
sentnob,char_substitute,17
sentnob,char_substitute,32
sentnob,char_substitute,34
sentnob,char_substitute,34
sentnob,char_substitute,21
sentnob,char_substitute,42
sentnob,char_substitute,16
sentnob,char_substitute,57
sentnob,char_substitute,20
sentnob,char_substitute,68
sentnob,char_substitute,29
sentnob,char_substitute,34
sentnob,char_substitute,15
sentnob,char_substitute,10
sentnob,char_substitute,27
sentnob,char_substitute,15
sentnob,char_substitute,16
sentnob,char_substitute,75
sentnob,char_substitute,21
sentnob,char_substitute,65
sentnob,char_substitute,134
sentnob,char_substitute,9
sentnob,char_substitute,8
sentnob,char_transpose,89
sentnob,char_transpose,21
sentnob,char_transpose,21
sentnob,char_transpose,18
sentnob,char_transpose,17
sentnob,char_transpose,9
sentnob,char_transpose,19
sentnob,char_transpose,20
sentnob,char_transpose,14
sentnob,char_transpose,14
sentnob,char_transpose,16
sentnob,char_transpose,82
sentnob,char_transpose,8
sentnob,char_transpose,19
sentnob,char_transpose,21
sentnob,char_transpose,53
sentnob,char_transpose,17
sentnob,char_transpose,26
sentnob,char_transpose,46
sentnob,char_transpose,13
sentnob,char_transpose,68
sentnob,char_transpose,28
sentnob,char_transpose,26
sentnob,char_transpose,11
sentnob,char_transpose,12
sentnob,char_transpose,51
sentnob,char_transpose,12
sentnob,char_transpose,54
sentnob,char_transpose,32
sentnob,char_transpose,42
sentnob,char_transpose,20
sentnob,char_transpose,24
sentnob,char_transpose,23
sentnob,char_transpose,20
sentnob,char_transpose,20
sentnob,char_transpose,11
sentnob,char_transpose,11
sentnob,char_transpose,31
sentnob,char_transpose,16
sentnob,char_transpose,27
sentnob,char_transpose,29
sentnob,char_transpose,20
sentnob,char_transpose,28
sentnob,char_transpose,6
sentnob,char_transpose,7
sentnob,char_transpose,45
sentnob,char_transpose,12
sentnob,char_transpose,11
sentnob,char_transpose,34
sentnob,char_transpose,19
sentnob,char_transpose,70
sentnob,char_transpose,8
sentnob,char_transpose,24
sentnob,char_transpose,22
sentnob,char_transpose,23
sentnob,char_transpose,53
sentnob,char_transpose,26
sentnob,char_transpose,20
sentnob,char_transpose,20
sentnob,char_transpose,20
sentnob,char_transpose,46
sentnob,char_transpose,42
sentnob,char_transpose,8
sentnob,char_transpose,59
sentnob,char_transpose,31
sentnob,char_transpose,12
sentnob,char_transpose,16
sentnob,char_transpose,20
sentnob,char_transpose,13
sentnob,char_transpose,30
sentnob,char_transpose,8
sentnob,char_transpose,15
sentnob,char_transpose,11
sentnob,char_transpose,36
sentnob,char_transpose,14
sentnob,char_transpose,10
sentnob,char_transpose,22
sentnob,char_transpose,21
sentnob,char_transpose,15
sentnob,char_transpose,10
sentnob,char_transpose,13
sentnob,char_transpose,35
sentnob,char_transpose,11
sentnob,char_transpose,33
sentnob,char_transpose,44
sentnob,char_transpose,8
sentnob,char_transpose,17
sentnob,char_transpose,13
sentnob,char_transpose,25
sentnob,char_transpose,22
sentnob,char_transpose,41
sentnob,char_transpose,13
sentnob,char_transpose,50
sentnob,char_transpose,14
sentnob,char_transpose,17
sentnob,char_transpose,8
sentnob,char_transpose,94
sentnob,char_transpose,25
sentnob,char_transpose,12
sentnob,char_transpose,32
sentnob,char_transpose,48
sentnob,char_transpose,21
sentnob,char_transpose,23
sentnob,char_transpose,9
sentnob,char_transpose,25
sentnob,char_transpose,15
sentnob,char_transpose,46
sentnob,char_transpose,12
sentnob,char_transpose,42
sentnob,char_transpose,9
sentnob,char_transpose,6
sentnob,char_transpose,11
sentnob,char_transpose,11
sentnob,char_transpose,33
sentnob,char_transpose,17
sentnob,char_transpose,13
sentnob,char_transpose,33
sentnob,char_transpose,7
sentnob,char_transpose,19
sentnob,char_transpose,11
sentnob,char_transpose,21
sentnob,char_transpose,56
sentnob,char_transpose,48
sentnob,char_transpose,19
sentnob,char_transpose,24
sentnob,char_transpose,9
sentnob,char_transpose,17
sentnob,char_transpose,7
sentnob,char_transpose,11
sentnob,char_transpose,19
sentnob,char_transpose,42
sentnob,char_transpose,42
sentnob,char_transpose,40
sentnob,char_transpose,18
sentnob,char_transpose,11
sentnob,char_transpose,90
sentnob,char_transpose,17
sentnob,char_transpose,11
sentnob,char_transpose,15
sentnob,char_transpose,45
sentnob,char_transpose,15
sentnob,char_transpose,27
sentnob,char_transpose,21
sentnob,char_transpose,24
sentnob,char_transpose,29
sentnob,char_transpose,40
sentnob,char_transpose,9
sentnob,char_transpose,20
sentnob,char_transpose,14
sentnob,char_transpose,9
sentnob,char_transpose,52
sentnob,char_transpose,44
sentnob,char_transpose,13
sentnob,char_transpose,29
sentnob,char_transpose,34
sentnob,char_transpose,19
sentnob,char_transpose,12
sentnob,char_transpose,8
sentnob,char_transpose,27
sentnob,char_transpose,17
sentnob,char_transpose,25
sentnob,char_transpose,25
sentnob,char_transpose,47
sentnob,char_transpose,40
sentnob,char_transpose,10
sentnob,char_transpose,8
sentnob,char_transpose,46
sentnob,char_transpose,23
sentnob,char_transpose,18
sentnob,char_transpose,14
sentnob,char_transpose,26
sentnob,char_transpose,32
sentnob,char_transpose,16
sentnob,char_transpose,23
sentnob,char_transpose,30
sentnob,char_transpose,24
sentnob,char_transpose,35
sentnob,char_transpose,11
sentnob,char_transpose,53
sentnob,char_transpose,30
sentnob,char_transpose,15
sentnob,char_transpose,7
sentnob,char_transpose,8
sentnob,char_transpose,44
sentnob,char_transpose,22
sentnob,char_transpose,25
sentnob,char_transpose,29
sentnob,char_transpose,7
sentnob,char_transpose,14
sentnob,char_transpose,59
sentnob,char_transpose,9
sentnob,char_transpose,34
sentnob,char_transpose,25
sentnob,char_transpose,12
sentnob,char_transpose,16
sentnob,char_transpose,9
sentnob,char_transpose,18
sentnob,char_transpose,22
sentnob,char_transpose,13
sentnob,char_transpose,67
sentnob,char_transpose,34
sentnob,char_transpose,35
sentnob,char_transpose,17
sentnob,char_transpose,13
sentnob,char_transpose,66
sentnob,char_transpose,15
sentnob,char_transpose,11
sentnob,char_transpose,19
sentnob,char_transpose,25
sentnob,char_transpose,24
sentnob,char_transpose,28
sentnob,char_transpose,11
sentnob,char_transpose,9
sentnob,char_transpose,21
sentnob,char_transpose,32
sentnob,char_transpose,36
sentnob,char_transpose,20
sentnob,char_transpose,13
sentnob,char_transpose,29
sentnob,char_transpose,18
sentnob,char_transpose,11
sentnob,char_transpose,19
sentnob,char_transpose,9
sentnob,char_transpose,10
sentnob,char_transpose,30
sentnob,char_transpose,19
sentnob,char_transpose,47
sentnob,char_transpose,14
sentnob,char_transpose,58
sentnob,char_transpose,12
sentnob,char_transpose,41
sentnob,char_transpose,24
sentnob,char_transpose,42
sentnob,char_transpose,6
sentnob,char_transpose,62
sentnob,char_transpose,22
sentnob,char_transpose,17
sentnob,char_transpose,20
sentnob,char_transpose,19
sentnob,char_transpose,15
sentnob,char_transpose,36
sentnob,char_transpose,13
sentnob,char_transpose,19
sentnob,char_transpose,26
sentnob,char_transpose,14
sentnob,char_transpose,13
sentnob,char_transpose,12
sentnob,char_transpose,24
sentnob,char_transpose,40
sentnob,char_transpose,8
sentnob,char_transpose,8
sentnob,char_transpose,61
sentnob,char_transpose,23
sentnob,char_transpose,11
sentnob,char_transpose,21
sentnob,char_transpose,65
sentnob,char_transpose,16
sentnob,char_transpose,19
sentnob,char_transpose,13
sentnob,char_transpose,16
sentnob,char_transpose,23
sentnob,char_transpose,16
sentnob,char_transpose,12
sentnob,char_transpose,29
sentnob,char_transpose,7
sentnob,char_transpose,38
sentnob,char_transpose,13
sentnob,char_transpose,19
sentnob,char_transpose,14
sentnob,char_transpose,16
sentnob,char_transpose,32
sentnob,char_transpose,19
sentnob,char_transpose,30
sentnob,char_transpose,31
sentnob,char_transpose,22
sentnob,char_transpose,20
sentnob,char_transpose,13
sentnob,char_transpose,11
sentnob,char_transpose,22
sentnob,char_transpose,22
sentnob,char_transpose,21
sentnob,char_transpose,14
sentnob,char_transpose,28
sentnob,char_transpose,10
sentnob,char_transpose,35
sentnob,char_transpose,14
sentnob,char_transpose,41
sentnob,char_transpose,18
sentnob,char_transpose,19
sentnob,char_transpose,8
sentnob,char_transpose,5
sentnob,char_transpose,18
sentnob,char_transpose,8
sentnob,char_transpose,10
sentnob,char_transpose,46
sentnob,char_transpose,11
sentnob,char_transpose,41
sentnob,char_transpose,89
sentnob,char_transpose,9
sentnob,char_transpose,7
sentnob,homophone_confuse,66
sentnob,homophone_confuse,16
sentnob,homophone_confuse,19
sentnob,homophone_confuse,16
sentnob,homophone_confuse,9
sentnob,homophone_confuse,7
sentnob,homophone_confuse,19
sentnob,homophone_confuse,17
sentnob,homophone_confuse,13
sentnob,homophone_confuse,12
sentnob,homophone_confuse,11
sentnob,homophone_confuse,68
sentnob,homophone_confuse,7
sentnob,homophone_confuse,8
sentnob,homophone_confuse,14
sentnob,homophone_confuse,47
sentnob,homophone_confuse,16
sentnob,homophone_confuse,23
sentnob,homophone_confuse,40
sentnob,homophone_confuse,13
sentnob,homophone_confuse,56
sentnob,homophone_confuse,16
sentnob,homophone_confuse,23
sentnob,homophone_confuse,12
sentnob,homophone_confuse,9
sentnob,homophone_confuse,43
sentnob,homophone_confuse,9
sentnob,homophone_confuse,50
sentnob,homophone_confuse,35
sentnob,homophone_confuse,27
sentnob,homophone_confuse,14
sentnob,homophone_confuse,22
sentnob,homophone_confuse,14
sentnob,homophone_confuse,16
sentnob,homophone_confuse,16
sentnob,homophone_confuse,10
sentnob,homophone_confuse,11
sentnob,homophone_confuse,35
sentnob,homophone_confuse,20
sentnob,homophone_confuse,23
sentnob,homophone_confuse,26
sentnob,homophone_confuse,14
sentnob,homophone_confuse,13
sentnob,homophone_confuse,7
sentnob,homophone_confuse,4
sentnob,homophone_confuse,43
sentnob,homophone_confuse,7
sentnob,homophone_confuse,9
sentnob,homophone_confuse,28
sentnob,homophone_confuse,17
sentnob,homophone_confuse,51
sentnob,homophone_confuse,9
sentnob,homophone_confuse,18
sentnob,homophone_confuse,15
sentnob,homophone_confuse,10
sentnob,homophone_confuse,26
sentnob,homophone_confuse,22
sentnob,homophone_confuse,19
sentnob,homophone_confuse,15
sentnob,homophone_confuse,20
sentnob,homophone_confuse,37
sentnob,homophone_confuse,35
sentnob,homophone_confuse,4
sentnob,homophone_confuse,40
sentnob,homophone_confuse,26
sentnob,homophone_confuse,7
sentnob,homophone_confuse,9
sentnob,homophone_confuse,19
sentnob,homophone_confuse,12
sentnob,homophone_confuse,27
sentnob,homophone_confuse,6
sentnob,homophone_confuse,12
sentnob,homophone_confuse,8
sentnob,homophone_confuse,28
sentnob,homophone_confuse,10
sentnob,homophone_confuse,7
sentnob,homophone_confuse,16
sentnob,homophone_confuse,20
sentnob,homophone_confuse,5
sentnob,homophone_confuse,12
sentnob,homophone_confuse,12
sentnob,homophone_confuse,28
sentnob,homophone_confuse,13
sentnob,homophone_confuse,34
sentnob,homophone_confuse,57
sentnob,homophone_confuse,6
sentnob,homophone_confuse,15
sentnob,homophone_confuse,12
sentnob,homophone_confuse,15
sentnob,homophone_confuse,17
sentnob,homophone_confuse,37
sentnob,homophone_confuse,9
sentnob,homophone_confuse,36
sentnob,homophone_confuse,14
sentnob,homophone_confuse,15
sentnob,homophone_confuse,4
sentnob,homophone_confuse,71
sentnob,homophone_confuse,26
sentnob,homophone_confuse,9
sentnob,homophone_confuse,24
sentnob,homophone_confuse,34
sentnob,homophone_confuse,17
sentnob,homophone_confuse,20
sentnob,homophone_confuse,4
sentnob,homophone_confuse,16
sentnob,homophone_confuse,9
sentnob,homophone_confuse,41
sentnob,homophone_confuse,5
sentnob,homophone_confuse,42
sentnob,homophone_confuse,5
sentnob,homophone_confuse,10
sentnob,homophone_confuse,3
sentnob,homophone_confuse,10
sentnob,homophone_confuse,33
sentnob,homophone_confuse,12
sentnob,homophone_confuse,13
sentnob,homophone_confuse,24
sentnob,homophone_confuse,5
sentnob,homophone_confuse,18
sentnob,homophone_confuse,10
sentnob,homophone_confuse,14
sentnob,homophone_confuse,44
sentnob,homophone_confuse,30
sentnob,homophone_confuse,13
sentnob,homophone_confuse,24
sentnob,homophone_confuse,8
sentnob,homophone_confuse,11
sentnob,homophone_confuse,8
sentnob,homophone_confuse,9
sentnob,homophone_confuse,15
sentnob,homophone_confuse,33
sentnob,homophone_confuse,28
sentnob,homophone_confuse,31
sentnob,homophone_confuse,14
sentnob,homophone_confuse,4
sentnob,homophone_confuse,85
sentnob,homophone_confuse,13
sentnob,homophone_confuse,9
sentnob,homophone_confuse,10
sentnob,homophone_confuse,34
sentnob,homophone_confuse,11
sentnob,homophone_confuse,22
sentnob,homophone_confuse,14
sentnob,homophone_confuse,30
sentnob,homophone_confuse,17
sentnob,homophone_confuse,37
sentnob,homophone_confuse,7
sentnob,homophone_confuse,13
sentnob,homophone_confuse,11
sentnob,homophone_confuse,10
sentnob,homophone_confuse,45
sentnob,homophone_confuse,32
sentnob,homophone_confuse,14
sentnob,homophone_confuse,18
sentnob,homophone_confuse,29
sentnob,homophone_confuse,22
sentnob,homophone_confuse,12
sentnob,homophone_confuse,4
sentnob,homophone_confuse,23
sentnob,homophone_confuse,11
sentnob,homophone_confuse,15
sentnob,homophone_confuse,15
sentnob,homophone_confuse,43
sentnob,homophone_confuse,30
sentnob,homophone_confuse,11
sentnob,homophone_confuse,6
sentnob,homophone_confuse,27
sentnob,homophone_confuse,17
sentnob,homophone_confuse,15
sentnob,homophone_confuse,11
sentnob,homophone_confuse,22
sentnob,homophone_confuse,26
sentnob,homophone_confuse,13
sentnob,homophone_confuse,12
sentnob,homophone_confuse,30
sentnob,homophone_confuse,18
sentnob,homophone_confuse,32
sentnob,homophone_confuse,8
sentnob,homophone_confuse,34
sentnob,homophone_confuse,16
sentnob,homophone_confuse,12
sentnob,homophone_confuse,2
sentnob,homophone_confuse,6
sentnob,homophone_confuse,39
sentnob,homophone_confuse,24
sentnob,homophone_confuse,12
sentnob,homophone_confuse,17
sentnob,homophone_confuse,5
sentnob,homophone_confuse,18
sentnob,homophone_confuse,42
sentnob,homophone_confuse,4
sentnob,homophone_confuse,33
sentnob,homophone_confuse,29
sentnob,homophone_confuse,9
sentnob,homophone_confuse,13
sentnob,homophone_confuse,5
sentnob,homophone_confuse,15
sentnob,homophone_confuse,14
sentnob,homophone_confuse,12
sentnob,homophone_confuse,56
sentnob,homophone_confuse,24
sentnob,homophone_confuse,30
sentnob,homophone_confuse,16
sentnob,homophone_confuse,8
sentnob,homophone_confuse,53
sentnob,homophone_confuse,11
sentnob,homophone_confuse,8
sentnob,homophone_confuse,17
sentnob,homophone_confuse,25
sentnob,homophone_confuse,26
sentnob,homophone_confuse,28
sentnob,homophone_confuse,5
sentnob,homophone_confuse,10
sentnob,homophone_confuse,20
sentnob,homophone_confuse,17
sentnob,homophone_confuse,40
sentnob,homophone_confuse,14
sentnob,homophone_confuse,11
sentnob,homophone_confuse,28
sentnob,homophone_confuse,18
sentnob,homophone_confuse,9
sentnob,homophone_confuse,16
sentnob,homophone_confuse,7
sentnob,homophone_confuse,9
sentnob,homophone_confuse,15
sentnob,homophone_confuse,15
sentnob,homophone_confuse,31
sentnob,homophone_confuse,8
sentnob,homophone_confuse,45
sentnob,homophone_confuse,11
sentnob,homophone_confuse,35
sentnob,homophone_confuse,17
sentnob,homophone_confuse,27
sentnob,homophone_confuse,7
sentnob,homophone_confuse,41
sentnob,homophone_confuse,17
sentnob,homophone_confuse,17
sentnob,homophone_confuse,23
sentnob,homophone_confuse,16
sentnob,homophone_confuse,9
sentnob,homophone_confuse,31
sentnob,homophone_confuse,8
sentnob,homophone_confuse,11
sentnob,homophone_confuse,21
sentnob,homophone_confuse,15
sentnob,homophone_confuse,17
sentnob,homophone_confuse,9
sentnob,homophone_confuse,16
sentnob,homophone_confuse,36
sentnob,homophone_confuse,8
sentnob,homophone_confuse,5
sentnob,homophone_confuse,48
sentnob,homophone_confuse,16
sentnob,homophone_confuse,8
sentnob,homophone_confuse,19
sentnob,homophone_confuse,66
sentnob,homophone_confuse,17
sentnob,homophone_confuse,12
sentnob,homophone_confuse,10
sentnob,homophone_confuse,15
sentnob,homophone_confuse,18
sentnob,homophone_confuse,13
sentnob,homophone_confuse,10
sentnob,homophone_confuse,30
sentnob,homophone_confuse,6
sentnob,homophone_confuse,29
sentnob,homophone_confuse,4
sentnob,homophone_confuse,9
sentnob,homophone_confuse,6
sentnob,homophone_confuse,16
sentnob,homophone_confuse,23
sentnob,homophone_confuse,9
sentnob,homophone_confuse,26
sentnob,homophone_confuse,16
sentnob,homophone_confuse,20
sentnob,homophone_confuse,14
sentnob,homophone_confuse,14
sentnob,homophone_confuse,8
sentnob,homophone_confuse,20
sentnob,homophone_confuse,16
sentnob,homophone_confuse,14
sentnob,homophone_confuse,15
sentnob,homophone_confuse,26
sentnob,homophone_confuse,7
sentnob,homophone_confuse,37
sentnob,homophone_confuse,15
sentnob,homophone_confuse,40
sentnob,homophone_confuse,14
sentnob,homophone_confuse,13
sentnob,homophone_confuse,10
sentnob,homophone_confuse,4
sentnob,homophone_confuse,14
sentnob,homophone_confuse,9
sentnob,homophone_confuse,6
sentnob,homophone_confuse,41
sentnob,homophone_confuse,12
sentnob,homophone_confuse,28
sentnob,homophone_confuse,78
sentnob,homophone_confuse,3
sentnob,homophone_confuse,2
sentnob,matra_perturb,76
sentnob,matra_perturb,16
sentnob,matra_perturb,17
sentnob,matra_perturb,18
sentnob,matra_perturb,8
sentnob,matra_perturb,9
sentnob,matra_perturb,21
sentnob,matra_perturb,22
sentnob,matra_perturb,13
sentnob,matra_perturb,13
sentnob,matra_perturb,18
sentnob,matra_perturb,67
sentnob,matra_perturb,10
sentnob,matra_perturb,15
sentnob,matra_perturb,14
sentnob,matra_perturb,48
sentnob,matra_perturb,18
sentnob,matra_perturb,33
sentnob,matra_perturb,45
sentnob,matra_perturb,12
sentnob,matra_perturb,72
sentnob,matra_perturb,26
sentnob,matra_perturb,25
sentnob,matra_perturb,10
sentnob,matra_perturb,20
sentnob,matra_perturb,49
sentnob,matra_perturb,10
sentnob,matra_perturb,37
sentnob,matra_perturb,39
sentnob,matra_perturb,29
sentnob,matra_perturb,17
sentnob,matra_perturb,20
sentnob,matra_perturb,18
sentnob,matra_perturb,17
sentnob,matra_perturb,20
sentnob,matra_perturb,13
sentnob,matra_perturb,7
sentnob,matra_perturb,31
sentnob,matra_perturb,18
sentnob,matra_perturb,22
sentnob,matra_perturb,29
sentnob,matra_perturb,20
sentnob,matra_perturb,29
sentnob,matra_perturb,9
sentnob,matra_perturb,8
sentnob,matra_perturb,45
sentnob,matra_perturb,16
sentnob,matra_perturb,10
sentnob,matra_perturb,33
sentnob,matra_perturb,19
sentnob,matra_perturb,64
sentnob,matra_perturb,8
sentnob,matra_perturb,21
sentnob,matra_perturb,22
sentnob,matra_perturb,19
sentnob,matra_perturb,38
sentnob,matra_perturb,22
sentnob,matra_perturb,13
sentnob,matra_perturb,19
sentnob,matra_perturb,13
sentnob,matra_perturb,44
sentnob,matra_perturb,39
sentnob,matra_perturb,8
sentnob,matra_perturb,43
sentnob,matra_perturb,42
sentnob,matra_perturb,11
sentnob,matra_perturb,12
sentnob,matra_perturb,22
sentnob,matra_perturb,12
sentnob,matra_perturb,27
sentnob,matra_perturb,11
sentnob,matra_perturb,20
sentnob,matra_perturb,6
sentnob,matra_perturb,39
sentnob,matra_perturb,10
sentnob,matra_perturb,10
sentnob,matra_perturb,23
sentnob,matra_perturb,18
sentnob,matra_perturb,14
sentnob,matra_perturb,11
sentnob,matra_perturb,7
sentnob,matra_perturb,27
sentnob,matra_perturb,12
sentnob,matra_perturb,29
sentnob,matra_perturb,47
sentnob,matra_perturb,9
sentnob,matra_perturb,15
sentnob,matra_perturb,13
sentnob,matra_perturb,25
sentnob,matra_perturb,24
sentnob,matra_perturb,38
sentnob,matra_perturb,10
sentnob,matra_perturb,50
sentnob,matra_perturb,11
sentnob,matra_perturb,15
sentnob,matra_perturb,11
sentnob,matra_perturb,91
sentnob,matra_perturb,31
sentnob,matra_perturb,13
sentnob,matra_perturb,23
sentnob,matra_perturb,47
sentnob,matra_perturb,19
sentnob,matra_perturb,23
sentnob,matra_perturb,12
sentnob,matra_perturb,21
sentnob,matra_perturb,17
sentnob,matra_perturb,35
sentnob,matra_perturb,12
sentnob,matra_perturb,46
sentnob,matra_perturb,14
sentnob,matra_perturb,9
sentnob,matra_perturb,7
sentnob,matra_perturb,9
sentnob,matra_perturb,30
sentnob,matra_perturb,14
sentnob,matra_perturb,11
sentnob,matra_perturb,30
sentnob,matra_perturb,11
sentnob,matra_perturb,21
sentnob,matra_perturb,9
sentnob,matra_perturb,24
sentnob,matra_perturb,63
sentnob,matra_perturb,50
sentnob,matra_perturb,18
sentnob,matra_perturb,28
sentnob,matra_perturb,10
sentnob,matra_perturb,16
sentnob,matra_perturb,8
sentnob,matra_perturb,10
sentnob,matra_perturb,14
sentnob,matra_perturb,42
sentnob,matra_perturb,37
sentnob,matra_perturb,33
sentnob,matra_perturb,13
sentnob,matra_perturb,7
sentnob,matra_perturb,81
sentnob,matra_perturb,17
sentnob,matra_perturb,9
sentnob,matra_perturb,10
sentnob,matra_perturb,43
sentnob,matra_perturb,15
sentnob,matra_perturb,25
sentnob,matra_perturb,27
sentnob,matra_perturb,29
sentnob,matra_perturb,24
sentnob,matra_perturb,31
sentnob,matra_perturb,8
sentnob,matra_perturb,17
sentnob,matra_perturb,18
sentnob,matra_perturb,11
sentnob,matra_perturb,49
sentnob,matra_perturb,36
sentnob,matra_perturb,16
sentnob,matra_perturb,19
sentnob,matra_perturb,38
sentnob,matra_perturb,25
sentnob,matra_perturb,15
sentnob,matra_perturb,10
sentnob,matra_perturb,26
sentnob,matra_perturb,21
sentnob,matra_perturb,27
sentnob,matra_perturb,19
sentnob,matra_perturb,50
sentnob,matra_perturb,36
sentnob,matra_perturb,11
sentnob,matra_perturb,8
sentnob,matra_perturb,48
sentnob,matra_perturb,27
sentnob,matra_perturb,14
sentnob,matra_perturb,18
sentnob,matra_perturb,22
sentnob,matra_perturb,32
sentnob,matra_perturb,17
sentnob,matra_perturb,22
sentnob,matra_perturb,23
sentnob,matra_perturb,20
sentnob,matra_perturb,34
sentnob,matra_perturb,10
sentnob,matra_perturb,50
sentnob,matra_perturb,24
sentnob,matra_perturb,16
sentnob,matra_perturb,6
sentnob,matra_perturb,12
sentnob,matra_perturb,52
sentnob,matra_perturb,23
sentnob,matra_perturb,23
sentnob,matra_perturb,20
sentnob,matra_perturb,9
sentnob,matra_perturb,17
sentnob,matra_perturb,50
sentnob,matra_perturb,9
sentnob,matra_perturb,35
sentnob,matra_perturb,28
sentnob,matra_perturb,9
sentnob,matra_perturb,18
sentnob,matra_perturb,13
sentnob,matra_perturb,19
sentnob,matra_perturb,21
sentnob,matra_perturb,11
sentnob,matra_perturb,67
sentnob,matra_perturb,28
sentnob,matra_perturb,29
sentnob,matra_perturb,13
sentnob,matra_perturb,10
sentnob,matra_perturb,49
sentnob,matra_perturb,13
sentnob,matra_perturb,10
sentnob,matra_perturb,22
sentnob,matra_perturb,23
sentnob,matra_perturb,22
sentnob,matra_perturb,26
sentnob,matra_perturb,9
sentnob,matra_perturb,11
sentnob,matra_perturb,15
sentnob,matra_perturb,25
sentnob,matra_perturb,43
sentnob,matra_perturb,15
sentnob,matra_perturb,12
sentnob,matra_perturb,32
sentnob,matra_perturb,15
sentnob,matra_perturb,12
sentnob,matra_perturb,19
sentnob,matra_perturb,10
sentnob,matra_perturb,10
sentnob,matra_perturb,31
sentnob,matra_perturb,27
sentnob,matra_perturb,41
sentnob,matra_perturb,12
sentnob,matra_perturb,51
sentnob,matra_perturb,10
sentnob,matra_perturb,37
sentnob,matra_perturb,19
sentnob,matra_perturb,33
sentnob,matra_perturb,6
sentnob,matra_perturb,48
sentnob,matra_perturb,24
sentnob,matra_perturb,16
sentnob,matra_perturb,25
sentnob,matra_perturb,15
sentnob,matra_perturb,16
sentnob,matra_perturb,30
sentnob,matra_perturb,9
sentnob,matra_perturb,15
sentnob,matra_perturb,25
sentnob,matra_perturb,9
sentnob,matra_perturb,12
sentnob,matra_perturb,14
sentnob,matra_perturb,22
sentnob,matra_perturb,47
sentnob,matra_perturb,9
sentnob,matra_perturb,6
sentnob,matra_perturb,50
sentnob,matra_perturb,20
sentnob,matra_perturb,11
sentnob,matra_perturb,14
sentnob,matra_perturb,68
sentnob,matra_perturb,18
sentnob,matra_perturb,20
sentnob,matra_perturb,18
sentnob,matra_perturb,18
sentnob,matra_perturb,27
sentnob,matra_perturb,18
sentnob,matra_perturb,10
sentnob,matra_perturb,32
sentnob,matra_perturb,6
sentnob,matra_perturb,36
sentnob,matra_perturb,8
sentnob,matra_perturb,17
sentnob,matra_perturb,13
sentnob,matra_perturb,14
sentnob,matra_perturb,26
sentnob,matra_perturb,19
sentnob,matra_perturb,23
sentnob,matra_perturb,25
sentnob,matra_perturb,20
sentnob,matra_perturb,26
sentnob,matra_perturb,20
sentnob,matra_perturb,8
sentnob,matra_perturb,19
sentnob,matra_perturb,21
sentnob,matra_perturb,22
sentnob,matra_perturb,15
sentnob,matra_perturb,22
sentnob,matra_perturb,8
sentnob,matra_perturb,30
sentnob,matra_perturb,10
sentnob,matra_perturb,45
sentnob,matra_perturb,20
sentnob,matra_perturb,19
sentnob,matra_perturb,10
sentnob,matra_perturb,7
sentnob,matra_perturb,16
sentnob,matra_perturb,10
sentnob,matra_perturb,8
sentnob,matra_perturb,45
sentnob,matra_perturb,17
sentnob,matra_perturb,46
sentnob,matra_perturb,79
sentnob,matra_perturb,7
sentnob,matra_perturb,5
sentnob,conjunct_split,10
sentnob,conjunct_split,4
sentnob,conjunct_split,1
sentnob,conjunct_split,0
sentnob,conjunct_split,0
sentnob,conjunct_split,1
sentnob,conjunct_split,3
sentnob,conjunct_split,3
sentnob,conjunct_split,3
sentnob,conjunct_split,4
sentnob,conjunct_split,2
sentnob,conjunct_split,4
sentnob,conjunct_split,1
sentnob,conjunct_split,1
sentnob,conjunct_split,1
sentnob,conjunct_split,3
sentnob,conjunct_split,2
sentnob,conjunct_split,7
sentnob,conjunct_split,8
sentnob,conjunct_split,0
sentnob,conjunct_split,5
sentnob,conjunct_split,2
sentnob,conjunct_split,1
sentnob,conjunct_split,0
sentnob,conjunct_split,1
sentnob,conjunct_split,2
sentnob,conjunct_split,1
sentnob,conjunct_split,4
sentnob,conjunct_split,4
sentnob,conjunct_split,2
sentnob,conjunct_split,2
sentnob,conjunct_split,1
sentnob,conjunct_split,0
sentnob,conjunct_split,1
sentnob,conjunct_split,1
sentnob,conjunct_split,1
sentnob,conjunct_split,0
sentnob,conjunct_split,1
sentnob,conjunct_split,3
sentnob,conjunct_split,3
sentnob,conjunct_split,0
sentnob,conjunct_split,3
sentnob,conjunct_split,0
sentnob,conjunct_split,1
sentnob,conjunct_split,1
sentnob,conjunct_split,6
sentnob,conjunct_split,2
sentnob,conjunct_split,0
sentnob,conjunct_split,2
sentnob,conjunct_split,0
sentnob,conjunct_split,4
sentnob,conjunct_split,1
sentnob,conjunct_split,1
sentnob,conjunct_split,0
sentnob,conjunct_split,2
sentnob,conjunct_split,0
sentnob,conjunct_split,4
sentnob,conjunct_split,0
sentnob,conjunct_split,0
sentnob,conjunct_split,1
sentnob,conjunct_split,4
sentnob,conjunct_split,5
sentnob,conjunct_split,0
sentnob,conjunct_split,3
sentnob,conjunct_split,1
sentnob,conjunct_split,0
sentnob,conjunct_split,0
sentnob,conjunct_split,2
sentnob,conjunct_split,3
sentnob,conjunct_split,1
sentnob,conjunct_split,3
sentnob,conjunct_split,2
sentnob,conjunct_split,0
sentnob,conjunct_split,4
sentnob,conjunct_split,0
sentnob,conjunct_split,0
sentnob,conjunct_split,0
sentnob,conjunct_split,4
sentnob,conjunct_split,0
sentnob,conjunct_split,1
sentnob,conjunct_split,0
sentnob,conjunct_split,6
sentnob,conjunct_split,4
sentnob,conjunct_split,2
sentnob,conjunct_split,1
sentnob,conjunct_split,0
sentnob,conjunct_split,1
sentnob,conjunct_split,1
sentnob,conjunct_split,2
sentnob,conjunct_split,1
sentnob,conjunct_split,6
sentnob,conjunct_split,0
sentnob,conjunct_split,4
sentnob,conjunct_split,1
sentnob,conjunct_split,4
sentnob,conjunct_split,2
sentnob,conjunct_split,6
sentnob,conjunct_split,5
sentnob,conjunct_split,0
sentnob,conjunct_split,4
sentnob,conjunct_split,5
sentnob,conjunct_split,1
sentnob,conjunct_split,2
sentnob,conjunct_split,0
sentnob,conjunct_split,2
sentnob,conjunct_split,0
sentnob,conjunct_split,2
sentnob,conjunct_split,0
sentnob,conjunct_split,7
sentnob,conjunct_split,2
sentnob,conjunct_split,2
sentnob,conjunct_split,0
sentnob,conjunct_split,1
sentnob,conjunct_split,3
sentnob,conjunct_split,0
sentnob,conjunct_split,2
sentnob,conjunct_split,5
sentnob,conjunct_split,0
sentnob,conjunct_split,1
sentnob,conjunct_split,1
sentnob,conjunct_split,0
sentnob,conjunct_split,5
sentnob,conjunct_split,2
sentnob,conjunct_split,1
sentnob,conjunct_split,4
sentnob,conjunct_split,2
sentnob,conjunct_split,1
sentnob,conjunct_split,0
sentnob,conjunct_split,1
sentnob,conjunct_split,1
sentnob,conjunct_split,4
sentnob,conjunct_split,1
sentnob,conjunct_split,4
sentnob,conjunct_split,1
sentnob,conjunct_split,0
sentnob,conjunct_split,14
sentnob,conjunct_split,1
sentnob,conjunct_split,2
sentnob,conjunct_split,1
sentnob,conjunct_split,7
sentnob,conjunct_split,0
sentnob,conjunct_split,0
sentnob,conjunct_split,1
sentnob,conjunct_split,5
sentnob,conjunct_split,1
sentnob,conjunct_split,3
sentnob,conjunct_split,0
sentnob,conjunct_split,0
sentnob,conjunct_split,3
sentnob,conjunct_split,0
sentnob,conjunct_split,7
sentnob,conjunct_split,5
sentnob,conjunct_split,1
sentnob,conjunct_split,0
sentnob,conjunct_split,6
sentnob,conjunct_split,1
sentnob,conjunct_split,2
sentnob,conjunct_split,0
sentnob,conjunct_split,2
sentnob,conjunct_split,1
sentnob,conjunct_split,3
sentnob,conjunct_split,2
sentnob,conjunct_split,3
sentnob,conjunct_split,5
sentnob,conjunct_split,1
sentnob,conjunct_split,1
sentnob,conjunct_split,7
sentnob,conjunct_split,1
sentnob,conjunct_split,0
sentnob,conjunct_split,1
sentnob,conjunct_split,2
sentnob,conjunct_split,4
sentnob,conjunct_split,2
sentnob,conjunct_split,0
sentnob,conjunct_split,3
sentnob,conjunct_split,1
sentnob,conjunct_split,4
sentnob,conjunct_split,0
sentnob,conjunct_split,2
sentnob,conjunct_split,1
sentnob,conjunct_split,2
sentnob,conjunct_split,0
sentnob,conjunct_split,1
sentnob,conjunct_split,5
sentnob,conjunct_split,1
sentnob,conjunct_split,1
sentnob,conjunct_split,1
sentnob,conjunct_split,2
sentnob,conjunct_split,0
sentnob,conjunct_split,12
sentnob,conjunct_split,1
sentnob,conjunct_split,6
sentnob,conjunct_split,1
sentnob,conjunct_split,1
sentnob,conjunct_split,1
sentnob,conjunct_split,2
sentnob,conjunct_split,3
sentnob,conjunct_split,2
sentnob,conjunct_split,0
sentnob,conjunct_split,7
sentnob,conjunct_split,2
sentnob,conjunct_split,4
sentnob,conjunct_split,0
sentnob,conjunct_split,1
sentnob,conjunct_split,5
sentnob,conjunct_split,0
sentnob,conjunct_split,0
sentnob,conjunct_split,2
sentnob,conjunct_split,1
sentnob,conjunct_split,3
sentnob,conjunct_split,4
sentnob,conjunct_split,2
sentnob,conjunct_split,1
sentnob,conjunct_split,3
sentnob,conjunct_split,1
sentnob,conjunct_split,7
sentnob,conjunct_split,0
sentnob,conjunct_split,1
sentnob,conjunct_split,2
sentnob,conjunct_split,4
sentnob,conjunct_split,1
sentnob,conjunct_split,0
sentnob,conjunct_split,0
sentnob,conjunct_split,1
sentnob,conjunct_split,3
sentnob,conjunct_split,4
sentnob,conjunct_split,0
sentnob,conjunct_split,0
sentnob,conjunct_split,3
sentnob,conjunct_split,2
sentnob,conjunct_split,5
sentnob,conjunct_split,2
sentnob,conjunct_split,7
sentnob,conjunct_split,3
sentnob,conjunct_split,2
sentnob,conjunct_split,1
sentnob,conjunct_split,1
sentnob,conjunct_split,4
sentnob,conjunct_split,3
sentnob,conjunct_split,0
sentnob,conjunct_split,2
sentnob,conjunct_split,0
sentnob,conjunct_split,1
sentnob,conjunct_split,2
sentnob,conjunct_split,1
sentnob,conjunct_split,1
sentnob,conjunct_split,0
sentnob,conjunct_split,3
sentnob,conjunct_split,8
sentnob,conjunct_split,1
sentnob,conjunct_split,0
sentnob,conjunct_split,3
sentnob,conjunct_split,2
sentnob,conjunct_split,0
sentnob,conjunct_split,1
sentnob,conjunct_split,12
sentnob,conjunct_split,2
sentnob,conjunct_split,3
sentnob,conjunct_split,4
sentnob,conjunct_split,2
sentnob,conjunct_split,2
sentnob,conjunct_split,1
sentnob,conjunct_split,1
sentnob,conjunct_split,1
sentnob,conjunct_split,2
sentnob,conjunct_split,2
sentnob,conjunct_split,0
sentnob,conjunct_split,1
sentnob,conjunct_split,0
sentnob,conjunct_split,1
sentnob,conjunct_split,1
sentnob,conjunct_split,1
sentnob,conjunct_split,2
sentnob,conjunct_split,2
sentnob,conjunct_split,1
sentnob,conjunct_split,4
sentnob,conjunct_split,2
sentnob,conjunct_split,0
sentnob,conjunct_split,3
sentnob,conjunct_split,1
sentnob,conjunct_split,1
sentnob,conjunct_split,0
sentnob,conjunct_split,0
sentnob,conjunct_split,0
sentnob,conjunct_split,4
sentnob,conjunct_split,1
sentnob,conjunct_split,4
sentnob,conjunct_split,0
sentnob,conjunct_split,0
sentnob,conjunct_split,1
sentnob,conjunct_split,1
sentnob,conjunct_split,3
sentnob,conjunct_split,1
sentnob,conjunct_split,1
sentnob,conjunct_split,3
sentnob,conjunct_split,0
sentnob,conjunct_split,4
sentnob,conjunct_split,11
sentnob,conjunct_split,1
sentnob,conjunct_split,0
sentnob,elongate,83
sentnob,elongate,14
sentnob,elongate,22
sentnob,elongate,20
sentnob,elongate,10
sentnob,elongate,11
sentnob,elongate,23
sentnob,elongate,21
sentnob,elongate,15
sentnob,elongate,12
sentnob,elongate,19
sentnob,elongate,77
sentnob,elongate,10
sentnob,elongate,20
sentnob,elongate,19
sentnob,elongate,57
sentnob,elongate,16
sentnob,elongate,30
sentnob,elongate,36
sentnob,elongate,12
sentnob,elongate,73
sentnob,elongate,27
sentnob,elongate,34
sentnob,elongate,12
sentnob,elongate,17
sentnob,elongate,53
sentnob,elongate,12
sentnob,elongate,42
sentnob,elongate,36
sentnob,elongate,32
sentnob,elongate,18
sentnob,elongate,22
sentnob,elongate,25
sentnob,elongate,19
sentnob,elongate,23
sentnob,elongate,14
sentnob,elongate,9
sentnob,elongate,37
sentnob,elongate,17
sentnob,elongate,25
sentnob,elongate,34
sentnob,elongate,20
sentnob,elongate,32
sentnob,elongate,9
sentnob,elongate,9
sentnob,elongate,46
sentnob,elongate,15
sentnob,elongate,12
sentnob,elongate,36
sentnob,elongate,20
sentnob,elongate,74
sentnob,elongate,7
sentnob,elongate,25
sentnob,elongate,28
sentnob,elongate,20
sentnob,elongate,52
sentnob,elongate,23
sentnob,elongate,18
sentnob,elongate,23
sentnob,elongate,13
sentnob,elongate,45
sentnob,elongate,40
sentnob,elongate,11
sentnob,elongate,49
sentnob,elongate,44
sentnob,elongate,13
sentnob,elongate,15
sentnob,elongate,27
sentnob,elongate,11
sentnob,elongate,31
sentnob,elongate,9
sentnob,elongate,21
sentnob,elongate,9
sentnob,elongate,39
sentnob,elongate,16
sentnob,elongate,11
sentnob,elongate,26
sentnob,elongate,21
sentnob,elongate,15
sentnob,elongate,12
sentnob,elongate,7
sentnob,elongate,29
sentnob,elongate,13
sentnob,elongate,31
sentnob,elongate,46
sentnob,elongate,11
sentnob,elongate,17
sentnob,elongate,14
sentnob,elongate,26
sentnob,elongate,26
sentnob,elongate,44
sentnob,elongate,10
sentnob,elongate,54
sentnob,elongate,15
sentnob,elongate,14
sentnob,elongate,9
sentnob,elongate,92
sentnob,elongate,31
sentnob,elongate,18
sentnob,elongate,22
sentnob,elongate,52
sentnob,elongate,22
sentnob,elongate,22
sentnob,elongate,12
sentnob,elongate,22
sentnob,elongate,18
sentnob,elongate,41
sentnob,elongate,14
sentnob,elongate,41
sentnob,elongate,15
sentnob,elongate,7
sentnob,elongate,8
sentnob,elongate,9
sentnob,elongate,33
sentnob,elongate,17
sentnob,elongate,11
sentnob,elongate,33
sentnob,elongate,11
sentnob,elongate,25
sentnob,elongate,9
sentnob,elongate,25
sentnob,elongate,64
sentnob,elongate,54
sentnob,elongate,19
sentnob,elongate,27
sentnob,elongate,9
sentnob,elongate,19
sentnob,elongate,11
sentnob,elongate,9
sentnob,elongate,17
sentnob,elongate,48
sentnob,elongate,39
sentnob,elongate,38
sentnob,elongate,19
sentnob,elongate,10
sentnob,elongate,76
sentnob,elongate,21
sentnob,elongate,10
sentnob,elongate,13
sentnob,elongate,43
sentnob,elongate,16
sentnob,elongate,32
sentnob,elongate,29
sentnob,elongate,22
sentnob,elongate,30
sentnob,elongate,44
sentnob,elongate,10
sentnob,elongate,20
sentnob,elongate,18
sentnob,elongate,12
sentnob,elongate,48
sentnob,elongate,44
sentnob,elongate,16
sentnob,elongate,24
sentnob,elongate,36
sentnob,elongate,25
sentnob,elongate,14
sentnob,elongate,12
sentnob,elongate,27
sentnob,elongate,21
sentnob,elongate,30
sentnob,elongate,21
sentnob,elongate,49
sentnob,elongate,41
sentnob,elongate,13
sentnob,elongate,10
sentnob,elongate,51
sentnob,elongate,30
sentnob,elongate,15
sentnob,elongate,18
sentnob,elongate,26
sentnob,elongate,35
sentnob,elongate,15
sentnob,elongate,27
sentnob,elongate,27
sentnob,elongate,22
sentnob,elongate,36
sentnob,elongate,15
sentnob,elongate,56
sentnob,elongate,28
sentnob,elongate,18
sentnob,elongate,6
sentnob,elongate,11
sentnob,elongate,54
sentnob,elongate,30
sentnob,elongate,26
sentnob,elongate,22
sentnob,elongate,7
sentnob,elongate,21
sentnob,elongate,48
sentnob,elongate,10
sentnob,elongate,35
sentnob,elongate,34
sentnob,elongate,9
sentnob,elongate,20
sentnob,elongate,11
sentnob,elongate,17
sentnob,elongate,22
sentnob,elongate,12
sentnob,elongate,67
sentnob,elongate,33
sentnob,elongate,30
sentnob,elongate,15
sentnob,elongate,11
sentnob,elongate,56
sentnob,elongate,17
sentnob,elongate,10
sentnob,elongate,23
sentnob,elongate,27
sentnob,elongate,21
sentnob,elongate,28
sentnob,elongate,8
sentnob,elongate,12
sentnob,elongate,19
sentnob,elongate,33
sentnob,elongate,42
sentnob,elongate,19
sentnob,elongate,12
sentnob,elongate,35
sentnob,elongate,13
sentnob,elongate,11
sentnob,elongate,22
sentnob,elongate,12
sentnob,elongate,8
sentnob,elongate,36
sentnob,elongate,24
sentnob,elongate,52
sentnob,elongate,17
sentnob,elongate,60
sentnob,elongate,9
sentnob,elongate,40
sentnob,elongate,24
sentnob,elongate,31
sentnob,elongate,5
sentnob,elongate,59
sentnob,elongate,23
sentnob,elongate,17
sentnob,elongate,23
sentnob,elongate,17
sentnob,elongate,21
sentnob,elongate,32
sentnob,elongate,11
sentnob,elongate,19
sentnob,elongate,28
sentnob,elongate,11
sentnob,elongate,13
sentnob,elongate,18
sentnob,elongate,26
sentnob,elongate,42
sentnob,elongate,9
sentnob,elongate,7
sentnob,elongate,65
sentnob,elongate,22
sentnob,elongate,12
sentnob,elongate,19
sentnob,elongate,68
sentnob,elongate,19
sentnob,elongate,24
sentnob,elongate,17
sentnob,elongate,19
sentnob,elongate,28
sentnob,elongate,21
sentnob,elongate,12
sentnob,elongate,38
sentnob,elongate,5
sentnob,elongate,46
sentnob,elongate,9
sentnob,elongate,17
sentnob,elongate,14
sentnob,elongate,15
sentnob,elongate,29
sentnob,elongate,22
sentnob,elongate,24
sentnob,elongate,24
sentnob,elongate,21
sentnob,elongate,25
sentnob,elongate,20
sentnob,elongate,13
sentnob,elongate,21
sentnob,elongate,22
sentnob,elongate,22
sentnob,elongate,16
sentnob,elongate,29
sentnob,elongate,12
sentnob,elongate,31
sentnob,elongate,13
sentnob,elongate,49
sentnob,elongate,22
sentnob,elongate,23
sentnob,elongate,10
sentnob,elongate,6
sentnob,elongate,16
sentnob,elongate,11
sentnob,elongate,11
sentnob,elongate,51
sentnob,elongate,18
sentnob,elongate,46
sentnob,elongate,82
sentnob,elongate,6
sentnob,elongate,5
sentnob,whitespace_error,138
sentnob,whitespace_error,29
sentnob,whitespace_error,36
sentnob,whitespace_error,32
sentnob,whitespace_error,25
sentnob,whitespace_error,14
sentnob,whitespace_error,35
sentnob,whitespace_error,31
sentnob,whitespace_error,21
sentnob,whitespace_error,18
sentnob,whitespace_error,28
sentnob,whitespace_error,131
sentnob,whitespace_error,14
sentnob,whitespace_error,29
sentnob,whitespace_error,34
sentnob,whitespace_error,88
sentnob,whitespace_error,25
sentnob,whitespace_error,48
sentnob,whitespace_error,76
sentnob,whitespace_error,18
sentnob,whitespace_error,110
sentnob,whitespace_error,40
sentnob,whitespace_error,41
sentnob,whitespace_error,15
sentnob,whitespace_error,23
sentnob,whitespace_error,82
sentnob,whitespace_error,18
sentnob,whitespace_error,80
sentnob,whitespace_error,56
sentnob,whitespace_error,62
sentnob,whitespace_error,32
sentnob,whitespace_error,35
sentnob,whitespace_error,33
sentnob,whitespace_error,31
sentnob,whitespace_error,32
sentnob,whitespace_error,17
sentnob,whitespace_error,16
sentnob,whitespace_error,51
sentnob,whitespace_error,25
sentnob,whitespace_error,40
sentnob,whitespace_error,47
sentnob,whitespace_error,30
sentnob,whitespace_error,47
sentnob,whitespace_error,11
sentnob,whitespace_error,10
sentnob,whitespace_error,74
sentnob,whitespace_error,18
sentnob,whitespace_error,16
sentnob,whitespace_error,53
sentnob,whitespace_error,33
sentnob,whitespace_error,115
sentnob,whitespace_error,12
sentnob,whitespace_error,36
sentnob,whitespace_error,40
sentnob,whitespace_error,34
sentnob,whitespace_error,77
sentnob,whitespace_error,37
sentnob,whitespace_error,30
sentnob,whitespace_error,34
sentnob,whitespace_error,27
sentnob,whitespace_error,70
sentnob,whitespace_error,61
sentnob,whitespace_error,12
sentnob,whitespace_error,89
sentnob,whitespace_error,63
sentnob,whitespace_error,17
sentnob,whitespace_error,23
sentnob,whitespace_error,37
sentnob,whitespace_error,18
sentnob,whitespace_error,53
sentnob,whitespace_error,13
sentnob,whitespace_error,26
sentnob,whitespace_error,16
sentnob,whitespace_error,59
sentnob,whitespace_error,24
sentnob,whitespace_error,13
sentnob,whitespace_error,35
sentnob,whitespace_error,33
sentnob,whitespace_error,28
sentnob,whitespace_error,19
sentnob,whitespace_error,18
sentnob,whitespace_error,52
sentnob,whitespace_error,15
sentnob,whitespace_error,46
sentnob,whitespace_error,76
sentnob,whitespace_error,14
sentnob,whitespace_error,27
sentnob,whitespace_error,20
sentnob,whitespace_error,41
sentnob,whitespace_error,36
sentnob,whitespace_error,69
sentnob,whitespace_error,18
sentnob,whitespace_error,81
sentnob,whitespace_error,23
sentnob,whitespace_error,26
sentnob,whitespace_error,17
sentnob,whitespace_error,141
sentnob,whitespace_error,40
sentnob,whitespace_error,23
sentnob,whitespace_error,46
sentnob,whitespace_error,78
sentnob,whitespace_error,35
sentnob,whitespace_error,37
sentnob,whitespace_error,14
sentnob,whitespace_error,38
sentnob,whitespace_error,25
sentnob,whitespace_error,67
sentnob,whitespace_error,18
sentnob,whitespace_error,68
sentnob,whitespace_error,19
sentnob,whitespace_error,10
sentnob,whitespace_error,17
sentnob,whitespace_error,14
sentnob,whitespace_error,51
sentnob,whitespace_error,26
sentnob,whitespace_error,21
sentnob,whitespace_error,55
sentnob,whitespace_error,12
sentnob,whitespace_error,34
sentnob,whitespace_error,15
sentnob,whitespace_error,36
sentnob,whitespace_error,97
sentnob,whitespace_error,82
sentnob,whitespace_error,29
sentnob,whitespace_error,40
sentnob,whitespace_error,12
sentnob,whitespace_error,23
sentnob,whitespace_error,12
sentnob,whitespace_error,16
sentnob,whitespace_error,28
sentnob,whitespace_error,64
sentnob,whitespace_error,67
sentnob,whitespace_error,61
sentnob,whitespace_error,27
sentnob,whitespace_error,17
sentnob,whitespace_error,141
sentnob,whitespace_error,26
sentnob,whitespace_error,17
sentnob,whitespace_error,23
sentnob,whitespace_error,67
sentnob,whitespace_error,27
sentnob,whitespace_error,40
sentnob,whitespace_error,39
sentnob,whitespace_error,45
sentnob,whitespace_error,48
sentnob,whitespace_error,69
sentnob,whitespace_error,12
sentnob,whitespace_error,31
sentnob,whitespace_error,22
sentnob,whitespace_error,17
sentnob,whitespace_error,79
sentnob,whitespace_error,72
sentnob,whitespace_error,23
sentnob,whitespace_error,47
sentnob,whitespace_error,51
sentnob,whitespace_error,37
sentnob,whitespace_error,17
sentnob,whitespace_error,13
sentnob,whitespace_error,45
sentnob,whitespace_error,28
sentnob,whitespace_error,39
sentnob,whitespace_error,35
sentnob,whitespace_error,77
sentnob,whitespace_error,65
sentnob,whitespace_error,16
sentnob,whitespace_error,13
sentnob,whitespace_error,77
sentnob,whitespace_error,39
sentnob,whitespace_error,27
sentnob,whitespace_error,23
sentnob,whitespace_error,40
sentnob,whitespace_error,46
sentnob,whitespace_error,27
sentnob,whitespace_error,36
sentnob,whitespace_error,48
sentnob,whitespace_error,39
sentnob,whitespace_error,54
sentnob,whitespace_error,21
sentnob,whitespace_error,89
sentnob,whitespace_error,48
sentnob,whitespace_error,22
sentnob,whitespace_error,9
sentnob,whitespace_error,17
sentnob,whitespace_error,71
sentnob,whitespace_error,38
sentnob,whitespace_error,39
sentnob,whitespace_error,43
sentnob,whitespace_error,10
sentnob,whitespace_error,27
sentnob,whitespace_error,93
sentnob,whitespace_error,14
sentnob,whitespace_error,52
sentnob,whitespace_error,42
sentnob,whitespace_error,16
sentnob,whitespace_error,26
sentnob,whitespace_error,15
sentnob,whitespace_error,32
sentnob,whitespace_error,37
sentnob,whitespace_error,19
sentnob,whitespace_error,104
sentnob,whitespace_error,58
sentnob,whitespace_error,57
sentnob,whitespace_error,26
sentnob,whitespace_error,17
sentnob,whitespace_error,98
sentnob,whitespace_error,23
sentnob,whitespace_error,15
sentnob,whitespace_error,36
sentnob,whitespace_error,39
sentnob,whitespace_error,37
sentnob,whitespace_error,46
sentnob,whitespace_error,15
sentnob,whitespace_error,21
sentnob,whitespace_error,29
sentnob,whitespace_error,50
sentnob,whitespace_error,61
sentnob,whitespace_error,32
sentnob,whitespace_error,19
sentnob,whitespace_error,51
sentnob,whitespace_error,24
sentnob,whitespace_error,16
sentnob,whitespace_error,30
sentnob,whitespace_error,15
sentnob,whitespace_error,17
sentnob,whitespace_error,50
sentnob,whitespace_error,32
sentnob,whitespace_error,74
sentnob,whitespace_error,23
sentnob,whitespace_error,98
sentnob,whitespace_error,17
sentnob,whitespace_error,66
sentnob,whitespace_error,32
sentnob,whitespace_error,61
sentnob,whitespace_error,12
sentnob,whitespace_error,97
sentnob,whitespace_error,35
sentnob,whitespace_error,31
sentnob,whitespace_error,37
sentnob,whitespace_error,31
sentnob,whitespace_error,25
sentnob,whitespace_error,61
sentnob,whitespace_error,19
sentnob,whitespace_error,32
sentnob,whitespace_error,42
sentnob,whitespace_error,23
sentnob,whitespace_error,18
sentnob,whitespace_error,24
sentnob,whitespace_error,43
sentnob,whitespace_error,60
sentnob,whitespace_error,13
sentnob,whitespace_error,13
sentnob,whitespace_error,102
sentnob,whitespace_error,34
sentnob,whitespace_error,18
sentnob,whitespace_error,33
sentnob,whitespace_error,106
sentnob,whitespace_error,27
sentnob,whitespace_error,31
sentnob,whitespace_error,24
sentnob,whitespace_error,27
sentnob,whitespace_error,41
sentnob,whitespace_error,29
sentnob,whitespace_error,16
sentnob,whitespace_error,51
sentnob,whitespace_error,11
sentnob,whitespace_error,67
sentnob,whitespace_error,18
sentnob,whitespace_error,28
sentnob,whitespace_error,22
sentnob,whitespace_error,26
sentnob,whitespace_error,53
sentnob,whitespace_error,30
sentnob,whitespace_error,43
sentnob,whitespace_error,50
sentnob,whitespace_error,33
sentnob,whitespace_error,37
sentnob,whitespace_error,29
sentnob,whitespace_error,16
sentnob,whitespace_error,32
sentnob,whitespace_error,33
sentnob,whitespace_error,36
sentnob,whitespace_error,20
sentnob,whitespace_error,43
sentnob,whitespace_error,15
sentnob,whitespace_error,57
sentnob,whitespace_error,19
sentnob,whitespace_error,72
sentnob,whitespace_error,30
sentnob,whitespace_error,33
sentnob,whitespace_error,14
sentnob,whitespace_error,9
sentnob,whitespace_error,27
sentnob,whitespace_error,14
sentnob,whitespace_error,15
sentnob,whitespace_error,77
sentnob,whitespace_error,21
sentnob,whitespace_error,67
sentnob,whitespace_error,133
sentnob,whitespace_error,13
sentnob,whitespace_error,16
bd_shs,char_insert,19
bd_shs,char_insert,7
bd_shs,char_insert,41
bd_shs,char_insert,26
bd_shs,char_insert,7
bd_shs,char_insert,12
bd_shs,char_insert,14
bd_shs,char_insert,8
bd_shs,char_insert,61
bd_shs,char_insert,15
bd_shs,char_insert,34
bd_shs,char_insert,19
bd_shs,char_insert,7
bd_shs,char_insert,18
bd_shs,char_insert,21
bd_shs,char_insert,6
bd_shs,char_insert,9
bd_shs,char_insert,22
bd_shs,char_insert,10
bd_shs,char_insert,6
bd_shs,char_insert,28
bd_shs,char_insert,25
bd_shs,char_insert,46
bd_shs,char_insert,9
bd_shs,char_insert,7
bd_shs,char_insert,14
bd_shs,char_insert,15
bd_shs,char_insert,10
bd_shs,char_insert,17
bd_shs,char_insert,23
bd_shs,char_insert,16
bd_shs,char_insert,8
bd_shs,char_insert,19
bd_shs,char_insert,34
bd_shs,char_insert,18
bd_shs,char_insert,23
bd_shs,char_insert,21
bd_shs,char_insert,28
bd_shs,char_insert,4
bd_shs,char_insert,19
bd_shs,char_insert,21
bd_shs,char_insert,9
bd_shs,char_insert,10
bd_shs,char_insert,19
bd_shs,char_insert,10
bd_shs,char_insert,22
bd_shs,char_insert,12
bd_shs,char_insert,1
bd_shs,char_insert,10
bd_shs,char_insert,20
bd_shs,char_insert,9
bd_shs,char_insert,14
bd_shs,char_insert,7
bd_shs,char_insert,7
bd_shs,char_insert,29
bd_shs,char_insert,13
bd_shs,char_insert,8
bd_shs,char_insert,7
bd_shs,char_insert,47
bd_shs,char_insert,46
bd_shs,char_insert,26
bd_shs,char_insert,6
bd_shs,char_insert,3
bd_shs,char_insert,52
bd_shs,char_insert,11
bd_shs,char_insert,17
bd_shs,char_insert,25
bd_shs,char_insert,8
bd_shs,char_insert,20
bd_shs,char_insert,4
bd_shs,char_insert,47
bd_shs,char_insert,20
bd_shs,char_insert,6
bd_shs,char_insert,3
bd_shs,char_insert,29
bd_shs,char_insert,47
bd_shs,char_insert,26
bd_shs,char_insert,6
bd_shs,char_insert,17
bd_shs,char_insert,20
bd_shs,char_insert,19
bd_shs,char_insert,5
bd_shs,char_insert,24
bd_shs,char_insert,8
bd_shs,char_insert,24
bd_shs,char_insert,95
bd_shs,char_insert,8
bd_shs,char_insert,11
bd_shs,char_insert,7
bd_shs,char_insert,3
bd_shs,char_insert,13
bd_shs,char_insert,7
bd_shs,char_insert,8
bd_shs,char_insert,11
bd_shs,char_insert,14
bd_shs,char_insert,10
bd_shs,char_insert,24
bd_shs,char_insert,8
bd_shs,char_insert,6
bd_shs,char_insert,58
bd_shs,char_insert,25
bd_shs,char_insert,12
bd_shs,char_insert,27
bd_shs,char_insert,3
bd_shs,char_insert,14
bd_shs,char_insert,11
bd_shs,char_insert,9
bd_shs,char_insert,4
bd_shs,char_insert,15
bd_shs,char_insert,42
bd_shs,char_insert,59
bd_shs,char_insert,8
bd_shs,char_insert,14
bd_shs,char_insert,24
bd_shs,char_insert,61
bd_shs,char_insert,30
bd_shs,char_insert,9
bd_shs,char_insert,23
bd_shs,char_insert,20
bd_shs,char_insert,12
bd_shs,char_insert,10
bd_shs,char_insert,12
bd_shs,char_insert,4
bd_shs,char_insert,17
bd_shs,char_insert,10
bd_shs,char_insert,38
bd_shs,char_insert,7
bd_shs,char_insert,11
bd_shs,char_insert,11
bd_shs,char_insert,11
bd_shs,char_insert,18
bd_shs,char_insert,16
bd_shs,char_insert,16
bd_shs,char_insert,43
bd_shs,char_insert,10
bd_shs,char_insert,18
bd_shs,char_insert,12
bd_shs,char_insert,16
bd_shs,char_insert,10
bd_shs,char_insert,80
bd_shs,char_insert,45
bd_shs,char_insert,5
bd_shs,char_insert,11
bd_shs,char_insert,33
bd_shs,char_insert,16
bd_shs,char_insert,46
bd_shs,char_insert,14
bd_shs,char_insert,9
bd_shs,char_insert,3
bd_shs,char_insert,7
bd_shs,char_insert,59
bd_shs,char_insert,14
bd_shs,char_insert,33
bd_shs,char_insert,12
bd_shs,char_insert,7
bd_shs,char_insert,11
bd_shs,char_insert,78
bd_shs,char_insert,22
bd_shs,char_insert,13
bd_shs,char_insert,14
bd_shs,char_insert,5
bd_shs,char_insert,63
bd_shs,char_insert,3
bd_shs,char_insert,54
bd_shs,char_insert,94
bd_shs,char_insert,10
bd_shs,char_insert,8
bd_shs,char_insert,12
bd_shs,char_insert,18
bd_shs,char_insert,3
bd_shs,char_insert,22
bd_shs,char_insert,5
bd_shs,char_insert,7
bd_shs,char_insert,24
bd_shs,char_insert,22
bd_shs,char_insert,3
bd_shs,char_insert,13
bd_shs,char_insert,16
bd_shs,char_insert,5
bd_shs,char_insert,27
bd_shs,char_insert,36
bd_shs,char_insert,17
bd_shs,char_insert,43
bd_shs,char_insert,7
bd_shs,char_insert,43
bd_shs,char_insert,34
bd_shs,char_insert,12
bd_shs,char_insert,6
bd_shs,char_insert,35
bd_shs,char_insert,26
bd_shs,char_insert,57
bd_shs,char_insert,6
bd_shs,char_insert,11
bd_shs,char_insert,11
bd_shs,char_insert,39
bd_shs,char_insert,5
bd_shs,char_insert,13
bd_shs,char_insert,94
bd_shs,char_insert,5
bd_shs,char_insert,4
bd_shs,char_insert,15
bd_shs,char_insert,103
bd_shs,char_insert,17
bd_shs,char_insert,16
bd_shs,char_insert,34
bd_shs,char_insert,7
bd_shs,char_insert,16
bd_shs,char_insert,9
bd_shs,char_insert,2
bd_shs,char_insert,27
bd_shs,char_insert,26
bd_shs,char_insert,20
bd_shs,char_insert,25
bd_shs,char_insert,15
bd_shs,char_insert,7
bd_shs,char_insert,8
bd_shs,char_insert,59
bd_shs,char_insert,5
bd_shs,char_insert,9
bd_shs,char_insert,18
bd_shs,char_insert,2
bd_shs,char_insert,6
bd_shs,char_insert,16
bd_shs,char_insert,20
bd_shs,char_insert,123
bd_shs,char_insert,6
bd_shs,char_insert,7
bd_shs,char_insert,13
bd_shs,char_insert,4
bd_shs,char_insert,50
bd_shs,char_insert,7
bd_shs,char_insert,10
bd_shs,char_insert,8
bd_shs,char_insert,4
bd_shs,char_insert,22
bd_shs,char_insert,14
bd_shs,char_insert,9
bd_shs,char_insert,6
bd_shs,char_insert,14
bd_shs,char_insert,5
bd_shs,char_insert,7
bd_shs,char_insert,8
bd_shs,char_insert,19
bd_shs,char_insert,34
bd_shs,char_insert,6
bd_shs,char_insert,23
bd_shs,char_insert,20
bd_shs,char_insert,4
bd_shs,char_insert,6
bd_shs,char_insert,9
bd_shs,char_insert,42
bd_shs,char_insert,44
bd_shs,char_insert,107
bd_shs,char_insert,6
bd_shs,char_insert,14
bd_shs,char_insert,2
bd_shs,char_insert,5
bd_shs,char_insert,7
bd_shs,char_insert,7
bd_shs,char_insert,8
bd_shs,char_insert,7
bd_shs,char_insert,8
bd_shs,char_insert,31
bd_shs,char_insert,19
bd_shs,char_insert,37
bd_shs,char_insert,9
bd_shs,char_insert,6
bd_shs,char_insert,9
bd_shs,char_insert,50
bd_shs,char_insert,17
bd_shs,char_insert,11
bd_shs,char_insert,15
bd_shs,char_insert,3
bd_shs,char_insert,31
bd_shs,char_insert,7
bd_shs,char_insert,8
bd_shs,char_insert,36
bd_shs,char_insert,29
bd_shs,char_insert,12
bd_shs,char_insert,43
bd_shs,char_insert,14
bd_shs,char_insert,33
bd_shs,char_insert,11
bd_shs,char_insert,3
bd_shs,char_insert,15
bd_shs,char_insert,24
bd_shs,char_insert,4
bd_shs,char_insert,52
bd_shs,char_insert,13
bd_shs,char_insert,23
bd_shs,char_insert,7
bd_shs,char_insert,43
bd_shs,char_insert,71
bd_shs,char_insert,6
bd_shs,char_insert,41
bd_shs,char_insert,67
bd_shs,char_insert,42
bd_shs,char_insert,20
bd_shs,char_insert,25
bd_shs,char_insert,7
bd_shs,char_delete,28
bd_shs,char_delete,12
bd_shs,char_delete,64
bd_shs,char_delete,40
bd_shs,char_delete,11
bd_shs,char_delete,20
bd_shs,char_delete,22
bd_shs,char_delete,13
bd_shs,char_delete,92
bd_shs,char_delete,22
bd_shs,char_delete,54
bd_shs,char_delete,31
bd_shs,char_delete,9
bd_shs,char_delete,30
bd_shs,char_delete,37
bd_shs,char_delete,9
bd_shs,char_delete,14
bd_shs,char_delete,33
bd_shs,char_delete,15
bd_shs,char_delete,9
bd_shs,char_delete,41
bd_shs,char_delete,39
bd_shs,char_delete,66
bd_shs,char_delete,14
bd_shs,char_delete,13
bd_shs,char_delete,22
bd_shs,char_delete,24
bd_shs,char_delete,15
bd_shs,char_delete,29
bd_shs,char_delete,37
bd_shs,char_delete,26
bd_shs,char_delete,12
bd_shs,char_delete,33
bd_shs,char_delete,55
bd_shs,char_delete,19
bd_shs,char_delete,39
bd_shs,char_delete,35
bd_shs,char_delete,38
bd_shs,char_delete,7
bd_shs,char_delete,27
bd_shs,char_delete,35
bd_shs,char_delete,14
bd_shs,char_delete,18
bd_shs,char_delete,29
bd_shs,char_delete,15
bd_shs,char_delete,33
bd_shs,char_delete,19
bd_shs,char_delete,2
bd_shs,char_delete,16
bd_shs,char_delete,34
bd_shs,char_delete,13
bd_shs,char_delete,24
bd_shs,char_delete,10
bd_shs,char_delete,10
bd_shs,char_delete,39
bd_shs,char_delete,21
bd_shs,char_delete,13
bd_shs,char_delete,11
bd_shs,char_delete,75
bd_shs,char_delete,66
bd_shs,char_delete,38
bd_shs,char_delete,8
bd_shs,char_delete,6
bd_shs,char_delete,82
bd_shs,char_delete,18
bd_shs,char_delete,26
bd_shs,char_delete,41
bd_shs,char_delete,12
bd_shs,char_delete,29
bd_shs,char_delete,7
bd_shs,char_delete,78
bd_shs,char_delete,28
bd_shs,char_delete,11
bd_shs,char_delete,5
bd_shs,char_delete,47
bd_shs,char_delete,63
bd_shs,char_delete,38
bd_shs,char_delete,11
bd_shs,char_delete,29
bd_shs,char_delete,28
bd_shs,char_delete,29
bd_shs,char_delete,8
bd_shs,char_delete,41
bd_shs,char_delete,12
bd_shs,char_delete,34
bd_shs,char_delete,147
bd_shs,char_delete,12
bd_shs,char_delete,15
bd_shs,char_delete,10
bd_shs,char_delete,6
bd_shs,char_delete,18
bd_shs,char_delete,8
bd_shs,char_delete,12
bd_shs,char_delete,17
bd_shs,char_delete,23
bd_shs,char_delete,17
bd_shs,char_delete,26
bd_shs,char_delete,14
bd_shs,char_delete,8
bd_shs,char_delete,83
bd_shs,char_delete,42
bd_shs,char_delete,23
bd_shs,char_delete,40
bd_shs,char_delete,5
bd_shs,char_delete,22
bd_shs,char_delete,16
bd_shs,char_delete,14
bd_shs,char_delete,7
bd_shs,char_delete,23
bd_shs,char_delete,63
bd_shs,char_delete,89
bd_shs,char_delete,14
bd_shs,char_delete,21
bd_shs,char_delete,37
bd_shs,char_delete,95
bd_shs,char_delete,46
bd_shs,char_delete,15
bd_shs,char_delete,36
bd_shs,char_delete,29
bd_shs,char_delete,17
bd_shs,char_delete,16
bd_shs,char_delete,17
bd_shs,char_delete,7
bd_shs,char_delete,29
bd_shs,char_delete,18
bd_shs,char_delete,55
bd_shs,char_delete,10
bd_shs,char_delete,19
bd_shs,char_delete,18
bd_shs,char_delete,14
bd_shs,char_delete,25
bd_shs,char_delete,27
bd_shs,char_delete,24
bd_shs,char_delete,65
bd_shs,char_delete,14
bd_shs,char_delete,29
bd_shs,char_delete,18
bd_shs,char_delete,25
bd_shs,char_delete,16
bd_shs,char_delete,112
bd_shs,char_delete,68
bd_shs,char_delete,9
bd_shs,char_delete,15
bd_shs,char_delete,51
bd_shs,char_delete,28
bd_shs,char_delete,68
bd_shs,char_delete,22
bd_shs,char_delete,14
bd_shs,char_delete,4
bd_shs,char_delete,12
bd_shs,char_delete,82
bd_shs,char_delete,22
bd_shs,char_delete,51
bd_shs,char_delete,19
bd_shs,char_delete,12
bd_shs,char_delete,18
bd_shs,char_delete,120
bd_shs,char_delete,34
bd_shs,char_delete,22
bd_shs,char_delete,20
bd_shs,char_delete,9
bd_shs,char_delete,97
bd_shs,char_delete,5
bd_shs,char_delete,76
bd_shs,char_delete,146
bd_shs,char_delete,15
bd_shs,char_delete,10
bd_shs,char_delete,19
bd_shs,char_delete,27
bd_shs,char_delete,4
bd_shs,char_delete,36
bd_shs,char_delete,10
bd_shs,char_delete,11
bd_shs,char_delete,37
bd_shs,char_delete,37
bd_shs,char_delete,4
bd_shs,char_delete,20
bd_shs,char_delete,25
bd_shs,char_delete,8
bd_shs,char_delete,45
bd_shs,char_delete,53
bd_shs,char_delete,27
bd_shs,char_delete,63
bd_shs,char_delete,12
bd_shs,char_delete,62
bd_shs,char_delete,56
bd_shs,char_delete,19
bd_shs,char_delete,10
bd_shs,char_delete,51
bd_shs,char_delete,38
bd_shs,char_delete,86
bd_shs,char_delete,11
bd_shs,char_delete,17
bd_shs,char_delete,19
bd_shs,char_delete,60
bd_shs,char_delete,9
bd_shs,char_delete,20
bd_shs,char_delete,143
bd_shs,char_delete,7
bd_shs,char_delete,7
bd_shs,char_delete,23
bd_shs,char_delete,169
bd_shs,char_delete,25
bd_shs,char_delete,22
bd_shs,char_delete,58
bd_shs,char_delete,10
bd_shs,char_delete,26
bd_shs,char_delete,13
bd_shs,char_delete,4
bd_shs,char_delete,45
bd_shs,char_delete,39
bd_shs,char_delete,32
bd_shs,char_delete,39
bd_shs,char_delete,23
bd_shs,char_delete,12
bd_shs,char_delete,12
bd_shs,char_delete,98
bd_shs,char_delete,9
bd_shs,char_delete,16
bd_shs,char_delete,30
bd_shs,char_delete,4
bd_shs,char_delete,11
bd_shs,char_delete,25
bd_shs,char_delete,32
bd_shs,char_delete,180
bd_shs,char_delete,11
bd_shs,char_delete,11
bd_shs,char_delete,21
bd_shs,char_delete,7
bd_shs,char_delete,74
bd_shs,char_delete,12
bd_shs,char_delete,15
bd_shs,char_delete,14
bd_shs,char_delete,6
bd_shs,char_delete,37
bd_shs,char_delete,22
bd_shs,char_delete,13
bd_shs,char_delete,9
bd_shs,char_delete,22
bd_shs,char_delete,9
bd_shs,char_delete,11
bd_shs,char_delete,12
bd_shs,char_delete,28
bd_shs,char_delete,55
bd_shs,char_delete,9
bd_shs,char_delete,35
bd_shs,char_delete,37
bd_shs,char_delete,6
bd_shs,char_delete,9
bd_shs,char_delete,14
bd_shs,char_delete,63
bd_shs,char_delete,72
bd_shs,char_delete,160
bd_shs,char_delete,9
bd_shs,char_delete,22
bd_shs,char_delete,4
bd_shs,char_delete,8
bd_shs,char_delete,13
bd_shs,char_delete,12
bd_shs,char_delete,13
bd_shs,char_delete,10
bd_shs,char_delete,14
bd_shs,char_delete,50
bd_shs,char_delete,30
bd_shs,char_delete,59
bd_shs,char_delete,16
bd_shs,char_delete,11
bd_shs,char_delete,10
bd_shs,char_delete,68
bd_shs,char_delete,29
bd_shs,char_delete,21
bd_shs,char_delete,23
bd_shs,char_delete,5
bd_shs,char_delete,52
bd_shs,char_delete,10
bd_shs,char_delete,11
bd_shs,char_delete,55
bd_shs,char_delete,41
bd_shs,char_delete,20
bd_shs,char_delete,63
bd_shs,char_delete,25
bd_shs,char_delete,56
bd_shs,char_delete,15
bd_shs,char_delete,6
bd_shs,char_delete,25
bd_shs,char_delete,35
bd_shs,char_delete,7
bd_shs,char_delete,85
bd_shs,char_delete,18
bd_shs,char_delete,34
bd_shs,char_delete,11
bd_shs,char_delete,65
bd_shs,char_delete,114
bd_shs,char_delete,10
bd_shs,char_delete,58
bd_shs,char_delete,105
bd_shs,char_delete,64
bd_shs,char_delete,27
bd_shs,char_delete,42
bd_shs,char_delete,9
bd_shs,char_substitute,26
bd_shs,char_substitute,13
bd_shs,char_substitute,64
bd_shs,char_substitute,40
bd_shs,char_substitute,12
bd_shs,char_substitute,20
bd_shs,char_substitute,23
bd_shs,char_substitute,13
bd_shs,char_substitute,84
bd_shs,char_substitute,22
bd_shs,char_substitute,54
bd_shs,char_substitute,32
bd_shs,char_substitute,9
bd_shs,char_substitute,32
bd_shs,char_substitute,39
bd_shs,char_substitute,9
bd_shs,char_substitute,15
bd_shs,char_substitute,33
bd_shs,char_substitute,14
bd_shs,char_substitute,9
bd_shs,char_substitute,43
bd_shs,char_substitute,39
bd_shs,char_substitute,60
bd_shs,char_substitute,14
bd_shs,char_substitute,13
bd_shs,char_substitute,22
bd_shs,char_substitute,24
bd_shs,char_substitute,17
bd_shs,char_substitute,28
bd_shs,char_substitute,39
bd_shs,char_substitute,26
bd_shs,char_substitute,12
bd_shs,char_substitute,34
bd_shs,char_substitute,58
bd_shs,char_substitute,3
bd_shs,char_substitute,40
bd_shs,char_substitute,30
bd_shs,char_substitute,33
bd_shs,char_substitute,7
bd_shs,char_substitute,27
bd_shs,char_substitute,36
bd_shs,char_substitute,14
bd_shs,char_substitute,18
bd_shs,char_substitute,31
bd_shs,char_substitute,15
bd_shs,char_substitute,34
bd_shs,char_substitute,15
bd_shs,char_substitute,4
bd_shs,char_substitute,19
bd_shs,char_substitute,36
bd_shs,char_substitute,14
bd_shs,char_substitute,26
bd_shs,char_substitute,10
bd_shs,char_substitute,10
bd_shs,char_substitute,28
bd_shs,char_substitute,21
bd_shs,char_substitute,13
bd_shs,char_substitute,10
bd_shs,char_substitute,75
bd_shs,char_substitute,62
bd_shs,char_substitute,35
bd_shs,char_substitute,8
bd_shs,char_substitute,7
bd_shs,char_substitute,82
bd_shs,char_substitute,18
bd_shs,char_substitute,26
bd_shs,char_substitute,44
bd_shs,char_substitute,13
bd_shs,char_substitute,29
bd_shs,char_substitute,9
bd_shs,char_substitute,79
bd_shs,char_substitute,27
bd_shs,char_substitute,11
bd_shs,char_substitute,7
bd_shs,char_substitute,49
bd_shs,char_substitute,62
bd_shs,char_substitute,37
bd_shs,char_substitute,11
bd_shs,char_substitute,28
bd_shs,char_substitute,24
bd_shs,char_substitute,29
bd_shs,char_substitute,8
bd_shs,char_substitute,42
bd_shs,char_substitute,9
bd_shs,char_substitute,30
bd_shs,char_substitute,148
bd_shs,char_substitute,12
bd_shs,char_substitute,15
bd_shs,char_substitute,7
bd_shs,char_substitute,7
bd_shs,char_substitute,18
bd_shs,char_substitute,6
bd_shs,char_substitute,12
bd_shs,char_substitute,16
bd_shs,char_substitute,23
bd_shs,char_substitute,19
bd_shs,char_substitute,21
bd_shs,char_substitute,14
bd_shs,char_substitute,8
bd_shs,char_substitute,81
bd_shs,char_substitute,43
bd_shs,char_substitute,22
bd_shs,char_substitute,41
bd_shs,char_substitute,5
bd_shs,char_substitute,22
bd_shs,char_substitute,17
bd_shs,char_substitute,14
bd_shs,char_substitute,8
bd_shs,char_substitute,23
bd_shs,char_substitute,63
bd_shs,char_substitute,91
bd_shs,char_substitute,15
bd_shs,char_substitute,21
bd_shs,char_substitute,40
bd_shs,char_substitute,96
bd_shs,char_substitute,47
bd_shs,char_substitute,16
bd_shs,char_substitute,37
bd_shs,char_substitute,29
bd_shs,char_substitute,17
bd_shs,char_substitute,16
bd_shs,char_substitute,17
bd_shs,char_substitute,7
bd_shs,char_substitute,29
bd_shs,char_substitute,19
bd_shs,char_substitute,54
bd_shs,char_substitute,10
bd_shs,char_substitute,21
bd_shs,char_substitute,19
bd_shs,char_substitute,14
bd_shs,char_substitute,24
bd_shs,char_substitute,28
bd_shs,char_substitute,24
bd_shs,char_substitute,67
bd_shs,char_substitute,14
bd_shs,char_substitute,29
bd_shs,char_substitute,21
bd_shs,char_substitute,27
bd_shs,char_substitute,16
bd_shs,char_substitute,107
bd_shs,char_substitute,74
bd_shs,char_substitute,10
bd_shs,char_substitute,15
bd_shs,char_substitute,52
bd_shs,char_substitute,31
bd_shs,char_substitute,70
bd_shs,char_substitute,22
bd_shs,char_substitute,14
bd_shs,char_substitute,3
bd_shs,char_substitute,13
bd_shs,char_substitute,52
bd_shs,char_substitute,24
bd_shs,char_substitute,48
bd_shs,char_substitute,19
bd_shs,char_substitute,12
bd_shs,char_substitute,18
bd_shs,char_substitute,125
bd_shs,char_substitute,32
bd_shs,char_substitute,22
bd_shs,char_substitute,20
bd_shs,char_substitute,9
bd_shs,char_substitute,95
bd_shs,char_substitute,5
bd_shs,char_substitute,74
bd_shs,char_substitute,153
bd_shs,char_substitute,15
bd_shs,char_substitute,6
bd_shs,char_substitute,21
bd_shs,char_substitute,27
bd_shs,char_substitute,4
bd_shs,char_substitute,36
bd_shs,char_substitute,11
bd_shs,char_substitute,12
bd_shs,char_substitute,37
bd_shs,char_substitute,36
bd_shs,char_substitute,4
bd_shs,char_substitute,20
bd_shs,char_substitute,25
bd_shs,char_substitute,8
bd_shs,char_substitute,46
bd_shs,char_substitute,53
bd_shs,char_substitute,27
bd_shs,char_substitute,61
bd_shs,char_substitute,12
bd_shs,char_substitute,59
bd_shs,char_substitute,57
bd_shs,char_substitute,19
bd_shs,char_substitute,10
bd_shs,char_substitute,48
bd_shs,char_substitute,31
bd_shs,char_substitute,87
bd_shs,char_substitute,13
bd_shs,char_substitute,17
bd_shs,char_substitute,20
bd_shs,char_substitute,57
bd_shs,char_substitute,10
bd_shs,char_substitute,21
bd_shs,char_substitute,139
bd_shs,char_substitute,5
bd_shs,char_substitute,7
bd_shs,char_substitute,23
bd_shs,char_substitute,170
bd_shs,char_substitute,27
bd_shs,char_substitute,19
bd_shs,char_substitute,60
bd_shs,char_substitute,10
bd_shs,char_substitute,28
bd_shs,char_substitute,13
bd_shs,char_substitute,4
bd_shs,char_substitute,49
bd_shs,char_substitute,40
bd_shs,char_substitute,34
bd_shs,char_substitute,39
bd_shs,char_substitute,23
bd_shs,char_substitute,12
bd_shs,char_substitute,12
bd_shs,char_substitute,103
bd_shs,char_substitute,9
bd_shs,char_substitute,15
bd_shs,char_substitute,30
bd_shs,char_substitute,4
bd_shs,char_substitute,10
bd_shs,char_substitute,25
bd_shs,char_substitute,33
bd_shs,char_substitute,173
bd_shs,char_substitute,12
bd_shs,char_substitute,11
bd_shs,char_substitute,21
bd_shs,char_substitute,8
bd_shs,char_substitute,76
bd_shs,char_substitute,11
bd_shs,char_substitute,15
bd_shs,char_substitute,13
bd_shs,char_substitute,6
bd_shs,char_substitute,39
bd_shs,char_substitute,20
bd_shs,char_substitute,12
bd_shs,char_substitute,9
bd_shs,char_substitute,22
bd_shs,char_substitute,10
bd_shs,char_substitute,11
bd_shs,char_substitute,12
bd_shs,char_substitute,28
bd_shs,char_substitute,57
bd_shs,char_substitute,9
bd_shs,char_substitute,35
bd_shs,char_substitute,45
bd_shs,char_substitute,6
bd_shs,char_substitute,9
bd_shs,char_substitute,14
bd_shs,char_substitute,62
bd_shs,char_substitute,73
bd_shs,char_substitute,160
bd_shs,char_substitute,9
bd_shs,char_substitute,22
bd_shs,char_substitute,4
bd_shs,char_substitute,9
bd_shs,char_substitute,15
bd_shs,char_substitute,13
bd_shs,char_substitute,14
bd_shs,char_substitute,10
bd_shs,char_substitute,15
bd_shs,char_substitute,50
bd_shs,char_substitute,30
bd_shs,char_substitute,59
bd_shs,char_substitute,16
bd_shs,char_substitute,12
bd_shs,char_substitute,10
bd_shs,char_substitute,61
bd_shs,char_substitute,29
bd_shs,char_substitute,21
bd_shs,char_substitute,24
bd_shs,char_substitute,6
bd_shs,char_substitute,51
bd_shs,char_substitute,10
bd_shs,char_substitute,11
bd_shs,char_substitute,53
bd_shs,char_substitute,39
bd_shs,char_substitute,20
bd_shs,char_substitute,62
bd_shs,char_substitute,26
bd_shs,char_substitute,57
bd_shs,char_substitute,16
bd_shs,char_substitute,6
bd_shs,char_substitute,26
bd_shs,char_substitute,35
bd_shs,char_substitute,7
bd_shs,char_substitute,88
bd_shs,char_substitute,17
bd_shs,char_substitute,29
bd_shs,char_substitute,11
bd_shs,char_substitute,63
bd_shs,char_substitute,115
bd_shs,char_substitute,10
bd_shs,char_substitute,51
bd_shs,char_substitute,107
bd_shs,char_substitute,60
bd_shs,char_substitute,22
bd_shs,char_substitute,41
bd_shs,char_substitute,9
bd_shs,char_transpose,19
bd_shs,char_transpose,7
bd_shs,char_transpose,41
bd_shs,char_transpose,26
bd_shs,char_transpose,7
bd_shs,char_transpose,12
bd_shs,char_transpose,14
bd_shs,char_transpose,8
bd_shs,char_transpose,61
bd_shs,char_transpose,15
bd_shs,char_transpose,34
bd_shs,char_transpose,19
bd_shs,char_transpose,7
bd_shs,char_transpose,18
bd_shs,char_transpose,21
bd_shs,char_transpose,6
bd_shs,char_transpose,9
bd_shs,char_transpose,22
bd_shs,char_transpose,10
bd_shs,char_transpose,6
bd_shs,char_transpose,28
bd_shs,char_transpose,25
bd_shs,char_transpose,46
bd_shs,char_transpose,9
bd_shs,char_transpose,7
bd_shs,char_transpose,14
bd_shs,char_transpose,15
bd_shs,char_transpose,10
bd_shs,char_transpose,17
bd_shs,char_transpose,23
bd_shs,char_transpose,16
bd_shs,char_transpose,8
bd_shs,char_transpose,19
bd_shs,char_transpose,34
bd_shs,char_transpose,18
bd_shs,char_transpose,23
bd_shs,char_transpose,21
bd_shs,char_transpose,28
bd_shs,char_transpose,4
bd_shs,char_transpose,19
bd_shs,char_transpose,21
bd_shs,char_transpose,9
bd_shs,char_transpose,10
bd_shs,char_transpose,19
bd_shs,char_transpose,10
bd_shs,char_transpose,22
bd_shs,char_transpose,12
bd_shs,char_transpose,1
bd_shs,char_transpose,10
bd_shs,char_transpose,20
bd_shs,char_transpose,9
bd_shs,char_transpose,14
bd_shs,char_transpose,7
bd_shs,char_transpose,7
bd_shs,char_transpose,29
bd_shs,char_transpose,13
bd_shs,char_transpose,8
bd_shs,char_transpose,7
bd_shs,char_transpose,47
bd_shs,char_transpose,46
bd_shs,char_transpose,26
bd_shs,char_transpose,6
bd_shs,char_transpose,3
bd_shs,char_transpose,52
bd_shs,char_transpose,11
bd_shs,char_transpose,17
bd_shs,char_transpose,25
bd_shs,char_transpose,8
bd_shs,char_transpose,20
bd_shs,char_transpose,4
bd_shs,char_transpose,47
bd_shs,char_transpose,20
bd_shs,char_transpose,6
bd_shs,char_transpose,3
bd_shs,char_transpose,29
bd_shs,char_transpose,47
bd_shs,char_transpose,26
bd_shs,char_transpose,6
bd_shs,char_transpose,17
bd_shs,char_transpose,20
bd_shs,char_transpose,19
bd_shs,char_transpose,5
bd_shs,char_transpose,24
bd_shs,char_transpose,8
bd_shs,char_transpose,24
bd_shs,char_transpose,95
bd_shs,char_transpose,8
bd_shs,char_transpose,11
bd_shs,char_transpose,7
bd_shs,char_transpose,3
bd_shs,char_transpose,13
bd_shs,char_transpose,7
bd_shs,char_transpose,8
bd_shs,char_transpose,11
bd_shs,char_transpose,14
bd_shs,char_transpose,10
bd_shs,char_transpose,24
bd_shs,char_transpose,8
bd_shs,char_transpose,6
bd_shs,char_transpose,58
bd_shs,char_transpose,25
bd_shs,char_transpose,12
bd_shs,char_transpose,27
bd_shs,char_transpose,3
bd_shs,char_transpose,14
bd_shs,char_transpose,11
bd_shs,char_transpose,9
bd_shs,char_transpose,4
bd_shs,char_transpose,15
bd_shs,char_transpose,42
bd_shs,char_transpose,59
bd_shs,char_transpose,8
bd_shs,char_transpose,14
bd_shs,char_transpose,24
bd_shs,char_transpose,61
bd_shs,char_transpose,30
bd_shs,char_transpose,9
bd_shs,char_transpose,23
bd_shs,char_transpose,20
bd_shs,char_transpose,12
bd_shs,char_transpose,10
bd_shs,char_transpose,12
bd_shs,char_transpose,4
bd_shs,char_transpose,17
bd_shs,char_transpose,10
bd_shs,char_transpose,38
bd_shs,char_transpose,7
bd_shs,char_transpose,11
bd_shs,char_transpose,11
bd_shs,char_transpose,11
bd_shs,char_transpose,18
bd_shs,char_transpose,16
bd_shs,char_transpose,16
bd_shs,char_transpose,43
bd_shs,char_transpose,10
bd_shs,char_transpose,18
bd_shs,char_transpose,12
bd_shs,char_transpose,16
bd_shs,char_transpose,10
bd_shs,char_transpose,80
bd_shs,char_transpose,45
bd_shs,char_transpose,5
bd_shs,char_transpose,11
bd_shs,char_transpose,33
bd_shs,char_transpose,16
bd_shs,char_transpose,46
bd_shs,char_transpose,14
bd_shs,char_transpose,9
bd_shs,char_transpose,3
bd_shs,char_transpose,7
bd_shs,char_transpose,59
bd_shs,char_transpose,14
bd_shs,char_transpose,33
bd_shs,char_transpose,12
bd_shs,char_transpose,7
bd_shs,char_transpose,11
bd_shs,char_transpose,78
bd_shs,char_transpose,22
bd_shs,char_transpose,13
bd_shs,char_transpose,14
bd_shs,char_transpose,5
bd_shs,char_transpose,63
bd_shs,char_transpose,3
bd_shs,char_transpose,54
bd_shs,char_transpose,94
bd_shs,char_transpose,10
bd_shs,char_transpose,8
bd_shs,char_transpose,12
bd_shs,char_transpose,18
bd_shs,char_transpose,3
bd_shs,char_transpose,22
bd_shs,char_transpose,5
bd_shs,char_transpose,7
bd_shs,char_transpose,24
bd_shs,char_transpose,22
bd_shs,char_transpose,3
bd_shs,char_transpose,13
bd_shs,char_transpose,16
bd_shs,char_transpose,5
bd_shs,char_transpose,27
bd_shs,char_transpose,36
bd_shs,char_transpose,17
bd_shs,char_transpose,43
bd_shs,char_transpose,7
bd_shs,char_transpose,43
bd_shs,char_transpose,34
bd_shs,char_transpose,12
bd_shs,char_transpose,6
bd_shs,char_transpose,35
bd_shs,char_transpose,26
bd_shs,char_transpose,57
bd_shs,char_transpose,6
bd_shs,char_transpose,11
bd_shs,char_transpose,11
bd_shs,char_transpose,39
bd_shs,char_transpose,5
bd_shs,char_transpose,13
bd_shs,char_transpose,94
bd_shs,char_transpose,5
bd_shs,char_transpose,4
bd_shs,char_transpose,15
bd_shs,char_transpose,103
bd_shs,char_transpose,17
bd_shs,char_transpose,16
bd_shs,char_transpose,34
bd_shs,char_transpose,7
bd_shs,char_transpose,16
bd_shs,char_transpose,9
bd_shs,char_transpose,2
bd_shs,char_transpose,27
bd_shs,char_transpose,26
bd_shs,char_transpose,20
bd_shs,char_transpose,25
bd_shs,char_transpose,15
bd_shs,char_transpose,7
bd_shs,char_transpose,8
bd_shs,char_transpose,59
bd_shs,char_transpose,5
bd_shs,char_transpose,9
bd_shs,char_transpose,18
bd_shs,char_transpose,2
bd_shs,char_transpose,6
bd_shs,char_transpose,16
bd_shs,char_transpose,20
bd_shs,char_transpose,123
bd_shs,char_transpose,6
bd_shs,char_transpose,7
bd_shs,char_transpose,13
bd_shs,char_transpose,4
bd_shs,char_transpose,50
bd_shs,char_transpose,7
bd_shs,char_transpose,10
bd_shs,char_transpose,8
bd_shs,char_transpose,4
bd_shs,char_transpose,22
bd_shs,char_transpose,14
bd_shs,char_transpose,9
bd_shs,char_transpose,6
bd_shs,char_transpose,14
bd_shs,char_transpose,5
bd_shs,char_transpose,7
bd_shs,char_transpose,8
bd_shs,char_transpose,19
bd_shs,char_transpose,34
bd_shs,char_transpose,6
bd_shs,char_transpose,23
bd_shs,char_transpose,20
bd_shs,char_transpose,4
bd_shs,char_transpose,6
bd_shs,char_transpose,9
bd_shs,char_transpose,42
bd_shs,char_transpose,44
bd_shs,char_transpose,107
bd_shs,char_transpose,6
bd_shs,char_transpose,14
bd_shs,char_transpose,2
bd_shs,char_transpose,5
bd_shs,char_transpose,7
bd_shs,char_transpose,7
bd_shs,char_transpose,8
bd_shs,char_transpose,7
bd_shs,char_transpose,8
bd_shs,char_transpose,31
bd_shs,char_transpose,19
bd_shs,char_transpose,37
bd_shs,char_transpose,9
bd_shs,char_transpose,6
bd_shs,char_transpose,9
bd_shs,char_transpose,50
bd_shs,char_transpose,17
bd_shs,char_transpose,11
bd_shs,char_transpose,15
bd_shs,char_transpose,3
bd_shs,char_transpose,31
bd_shs,char_transpose,7
bd_shs,char_transpose,8
bd_shs,char_transpose,36
bd_shs,char_transpose,29
bd_shs,char_transpose,12
bd_shs,char_transpose,43
bd_shs,char_transpose,14
bd_shs,char_transpose,33
bd_shs,char_transpose,11
bd_shs,char_transpose,3
bd_shs,char_transpose,15
bd_shs,char_transpose,24
bd_shs,char_transpose,4
bd_shs,char_transpose,52
bd_shs,char_transpose,13
bd_shs,char_transpose,23
bd_shs,char_transpose,7
bd_shs,char_transpose,43
bd_shs,char_transpose,71
bd_shs,char_transpose,6
bd_shs,char_transpose,41
bd_shs,char_transpose,67
bd_shs,char_transpose,42
bd_shs,char_transpose,20
bd_shs,char_transpose,25
bd_shs,char_transpose,7
bd_shs,homophone_confuse,19
bd_shs,homophone_confuse,8
bd_shs,homophone_confuse,34
bd_shs,homophone_confuse,17
bd_shs,homophone_confuse,4
bd_shs,homophone_confuse,12
bd_shs,homophone_confuse,11
bd_shs,homophone_confuse,3
bd_shs,homophone_confuse,50
bd_shs,homophone_confuse,12
bd_shs,homophone_confuse,33
bd_shs,homophone_confuse,16
bd_shs,homophone_confuse,7
bd_shs,homophone_confuse,11
bd_shs,homophone_confuse,18
bd_shs,homophone_confuse,6
bd_shs,homophone_confuse,12
bd_shs,homophone_confuse,14
bd_shs,homophone_confuse,9
bd_shs,homophone_confuse,4
bd_shs,homophone_confuse,15
bd_shs,homophone_confuse,23
bd_shs,homophone_confuse,39
bd_shs,homophone_confuse,4
bd_shs,homophone_confuse,8
bd_shs,homophone_confuse,15
bd_shs,homophone_confuse,12
bd_shs,homophone_confuse,10
bd_shs,homophone_confuse,10
bd_shs,homophone_confuse,22
bd_shs,homophone_confuse,9
bd_shs,homophone_confuse,5
bd_shs,homophone_confuse,18
bd_shs,homophone_confuse,29
bd_shs,homophone_confuse,0
bd_shs,homophone_confuse,18
bd_shs,homophone_confuse,13
bd_shs,homophone_confuse,14
bd_shs,homophone_confuse,5
bd_shs,homophone_confuse,17
bd_shs,homophone_confuse,16
bd_shs,homophone_confuse,7
bd_shs,homophone_confuse,10
bd_shs,homophone_confuse,18
bd_shs,homophone_confuse,4
bd_shs,homophone_confuse,20
bd_shs,homophone_confuse,7
bd_shs,homophone_confuse,3
bd_shs,homophone_confuse,3
bd_shs,homophone_confuse,19
bd_shs,homophone_confuse,5
bd_shs,homophone_confuse,16
bd_shs,homophone_confuse,3
bd_shs,homophone_confuse,5
bd_shs,homophone_confuse,15
bd_shs,homophone_confuse,10
bd_shs,homophone_confuse,4
bd_shs,homophone_confuse,2
bd_shs,homophone_confuse,39
bd_shs,homophone_confuse,37
bd_shs,homophone_confuse,21
bd_shs,homophone_confuse,5
bd_shs,homophone_confuse,4
bd_shs,homophone_confuse,39
bd_shs,homophone_confuse,9
bd_shs,homophone_confuse,15
bd_shs,homophone_confuse,20
bd_shs,homophone_confuse,4
bd_shs,homophone_confuse,17
bd_shs,homophone_confuse,3
bd_shs,homophone_confuse,39
bd_shs,homophone_confuse,16
bd_shs,homophone_confuse,6
bd_shs,homophone_confuse,2
bd_shs,homophone_confuse,32
bd_shs,homophone_confuse,38
bd_shs,homophone_confuse,24
bd_shs,homophone_confuse,3
bd_shs,homophone_confuse,11
bd_shs,homophone_confuse,11
bd_shs,homophone_confuse,17
bd_shs,homophone_confuse,3
bd_shs,homophone_confuse,16
bd_shs,homophone_confuse,5
bd_shs,homophone_confuse,21
bd_shs,homophone_confuse,79
bd_shs,homophone_confuse,7
bd_shs,homophone_confuse,12
bd_shs,homophone_confuse,1
bd_shs,homophone_confuse,1
bd_shs,homophone_confuse,6
bd_shs,homophone_confuse,3
bd_shs,homophone_confuse,6
bd_shs,homophone_confuse,7
bd_shs,homophone_confuse,12
bd_shs,homophone_confuse,9
bd_shs,homophone_confuse,10
bd_shs,homophone_confuse,8
bd_shs,homophone_confuse,2
bd_shs,homophone_confuse,47
bd_shs,homophone_confuse,18
bd_shs,homophone_confuse,7
bd_shs,homophone_confuse,14
bd_shs,homophone_confuse,1
bd_shs,homophone_confuse,9
bd_shs,homophone_confuse,10
bd_shs,homophone_confuse,6
bd_shs,homophone_confuse,1
bd_shs,homophone_confuse,9
bd_shs,homophone_confuse,39
bd_shs,homophone_confuse,36
bd_shs,homophone_confuse,3
bd_shs,homophone_confuse,12
bd_shs,homophone_confuse,17
bd_shs,homophone_confuse,53
bd_shs,homophone_confuse,27
bd_shs,homophone_confuse,4
bd_shs,homophone_confuse,23
bd_shs,homophone_confuse,20
bd_shs,homophone_confuse,7
bd_shs,homophone_confuse,8
bd_shs,homophone_confuse,12
bd_shs,homophone_confuse,7
bd_shs,homophone_confuse,9
bd_shs,homophone_confuse,7
bd_shs,homophone_confuse,40
bd_shs,homophone_confuse,4
bd_shs,homophone_confuse,11
bd_shs,homophone_confuse,12
bd_shs,homophone_confuse,7
bd_shs,homophone_confuse,13
bd_shs,homophone_confuse,12
bd_shs,homophone_confuse,15
bd_shs,homophone_confuse,27
bd_shs,homophone_confuse,10
bd_shs,homophone_confuse,11
bd_shs,homophone_confuse,15
bd_shs,homophone_confuse,12
bd_shs,homophone_confuse,4
bd_shs,homophone_confuse,51
bd_shs,homophone_confuse,40
bd_shs,homophone_confuse,6
bd_shs,homophone_confuse,6
bd_shs,homophone_confuse,32
bd_shs,homophone_confuse,14
bd_shs,homophone_confuse,42
bd_shs,homophone_confuse,12
bd_shs,homophone_confuse,6
bd_shs,homophone_confuse,0
bd_shs,homophone_confuse,7
bd_shs,homophone_confuse,24
bd_shs,homophone_confuse,15
bd_shs,homophone_confuse,26
bd_shs,homophone_confuse,9
bd_shs,homophone_confuse,7
bd_shs,homophone_confuse,14
bd_shs,homophone_confuse,63
bd_shs,homophone_confuse,13
bd_shs,homophone_confuse,8
bd_shs,homophone_confuse,11
bd_shs,homophone_confuse,3
bd_shs,homophone_confuse,56
bd_shs,homophone_confuse,1
bd_shs,homophone_confuse,32
bd_shs,homophone_confuse,76
bd_shs,homophone_confuse,8
bd_shs,homophone_confuse,5
bd_shs,homophone_confuse,11
bd_shs,homophone_confuse,11
bd_shs,homophone_confuse,2
bd_shs,homophone_confuse,11
bd_shs,homophone_confuse,6
bd_shs,homophone_confuse,7
bd_shs,homophone_confuse,19
bd_shs,homophone_confuse,19
bd_shs,homophone_confuse,5
bd_shs,homophone_confuse,4
bd_shs,homophone_confuse,8
bd_shs,homophone_confuse,3
bd_shs,homophone_confuse,25
bd_shs,homophone_confuse,29
bd_shs,homophone_confuse,22
bd_shs,homophone_confuse,28
bd_shs,homophone_confuse,4
bd_shs,homophone_confuse,34
bd_shs,homophone_confuse,24
bd_shs,homophone_confuse,7
bd_shs,homophone_confuse,3
bd_shs,homophone_confuse,15
bd_shs,homophone_confuse,18
bd_shs,homophone_confuse,38
bd_shs,homophone_confuse,2
bd_shs,homophone_confuse,8
bd_shs,homophone_confuse,7
bd_shs,homophone_confuse,36
bd_shs,homophone_confuse,5
bd_shs,homophone_confuse,14
bd_shs,homophone_confuse,70
bd_shs,homophone_confuse,4
bd_shs,homophone_confuse,1
bd_shs,homophone_confuse,14
bd_shs,homophone_confuse,70
bd_shs,homophone_confuse,13
bd_shs,homophone_confuse,9
bd_shs,homophone_confuse,36
bd_shs,homophone_confuse,8
bd_shs,homophone_confuse,14
bd_shs,homophone_confuse,7
bd_shs,homophone_confuse,3
bd_shs,homophone_confuse,29
bd_shs,homophone_confuse,26
bd_shs,homophone_confuse,16
bd_shs,homophone_confuse,14
bd_shs,homophone_confuse,11
bd_shs,homophone_confuse,8
bd_shs,homophone_confuse,5
bd_shs,homophone_confuse,40
bd_shs,homophone_confuse,6
bd_shs,homophone_confuse,6
bd_shs,homophone_confuse,7
bd_shs,homophone_confuse,1
bd_shs,homophone_confuse,6
bd_shs,homophone_confuse,12
bd_shs,homophone_confuse,21
bd_shs,homophone_confuse,100
bd_shs,homophone_confuse,7
bd_shs,homophone_confuse,7
bd_shs,homophone_confuse,11
bd_shs,homophone_confuse,4
bd_shs,homophone_confuse,35
bd_shs,homophone_confuse,4
bd_shs,homophone_confuse,5
bd_shs,homophone_confuse,7
bd_shs,homophone_confuse,3
bd_shs,homophone_confuse,22
bd_shs,homophone_confuse,10
bd_shs,homophone_confuse,7
bd_shs,homophone_confuse,11
bd_shs,homophone_confuse,12
bd_shs,homophone_confuse,4
bd_shs,homophone_confuse,4
bd_shs,homophone_confuse,4
bd_shs,homophone_confuse,17
bd_shs,homophone_confuse,21
bd_shs,homophone_confuse,7
bd_shs,homophone_confuse,22
bd_shs,homophone_confuse,26
bd_shs,homophone_confuse,1
bd_shs,homophone_confuse,6
bd_shs,homophone_confuse,8
bd_shs,homophone_confuse,26
bd_shs,homophone_confuse,27
bd_shs,homophone_confuse,91
bd_shs,homophone_confuse,7
bd_shs,homophone_confuse,13
bd_shs,homophone_confuse,3
bd_shs,homophone_confuse,4
bd_shs,homophone_confuse,6
bd_shs,homophone_confuse,6
bd_shs,homophone_confuse,4
bd_shs,homophone_confuse,5
bd_shs,homophone_confuse,10
bd_shs,homophone_confuse,31
bd_shs,homophone_confuse,13
bd_shs,homophone_confuse,20
bd_shs,homophone_confuse,9
bd_shs,homophone_confuse,6
bd_shs,homophone_confuse,3
bd_shs,homophone_confuse,28
bd_shs,homophone_confuse,13
bd_shs,homophone_confuse,8
bd_shs,homophone_confuse,13
bd_shs,homophone_confuse,3
bd_shs,homophone_confuse,28
bd_shs,homophone_confuse,7
bd_shs,homophone_confuse,5
bd_shs,homophone_confuse,27
bd_shs,homophone_confuse,20
bd_shs,homophone_confuse,14
bd_shs,homophone_confuse,34
bd_shs,homophone_confuse,13
bd_shs,homophone_confuse,32
bd_shs,homophone_confuse,7
bd_shs,homophone_confuse,0
bd_shs,homophone_confuse,14
bd_shs,homophone_confuse,22
bd_shs,homophone_confuse,6
bd_shs,homophone_confuse,35
bd_shs,homophone_confuse,13
bd_shs,homophone_confuse,11
bd_shs,homophone_confuse,5
bd_shs,homophone_confuse,41
bd_shs,homophone_confuse,65
bd_shs,homophone_confuse,5
bd_shs,homophone_confuse,29
bd_shs,homophone_confuse,48
bd_shs,homophone_confuse,28
bd_shs,homophone_confuse,10
bd_shs,homophone_confuse,18
bd_shs,homophone_confuse,4
bd_shs,matra_perturb,16
bd_shs,matra_perturb,10
bd_shs,matra_perturb,45
bd_shs,matra_perturb,27
bd_shs,matra_perturb,8
bd_shs,matra_perturb,16
bd_shs,matra_perturb,11
bd_shs,matra_perturb,8
bd_shs,matra_perturb,54
bd_shs,matra_perturb,13
bd_shs,matra_perturb,34
bd_shs,matra_perturb,25
bd_shs,matra_perturb,7
bd_shs,matra_perturb,14
bd_shs,matra_perturb,26
bd_shs,matra_perturb,8
bd_shs,matra_perturb,9
bd_shs,matra_perturb,23
bd_shs,matra_perturb,8
bd_shs,matra_perturb,7
bd_shs,matra_perturb,26
bd_shs,matra_perturb,22
bd_shs,matra_perturb,37
bd_shs,matra_perturb,6
bd_shs,matra_perturb,7
bd_shs,matra_perturb,17
bd_shs,matra_perturb,19
bd_shs,matra_perturb,10
bd_shs,matra_perturb,19
bd_shs,matra_perturb,20
bd_shs,matra_perturb,16
bd_shs,matra_perturb,9
bd_shs,matra_perturb,26
bd_shs,matra_perturb,38
bd_shs,matra_perturb,1
bd_shs,matra_perturb,24
bd_shs,matra_perturb,21
bd_shs,matra_perturb,18
bd_shs,matra_perturb,8
bd_shs,matra_perturb,12
bd_shs,matra_perturb,26
bd_shs,matra_perturb,8
bd_shs,matra_perturb,14
bd_shs,matra_perturb,20
bd_shs,matra_perturb,6
bd_shs,matra_perturb,18
bd_shs,matra_perturb,12
bd_shs,matra_perturb,3
bd_shs,matra_perturb,10
bd_shs,matra_perturb,18
bd_shs,matra_perturb,9
bd_shs,matra_perturb,13
bd_shs,matra_perturb,9
bd_shs,matra_perturb,9
bd_shs,matra_perturb,13
bd_shs,matra_perturb,12
bd_shs,matra_perturb,7
bd_shs,matra_perturb,2
bd_shs,matra_perturb,48
bd_shs,matra_perturb,39
bd_shs,matra_perturb,22
bd_shs,matra_perturb,6
bd_shs,matra_perturb,5
bd_shs,matra_perturb,47
bd_shs,matra_perturb,9
bd_shs,matra_perturb,10
bd_shs,matra_perturb,26
bd_shs,matra_perturb,7
bd_shs,matra_perturb,19
bd_shs,matra_perturb,8
bd_shs,matra_perturb,46
bd_shs,matra_perturb,19
bd_shs,matra_perturb,6
bd_shs,matra_perturb,6
bd_shs,matra_perturb,30
bd_shs,matra_perturb,30
bd_shs,matra_perturb,23
bd_shs,matra_perturb,9
bd_shs,matra_perturb,16
bd_shs,matra_perturb,13
bd_shs,matra_perturb,16
bd_shs,matra_perturb,6
bd_shs,matra_perturb,28
bd_shs,matra_perturb,6
bd_shs,matra_perturb,19
bd_shs,matra_perturb,88
bd_shs,matra_perturb,7
bd_shs,matra_perturb,11
bd_shs,matra_perturb,4
bd_shs,matra_perturb,5
bd_shs,matra_perturb,11
bd_shs,matra_perturb,4
bd_shs,matra_perturb,4
bd_shs,matra_perturb,7
bd_shs,matra_perturb,13
bd_shs,matra_perturb,12
bd_shs,matra_perturb,16
bd_shs,matra_perturb,8
bd_shs,matra_perturb,4
bd_shs,matra_perturb,61
bd_shs,matra_perturb,22
bd_shs,matra_perturb,14
bd_shs,matra_perturb,30
bd_shs,matra_perturb,2
bd_shs,matra_perturb,14
bd_shs,matra_perturb,12
bd_shs,matra_perturb,9
bd_shs,matra_perturb,3
bd_shs,matra_perturb,17
bd_shs,matra_perturb,34
bd_shs,matra_perturb,49
bd_shs,matra_perturb,10
bd_shs,matra_perturb,10
bd_shs,matra_perturb,29
bd_shs,matra_perturb,64
bd_shs,matra_perturb,25
bd_shs,matra_perturb,10
bd_shs,matra_perturb,24
bd_shs,matra_perturb,18
bd_shs,matra_perturb,10
bd_shs,matra_perturb,15
bd_shs,matra_perturb,12
bd_shs,matra_perturb,4
bd_shs,matra_perturb,13
bd_shs,matra_perturb,10
bd_shs,matra_perturb,35
bd_shs,matra_perturb,5
bd_shs,matra_perturb,9
bd_shs,matra_perturb,10
bd_shs,matra_perturb,9
bd_shs,matra_perturb,19
bd_shs,matra_perturb,19
bd_shs,matra_perturb,15
bd_shs,matra_perturb,45
bd_shs,matra_perturb,8
bd_shs,matra_perturb,21
bd_shs,matra_perturb,13
bd_shs,matra_perturb,20
bd_shs,matra_perturb,8
bd_shs,matra_perturb,60
bd_shs,matra_perturb,44
bd_shs,matra_perturb,6
bd_shs,matra_perturb,9
bd_shs,matra_perturb,32
bd_shs,matra_perturb,22
bd_shs,matra_perturb,47
bd_shs,matra_perturb,11
bd_shs,matra_perturb,7
bd_shs,matra_perturb,1
bd_shs,matra_perturb,8
bd_shs,matra_perturb,36
bd_shs,matra_perturb,17
bd_shs,matra_perturb,30
bd_shs,matra_perturb,7
bd_shs,matra_perturb,9
bd_shs,matra_perturb,14
bd_shs,matra_perturb,72
bd_shs,matra_perturb,22
bd_shs,matra_perturb,13
bd_shs,matra_perturb,15
bd_shs,matra_perturb,6
bd_shs,matra_perturb,55
bd_shs,matra_perturb,1
bd_shs,matra_perturb,42
bd_shs,matra_perturb,72
bd_shs,matra_perturb,8
bd_shs,matra_perturb,4
bd_shs,matra_perturb,14
bd_shs,matra_perturb,14
bd_shs,matra_perturb,1
bd_shs,matra_perturb,23
bd_shs,matra_perturb,9
bd_shs,matra_perturb,10
bd_shs,matra_perturb,23
bd_shs,matra_perturb,23
bd_shs,matra_perturb,4
bd_shs,matra_perturb,13
bd_shs,matra_perturb,12
bd_shs,matra_perturb,7
bd_shs,matra_perturb,23
bd_shs,matra_perturb,27
bd_shs,matra_perturb,23
bd_shs,matra_perturb,39
bd_shs,matra_perturb,7
bd_shs,matra_perturb,36
bd_shs,matra_perturb,34
bd_shs,matra_perturb,10
bd_shs,matra_perturb,6
bd_shs,matra_perturb,24
bd_shs,matra_perturb,16
bd_shs,matra_perturb,49
bd_shs,matra_perturb,7
bd_shs,matra_perturb,10
bd_shs,matra_perturb,14
bd_shs,matra_perturb,36
bd_shs,matra_perturb,7
bd_shs,matra_perturb,14
bd_shs,matra_perturb,73
bd_shs,matra_perturb,5
bd_shs,matra_perturb,3
bd_shs,matra_perturb,13
bd_shs,matra_perturb,98
bd_shs,matra_perturb,15
bd_shs,matra_perturb,10
bd_shs,matra_perturb,32
bd_shs,matra_perturb,7
bd_shs,matra_perturb,22
bd_shs,matra_perturb,11
bd_shs,matra_perturb,4
bd_shs,matra_perturb,31
bd_shs,matra_perturb,26
bd_shs,matra_perturb,19
bd_shs,matra_perturb,24
bd_shs,matra_perturb,18
bd_shs,matra_perturb,9
bd_shs,matra_perturb,5
bd_shs,matra_perturb,52
bd_shs,matra_perturb,8
bd_shs,matra_perturb,10
bd_shs,matra_perturb,13
bd_shs,matra_perturb,4
bd_shs,matra_perturb,8
bd_shs,matra_perturb,14
bd_shs,matra_perturb,16
bd_shs,matra_perturb,117
bd_shs,matra_perturb,5
bd_shs,matra_perturb,9
bd_shs,matra_perturb,16
bd_shs,matra_perturb,3
bd_shs,matra_perturb,47
bd_shs,matra_perturb,9
bd_shs,matra_perturb,8
bd_shs,matra_perturb,9
bd_shs,matra_perturb,4
bd_shs,matra_perturb,15
bd_shs,matra_perturb,12
bd_shs,matra_perturb,8
bd_shs,matra_perturb,9
bd_shs,matra_perturb,10
bd_shs,matra_perturb,6
bd_shs,matra_perturb,8
bd_shs,matra_perturb,6
bd_shs,matra_perturb,17
bd_shs,matra_perturb,29
bd_shs,matra_perturb,8
bd_shs,matra_perturb,22
bd_shs,matra_perturb,31
bd_shs,matra_perturb,1
bd_shs,matra_perturb,6
bd_shs,matra_perturb,7
bd_shs,matra_perturb,37
bd_shs,matra_perturb,51
bd_shs,matra_perturb,91
bd_shs,matra_perturb,7
bd_shs,matra_perturb,17
bd_shs,matra_perturb,3
bd_shs,matra_perturb,5
bd_shs,matra_perturb,9
bd_shs,matra_perturb,9
bd_shs,matra_perturb,9
bd_shs,matra_perturb,8
bd_shs,matra_perturb,12
bd_shs,matra_perturb,32
bd_shs,matra_perturb,20
bd_shs,matra_perturb,33
bd_shs,matra_perturb,11
bd_shs,matra_perturb,7
bd_shs,matra_perturb,6
bd_shs,matra_perturb,39
bd_shs,matra_perturb,18
bd_shs,matra_perturb,14
bd_shs,matra_perturb,15
bd_shs,matra_perturb,6
bd_shs,matra_perturb,37
bd_shs,matra_perturb,6
bd_shs,matra_perturb,8
bd_shs,matra_perturb,33
bd_shs,matra_perturb,24
bd_shs,matra_perturb,12
bd_shs,matra_perturb,35
bd_shs,matra_perturb,13
bd_shs,matra_perturb,34
bd_shs,matra_perturb,9
bd_shs,matra_perturb,5
bd_shs,matra_perturb,14
bd_shs,matra_perturb,17
bd_shs,matra_perturb,5
bd_shs,matra_perturb,53
bd_shs,matra_perturb,13
bd_shs,matra_perturb,18
bd_shs,matra_perturb,5
bd_shs,matra_perturb,44
bd_shs,matra_perturb,76
bd_shs,matra_perturb,5
bd_shs,matra_perturb,34
bd_shs,matra_perturb,63
bd_shs,matra_perturb,36
bd_shs,matra_perturb,15
bd_shs,matra_perturb,19
bd_shs,matra_perturb,6
bd_shs,conjunct_split,1
bd_shs,conjunct_split,1
bd_shs,conjunct_split,4
bd_shs,conjunct_split,1
bd_shs,conjunct_split,0
bd_shs,conjunct_split,2
bd_shs,conjunct_split,0
bd_shs,conjunct_split,0
bd_shs,conjunct_split,9
bd_shs,conjunct_split,4
bd_shs,conjunct_split,2
bd_shs,conjunct_split,1
bd_shs,conjunct_split,1
bd_shs,conjunct_split,0
bd_shs,conjunct_split,0
bd_shs,conjunct_split,1
bd_shs,conjunct_split,1
bd_shs,conjunct_split,1
bd_shs,conjunct_split,1
bd_shs,conjunct_split,0
bd_shs,conjunct_split,2
bd_shs,conjunct_split,0
bd_shs,conjunct_split,6
bd_shs,conjunct_split,0
bd_shs,conjunct_split,0
bd_shs,conjunct_split,4
bd_shs,conjunct_split,0
bd_shs,conjunct_split,0
bd_shs,conjunct_split,1
bd_shs,conjunct_split,2
bd_shs,conjunct_split,0
bd_shs,conjunct_split,0
bd_shs,conjunct_split,2
bd_shs,conjunct_split,1
bd_shs,conjunct_split,0
bd_shs,conjunct_split,1
bd_shs,conjunct_split,2
bd_shs,conjunct_split,1
bd_shs,conjunct_split,1
bd_shs,conjunct_split,0
bd_shs,conjunct_split,2
bd_shs,conjunct_split,1
bd_shs,conjunct_split,0
bd_shs,conjunct_split,1
bd_shs,conjunct_split,0
bd_shs,conjunct_split,0
bd_shs,conjunct_split,0
bd_shs,conjunct_split,1
bd_shs,conjunct_split,0
bd_shs,conjunct_split,2
bd_shs,conjunct_split,0
bd_shs,conjunct_split,1
bd_shs,conjunct_split,1
bd_shs,conjunct_split,2
bd_shs,conjunct_split,1
bd_shs,conjunct_split,1
bd_shs,conjunct_split,0
bd_shs,conjunct_split,0
bd_shs,conjunct_split,0
bd_shs,conjunct_split,1
bd_shs,conjunct_split,2
bd_shs,conjunct_split,0
bd_shs,conjunct_split,0
bd_shs,conjunct_split,5
bd_shs,conjunct_split,0
bd_shs,conjunct_split,4
bd_shs,conjunct_split,0
bd_shs,conjunct_split,1
bd_shs,conjunct_split,2
bd_shs,conjunct_split,0
bd_shs,conjunct_split,6
bd_shs,conjunct_split,2
bd_shs,conjunct_split,1
bd_shs,conjunct_split,0
bd_shs,conjunct_split,2
bd_shs,conjunct_split,5
bd_shs,conjunct_split,2
bd_shs,conjunct_split,2
bd_shs,conjunct_split,1
bd_shs,conjunct_split,1
bd_shs,conjunct_split,2
bd_shs,conjunct_split,0
bd_shs,conjunct_split,2
bd_shs,conjunct_split,0
bd_shs,conjunct_split,3
bd_shs,conjunct_split,6
bd_shs,conjunct_split,0
bd_shs,conjunct_split,1
bd_shs,conjunct_split,0
bd_shs,conjunct_split,0
bd_shs,conjunct_split,0
bd_shs,conjunct_split,0
bd_shs,conjunct_split,0
bd_shs,conjunct_split,1
bd_shs,conjunct_split,2
bd_shs,conjunct_split,1
bd_shs,conjunct_split,0
bd_shs,conjunct_split,3
bd_shs,conjunct_split,0
bd_shs,conjunct_split,13
bd_shs,conjunct_split,1
bd_shs,conjunct_split,2
bd_shs,conjunct_split,2
bd_shs,conjunct_split,0
bd_shs,conjunct_split,0
bd_shs,conjunct_split,1
bd_shs,conjunct_split,0
bd_shs,conjunct_split,0
bd_shs,conjunct_split,3
bd_shs,conjunct_split,5
bd_shs,conjunct_split,4
bd_shs,conjunct_split,0
bd_shs,conjunct_split,1
bd_shs,conjunct_split,0
bd_shs,conjunct_split,6
bd_shs,conjunct_split,2
bd_shs,conjunct_split,0
bd_shs,conjunct_split,3
bd_shs,conjunct_split,1
bd_shs,conjunct_split,0
bd_shs,conjunct_split,1
bd_shs,conjunct_split,5
bd_shs,conjunct_split,0
bd_shs,conjunct_split,1
bd_shs,conjunct_split,0
bd_shs,conjunct_split,4
bd_shs,conjunct_split,0
bd_shs,conjunct_split,0
bd_shs,conjunct_split,0
bd_shs,conjunct_split,0
bd_shs,conjunct_split,2
bd_shs,conjunct_split,0
bd_shs,conjunct_split,0
bd_shs,conjunct_split,2
bd_shs,conjunct_split,1
bd_shs,conjunct_split,1
bd_shs,conjunct_split,1
bd_shs,conjunct_split,4
bd_shs,conjunct_split,0
bd_shs,conjunct_split,3
bd_shs,conjunct_split,4
bd_shs,conjunct_split,0
bd_shs,conjunct_split,0
bd_shs,conjunct_split,4
bd_shs,conjunct_split,0
bd_shs,conjunct_split,9
bd_shs,conjunct_split,0
bd_shs,conjunct_split,0
bd_shs,conjunct_split,0
bd_shs,conjunct_split,0
bd_shs,conjunct_split,0
bd_shs,conjunct_split,2
bd_shs,conjunct_split,1
bd_shs,conjunct_split,0
bd_shs,conjunct_split,0
bd_shs,conjunct_split,1
bd_shs,conjunct_split,9
bd_shs,conjunct_split,0
bd_shs,conjunct_split,0
bd_shs,conjunct_split,0
bd_shs,conjunct_split,0
bd_shs,conjunct_split,6
bd_shs,conjunct_split,0
bd_shs,conjunct_split,4
bd_shs,conjunct_split,2
bd_shs,conjunct_split,0
bd_shs,conjunct_split,0
bd_shs,conjunct_split,0
bd_shs,conjunct_split,3
bd_shs,conjunct_split,0
bd_shs,conjunct_split,1
bd_shs,conjunct_split,1
bd_shs,conjunct_split,2
bd_shs,conjunct_split,1
bd_shs,conjunct_split,0
bd_shs,conjunct_split,1
bd_shs,conjunct_split,2
bd_shs,conjunct_split,0
bd_shs,conjunct_split,0
bd_shs,conjunct_split,1
bd_shs,conjunct_split,3
bd_shs,conjunct_split,3
bd_shs,conjunct_split,5
bd_shs,conjunct_split,0
bd_shs,conjunct_split,0
bd_shs,conjunct_split,2
bd_shs,conjunct_split,0
bd_shs,conjunct_split,0
bd_shs,conjunct_split,1
bd_shs,conjunct_split,1
bd_shs,conjunct_split,3
bd_shs,conjunct_split,0
bd_shs,conjunct_split,0
bd_shs,conjunct_split,0
bd_shs,conjunct_split,6
bd_shs,conjunct_split,3
bd_shs,conjunct_split,1
bd_shs,conjunct_split,10
bd_shs,conjunct_split,1
bd_shs,conjunct_split,0
bd_shs,conjunct_split,1
bd_shs,conjunct_split,3
bd_shs,conjunct_split,0
bd_shs,conjunct_split,0
bd_shs,conjunct_split,2
bd_shs,conjunct_split,1
bd_shs,conjunct_split,2
bd_shs,conjunct_split,1
bd_shs,conjunct_split,1
bd_shs,conjunct_split,4
bd_shs,conjunct_split,2
bd_shs,conjunct_split,1
bd_shs,conjunct_split,1
bd_shs,conjunct_split,0
bd_shs,conjunct_split,0
bd_shs,conjunct_split,0
bd_shs,conjunct_split,5
bd_shs,conjunct_split,1
bd_shs,conjunct_split,0
bd_shs,conjunct_split,0
bd_shs,conjunct_split,0
bd_shs,conjunct_split,1
bd_shs,conjunct_split,1
bd_shs,conjunct_split,0
bd_shs,conjunct_split,12
bd_shs,conjunct_split,0
bd_shs,conjunct_split,1
bd_shs,conjunct_split,2
bd_shs,conjunct_split,0
bd_shs,conjunct_split,2
bd_shs,conjunct_split,2
bd_shs,conjunct_split,0
bd_shs,conjunct_split,1
bd_shs,conjunct_split,0
bd_shs,conjunct_split,2
bd_shs,conjunct_split,1
bd_shs,conjunct_split,1
bd_shs,conjunct_split,1
bd_shs,conjunct_split,0
bd_shs,conjunct_split,0
bd_shs,conjunct_split,1
bd_shs,conjunct_split,0
bd_shs,conjunct_split,3
bd_shs,conjunct_split,2
bd_shs,conjunct_split,0
bd_shs,conjunct_split,2
bd_shs,conjunct_split,1
bd_shs,conjunct_split,0
bd_shs,conjunct_split,0
bd_shs,conjunct_split,2
bd_shs,conjunct_split,5
bd_shs,conjunct_split,3
bd_shs,conjunct_split,10
bd_shs,conjunct_split,2
bd_shs,conjunct_split,0
bd_shs,conjunct_split,0
bd_shs,conjunct_split,1
bd_shs,conjunct_split,0
bd_shs,conjunct_split,0
bd_shs,conjunct_split,0
bd_shs,conjunct_split,1
bd_shs,conjunct_split,0
bd_shs,conjunct_split,3
bd_shs,conjunct_split,1
bd_shs,conjunct_split,0
bd_shs,conjunct_split,1
bd_shs,conjunct_split,0
bd_shs,conjunct_split,0
bd_shs,conjunct_split,2
bd_shs,conjunct_split,0
bd_shs,conjunct_split,1
bd_shs,conjunct_split,1
bd_shs,conjunct_split,0
bd_shs,conjunct_split,5
bd_shs,conjunct_split,1
bd_shs,conjunct_split,1
bd_shs,conjunct_split,3
bd_shs,conjunct_split,1
bd_shs,conjunct_split,1
bd_shs,conjunct_split,1
bd_shs,conjunct_split,1
bd_shs,conjunct_split,0
bd_shs,conjunct_split,0
bd_shs,conjunct_split,0
bd_shs,conjunct_split,0
bd_shs,conjunct_split,0
bd_shs,conjunct_split,0
bd_shs,conjunct_split,4
bd_shs,conjunct_split,1
bd_shs,conjunct_split,1
bd_shs,conjunct_split,1
bd_shs,conjunct_split,8
bd_shs,conjunct_split,7
bd_shs,conjunct_split,0
bd_shs,conjunct_split,2
bd_shs,conjunct_split,4
bd_shs,conjunct_split,3
bd_shs,conjunct_split,1
bd_shs,conjunct_split,0
bd_shs,conjunct_split,0
bd_shs,elongate,21
bd_shs,elongate,11
bd_shs,elongate,42
bd_shs,elongate,29
bd_shs,elongate,10
bd_shs,elongate,16
bd_shs,elongate,15
bd_shs,elongate,10
bd_shs,elongate,61
bd_shs,elongate,12
bd_shs,elongate,38
bd_shs,elongate,25
bd_shs,elongate,7
bd_shs,elongate,18
bd_shs,elongate,30
bd_shs,elongate,9
bd_shs,elongate,9
bd_shs,elongate,25
bd_shs,elongate,8
bd_shs,elongate,7
bd_shs,elongate,31
bd_shs,elongate,28
bd_shs,elongate,38
bd_shs,elongate,9
bd_shs,elongate,7
bd_shs,elongate,17
bd_shs,elongate,19
bd_shs,elongate,13
bd_shs,elongate,20
bd_shs,elongate,23
bd_shs,elongate,20
bd_shs,elongate,10
bd_shs,elongate,27
bd_shs,elongate,42
bd_shs,elongate,2
bd_shs,elongate,29
bd_shs,elongate,24
bd_shs,elongate,23
bd_shs,elongate,7
bd_shs,elongate,14
bd_shs,elongate,28
bd_shs,elongate,8
bd_shs,elongate,15
bd_shs,elongate,21
bd_shs,elongate,9
bd_shs,elongate,20
bd_shs,elongate,12
bd_shs,elongate,2
bd_shs,elongate,12
bd_shs,elongate,21
bd_shs,elongate,10
bd_shs,elongate,18
bd_shs,elongate,8
bd_shs,elongate,7
bd_shs,elongate,16
bd_shs,elongate,14
bd_shs,elongate,7
bd_shs,elongate,2
bd_shs,elongate,54
bd_shs,elongate,42
bd_shs,elongate,22
bd_shs,elongate,5
bd_shs,elongate,6
bd_shs,elongate,55
bd_shs,elongate,13
bd_shs,elongate,12
bd_shs,elongate,32
bd_shs,elongate,7
bd_shs,elongate,16
bd_shs,elongate,8
bd_shs,elongate,53
bd_shs,elongate,23
bd_shs,elongate,8
bd_shs,elongate,6
bd_shs,elongate,34
bd_shs,elongate,35
bd_shs,elongate,24
bd_shs,elongate,9
bd_shs,elongate,20
bd_shs,elongate,14
bd_shs,elongate,17
bd_shs,elongate,7
bd_shs,elongate,27
bd_shs,elongate,7
bd_shs,elongate,18
bd_shs,elongate,96
bd_shs,elongate,8
bd_shs,elongate,11
bd_shs,elongate,6
bd_shs,elongate,5
bd_shs,elongate,14
bd_shs,elongate,4
bd_shs,elongate,4
bd_shs,elongate,8
bd_shs,elongate,13
bd_shs,elongate,11
bd_shs,elongate,15
bd_shs,elongate,7
bd_shs,elongate,4
bd_shs,elongate,52
bd_shs,elongate,28
bd_shs,elongate,13
bd_shs,elongate,30
bd_shs,elongate,3
bd_shs,elongate,16
bd_shs,elongate,13
bd_shs,elongate,12
bd_shs,elongate,4
bd_shs,elongate,16
bd_shs,elongate,38
bd_shs,elongate,59
bd_shs,elongate,10
bd_shs,elongate,10
bd_shs,elongate,33
bd_shs,elongate,67
bd_shs,elongate,30
bd_shs,elongate,12
bd_shs,elongate,25
bd_shs,elongate,17
bd_shs,elongate,11
bd_shs,elongate,14
bd_shs,elongate,8
bd_shs,elongate,5
bd_shs,elongate,17
bd_shs,elongate,11
bd_shs,elongate,29
bd_shs,elongate,8
bd_shs,elongate,12
bd_shs,elongate,12
bd_shs,elongate,10
bd_shs,elongate,18
bd_shs,elongate,20
bd_shs,elongate,15
bd_shs,elongate,47
bd_shs,elongate,11
bd_shs,elongate,21
bd_shs,elongate,13
bd_shs,elongate,19
bd_shs,elongate,9
bd_shs,elongate,64
bd_shs,elongate,51
bd_shs,elongate,7
bd_shs,elongate,9
bd_shs,elongate,31
bd_shs,elongate,23
bd_shs,elongate,43
bd_shs,elongate,15
bd_shs,elongate,8
bd_shs,elongate,1
bd_shs,elongate,10
bd_shs,elongate,39
bd_shs,elongate,17
bd_shs,elongate,34
bd_shs,elongate,10
bd_shs,elongate,9
bd_shs,elongate,15
bd_shs,elongate,78
bd_shs,elongate,26
bd_shs,elongate,17
bd_shs,elongate,17
bd_shs,elongate,6
bd_shs,elongate,55
bd_shs,elongate,1
bd_shs,elongate,47
bd_shs,elongate,87
bd_shs,elongate,9
bd_shs,elongate,5
bd_shs,elongate,15
bd_shs,elongate,13
bd_shs,elongate,2
bd_shs,elongate,23
bd_shs,elongate,8
bd_shs,elongate,9
bd_shs,elongate,24
bd_shs,elongate,24
bd_shs,elongate,1
bd_shs,elongate,13
bd_shs,elongate,13
bd_shs,elongate,8
bd_shs,elongate,29
bd_shs,elongate,32
bd_shs,elongate,22
bd_shs,elongate,38
bd_shs,elongate,10
bd_shs,elongate,38
bd_shs,elongate,36
bd_shs,elongate,10
bd_shs,elongate,9
bd_shs,elongate,28
bd_shs,elongate,19
bd_shs,elongate,55
bd_shs,elongate,7
bd_shs,elongate,13
bd_shs,elongate,14
bd_shs,elongate,34
bd_shs,elongate,5
bd_shs,elongate,14
bd_shs,elongate,85
bd_shs,elongate,4
bd_shs,elongate,5
bd_shs,elongate,17
bd_shs,elongate,119
bd_shs,elongate,19
bd_shs,elongate,12
bd_shs,elongate,38
bd_shs,elongate,8
bd_shs,elongate,23
bd_shs,elongate,10
bd_shs,elongate,3
bd_shs,elongate,32
bd_shs,elongate,28
bd_shs,elongate,18
bd_shs,elongate,29
bd_shs,elongate,20
bd_shs,elongate,10
bd_shs,elongate,9
bd_shs,elongate,63
bd_shs,elongate,7
bd_shs,elongate,10
bd_shs,elongate,18
bd_shs,elongate,4
bd_shs,elongate,8
bd_shs,elongate,16
bd_shs,elongate,21
bd_shs,elongate,109
bd_shs,elongate,6
bd_shs,elongate,8
bd_shs,elongate,15
bd_shs,elongate,4
bd_shs,elongate,60
bd_shs,elongate,7
bd_shs,elongate,9
bd_shs,elongate,9
bd_shs,elongate,4
bd_shs,elongate,18
bd_shs,elongate,15
bd_shs,elongate,8
bd_shs,elongate,8
bd_shs,elongate,12
bd_shs,elongate,8
bd_shs,elongate,8
bd_shs,elongate,8
bd_shs,elongate,18
bd_shs,elongate,34
bd_shs,elongate,8
bd_shs,elongate,23
bd_shs,elongate,35
bd_shs,elongate,2
bd_shs,elongate,6
bd_shs,elongate,6
bd_shs,elongate,39
bd_shs,elongate,54
bd_shs,elongate,95
bd_shs,elongate,5
bd_shs,elongate,17
bd_shs,elongate,3
bd_shs,elongate,5
bd_shs,elongate,12
bd_shs,elongate,9
bd_shs,elongate,9
bd_shs,elongate,8
bd_shs,elongate,12
bd_shs,elongate,35
bd_shs,elongate,26
bd_shs,elongate,40
bd_shs,elongate,13
bd_shs,elongate,9
bd_shs,elongate,7
bd_shs,elongate,45
bd_shs,elongate,23
bd_shs,elongate,15
bd_shs,elongate,17
bd_shs,elongate,6
bd_shs,elongate,34
bd_shs,elongate,5
bd_shs,elongate,8
bd_shs,elongate,37
bd_shs,elongate,27
bd_shs,elongate,13
bd_shs,elongate,35
bd_shs,elongate,14
bd_shs,elongate,46
bd_shs,elongate,9
bd_shs,elongate,5
bd_shs,elongate,19
bd_shs,elongate,20
bd_shs,elongate,5
bd_shs,elongate,56
bd_shs,elongate,12
bd_shs,elongate,19
bd_shs,elongate,6
bd_shs,elongate,45
bd_shs,elongate,77
bd_shs,elongate,5
bd_shs,elongate,37
bd_shs,elongate,67
bd_shs,elongate,36
bd_shs,elongate,14
bd_shs,elongate,27
bd_shs,elongate,6
bd_shs,whitespace_error,28
bd_shs,whitespace_error,13
bd_shs,whitespace_error,63
bd_shs,whitespace_error,39
bd_shs,whitespace_error,11
bd_shs,whitespace_error,20
bd_shs,whitespace_error,23
bd_shs,whitespace_error,12
bd_shs,whitespace_error,93
bd_shs,whitespace_error,21
bd_shs,whitespace_error,56
bd_shs,whitespace_error,31
bd_shs,whitespace_error,8
bd_shs,whitespace_error,31
bd_shs,whitespace_error,38
bd_shs,whitespace_error,8
bd_shs,whitespace_error,14
bd_shs,whitespace_error,32
bd_shs,whitespace_error,15
bd_shs,whitespace_error,8
bd_shs,whitespace_error,42
bd_shs,whitespace_error,38
bd_shs,whitespace_error,65
bd_shs,whitespace_error,13
bd_shs,whitespace_error,12
bd_shs,whitespace_error,21
bd_shs,whitespace_error,23
bd_shs,whitespace_error,16
bd_shs,whitespace_error,28
bd_shs,whitespace_error,38
bd_shs,whitespace_error,25
bd_shs,whitespace_error,11
bd_shs,whitespace_error,33
bd_shs,whitespace_error,57
bd_shs,whitespace_error,18
bd_shs,whitespace_error,39
bd_shs,whitespace_error,34
bd_shs,whitespace_error,38
bd_shs,whitespace_error,6
bd_shs,whitespace_error,26
bd_shs,whitespace_error,35
bd_shs,whitespace_error,13
bd_shs,whitespace_error,17
bd_shs,whitespace_error,30
bd_shs,whitespace_error,14
bd_shs,whitespace_error,33
bd_shs,whitespace_error,18
bd_shs,whitespace_error,3
bd_shs,whitespace_error,18
bd_shs,whitespace_error,35
bd_shs,whitespace_error,13
bd_shs,whitespace_error,25
bd_shs,whitespace_error,9
bd_shs,whitespace_error,10
bd_shs,whitespace_error,38
bd_shs,whitespace_error,20
bd_shs,whitespace_error,12
bd_shs,whitespace_error,10
bd_shs,whitespace_error,74
bd_shs,whitespace_error,65
bd_shs,whitespace_error,37
bd_shs,whitespace_error,7
bd_shs,whitespace_error,6
bd_shs,whitespace_error,81
bd_shs,whitespace_error,17
bd_shs,whitespace_error,25
bd_shs,whitespace_error,43
bd_shs,whitespace_error,12
bd_shs,whitespace_error,28
bd_shs,whitespace_error,8
bd_shs,whitespace_error,78
bd_shs,whitespace_error,30
bd_shs,whitespace_error,10
bd_shs,whitespace_error,6
bd_shs,whitespace_error,48
bd_shs,whitespace_error,62
bd_shs,whitespace_error,37
bd_shs,whitespace_error,10
bd_shs,whitespace_error,28
bd_shs,whitespace_error,27
bd_shs,whitespace_error,28
bd_shs,whitespace_error,7
bd_shs,whitespace_error,41
bd_shs,whitespace_error,11
bd_shs,whitespace_error,33
bd_shs,whitespace_error,150
bd_shs,whitespace_error,11
bd_shs,whitespace_error,14
bd_shs,whitespace_error,9
bd_shs,whitespace_error,6
bd_shs,whitespace_error,17
bd_shs,whitespace_error,7
bd_shs,whitespace_error,11
bd_shs,whitespace_error,16
bd_shs,whitespace_error,22
bd_shs,whitespace_error,18
bd_shs,whitespace_error,25
bd_shs,whitespace_error,13
bd_shs,whitespace_error,7
bd_shs,whitespace_error,83
bd_shs,whitespace_error,42
bd_shs,whitespace_error,22
bd_shs,whitespace_error,41
bd_shs,whitespace_error,4
bd_shs,whitespace_error,21
bd_shs,whitespace_error,16
bd_shs,whitespace_error,13
bd_shs,whitespace_error,7
bd_shs,whitespace_error,23
bd_shs,whitespace_error,62
bd_shs,whitespace_error,90
bd_shs,whitespace_error,14
bd_shs,whitespace_error,22
bd_shs,whitespace_error,39
bd_shs,whitespace_error,99
bd_shs,whitespace_error,46
bd_shs,whitespace_error,15
bd_shs,whitespace_error,36
bd_shs,whitespace_error,28
bd_shs,whitespace_error,16
bd_shs,whitespace_error,15
bd_shs,whitespace_error,16
bd_shs,whitespace_error,6
bd_shs,whitespace_error,28
bd_shs,whitespace_error,18
bd_shs,whitespace_error,54
bd_shs,whitespace_error,9
bd_shs,whitespace_error,20
bd_shs,whitespace_error,18
bd_shs,whitespace_error,13
bd_shs,whitespace_error,24
bd_shs,whitespace_error,27
bd_shs,whitespace_error,23
bd_shs,whitespace_error,67
bd_shs,whitespace_error,13
bd_shs,whitespace_error,28
bd_shs,whitespace_error,20
bd_shs,whitespace_error,26
bd_shs,whitespace_error,15
bd_shs,whitespace_error,111
bd_shs,whitespace_error,73
bd_shs,whitespace_error,9
bd_shs,whitespace_error,14
bd_shs,whitespace_error,53
bd_shs,whitespace_error,30
bd_shs,whitespace_error,69
bd_shs,whitespace_error,21
bd_shs,whitespace_error,13
bd_shs,whitespace_error,3
bd_shs,whitespace_error,12
bd_shs,whitespace_error,81
bd_shs,whitespace_error,23
bd_shs,whitespace_error,50
bd_shs,whitespace_error,18
bd_shs,whitespace_error,11
bd_shs,whitespace_error,17
bd_shs,whitespace_error,124
bd_shs,whitespace_error,35
bd_shs,whitespace_error,21
bd_shs,whitespace_error,19
bd_shs,whitespace_error,8
bd_shs,whitespace_error,97
bd_shs,whitespace_error,4
bd_shs,whitespace_error,80
bd_shs,whitespace_error,152
bd_shs,whitespace_error,14
bd_shs,whitespace_error,9
bd_shs,whitespace_error,20
bd_shs,whitespace_error,26
bd_shs,whitespace_error,3
bd_shs,whitespace_error,35
bd_shs,whitespace_error,10
bd_shs,whitespace_error,11
bd_shs,whitespace_error,36
bd_shs,whitespace_error,36
bd_shs,whitespace_error,3
bd_shs,whitespace_error,20
bd_shs,whitespace_error,24
bd_shs,whitespace_error,7
bd_shs,whitespace_error,45
bd_shs,whitespace_error,52
bd_shs,whitespace_error,26
bd_shs,whitespace_error,62
bd_shs,whitespace_error,11
bd_shs,whitespace_error,61
bd_shs,whitespace_error,56
bd_shs,whitespace_error,18
bd_shs,whitespace_error,9
bd_shs,whitespace_error,50
bd_shs,whitespace_error,38
bd_shs,whitespace_error,87
bd_shs,whitespace_error,12
bd_shs,whitespace_error,16
bd_shs,whitespace_error,19
bd_shs,whitespace_error,60
bd_shs,whitespace_error,10
bd_shs,whitespace_error,20
bd_shs,whitespace_error,146
bd_shs,whitespace_error,6
bd_shs,whitespace_error,6
bd_shs,whitespace_error,22
bd_shs,whitespace_error,184
bd_shs,whitespace_error,26
bd_shs,whitespace_error,21
bd_shs,whitespace_error,59
bd_shs,whitespace_error,9
bd_shs,whitespace_error,27
bd_shs,whitespace_error,12
bd_shs,whitespace_error,3
bd_shs,whitespace_error,49
bd_shs,whitespace_error,39
bd_shs,whitespace_error,33
bd_shs,whitespace_error,38
bd_shs,whitespace_error,22
bd_shs,whitespace_error,11
bd_shs,whitespace_error,11
bd_shs,whitespace_error,102
bd_shs,whitespace_error,8
bd_shs,whitespace_error,15
bd_shs,whitespace_error,29
bd_shs,whitespace_error,3
bd_shs,whitespace_error,10
bd_shs,whitespace_error,24
bd_shs,whitespace_error,32
bd_shs,whitespace_error,182
bd_shs,whitespace_error,11
bd_shs,whitespace_error,10
bd_shs,whitespace_error,20
bd_shs,whitespace_error,7
bd_shs,whitespace_error,75
bd_shs,whitespace_error,11
bd_shs,whitespace_error,14
bd_shs,whitespace_error,13
bd_shs,whitespace_error,5
bd_shs,whitespace_error,38
bd_shs,whitespace_error,21
bd_shs,whitespace_error,12
bd_shs,whitespace_error,8
bd_shs,whitespace_error,21
bd_shs,whitespace_error,9
bd_shs,whitespace_error,10
bd_shs,whitespace_error,11
bd_shs,whitespace_error,27
bd_shs,whitespace_error,56
bd_shs,whitespace_error,8
bd_shs,whitespace_error,34
bd_shs,whitespace_error,44
bd_shs,whitespace_error,5
bd_shs,whitespace_error,8
bd_shs,whitespace_error,13
bd_shs,whitespace_error,63
bd_shs,whitespace_error,73
bd_shs,whitespace_error,162
bd_shs,whitespace_error,8
bd_shs,whitespace_error,21
bd_shs,whitespace_error,3
bd_shs,whitespace_error,8
bd_shs,whitespace_error,14
bd_shs,whitespace_error,12
bd_shs,whitespace_error,13
bd_shs,whitespace_error,9
bd_shs,whitespace_error,14
bd_shs,whitespace_error,50
bd_shs,whitespace_error,29
bd_shs,whitespace_error,58
bd_shs,whitespace_error,15
bd_shs,whitespace_error,11
bd_shs,whitespace_error,9
bd_shs,whitespace_error,68
bd_shs,whitespace_error,28
bd_shs,whitespace_error,20
bd_shs,whitespace_error,23
bd_shs,whitespace_error,5
bd_shs,whitespace_error,54
bd_shs,whitespace_error,10
bd_shs,whitespace_error,10
bd_shs,whitespace_error,55
bd_shs,whitespace_error,40
bd_shs,whitespace_error,19
bd_shs,whitespace_error,62
bd_shs,whitespace_error,26
bd_shs,whitespace_error,56
bd_shs,whitespace_error,15
bd_shs,whitespace_error,5
bd_shs,whitespace_error,25
bd_shs,whitespace_error,34
bd_shs,whitespace_error,6
bd_shs,whitespace_error,87
bd_shs,whitespace_error,17
bd_shs,whitespace_error,33
bd_shs,whitespace_error,10
bd_shs,whitespace_error,67
bd_shs,whitespace_error,114
bd_shs,whitespace_error,9
bd_shs,whitespace_error,57
bd_shs,whitespace_error,107
bd_shs,whitespace_error,63
bd_shs,whitespace_error,26
bd_shs,whitespace_error,43
bd_shs,whitespace_error,8
banfakenews,char_insert,430
banfakenews,char_insert,325
banfakenews,char_insert,310
banfakenews,char_insert,701
banfakenews,char_insert,535
banfakenews,char_insert,668
banfakenews,char_insert,666
banfakenews,char_insert,314
banfakenews,char_insert,269
banfakenews,char_insert,872
banfakenews,char_insert,203
banfakenews,char_insert,666
banfakenews,char_insert,388
banfakenews,char_insert,259
banfakenews,char_insert,429
banfakenews,char_insert,588
banfakenews,char_insert,1078
banfakenews,char_insert,500
banfakenews,char_insert,1140
banfakenews,char_insert,459
banfakenews,char_insert,745
banfakenews,char_insert,963
banfakenews,char_insert,181
banfakenews,char_insert,220
banfakenews,char_insert,353
banfakenews,char_insert,406
banfakenews,char_insert,1217
banfakenews,char_insert,173
banfakenews,char_insert,724
banfakenews,char_insert,694
banfakenews,char_insert,929
banfakenews,char_insert,211
banfakenews,char_insert,418
banfakenews,char_insert,349
banfakenews,char_insert,769
banfakenews,char_insert,400
banfakenews,char_insert,397
banfakenews,char_insert,324
banfakenews,char_insert,1473
banfakenews,char_insert,293
banfakenews,char_insert,751
banfakenews,char_insert,337
banfakenews,char_insert,406
banfakenews,char_insert,371
banfakenews,char_insert,269
banfakenews,char_insert,379
banfakenews,char_insert,296
banfakenews,char_insert,677
banfakenews,char_insert,422
banfakenews,char_insert,290
banfakenews,char_insert,688
banfakenews,char_insert,1149
banfakenews,char_insert,407
banfakenews,char_insert,881
banfakenews,char_insert,1103
banfakenews,char_insert,376
banfakenews,char_insert,476
banfakenews,char_insert,776
banfakenews,char_insert,414
banfakenews,char_insert,574
banfakenews,char_insert,265
banfakenews,char_insert,282
banfakenews,char_insert,808
banfakenews,char_insert,696
banfakenews,char_insert,410
banfakenews,char_insert,477
banfakenews,char_insert,278
banfakenews,char_insert,471
banfakenews,char_insert,474
banfakenews,char_insert,784
banfakenews,char_insert,513
banfakenews,char_insert,398
banfakenews,char_insert,408
banfakenews,char_insert,316
banfakenews,char_insert,408
banfakenews,char_insert,595
banfakenews,char_insert,638
banfakenews,char_insert,201
banfakenews,char_insert,722
banfakenews,char_insert,258
banfakenews,char_insert,792
banfakenews,char_insert,383
banfakenews,char_insert,296
banfakenews,char_insert,755
banfakenews,char_insert,579
banfakenews,char_insert,379
banfakenews,char_insert,506
banfakenews,char_insert,314
banfakenews,char_insert,872
banfakenews,char_insert,368
banfakenews,char_insert,603
banfakenews,char_insert,453
banfakenews,char_insert,1449
banfakenews,char_insert,790
banfakenews,char_insert,329
banfakenews,char_insert,274
banfakenews,char_insert,270
banfakenews,char_insert,441
banfakenews,char_insert,604
banfakenews,char_insert,233
banfakenews,char_insert,358
banfakenews,char_insert,156
banfakenews,char_insert,421
banfakenews,char_insert,1436
banfakenews,char_insert,799
banfakenews,char_insert,664
banfakenews,char_insert,668
banfakenews,char_insert,538
banfakenews,char_insert,226
banfakenews,char_insert,453
banfakenews,char_insert,442
banfakenews,char_insert,471
banfakenews,char_insert,429
banfakenews,char_insert,487
banfakenews,char_insert,643
banfakenews,char_insert,563
banfakenews,char_insert,591
banfakenews,char_insert,257
banfakenews,char_insert,339
banfakenews,char_insert,212
banfakenews,char_insert,507
banfakenews,char_insert,411
banfakenews,char_insert,877
banfakenews,char_insert,318
banfakenews,char_insert,307
banfakenews,char_insert,1670
banfakenews,char_insert,428
banfakenews,char_insert,407
banfakenews,char_insert,375
banfakenews,char_insert,462
banfakenews,char_insert,309
banfakenews,char_insert,289
banfakenews,char_insert,751
banfakenews,char_insert,554
banfakenews,char_insert,588
banfakenews,char_insert,721
banfakenews,char_insert,1603
banfakenews,char_insert,2155
banfakenews,char_insert,1282
banfakenews,char_insert,266
banfakenews,char_insert,335
banfakenews,char_insert,550
banfakenews,char_insert,186
banfakenews,char_insert,176
banfakenews,char_insert,503
banfakenews,char_insert,492
banfakenews,char_insert,1096
banfakenews,char_insert,724
banfakenews,char_insert,217
banfakenews,char_insert,696
banfakenews,char_insert,1019
banfakenews,char_insert,801
banfakenews,char_insert,911
banfakenews,char_insert,533
banfakenews,char_insert,480
banfakenews,char_insert,733
banfakenews,char_insert,531
banfakenews,char_insert,528
banfakenews,char_insert,999
banfakenews,char_insert,1572
banfakenews,char_insert,196
banfakenews,char_insert,820
banfakenews,char_insert,327
banfakenews,char_insert,525
banfakenews,char_insert,510
banfakenews,char_insert,329
banfakenews,char_insert,197
banfakenews,char_insert,263
banfakenews,char_insert,773
banfakenews,char_insert,457
banfakenews,char_insert,246
banfakenews,char_insert,570
banfakenews,char_insert,595
banfakenews,char_insert,284
banfakenews,char_insert,670
banfakenews,char_insert,868
banfakenews,char_insert,633
banfakenews,char_insert,864
banfakenews,char_insert,24
banfakenews,char_insert,574
banfakenews,char_insert,326
banfakenews,char_insert,376
banfakenews,char_insert,401
banfakenews,char_insert,364
banfakenews,char_insert,337
banfakenews,char_insert,210
banfakenews,char_insert,342
banfakenews,char_insert,211
banfakenews,char_insert,515
banfakenews,char_insert,133
banfakenews,char_insert,380
banfakenews,char_insert,314
banfakenews,char_insert,652
banfakenews,char_insert,549
banfakenews,char_insert,543
banfakenews,char_insert,233
banfakenews,char_insert,294
banfakenews,char_insert,1462
banfakenews,char_insert,378
banfakenews,char_insert,303
banfakenews,char_insert,362
banfakenews,char_insert,572
banfakenews,char_insert,725
banfakenews,char_insert,301
banfakenews,char_insert,1947
banfakenews,char_insert,418
banfakenews,char_insert,621
banfakenews,char_insert,503
banfakenews,char_insert,454
banfakenews,char_insert,1259
banfakenews,char_insert,885
banfakenews,char_insert,1849
banfakenews,char_insert,460
banfakenews,char_insert,612
banfakenews,char_insert,359
banfakenews,char_insert,509
banfakenews,char_insert,376
banfakenews,char_insert,226
banfakenews,char_insert,621
banfakenews,char_insert,233
banfakenews,char_insert,681
banfakenews,char_insert,1589
banfakenews,char_insert,279
banfakenews,char_insert,820
banfakenews,char_insert,390
banfakenews,char_insert,911
banfakenews,char_insert,151
banfakenews,char_insert,467
banfakenews,char_insert,759
banfakenews,char_insert,857
banfakenews,char_insert,488
banfakenews,char_insert,265
banfakenews,char_insert,699
banfakenews,char_insert,577
banfakenews,char_insert,750
banfakenews,char_insert,301
banfakenews,char_insert,929
banfakenews,char_insert,333
banfakenews,char_insert,1027
banfakenews,char_insert,1378
banfakenews,char_insert,690
banfakenews,char_insert,253
banfakenews,char_insert,267
banfakenews,char_insert,1555
banfakenews,char_insert,166
banfakenews,char_insert,490
banfakenews,char_insert,715
banfakenews,char_insert,239
banfakenews,char_insert,505
banfakenews,char_insert,348
banfakenews,char_insert,604
banfakenews,char_insert,611
banfakenews,char_insert,358
banfakenews,char_insert,1780
banfakenews,char_insert,1319
banfakenews,char_insert,246
banfakenews,char_insert,308
banfakenews,char_insert,733
banfakenews,char_insert,184
banfakenews,char_insert,2602
banfakenews,char_insert,837
banfakenews,char_insert,370
banfakenews,char_insert,726
banfakenews,char_insert,296
banfakenews,char_insert,692
banfakenews,char_insert,441
banfakenews,char_insert,116
banfakenews,char_insert,386
banfakenews,char_insert,471
banfakenews,char_insert,528
banfakenews,char_insert,339
banfakenews,char_insert,400
banfakenews,char_insert,221
banfakenews,char_insert,644
banfakenews,char_insert,186
banfakenews,char_insert,523
banfakenews,char_insert,1487
banfakenews,char_insert,841
banfakenews,char_insert,320
banfakenews,char_insert,706
banfakenews,char_insert,467
banfakenews,char_insert,330
banfakenews,char_insert,408
banfakenews,char_insert,304
banfakenews,char_insert,600
banfakenews,char_insert,134
banfakenews,char_insert,2204
banfakenews,char_insert,645
banfakenews,char_insert,862
banfakenews,char_insert,1049
banfakenews,char_insert,245
banfakenews,char_insert,413
banfakenews,char_insert,380
banfakenews,char_insert,359
banfakenews,char_insert,344
banfakenews,char_insert,460
banfakenews,char_insert,201
banfakenews,char_insert,443
banfakenews,char_insert,1604
banfakenews,char_insert,399
banfakenews,char_delete,586
banfakenews,char_delete,481
banfakenews,char_delete,434
banfakenews,char_delete,1029
banfakenews,char_delete,783
banfakenews,char_delete,907
banfakenews,char_delete,990
banfakenews,char_delete,436
banfakenews,char_delete,382
banfakenews,char_delete,1258
banfakenews,char_delete,294
banfakenews,char_delete,980
banfakenews,char_delete,557
banfakenews,char_delete,373
banfakenews,char_delete,625
banfakenews,char_delete,879
banfakenews,char_delete,1545
banfakenews,char_delete,735
banfakenews,char_delete,1636
banfakenews,char_delete,652
banfakenews,char_delete,1029
banfakenews,char_delete,1420
banfakenews,char_delete,247
banfakenews,char_delete,304
banfakenews,char_delete,501
banfakenews,char_delete,568
banfakenews,char_delete,1761
banfakenews,char_delete,246
banfakenews,char_delete,1009
banfakenews,char_delete,973
banfakenews,char_delete,1304
banfakenews,char_delete,302
banfakenews,char_delete,568
banfakenews,char_delete,506
banfakenews,char_delete,1084
banfakenews,char_delete,582
banfakenews,char_delete,563
banfakenews,char_delete,469
banfakenews,char_delete,2055
banfakenews,char_delete,413
banfakenews,char_delete,1061
banfakenews,char_delete,474
banfakenews,char_delete,566
banfakenews,char_delete,522
banfakenews,char_delete,377
banfakenews,char_delete,547
banfakenews,char_delete,444
banfakenews,char_delete,993
banfakenews,char_delete,601
banfakenews,char_delete,403
banfakenews,char_delete,1012
banfakenews,char_delete,1636
banfakenews,char_delete,582
banfakenews,char_delete,1261
banfakenews,char_delete,1613
banfakenews,char_delete,544
banfakenews,char_delete,696
banfakenews,char_delete,1117
banfakenews,char_delete,584
banfakenews,char_delete,831
banfakenews,char_delete,377
banfakenews,char_delete,386
banfakenews,char_delete,1171
banfakenews,char_delete,1009
banfakenews,char_delete,600
banfakenews,char_delete,714
banfakenews,char_delete,404
banfakenews,char_delete,653
banfakenews,char_delete,719
banfakenews,char_delete,1151
banfakenews,char_delete,780
banfakenews,char_delete,545
banfakenews,char_delete,585
banfakenews,char_delete,443
banfakenews,char_delete,562
banfakenews,char_delete,840
banfakenews,char_delete,893
banfakenews,char_delete,289
banfakenews,char_delete,1031
banfakenews,char_delete,348
banfakenews,char_delete,1104
banfakenews,char_delete,559
banfakenews,char_delete,420
banfakenews,char_delete,1102
banfakenews,char_delete,808
banfakenews,char_delete,569
banfakenews,char_delete,720
banfakenews,char_delete,439
banfakenews,char_delete,1244
banfakenews,char_delete,547
banfakenews,char_delete,857
banfakenews,char_delete,683
banfakenews,char_delete,2094
banfakenews,char_delete,1145
banfakenews,char_delete,464
banfakenews,char_delete,392
banfakenews,char_delete,396
banfakenews,char_delete,631
banfakenews,char_delete,876
banfakenews,char_delete,324
banfakenews,char_delete,505
banfakenews,char_delete,219
banfakenews,char_delete,606
banfakenews,char_delete,2009
banfakenews,char_delete,1154
banfakenews,char_delete,918
banfakenews,char_delete,912
banfakenews,char_delete,779
banfakenews,char_delete,319
banfakenews,char_delete,673
banfakenews,char_delete,640
banfakenews,char_delete,644
banfakenews,char_delete,630
banfakenews,char_delete,676
banfakenews,char_delete,1016
banfakenews,char_delete,785
banfakenews,char_delete,849
banfakenews,char_delete,359
banfakenews,char_delete,465
banfakenews,char_delete,283
banfakenews,char_delete,709
banfakenews,char_delete,572
banfakenews,char_delete,1205
banfakenews,char_delete,467
banfakenews,char_delete,451
banfakenews,char_delete,2364
banfakenews,char_delete,609
banfakenews,char_delete,602
banfakenews,char_delete,544
banfakenews,char_delete,665
banfakenews,char_delete,438
banfakenews,char_delete,406
banfakenews,char_delete,1040
banfakenews,char_delete,831
banfakenews,char_delete,809
banfakenews,char_delete,989
banfakenews,char_delete,2225
banfakenews,char_delete,3090
banfakenews,char_delete,1816
banfakenews,char_delete,383
banfakenews,char_delete,518
banfakenews,char_delete,787
banfakenews,char_delete,259
banfakenews,char_delete,243
banfakenews,char_delete,723
banfakenews,char_delete,694
banfakenews,char_delete,1597
banfakenews,char_delete,1029
banfakenews,char_delete,296
banfakenews,char_delete,956
banfakenews,char_delete,1445
banfakenews,char_delete,1149
banfakenews,char_delete,1279
banfakenews,char_delete,765
banfakenews,char_delete,718
banfakenews,char_delete,1012
banfakenews,char_delete,739
banfakenews,char_delete,780
banfakenews,char_delete,1465
banfakenews,char_delete,2327
banfakenews,char_delete,282
banfakenews,char_delete,1128
banfakenews,char_delete,461
banfakenews,char_delete,723
banfakenews,char_delete,731
banfakenews,char_delete,482
banfakenews,char_delete,287
banfakenews,char_delete,372
banfakenews,char_delete,1066
banfakenews,char_delete,683
banfakenews,char_delete,362
banfakenews,char_delete,843
banfakenews,char_delete,825
banfakenews,char_delete,441
banfakenews,char_delete,978
banfakenews,char_delete,1233
banfakenews,char_delete,867
banfakenews,char_delete,1235
banfakenews,char_delete,34
banfakenews,char_delete,799
banfakenews,char_delete,468
banfakenews,char_delete,529
banfakenews,char_delete,561
banfakenews,char_delete,525
banfakenews,char_delete,468
banfakenews,char_delete,309
banfakenews,char_delete,499
banfakenews,char_delete,307
banfakenews,char_delete,706
banfakenews,char_delete,190
banfakenews,char_delete,560
banfakenews,char_delete,448
banfakenews,char_delete,932
banfakenews,char_delete,805
banfakenews,char_delete,734
banfakenews,char_delete,324
banfakenews,char_delete,424
banfakenews,char_delete,2102
banfakenews,char_delete,535
banfakenews,char_delete,433
banfakenews,char_delete,499
banfakenews,char_delete,817
banfakenews,char_delete,1023
banfakenews,char_delete,445
banfakenews,char_delete,2772
banfakenews,char_delete,582
banfakenews,char_delete,830
banfakenews,char_delete,740
banfakenews,char_delete,641
banfakenews,char_delete,1801
banfakenews,char_delete,1319
banfakenews,char_delete,2669
banfakenews,char_delete,679
banfakenews,char_delete,891
banfakenews,char_delete,532
banfakenews,char_delete,698
banfakenews,char_delete,530
banfakenews,char_delete,336
banfakenews,char_delete,866
banfakenews,char_delete,342
banfakenews,char_delete,965
banfakenews,char_delete,2331
banfakenews,char_delete,394
banfakenews,char_delete,1189
banfakenews,char_delete,531
banfakenews,char_delete,1289
banfakenews,char_delete,221
banfakenews,char_delete,668
banfakenews,char_delete,1056
banfakenews,char_delete,1281
banfakenews,char_delete,685
banfakenews,char_delete,374
banfakenews,char_delete,1014
banfakenews,char_delete,786
banfakenews,char_delete,1093
banfakenews,char_delete,426
banfakenews,char_delete,1293
banfakenews,char_delete,491
banfakenews,char_delete,1463
banfakenews,char_delete,1955
banfakenews,char_delete,978
banfakenews,char_delete,360
banfakenews,char_delete,381
banfakenews,char_delete,2217
banfakenews,char_delete,245
banfakenews,char_delete,721
banfakenews,char_delete,986
banfakenews,char_delete,344
banfakenews,char_delete,708
banfakenews,char_delete,473
banfakenews,char_delete,873
banfakenews,char_delete,868
banfakenews,char_delete,521
banfakenews,char_delete,2559
banfakenews,char_delete,1966
banfakenews,char_delete,351
banfakenews,char_delete,440
banfakenews,char_delete,1079
banfakenews,char_delete,263
banfakenews,char_delete,3788
banfakenews,char_delete,1083
banfakenews,char_delete,519
banfakenews,char_delete,1008
banfakenews,char_delete,431
banfakenews,char_delete,991
banfakenews,char_delete,649
banfakenews,char_delete,165
banfakenews,char_delete,541
banfakenews,char_delete,658
banfakenews,char_delete,750
banfakenews,char_delete,462
banfakenews,char_delete,591
banfakenews,char_delete,313
banfakenews,char_delete,924
banfakenews,char_delete,261
banfakenews,char_delete,743
banfakenews,char_delete,2197
banfakenews,char_delete,1192
banfakenews,char_delete,480
banfakenews,char_delete,1016
banfakenews,char_delete,690
banfakenews,char_delete,466
banfakenews,char_delete,587
banfakenews,char_delete,423
banfakenews,char_delete,844
banfakenews,char_delete,190
banfakenews,char_delete,3239
banfakenews,char_delete,924
banfakenews,char_delete,1210
banfakenews,char_delete,1498
banfakenews,char_delete,356
banfakenews,char_delete,575
banfakenews,char_delete,540
banfakenews,char_delete,512
banfakenews,char_delete,514
banfakenews,char_delete,674
banfakenews,char_delete,291
banfakenews,char_delete,648
banfakenews,char_delete,2347
banfakenews,char_delete,562
banfakenews,char_substitute,563
banfakenews,char_substitute,462
banfakenews,char_substitute,432
banfakenews,char_substitute,1010
banfakenews,char_substitute,759
banfakenews,char_substitute,884
banfakenews,char_substitute,940
banfakenews,char_substitute,412
banfakenews,char_substitute,374
banfakenews,char_substitute,1217
banfakenews,char_substitute,277
banfakenews,char_substitute,949
banfakenews,char_substitute,534
banfakenews,char_substitute,358
banfakenews,char_substitute,601
banfakenews,char_substitute,837
banfakenews,char_substitute,1477
banfakenews,char_substitute,705
banfakenews,char_substitute,1583
banfakenews,char_substitute,619
banfakenews,char_substitute,1007
banfakenews,char_substitute,1354
banfakenews,char_substitute,246
banfakenews,char_substitute,290
banfakenews,char_substitute,490
banfakenews,char_substitute,549
banfakenews,char_substitute,1705
banfakenews,char_substitute,239
banfakenews,char_substitute,977
banfakenews,char_substitute,910
banfakenews,char_substitute,1257
banfakenews,char_substitute,298
banfakenews,char_substitute,550
banfakenews,char_substitute,487
banfakenews,char_substitute,1059
banfakenews,char_substitute,563
banfakenews,char_substitute,550
banfakenews,char_substitute,445
banfakenews,char_substitute,1979
banfakenews,char_substitute,391
banfakenews,char_substitute,1016
banfakenews,char_substitute,464
banfakenews,char_substitute,549
banfakenews,char_substitute,503
banfakenews,char_substitute,367
banfakenews,char_substitute,533
banfakenews,char_substitute,435
banfakenews,char_substitute,944
banfakenews,char_substitute,565
banfakenews,char_substitute,386
banfakenews,char_substitute,978
banfakenews,char_substitute,1596
banfakenews,char_substitute,571
banfakenews,char_substitute,1198
banfakenews,char_substitute,1570
banfakenews,char_substitute,514
banfakenews,char_substitute,684
banfakenews,char_substitute,1085
banfakenews,char_substitute,567
banfakenews,char_substitute,797
banfakenews,char_substitute,372
banfakenews,char_substitute,339
banfakenews,char_substitute,1145
banfakenews,char_substitute,974
banfakenews,char_substitute,565
banfakenews,char_substitute,686
banfakenews,char_substitute,388
banfakenews,char_substitute,599
banfakenews,char_substitute,708
banfakenews,char_substitute,945
banfakenews,char_substitute,743
banfakenews,char_substitute,509
banfakenews,char_substitute,570
banfakenews,char_substitute,420
banfakenews,char_substitute,548
banfakenews,char_substitute,816
banfakenews,char_substitute,870
banfakenews,char_substitute,283
banfakenews,char_substitute,1002
banfakenews,char_substitute,338
banfakenews,char_substitute,1073
banfakenews,char_substitute,543
banfakenews,char_substitute,411
banfakenews,char_substitute,1054
banfakenews,char_substitute,784
banfakenews,char_substitute,557
banfakenews,char_substitute,687
banfakenews,char_substitute,418
banfakenews,char_substitute,1219
banfakenews,char_substitute,520
banfakenews,char_substitute,826
banfakenews,char_substitute,666
banfakenews,char_substitute,1957
banfakenews,char_substitute,1117
banfakenews,char_substitute,449
banfakenews,char_substitute,379
banfakenews,char_substitute,386
banfakenews,char_substitute,617
banfakenews,char_substitute,843
banfakenews,char_substitute,310
banfakenews,char_substitute,487
banfakenews,char_substitute,213
banfakenews,char_substitute,579
banfakenews,char_substitute,1920
banfakenews,char_substitute,1106
banfakenews,char_substitute,839
banfakenews,char_substitute,857
banfakenews,char_substitute,771
banfakenews,char_substitute,305
banfakenews,char_substitute,651
banfakenews,char_substitute,608
banfakenews,char_substitute,607
banfakenews,char_substitute,602
banfakenews,char_substitute,646
banfakenews,char_substitute,988
banfakenews,char_substitute,771
banfakenews,char_substitute,812
banfakenews,char_substitute,347
banfakenews,char_substitute,453
banfakenews,char_substitute,267
banfakenews,char_substitute,653
banfakenews,char_substitute,554
banfakenews,char_substitute,1167
banfakenews,char_substitute,448
banfakenews,char_substitute,427
banfakenews,char_substitute,2284
banfakenews,char_substitute,590
banfakenews,char_substitute,584
banfakenews,char_substitute,512
banfakenews,char_substitute,649
banfakenews,char_substitute,432
banfakenews,char_substitute,393
banfakenews,char_substitute,1011
banfakenews,char_substitute,795
banfakenews,char_substitute,793
banfakenews,char_substitute,927
banfakenews,char_substitute,2151
banfakenews,char_substitute,3011
banfakenews,char_substitute,1787
banfakenews,char_substitute,362
banfakenews,char_substitute,499
banfakenews,char_substitute,755
banfakenews,char_substitute,253
banfakenews,char_substitute,233
banfakenews,char_substitute,705
banfakenews,char_substitute,665
banfakenews,char_substitute,1563
banfakenews,char_substitute,967
banfakenews,char_substitute,289
banfakenews,char_substitute,935
banfakenews,char_substitute,1389
banfakenews,char_substitute,1122
banfakenews,char_substitute,1228
banfakenews,char_substitute,745
banfakenews,char_substitute,657
banfakenews,char_substitute,994
banfakenews,char_substitute,718
banfakenews,char_substitute,745
banfakenews,char_substitute,1391
banfakenews,char_substitute,2201
banfakenews,char_substitute,273
banfakenews,char_substitute,1072
banfakenews,char_substitute,456
banfakenews,char_substitute,703
banfakenews,char_substitute,709
banfakenews,char_substitute,469
banfakenews,char_substitute,272
banfakenews,char_substitute,357
banfakenews,char_substitute,1005
banfakenews,char_substitute,662
banfakenews,char_substitute,349
banfakenews,char_substitute,784
banfakenews,char_substitute,803
banfakenews,char_substitute,426
banfakenews,char_substitute,940
banfakenews,char_substitute,1198
banfakenews,char_substitute,833
banfakenews,char_substitute,1187
banfakenews,char_substitute,32
banfakenews,char_substitute,775
banfakenews,char_substitute,459
banfakenews,char_substitute,491
banfakenews,char_substitute,533
banfakenews,char_substitute,500
banfakenews,char_substitute,444
banfakenews,char_substitute,298
banfakenews,char_substitute,495
banfakenews,char_substitute,295
banfakenews,char_substitute,650
banfakenews,char_substitute,187
banfakenews,char_substitute,539
banfakenews,char_substitute,431
banfakenews,char_substitute,922
banfakenews,char_substitute,782
banfakenews,char_substitute,624
banfakenews,char_substitute,313
banfakenews,char_substitute,412
banfakenews,char_substitute,2006
banfakenews,char_substitute,524
banfakenews,char_substitute,419
banfakenews,char_substitute,464
banfakenews,char_substitute,803
banfakenews,char_substitute,1010
banfakenews,char_substitute,437
banfakenews,char_substitute,2683
banfakenews,char_substitute,571
banfakenews,char_substitute,796
banfakenews,char_substitute,705
banfakenews,char_substitute,599
banfakenews,char_substitute,1744
banfakenews,char_substitute,1255
banfakenews,char_substitute,2613
banfakenews,char_substitute,642
banfakenews,char_substitute,871
banfakenews,char_substitute,511
banfakenews,char_substitute,679
banfakenews,char_substitute,509
banfakenews,char_substitute,324
banfakenews,char_substitute,775
banfakenews,char_substitute,330
banfakenews,char_substitute,926
banfakenews,char_substitute,2247
banfakenews,char_substitute,379
banfakenews,char_substitute,1124
banfakenews,char_substitute,498
banfakenews,char_substitute,1220
banfakenews,char_substitute,212
banfakenews,char_substitute,632
banfakenews,char_substitute,1035
banfakenews,char_substitute,1237
banfakenews,char_substitute,659
banfakenews,char_substitute,311
banfakenews,char_substitute,988
banfakenews,char_substitute,768
banfakenews,char_substitute,1055
banfakenews,char_substitute,413
banfakenews,char_substitute,1274
banfakenews,char_substitute,465
banfakenews,char_substitute,1398
banfakenews,char_substitute,1906
banfakenews,char_substitute,935
banfakenews,char_substitute,351
banfakenews,char_substitute,368
banfakenews,char_substitute,2150
banfakenews,char_substitute,238
banfakenews,char_substitute,698
banfakenews,char_substitute,941
banfakenews,char_substitute,336
banfakenews,char_substitute,686
banfakenews,char_substitute,447
banfakenews,char_substitute,832
banfakenews,char_substitute,814
banfakenews,char_substitute,511
banfakenews,char_substitute,2505
banfakenews,char_substitute,1875
banfakenews,char_substitute,334
banfakenews,char_substitute,409
banfakenews,char_substitute,1016
banfakenews,char_substitute,256
banfakenews,char_substitute,3580
banfakenews,char_substitute,881
banfakenews,char_substitute,499
banfakenews,char_substitute,970
banfakenews,char_substitute,419
banfakenews,char_substitute,956
banfakenews,char_substitute,607
banfakenews,char_substitute,160
banfakenews,char_substitute,509
banfakenews,char_substitute,634
banfakenews,char_substitute,716
banfakenews,char_substitute,452
banfakenews,char_substitute,578
banfakenews,char_substitute,298
banfakenews,char_substitute,900
banfakenews,char_substitute,253
banfakenews,char_substitute,712
banfakenews,char_substitute,2086
banfakenews,char_substitute,1152
banfakenews,char_substitute,471
banfakenews,char_substitute,962
banfakenews,char_substitute,663
banfakenews,char_substitute,452
banfakenews,char_substitute,570
banfakenews,char_substitute,408
banfakenews,char_substitute,819
banfakenews,char_substitute,188
banfakenews,char_substitute,3101
banfakenews,char_substitute,898
banfakenews,char_substitute,1174
banfakenews,char_substitute,1430
banfakenews,char_substitute,346
banfakenews,char_substitute,551
banfakenews,char_substitute,520
banfakenews,char_substitute,504
banfakenews,char_substitute,497
banfakenews,char_substitute,646
banfakenews,char_substitute,255
banfakenews,char_substitute,629
banfakenews,char_substitute,2263
banfakenews,char_substitute,534
banfakenews,char_transpose,430
banfakenews,char_transpose,325
banfakenews,char_transpose,310
banfakenews,char_transpose,701
banfakenews,char_transpose,535
banfakenews,char_transpose,668
banfakenews,char_transpose,666
banfakenews,char_transpose,314
banfakenews,char_transpose,269
banfakenews,char_transpose,872
banfakenews,char_transpose,203
banfakenews,char_transpose,666
banfakenews,char_transpose,388
banfakenews,char_transpose,259
banfakenews,char_transpose,429
banfakenews,char_transpose,588
banfakenews,char_transpose,1078
banfakenews,char_transpose,500
banfakenews,char_transpose,1140
banfakenews,char_transpose,459
banfakenews,char_transpose,745
banfakenews,char_transpose,963
banfakenews,char_transpose,181
banfakenews,char_transpose,220
banfakenews,char_transpose,353
banfakenews,char_transpose,406
banfakenews,char_transpose,1217
banfakenews,char_transpose,173
banfakenews,char_transpose,724
banfakenews,char_transpose,694
banfakenews,char_transpose,929
banfakenews,char_transpose,211
banfakenews,char_transpose,418
banfakenews,char_transpose,349
banfakenews,char_transpose,769
banfakenews,char_transpose,400
banfakenews,char_transpose,397
banfakenews,char_transpose,324
banfakenews,char_transpose,1473
banfakenews,char_transpose,293
banfakenews,char_transpose,751
banfakenews,char_transpose,337
banfakenews,char_transpose,406
banfakenews,char_transpose,371
banfakenews,char_transpose,269
banfakenews,char_transpose,379
banfakenews,char_transpose,296
banfakenews,char_transpose,677
banfakenews,char_transpose,422
banfakenews,char_transpose,290
banfakenews,char_transpose,688
banfakenews,char_transpose,1149
banfakenews,char_transpose,407
banfakenews,char_transpose,881
banfakenews,char_transpose,1103
banfakenews,char_transpose,376
banfakenews,char_transpose,476
banfakenews,char_transpose,776
banfakenews,char_transpose,414
banfakenews,char_transpose,574
banfakenews,char_transpose,265
banfakenews,char_transpose,282
banfakenews,char_transpose,808
banfakenews,char_transpose,696
banfakenews,char_transpose,410
banfakenews,char_transpose,477
banfakenews,char_transpose,278
banfakenews,char_transpose,471
banfakenews,char_transpose,474
banfakenews,char_transpose,784
banfakenews,char_transpose,513
banfakenews,char_transpose,398
banfakenews,char_transpose,408
banfakenews,char_transpose,316
banfakenews,char_transpose,408
banfakenews,char_transpose,595
banfakenews,char_transpose,638
banfakenews,char_transpose,201
banfakenews,char_transpose,722
banfakenews,char_transpose,258
banfakenews,char_transpose,792
banfakenews,char_transpose,383
banfakenews,char_transpose,296
banfakenews,char_transpose,755
banfakenews,char_transpose,579
banfakenews,char_transpose,379
banfakenews,char_transpose,506
banfakenews,char_transpose,314
banfakenews,char_transpose,872
banfakenews,char_transpose,368
banfakenews,char_transpose,603
banfakenews,char_transpose,453
banfakenews,char_transpose,1449
banfakenews,char_transpose,790
banfakenews,char_transpose,329
banfakenews,char_transpose,274
banfakenews,char_transpose,270
banfakenews,char_transpose,441
banfakenews,char_transpose,604
banfakenews,char_transpose,233
banfakenews,char_transpose,358
banfakenews,char_transpose,156
banfakenews,char_transpose,421
banfakenews,char_transpose,1436
banfakenews,char_transpose,799
banfakenews,char_transpose,664
banfakenews,char_transpose,668
banfakenews,char_transpose,538
banfakenews,char_transpose,226
banfakenews,char_transpose,453
banfakenews,char_transpose,442
banfakenews,char_transpose,471
banfakenews,char_transpose,429
banfakenews,char_transpose,487
banfakenews,char_transpose,643
banfakenews,char_transpose,563
banfakenews,char_transpose,591
banfakenews,char_transpose,257
banfakenews,char_transpose,339
banfakenews,char_transpose,212
banfakenews,char_transpose,507
banfakenews,char_transpose,411
banfakenews,char_transpose,877
banfakenews,char_transpose,318
banfakenews,char_transpose,307
banfakenews,char_transpose,1670
banfakenews,char_transpose,428
banfakenews,char_transpose,407
banfakenews,char_transpose,375
banfakenews,char_transpose,462
banfakenews,char_transpose,309
banfakenews,char_transpose,289
banfakenews,char_transpose,751
banfakenews,char_transpose,554
banfakenews,char_transpose,588
banfakenews,char_transpose,721
banfakenews,char_transpose,1603
banfakenews,char_transpose,2155
banfakenews,char_transpose,1282
banfakenews,char_transpose,266
banfakenews,char_transpose,335
banfakenews,char_transpose,550
banfakenews,char_transpose,186
banfakenews,char_transpose,176
banfakenews,char_transpose,503
banfakenews,char_transpose,492
banfakenews,char_transpose,1096
banfakenews,char_transpose,724
banfakenews,char_transpose,217
banfakenews,char_transpose,696
banfakenews,char_transpose,1019
banfakenews,char_transpose,801
banfakenews,char_transpose,911
banfakenews,char_transpose,533
banfakenews,char_transpose,480
banfakenews,char_transpose,733
banfakenews,char_transpose,531
banfakenews,char_transpose,528
banfakenews,char_transpose,999
banfakenews,char_transpose,1572
banfakenews,char_transpose,196
banfakenews,char_transpose,820
banfakenews,char_transpose,327
banfakenews,char_transpose,525
banfakenews,char_transpose,510
banfakenews,char_transpose,329
banfakenews,char_transpose,197
banfakenews,char_transpose,263
banfakenews,char_transpose,773
banfakenews,char_transpose,457
banfakenews,char_transpose,246
banfakenews,char_transpose,570
banfakenews,char_transpose,595
banfakenews,char_transpose,284
banfakenews,char_transpose,670
banfakenews,char_transpose,868
banfakenews,char_transpose,633
banfakenews,char_transpose,864
banfakenews,char_transpose,24
banfakenews,char_transpose,574
banfakenews,char_transpose,326
banfakenews,char_transpose,376
banfakenews,char_transpose,401
banfakenews,char_transpose,364
banfakenews,char_transpose,337
banfakenews,char_transpose,210
banfakenews,char_transpose,342
banfakenews,char_transpose,211
banfakenews,char_transpose,515
banfakenews,char_transpose,133
banfakenews,char_transpose,380
banfakenews,char_transpose,314
banfakenews,char_transpose,652
banfakenews,char_transpose,549
banfakenews,char_transpose,543
banfakenews,char_transpose,233
banfakenews,char_transpose,294
banfakenews,char_transpose,1462
banfakenews,char_transpose,378
banfakenews,char_transpose,303
banfakenews,char_transpose,362
banfakenews,char_transpose,572
banfakenews,char_transpose,725
banfakenews,char_transpose,301
banfakenews,char_transpose,1947
banfakenews,char_transpose,418
banfakenews,char_transpose,621
banfakenews,char_transpose,503
banfakenews,char_transpose,454
banfakenews,char_transpose,1259
banfakenews,char_transpose,885
banfakenews,char_transpose,1849
banfakenews,char_transpose,460
banfakenews,char_transpose,612
banfakenews,char_transpose,359
banfakenews,char_transpose,509
banfakenews,char_transpose,376
banfakenews,char_transpose,226
banfakenews,char_transpose,621
banfakenews,char_transpose,233
banfakenews,char_transpose,681
banfakenews,char_transpose,1589
banfakenews,char_transpose,279
banfakenews,char_transpose,820
banfakenews,char_transpose,390
banfakenews,char_transpose,911
banfakenews,char_transpose,151
banfakenews,char_transpose,467
banfakenews,char_transpose,759
banfakenews,char_transpose,857
banfakenews,char_transpose,488
banfakenews,char_transpose,265
banfakenews,char_transpose,699
banfakenews,char_transpose,577
banfakenews,char_transpose,750
banfakenews,char_transpose,301
banfakenews,char_transpose,929
banfakenews,char_transpose,333
banfakenews,char_transpose,1027
banfakenews,char_transpose,1378
banfakenews,char_transpose,690
banfakenews,char_transpose,253
banfakenews,char_transpose,267
banfakenews,char_transpose,1555
banfakenews,char_transpose,166
banfakenews,char_transpose,490
banfakenews,char_transpose,715
banfakenews,char_transpose,239
banfakenews,char_transpose,505
banfakenews,char_transpose,348
banfakenews,char_transpose,604
banfakenews,char_transpose,611
banfakenews,char_transpose,358
banfakenews,char_transpose,1780
banfakenews,char_transpose,1319
banfakenews,char_transpose,246
banfakenews,char_transpose,308
banfakenews,char_transpose,733
banfakenews,char_transpose,184
banfakenews,char_transpose,2602
banfakenews,char_transpose,837
banfakenews,char_transpose,370
banfakenews,char_transpose,726
banfakenews,char_transpose,296
banfakenews,char_transpose,692
banfakenews,char_transpose,441
banfakenews,char_transpose,116
banfakenews,char_transpose,386
banfakenews,char_transpose,471
banfakenews,char_transpose,528
banfakenews,char_transpose,339
banfakenews,char_transpose,400
banfakenews,char_transpose,221
banfakenews,char_transpose,644
banfakenews,char_transpose,186
banfakenews,char_transpose,523
banfakenews,char_transpose,1487
banfakenews,char_transpose,841
banfakenews,char_transpose,320
banfakenews,char_transpose,706
banfakenews,char_transpose,467
banfakenews,char_transpose,330
banfakenews,char_transpose,408
banfakenews,char_transpose,304
banfakenews,char_transpose,600
banfakenews,char_transpose,134
banfakenews,char_transpose,2204
banfakenews,char_transpose,645
banfakenews,char_transpose,862
banfakenews,char_transpose,1049
banfakenews,char_transpose,245
banfakenews,char_transpose,413
banfakenews,char_transpose,380
banfakenews,char_transpose,359
banfakenews,char_transpose,344
banfakenews,char_transpose,460
banfakenews,char_transpose,201
banfakenews,char_transpose,443
banfakenews,char_transpose,1604
banfakenews,char_transpose,399
banfakenews,homophone_confuse,360
banfakenews,homophone_confuse,232
banfakenews,homophone_confuse,255
banfakenews,homophone_confuse,584
banfakenews,homophone_confuse,401
banfakenews,homophone_confuse,572
banfakenews,homophone_confuse,525
banfakenews,homophone_confuse,202
banfakenews,homophone_confuse,196
banfakenews,homophone_confuse,738
banfakenews,homophone_confuse,158
banfakenews,homophone_confuse,526
banfakenews,homophone_confuse,311
banfakenews,homophone_confuse,197
banfakenews,homophone_confuse,315
banfakenews,homophone_confuse,440
banfakenews,homophone_confuse,819
banfakenews,homophone_confuse,388
banfakenews,homophone_confuse,864
banfakenews,homophone_confuse,344
banfakenews,homophone_confuse,639
banfakenews,homophone_confuse,708
banfakenews,homophone_confuse,135
banfakenews,homophone_confuse,166
banfakenews,homophone_confuse,300
banfakenews,homophone_confuse,373
banfakenews,homophone_confuse,951
banfakenews,homophone_confuse,124
banfakenews,homophone_confuse,617
banfakenews,homophone_confuse,561
banfakenews,homophone_confuse,764
banfakenews,homophone_confuse,157
banfakenews,homophone_confuse,322
banfakenews,homophone_confuse,290
banfakenews,homophone_confuse,653
banfakenews,homophone_confuse,325
banfakenews,homophone_confuse,349
banfakenews,homophone_confuse,244
banfakenews,homophone_confuse,1103
banfakenews,homophone_confuse,211
banfakenews,homophone_confuse,591
banfakenews,homophone_confuse,293
banfakenews,homophone_confuse,332
banfakenews,homophone_confuse,302
banfakenews,homophone_confuse,191
banfakenews,homophone_confuse,293
banfakenews,homophone_confuse,255
banfakenews,homophone_confuse,585
banfakenews,homophone_confuse,314
banfakenews,homophone_confuse,243
banfakenews,homophone_confuse,511
banfakenews,homophone_confuse,800
banfakenews,homophone_confuse,341
banfakenews,homophone_confuse,698
banfakenews,homophone_confuse,866
banfakenews,homophone_confuse,284
banfakenews,homophone_confuse,377
banfakenews,homophone_confuse,635
banfakenews,homophone_confuse,345
banfakenews,homophone_confuse,488
banfakenews,homophone_confuse,215
banfakenews,homophone_confuse,203
banfakenews,homophone_confuse,626
banfakenews,homophone_confuse,543
banfakenews,homophone_confuse,322
banfakenews,homophone_confuse,364
banfakenews,homophone_confuse,221
banfakenews,homophone_confuse,324
banfakenews,homophone_confuse,399
banfakenews,homophone_confuse,541
banfakenews,homophone_confuse,385
banfakenews,homophone_confuse,273
banfakenews,homophone_confuse,319
banfakenews,homophone_confuse,268
banfakenews,homophone_confuse,356
banfakenews,homophone_confuse,503
banfakenews,homophone_confuse,483
banfakenews,homophone_confuse,178
banfakenews,homophone_confuse,618
banfakenews,homophone_confuse,245
banfakenews,homophone_confuse,693
banfakenews,homophone_confuse,288
banfakenews,homophone_confuse,197
banfakenews,homophone_confuse,579
banfakenews,homophone_confuse,509
banfakenews,homophone_confuse,274
banfakenews,homophone_confuse,447
banfakenews,homophone_confuse,241
banfakenews,homophone_confuse,698
banfakenews,homophone_confuse,277
banfakenews,homophone_confuse,450
banfakenews,homophone_confuse,354
banfakenews,homophone_confuse,1169
banfakenews,homophone_confuse,623
banfakenews,homophone_confuse,294
banfakenews,homophone_confuse,206
banfakenews,homophone_confuse,205
banfakenews,homophone_confuse,346
banfakenews,homophone_confuse,459
banfakenews,homophone_confuse,166
banfakenews,homophone_confuse,282
banfakenews,homophone_confuse,118
banfakenews,homophone_confuse,292
banfakenews,homophone_confuse,1088
banfakenews,homophone_confuse,649
banfakenews,homophone_confuse,511
banfakenews,homophone_confuse,511
banfakenews,homophone_confuse,398
banfakenews,homophone_confuse,165
banfakenews,homophone_confuse,356
banfakenews,homophone_confuse,355
banfakenews,homophone_confuse,339
banfakenews,homophone_confuse,370
banfakenews,homophone_confuse,363
banfakenews,homophone_confuse,417
banfakenews,homophone_confuse,371
banfakenews,homophone_confuse,489
banfakenews,homophone_confuse,187
banfakenews,homophone_confuse,273
banfakenews,homophone_confuse,146
banfakenews,homophone_confuse,364
banfakenews,homophone_confuse,309
banfakenews,homophone_confuse,725
banfakenews,homophone_confuse,268
banfakenews,homophone_confuse,215
banfakenews,homophone_confuse,1294
banfakenews,homophone_confuse,348
banfakenews,homophone_confuse,318
banfakenews,homophone_confuse,334
banfakenews,homophone_confuse,403
banfakenews,homophone_confuse,271
banfakenews,homophone_confuse,227
banfakenews,homophone_confuse,572
banfakenews,homophone_confuse,416
banfakenews,homophone_confuse,513
banfakenews,homophone_confuse,546
banfakenews,homophone_confuse,1229
banfakenews,homophone_confuse,1718
banfakenews,homophone_confuse,1044
banfakenews,homophone_confuse,201
banfakenews,homophone_confuse,253
banfakenews,homophone_confuse,394
banfakenews,homophone_confuse,132
banfakenews,homophone_confuse,142
banfakenews,homophone_confuse,397
banfakenews,homophone_confuse,367
banfakenews,homophone_confuse,980
banfakenews,homophone_confuse,460
banfakenews,homophone_confuse,161
banfakenews,homophone_confuse,505
banfakenews,homophone_confuse,827
banfakenews,homophone_confuse,603
banfakenews,homophone_confuse,707
banfakenews,homophone_confuse,416
banfakenews,homophone_confuse,372
banfakenews,homophone_confuse,637
banfakenews,homophone_confuse,439
banfakenews,homophone_confuse,419
banfakenews,homophone_confuse,730
banfakenews,homophone_confuse,1202
banfakenews,homophone_confuse,138
banfakenews,homophone_confuse,669
banfakenews,homophone_confuse,312
banfakenews,homophone_confuse,454
banfakenews,homophone_confuse,405
banfakenews,homophone_confuse,269
banfakenews,homophone_confuse,127
banfakenews,homophone_confuse,182
banfakenews,homophone_confuse,596
banfakenews,homophone_confuse,349
banfakenews,homophone_confuse,225
banfakenews,homophone_confuse,451
banfakenews,homophone_confuse,451
banfakenews,homophone_confuse,255
banfakenews,homophone_confuse,563
banfakenews,homophone_confuse,680
banfakenews,homophone_confuse,516
banfakenews,homophone_confuse,686
banfakenews,homophone_confuse,21
banfakenews,homophone_confuse,410
banfakenews,homophone_confuse,270
banfakenews,homophone_confuse,266
banfakenews,homophone_confuse,282
banfakenews,homophone_confuse,301
banfakenews,homophone_confuse,262
banfakenews,homophone_confuse,171
banfakenews,homophone_confuse,258
banfakenews,homophone_confuse,174
banfakenews,homophone_confuse,427
banfakenews,homophone_confuse,101
banfakenews,homophone_confuse,314
banfakenews,homophone_confuse,252
banfakenews,homophone_confuse,487
banfakenews,homophone_confuse,400
banfakenews,homophone_confuse,402
banfakenews,homophone_confuse,201
banfakenews,homophone_confuse,253
banfakenews,homophone_confuse,1184
banfakenews,homophone_confuse,316
banfakenews,homophone_confuse,234
banfakenews,homophone_confuse,276
banfakenews,homophone_confuse,388
banfakenews,homophone_confuse,564
banfakenews,homophone_confuse,254
banfakenews,homophone_confuse,1561
banfakenews,homophone_confuse,353
banfakenews,homophone_confuse,439
banfakenews,homophone_confuse,348
banfakenews,homophone_confuse,317
banfakenews,homophone_confuse,1020
banfakenews,homophone_confuse,748
banfakenews,homophone_confuse,1519
banfakenews,homophone_confuse,376
banfakenews,homophone_confuse,466
banfakenews,homophone_confuse,281
banfakenews,homophone_confuse,412
banfakenews,homophone_confuse,315
banfakenews,homophone_confuse,168
banfakenews,homophone_confuse,456
banfakenews,homophone_confuse,196
banfakenews,homophone_confuse,497
banfakenews,homophone_confuse,1314
banfakenews,homophone_confuse,203
banfakenews,homophone_confuse,671
banfakenews,homophone_confuse,290
banfakenews,homophone_confuse,718
banfakenews,homophone_confuse,113
banfakenews,homophone_confuse,356
banfakenews,homophone_confuse,630
banfakenews,homophone_confuse,638
banfakenews,homophone_confuse,412
banfakenews,homophone_confuse,180
banfakenews,homophone_confuse,533
banfakenews,homophone_confuse,473
banfakenews,homophone_confuse,593
banfakenews,homophone_confuse,240
banfakenews,homophone_confuse,802
banfakenews,homophone_confuse,287
banfakenews,homophone_confuse,786
banfakenews,homophone_confuse,1222
banfakenews,homophone_confuse,545
banfakenews,homophone_confuse,190
banfakenews,homophone_confuse,230
banfakenews,homophone_confuse,1225
banfakenews,homophone_confuse,129
banfakenews,homophone_confuse,370
banfakenews,homophone_confuse,534
banfakenews,homophone_confuse,180
banfakenews,homophone_confuse,384
banfakenews,homophone_confuse,262
banfakenews,homophone_confuse,486
banfakenews,homophone_confuse,473
banfakenews,homophone_confuse,278
banfakenews,homophone_confuse,1489
banfakenews,homophone_confuse,975
banfakenews,homophone_confuse,209
banfakenews,homophone_confuse,202
banfakenews,homophone_confuse,552
banfakenews,homophone_confuse,138
banfakenews,homophone_confuse,1912
banfakenews,homophone_confuse,383
banfakenews,homophone_confuse,294
banfakenews,homophone_confuse,564
banfakenews,homophone_confuse,210
banfakenews,homophone_confuse,575
banfakenews,homophone_confuse,341
banfakenews,homophone_confuse,84
banfakenews,homophone_confuse,308
banfakenews,homophone_confuse,368
banfakenews,homophone_confuse,442
banfakenews,homophone_confuse,271
banfakenews,homophone_confuse,312
banfakenews,homophone_confuse,159
banfakenews,homophone_confuse,486
banfakenews,homophone_confuse,139
banfakenews,homophone_confuse,381
banfakenews,homophone_confuse,1178
banfakenews,homophone_confuse,692
banfakenews,homophone_confuse,250
banfakenews,homophone_confuse,577
banfakenews,homophone_confuse,395
banfakenews,homophone_confuse,276
banfakenews,homophone_confuse,294
banfakenews,homophone_confuse,254
banfakenews,homophone_confuse,490
banfakenews,homophone_confuse,118
banfakenews,homophone_confuse,1973
banfakenews,homophone_confuse,601
banfakenews,homophone_confuse,617
banfakenews,homophone_confuse,785
banfakenews,homophone_confuse,216
banfakenews,homophone_confuse,316
banfakenews,homophone_confuse,301
banfakenews,homophone_confuse,343
banfakenews,homophone_confuse,239
banfakenews,homophone_confuse,363
banfakenews,homophone_confuse,129
banfakenews,homophone_confuse,354
banfakenews,homophone_confuse,1254
banfakenews,homophone_confuse,269
banfakenews,matra_perturb,349
banfakenews,matra_perturb,287
banfakenews,matra_perturb,279
banfakenews,matra_perturb,582
banfakenews,matra_perturb,441
banfakenews,matra_perturb,562
banfakenews,matra_perturb,675
banfakenews,matra_perturb,225
banfakenews,matra_perturb,220
banfakenews,matra_perturb,769
banfakenews,matra_perturb,159
banfakenews,matra_perturb,564
banfakenews,matra_perturb,356
banfakenews,matra_perturb,188
banfakenews,matra_perturb,427
banfakenews,matra_perturb,508
banfakenews,matra_perturb,954
banfakenews,matra_perturb,428
banfakenews,matra_perturb,925
banfakenews,matra_perturb,400
banfakenews,matra_perturb,639
banfakenews,matra_perturb,803
banfakenews,matra_perturb,140
banfakenews,matra_perturb,178
banfakenews,matra_perturb,316
banfakenews,matra_perturb,341
banfakenews,matra_perturb,981
banfakenews,matra_perturb,144
banfakenews,matra_perturb,653
banfakenews,matra_perturb,564
banfakenews,matra_perturb,754
banfakenews,matra_perturb,165
banfakenews,matra_perturb,318
banfakenews,matra_perturb,316
banfakenews,matra_perturb,669
banfakenews,matra_perturb,331
banfakenews,matra_perturb,378
banfakenews,matra_perturb,273
banfakenews,matra_perturb,1208
banfakenews,matra_perturb,214
banfakenews,matra_perturb,625
banfakenews,matra_perturb,297
banfakenews,matra_perturb,374
banfakenews,matra_perturb,312
banfakenews,matra_perturb,243
banfakenews,matra_perturb,332
banfakenews,matra_perturb,269
banfakenews,matra_perturb,598
banfakenews,matra_perturb,345
banfakenews,matra_perturb,256
banfakenews,matra_perturb,600
banfakenews,matra_perturb,1003
banfakenews,matra_perturb,350
banfakenews,matra_perturb,743
banfakenews,matra_perturb,976
banfakenews,matra_perturb,331
banfakenews,matra_perturb,399
banfakenews,matra_perturb,677
banfakenews,matra_perturb,365
banfakenews,matra_perturb,482
banfakenews,matra_perturb,243
banfakenews,matra_perturb,206
banfakenews,matra_perturb,666
banfakenews,matra_perturb,577
banfakenews,matra_perturb,352
banfakenews,matra_perturb,413
banfakenews,matra_perturb,232
banfakenews,matra_perturb,335
banfakenews,matra_perturb,468
banfakenews,matra_perturb,648
banfakenews,matra_perturb,472
banfakenews,matra_perturb,292
banfakenews,matra_perturb,370
banfakenews,matra_perturb,260
banfakenews,matra_perturb,372
banfakenews,matra_perturb,491
banfakenews,matra_perturb,532
banfakenews,matra_perturb,188
banfakenews,matra_perturb,637
banfakenews,matra_perturb,249
banfakenews,matra_perturb,696
banfakenews,matra_perturb,300
banfakenews,matra_perturb,237
banfakenews,matra_perturb,605
banfakenews,matra_perturb,493
banfakenews,matra_perturb,354
banfakenews,matra_perturb,446
banfakenews,matra_perturb,228
banfakenews,matra_perturb,750
banfakenews,matra_perturb,301
banfakenews,matra_perturb,532
banfakenews,matra_perturb,405
banfakenews,matra_perturb,1253
banfakenews,matra_perturb,635
banfakenews,matra_perturb,291
banfakenews,matra_perturb,225
banfakenews,matra_perturb,259
banfakenews,matra_perturb,358
banfakenews,matra_perturb,545
banfakenews,matra_perturb,203
banfakenews,matra_perturb,311
banfakenews,matra_perturb,137
banfakenews,matra_perturb,346
banfakenews,matra_perturb,1154
banfakenews,matra_perturb,685
banfakenews,matra_perturb,501
banfakenews,matra_perturb,567
banfakenews,matra_perturb,423
banfakenews,matra_perturb,197
banfakenews,matra_perturb,372
banfakenews,matra_perturb,388
banfakenews,matra_perturb,412
banfakenews,matra_perturb,392
banfakenews,matra_perturb,359
banfakenews,matra_perturb,603
banfakenews,matra_perturb,468
banfakenews,matra_perturb,513
banfakenews,matra_perturb,207
banfakenews,matra_perturb,255
banfakenews,matra_perturb,153
banfakenews,matra_perturb,391
banfakenews,matra_perturb,330
banfakenews,matra_perturb,712
banfakenews,matra_perturb,268
banfakenews,matra_perturb,269
banfakenews,matra_perturb,1384
banfakenews,matra_perturb,392
banfakenews,matra_perturb,317
banfakenews,matra_perturb,366
banfakenews,matra_perturb,397
banfakenews,matra_perturb,272
banfakenews,matra_perturb,258
banfakenews,matra_perturb,628
banfakenews,matra_perturb,497
banfakenews,matra_perturb,510
banfakenews,matra_perturb,589
banfakenews,matra_perturb,1268
banfakenews,matra_perturb,1896
banfakenews,matra_perturb,1126
banfakenews,matra_perturb,263
banfakenews,matra_perturb,301
banfakenews,matra_perturb,518
banfakenews,matra_perturb,166
banfakenews,matra_perturb,134
banfakenews,matra_perturb,420
banfakenews,matra_perturb,389
banfakenews,matra_perturb,1005
banfakenews,matra_perturb,570
banfakenews,matra_perturb,169
banfakenews,matra_perturb,585
banfakenews,matra_perturb,881
banfakenews,matra_perturb,655
banfakenews,matra_perturb,743
banfakenews,matra_perturb,474
banfakenews,matra_perturb,324
banfakenews,matra_perturb,605
banfakenews,matra_perturb,484
banfakenews,matra_perturb,470
banfakenews,matra_perturb,836
banfakenews,matra_perturb,1419
banfakenews,matra_perturb,166
banfakenews,matra_perturb,650
banfakenews,matra_perturb,326
banfakenews,matra_perturb,456
banfakenews,matra_perturb,420
banfakenews,matra_perturb,314
banfakenews,matra_perturb,160
banfakenews,matra_perturb,229
banfakenews,matra_perturb,645
banfakenews,matra_perturb,399
banfakenews,matra_perturb,211
banfakenews,matra_perturb,499
banfakenews,matra_perturb,498
banfakenews,matra_perturb,240
banfakenews,matra_perturb,605
banfakenews,matra_perturb,724
banfakenews,matra_perturb,498
banfakenews,matra_perturb,777
banfakenews,matra_perturb,20
banfakenews,matra_perturb,466
banfakenews,matra_perturb,299
banfakenews,matra_perturb,309
banfakenews,matra_perturb,316
banfakenews,matra_perturb,323
banfakenews,matra_perturb,267
banfakenews,matra_perturb,179
banfakenews,matra_perturb,264
banfakenews,matra_perturb,191
banfakenews,matra_perturb,386
banfakenews,matra_perturb,108
banfakenews,matra_perturb,316
banfakenews,matra_perturb,261
banfakenews,matra_perturb,500
banfakenews,matra_perturb,478
banfakenews,matra_perturb,380
banfakenews,matra_perturb,184
banfakenews,matra_perturb,272
banfakenews,matra_perturb,1237
banfakenews,matra_perturb,298
banfakenews,matra_perturb,261
banfakenews,matra_perturb,312
banfakenews,matra_perturb,483
banfakenews,matra_perturb,573
banfakenews,matra_perturb,247
banfakenews,matra_perturb,1581
banfakenews,matra_perturb,362
banfakenews,matra_perturb,420
banfakenews,matra_perturb,393
banfakenews,matra_perturb,329
banfakenews,matra_perturb,1094
banfakenews,matra_perturb,749
banfakenews,matra_perturb,1580
banfakenews,matra_perturb,391
banfakenews,matra_perturb,567
banfakenews,matra_perturb,330
banfakenews,matra_perturb,461
banfakenews,matra_perturb,337
banfakenews,matra_perturb,220
banfakenews,matra_perturb,503
banfakenews,matra_perturb,217
banfakenews,matra_perturb,509
banfakenews,matra_perturb,1485
banfakenews,matra_perturb,217
banfakenews,matra_perturb,688
banfakenews,matra_perturb,322
banfakenews,matra_perturb,801
banfakenews,matra_perturb,142
banfakenews,matra_perturb,373
banfakenews,matra_perturb,679
banfakenews,matra_perturb,760
banfakenews,matra_perturb,392
banfakenews,matra_perturb,189
banfakenews,matra_perturb,570
banfakenews,matra_perturb,502
banfakenews,matra_perturb,730
banfakenews,matra_perturb,230
banfakenews,matra_perturb,872
banfakenews,matra_perturb,309
banfakenews,matra_perturb,825
banfakenews,matra_perturb,1227
banfakenews,matra_perturb,621
banfakenews,matra_perturb,220
banfakenews,matra_perturb,252
banfakenews,matra_perturb,1244
banfakenews,matra_perturb,168
banfakenews,matra_perturb,488
banfakenews,matra_perturb,597
banfakenews,matra_perturb,199
banfakenews,matra_perturb,419
banfakenews,matra_perturb,259
banfakenews,matra_perturb,564
banfakenews,matra_perturb,484
banfakenews,matra_perturb,298
banfakenews,matra_perturb,1507
banfakenews,matra_perturb,1118
banfakenews,matra_perturb,224
banfakenews,matra_perturb,242
banfakenews,matra_perturb,642
banfakenews,matra_perturb,145
banfakenews,matra_perturb,2280
banfakenews,matra_perturb,417
banfakenews,matra_perturb,304
banfakenews,matra_perturb,577
banfakenews,matra_perturb,224
banfakenews,matra_perturb,572
banfakenews,matra_perturb,354
banfakenews,matra_perturb,93
banfakenews,matra_perturb,311
banfakenews,matra_perturb,347
banfakenews,matra_perturb,434
banfakenews,matra_perturb,274
banfakenews,matra_perturb,352
banfakenews,matra_perturb,212
banfakenews,matra_perturb,507
banfakenews,matra_perturb,158
banfakenews,matra_perturb,422
banfakenews,matra_perturb,1353
banfakenews,matra_perturb,700
banfakenews,matra_perturb,288
banfakenews,matra_perturb,611
banfakenews,matra_perturb,426
banfakenews,matra_perturb,294
banfakenews,matra_perturb,325
banfakenews,matra_perturb,241
banfakenews,matra_perturb,489
banfakenews,matra_perturb,116
banfakenews,matra_perturb,1977
banfakenews,matra_perturb,591
banfakenews,matra_perturb,681
banfakenews,matra_perturb,871
banfakenews,matra_perturb,222
banfakenews,matra_perturb,355
banfakenews,matra_perturb,281
banfakenews,matra_perturb,352
banfakenews,matra_perturb,336
banfakenews,matra_perturb,397
banfakenews,matra_perturb,182
banfakenews,matra_perturb,362
banfakenews,matra_perturb,1445
banfakenews,matra_perturb,322
banfakenews,conjunct_split,50
banfakenews,conjunct_split,36
banfakenews,conjunct_split,31
banfakenews,conjunct_split,50
banfakenews,conjunct_split,40
banfakenews,conjunct_split,93
banfakenews,conjunct_split,114
banfakenews,conjunct_split,34
banfakenews,conjunct_split,30
banfakenews,conjunct_split,103
banfakenews,conjunct_split,16
banfakenews,conjunct_split,77
banfakenews,conjunct_split,51
banfakenews,conjunct_split,24
banfakenews,conjunct_split,58
banfakenews,conjunct_split,61
banfakenews,conjunct_split,161
banfakenews,conjunct_split,63
banfakenews,conjunct_split,134
banfakenews,conjunct_split,66
banfakenews,conjunct_split,123
banfakenews,conjunct_split,111
banfakenews,conjunct_split,24
banfakenews,conjunct_split,32
banfakenews,conjunct_split,75
banfakenews,conjunct_split,53
banfakenews,conjunct_split,144
banfakenews,conjunct_split,18
banfakenews,conjunct_split,139
banfakenews,conjunct_split,96
banfakenews,conjunct_split,92
banfakenews,conjunct_split,30
banfakenews,conjunct_split,52
banfakenews,conjunct_split,45
banfakenews,conjunct_split,149
banfakenews,conjunct_split,46
banfakenews,conjunct_split,66
banfakenews,conjunct_split,43
banfakenews,conjunct_split,189
banfakenews,conjunct_split,20
banfakenews,conjunct_split,84
banfakenews,conjunct_split,39
banfakenews,conjunct_split,60
banfakenews,conjunct_split,49
banfakenews,conjunct_split,33
banfakenews,conjunct_split,33
banfakenews,conjunct_split,47
banfakenews,conjunct_split,50
banfakenews,conjunct_split,32
banfakenews,conjunct_split,41
banfakenews,conjunct_split,57
banfakenews,conjunct_split,172
banfakenews,conjunct_split,35
banfakenews,conjunct_split,109
banfakenews,conjunct_split,111
banfakenews,conjunct_split,51
banfakenews,conjunct_split,61
banfakenews,conjunct_split,107
banfakenews,conjunct_split,62
banfakenews,conjunct_split,69
banfakenews,conjunct_split,41
banfakenews,conjunct_split,32
banfakenews,conjunct_split,70
banfakenews,conjunct_split,40
banfakenews,conjunct_split,52
banfakenews,conjunct_split,34
banfakenews,conjunct_split,35
banfakenews,conjunct_split,47
banfakenews,conjunct_split,58
banfakenews,conjunct_split,125
banfakenews,conjunct_split,50
banfakenews,conjunct_split,36
banfakenews,conjunct_split,61
banfakenews,conjunct_split,46
banfakenews,conjunct_split,70
banfakenews,conjunct_split,90
banfakenews,conjunct_split,77
banfakenews,conjunct_split,28
banfakenews,conjunct_split,99
banfakenews,conjunct_split,58
banfakenews,conjunct_split,133
banfakenews,conjunct_split,34
banfakenews,conjunct_split,23
banfakenews,conjunct_split,81
banfakenews,conjunct_split,75
banfakenews,conjunct_split,42
banfakenews,conjunct_split,98
banfakenews,conjunct_split,58
banfakenews,conjunct_split,107
banfakenews,conjunct_split,26
banfakenews,conjunct_split,60
banfakenews,conjunct_split,37
banfakenews,conjunct_split,204
banfakenews,conjunct_split,81
banfakenews,conjunct_split,47
banfakenews,conjunct_split,32
banfakenews,conjunct_split,39
banfakenews,conjunct_split,51
banfakenews,conjunct_split,63
banfakenews,conjunct_split,41
banfakenews,conjunct_split,55
banfakenews,conjunct_split,21
banfakenews,conjunct_split,30
banfakenews,conjunct_split,218
banfakenews,conjunct_split,84
banfakenews,conjunct_split,81
banfakenews,conjunct_split,104
banfakenews,conjunct_split,47
banfakenews,conjunct_split,40
banfakenews,conjunct_split,34
banfakenews,conjunct_split,52
banfakenews,conjunct_split,76
banfakenews,conjunct_split,46
banfakenews,conjunct_split,85
banfakenews,conjunct_split,71
banfakenews,conjunct_split,92
banfakenews,conjunct_split,70
banfakenews,conjunct_split,30
banfakenews,conjunct_split,47
banfakenews,conjunct_split,31
banfakenews,conjunct_split,59
banfakenews,conjunct_split,51
banfakenews,conjunct_split,132
banfakenews,conjunct_split,47
banfakenews,conjunct_split,29
banfakenews,conjunct_split,247
banfakenews,conjunct_split,56
banfakenews,conjunct_split,40
banfakenews,conjunct_split,53
banfakenews,conjunct_split,58
banfakenews,conjunct_split,53
banfakenews,conjunct_split,38
banfakenews,conjunct_split,98
banfakenews,conjunct_split,63
banfakenews,conjunct_split,118
banfakenews,conjunct_split,130
banfakenews,conjunct_split,196
banfakenews,conjunct_split,285
banfakenews,conjunct_split,140
banfakenews,conjunct_split,36
banfakenews,conjunct_split,38
banfakenews,conjunct_split,86
banfakenews,conjunct_split,25
banfakenews,conjunct_split,21
banfakenews,conjunct_split,70
banfakenews,conjunct_split,43
banfakenews,conjunct_split,149
banfakenews,conjunct_split,68
banfakenews,conjunct_split,17
banfakenews,conjunct_split,119
banfakenews,conjunct_split,167
banfakenews,conjunct_split,65
banfakenews,conjunct_split,89
banfakenews,conjunct_split,87
banfakenews,conjunct_split,29
banfakenews,conjunct_split,116
banfakenews,conjunct_split,72
banfakenews,conjunct_split,54
banfakenews,conjunct_split,110
banfakenews,conjunct_split,171
banfakenews,conjunct_split,29
banfakenews,conjunct_split,145
banfakenews,conjunct_split,69
banfakenews,conjunct_split,98
banfakenews,conjunct_split,63
banfakenews,conjunct_split,28
banfakenews,conjunct_split,13
banfakenews,conjunct_split,32
banfakenews,conjunct_split,137
banfakenews,conjunct_split,36
banfakenews,conjunct_split,30
banfakenews,conjunct_split,70
banfakenews,conjunct_split,107
banfakenews,conjunct_split,40
banfakenews,conjunct_split,92
banfakenews,conjunct_split,117
banfakenews,conjunct_split,88
banfakenews,conjunct_split,107
banfakenews,conjunct_split,3
banfakenews,conjunct_split,69
banfakenews,conjunct_split,41
banfakenews,conjunct_split,45
banfakenews,conjunct_split,36
banfakenews,conjunct_split,51
banfakenews,conjunct_split,39
banfakenews,conjunct_split,29
banfakenews,conjunct_split,31
banfakenews,conjunct_split,33
banfakenews,conjunct_split,81
banfakenews,conjunct_split,14
banfakenews,conjunct_split,34
banfakenews,conjunct_split,33
banfakenews,conjunct_split,71
banfakenews,conjunct_split,56
banfakenews,conjunct_split,91
banfakenews,conjunct_split,32
banfakenews,conjunct_split,48
banfakenews,conjunct_split,185
banfakenews,conjunct_split,38
banfakenews,conjunct_split,43
banfakenews,conjunct_split,45
banfakenews,conjunct_split,54
banfakenews,conjunct_split,91
banfakenews,conjunct_split,23
banfakenews,conjunct_split,290
banfakenews,conjunct_split,58
banfakenews,conjunct_split,66
banfakenews,conjunct_split,42
banfakenews,conjunct_split,41
banfakenews,conjunct_split,169
banfakenews,conjunct_split,73
banfakenews,conjunct_split,218
banfakenews,conjunct_split,45
banfakenews,conjunct_split,61
banfakenews,conjunct_split,54
banfakenews,conjunct_split,105
banfakenews,conjunct_split,86
banfakenews,conjunct_split,21
banfakenews,conjunct_split,90
banfakenews,conjunct_split,33
banfakenews,conjunct_split,58
banfakenews,conjunct_split,208
banfakenews,conjunct_split,22
banfakenews,conjunct_split,83
banfakenews,conjunct_split,38
banfakenews,conjunct_split,102
banfakenews,conjunct_split,26
banfakenews,conjunct_split,41
banfakenews,conjunct_split,138
banfakenews,conjunct_split,77
banfakenews,conjunct_split,52
banfakenews,conjunct_split,30
banfakenews,conjunct_split,57
banfakenews,conjunct_split,105
banfakenews,conjunct_split,116
banfakenews,conjunct_split,28
banfakenews,conjunct_split,167
banfakenews,conjunct_split,32
banfakenews,conjunct_split,112
banfakenews,conjunct_split,237
banfakenews,conjunct_split,85
banfakenews,conjunct_split,43
banfakenews,conjunct_split,47
banfakenews,conjunct_split,200
banfakenews,conjunct_split,21
banfakenews,conjunct_split,63
banfakenews,conjunct_split,91
banfakenews,conjunct_split,23
banfakenews,conjunct_split,68
banfakenews,conjunct_split,44
banfakenews,conjunct_split,74
banfakenews,conjunct_split,63
banfakenews,conjunct_split,20
banfakenews,conjunct_split,263
banfakenews,conjunct_split,132
banfakenews,conjunct_split,44
banfakenews,conjunct_split,32
banfakenews,conjunct_split,63
banfakenews,conjunct_split,17
banfakenews,conjunct_split,308
banfakenews,conjunct_split,104
banfakenews,conjunct_split,53
banfakenews,conjunct_split,103
banfakenews,conjunct_split,17
banfakenews,conjunct_split,47
banfakenews,conjunct_split,55
banfakenews,conjunct_split,9
banfakenews,conjunct_split,50
banfakenews,conjunct_split,66
banfakenews,conjunct_split,58
banfakenews,conjunct_split,38
banfakenews,conjunct_split,39
banfakenews,conjunct_split,29
banfakenews,conjunct_split,77
banfakenews,conjunct_split,22
banfakenews,conjunct_split,74
banfakenews,conjunct_split,213
banfakenews,conjunct_split,117
banfakenews,conjunct_split,41
banfakenews,conjunct_split,66
banfakenews,conjunct_split,60
banfakenews,conjunct_split,32
banfakenews,conjunct_split,36
banfakenews,conjunct_split,34
banfakenews,conjunct_split,76
banfakenews,conjunct_split,29
banfakenews,conjunct_split,285
banfakenews,conjunct_split,122
banfakenews,conjunct_split,108
banfakenews,conjunct_split,112
banfakenews,conjunct_split,38
banfakenews,conjunct_split,55
banfakenews,conjunct_split,43
banfakenews,conjunct_split,75
banfakenews,conjunct_split,68
banfakenews,conjunct_split,42
banfakenews,conjunct_split,25
banfakenews,conjunct_split,45
banfakenews,conjunct_split,156
banfakenews,conjunct_split,41
banfakenews,elongate,327
banfakenews,elongate,293
banfakenews,elongate,272
banfakenews,elongate,608
banfakenews,elongate,459
banfakenews,elongate,511
banfakenews,elongate,608
banfakenews,elongate,220
banfakenews,elongate,227
banfakenews,elongate,737
banfakenews,elongate,171
banfakenews,elongate,576
banfakenews,elongate,345
banfakenews,elongate,180
banfakenews,elongate,405
banfakenews,elongate,538
banfakenews,elongate,900
banfakenews,elongate,445
banfakenews,elongate,933
banfakenews,elongate,379
banfakenews,elongate,623
banfakenews,elongate,790
banfakenews,elongate,134
banfakenews,elongate,166
banfakenews,elongate,293
banfakenews,elongate,339
banfakenews,elongate,985
banfakenews,elongate,143
banfakenews,elongate,579
banfakenews,elongate,534
banfakenews,elongate,766
banfakenews,elongate,152
banfakenews,elongate,277
banfakenews,elongate,300
banfakenews,elongate,592
banfakenews,elongate,331
banfakenews,elongate,346
banfakenews,elongate,266
banfakenews,elongate,1135
banfakenews,elongate,218
banfakenews,elongate,616
banfakenews,elongate,286
banfakenews,elongate,369
banfakenews,elongate,303
banfakenews,elongate,239
banfakenews,elongate,321
banfakenews,elongate,260
banfakenews,elongate,602
banfakenews,elongate,357
banfakenews,elongate,231
banfakenews,elongate,591
banfakenews,elongate,957
banfakenews,elongate,353
banfakenews,elongate,767
banfakenews,elongate,983
banfakenews,elongate,310
banfakenews,elongate,404
banfakenews,elongate,660
banfakenews,elongate,345
banfakenews,elongate,461
banfakenews,elongate,217
banfakenews,elongate,188
banfakenews,elongate,706
banfakenews,elongate,609
banfakenews,elongate,338
banfakenews,elongate,455
banfakenews,elongate,225
banfakenews,elongate,342
banfakenews,elongate,458
banfakenews,elongate,563
banfakenews,elongate,489
banfakenews,elongate,309
banfakenews,elongate,342
banfakenews,elongate,252
banfakenews,elongate,338
banfakenews,elongate,461
banfakenews,elongate,517
banfakenews,elongate,171
banfakenews,elongate,610
banfakenews,elongate,220
banfakenews,elongate,623
banfakenews,elongate,312
banfakenews,elongate,247
banfakenews,elongate,613
banfakenews,elongate,470
banfakenews,elongate,386
banfakenews,elongate,370
banfakenews,elongate,209
banfakenews,elongate,713
banfakenews,elongate,328
banfakenews,elongate,550
banfakenews,elongate,402
banfakenews,elongate,1144
banfakenews,elongate,672
banfakenews,elongate,272
banfakenews,elongate,223
banfakenews,elongate,259
banfakenews,elongate,353
banfakenews,elongate,530
banfakenews,elongate,181
banfakenews,elongate,298
banfakenews,elongate,129
banfakenews,elongate,380
banfakenews,elongate,1073
banfakenews,elongate,702
banfakenews,elongate,505
banfakenews,elongate,548
banfakenews,elongate,437
banfakenews,elongate,185
banfakenews,elongate,387
banfakenews,elongate,365
banfakenews,elongate,362
banfakenews,elongate,395
banfakenews,elongate,301
banfakenews,elongate,585
banfakenews,elongate,422
banfakenews,elongate,507
banfakenews,elongate,195
banfakenews,elongate,242
banfakenews,elongate,132
banfakenews,elongate,391
banfakenews,elongate,328
banfakenews,elongate,647
banfakenews,elongate,238
banfakenews,elongate,282
banfakenews,elongate,1289
banfakenews,elongate,375
banfakenews,elongate,342
banfakenews,elongate,337
banfakenews,elongate,396
banfakenews,elongate,260
banfakenews,elongate,231
banfakenews,elongate,601
banfakenews,elongate,548
banfakenews,elongate,437
banfakenews,elongate,534
banfakenews,elongate,1240
banfakenews,elongate,1794
banfakenews,elongate,1135
banfakenews,elongate,246
banfakenews,elongate,307
banfakenews,elongate,463
banfakenews,elongate,158
banfakenews,elongate,136
banfakenews,elongate,386
banfakenews,elongate,391
banfakenews,elongate,960
banfakenews,elongate,569
banfakenews,elongate,172
banfakenews,elongate,536
banfakenews,elongate,801
banfakenews,elongate,693
banfakenews,elongate,725
banfakenews,elongate,438
banfakenews,elongate,351
banfakenews,elongate,522
banfakenews,elongate,475
banfakenews,elongate,472
banfakenews,elongate,795
banfakenews,elongate,1390
banfakenews,elongate,164
banfakenews,elongate,568
banfakenews,elongate,276
banfakenews,elongate,415
banfakenews,elongate,408
banfakenews,elongate,315
banfakenews,elongate,183
banfakenews,elongate,221
banfakenews,elongate,586
banfakenews,elongate,408
banfakenews,elongate,201
banfakenews,elongate,483
banfakenews,elongate,434
banfakenews,elongate,241
banfakenews,elongate,588
banfakenews,elongate,687
banfakenews,elongate,459
banfakenews,elongate,786
banfakenews,elongate,22
banfakenews,elongate,451
banfakenews,elongate,274
banfakenews,elongate,306
banfakenews,elongate,312
banfakenews,elongate,297
banfakenews,elongate,286
banfakenews,elongate,177
banfakenews,elongate,276
banfakenews,elongate,166
banfakenews,elongate,385
banfakenews,elongate,105
banfakenews,elongate,315
banfakenews,elongate,269
banfakenews,elongate,528
banfakenews,elongate,483
banfakenews,elongate,353
banfakenews,elongate,180
banfakenews,elongate,251
banfakenews,elongate,1197
banfakenews,elongate,304
banfakenews,elongate,242
banfakenews,elongate,293
banfakenews,elongate,499
banfakenews,elongate,564
banfakenews,elongate,235
banfakenews,elongate,1436
banfakenews,elongate,331
banfakenews,elongate,422
banfakenews,elongate,415
banfakenews,elongate,347
banfakenews,elongate,1076
banfakenews,elongate,785
banfakenews,elongate,1596
banfakenews,elongate,413
banfakenews,elongate,585
banfakenews,elongate,313
banfakenews,elongate,398
banfakenews,elongate,280
banfakenews,elongate,219
banfakenews,elongate,483
banfakenews,elongate,201
banfakenews,elongate,536
banfakenews,elongate,1428
banfakenews,elongate,224
banfakenews,elongate,722
banfakenews,elongate,324
banfakenews,elongate,759
banfakenews,elongate,132
banfakenews,elongate,375
banfakenews,elongate,593
banfakenews,elongate,753
banfakenews,elongate,380
banfakenews,elongate,182
banfakenews,elongate,584
banfakenews,elongate,432
banfakenews,elongate,671
banfakenews,elongate,249
banfakenews,elongate,752
banfakenews,elongate,302
banfakenews,elongate,828
banfakenews,elongate,1066
banfakenews,elongate,597
banfakenews,elongate,212
banfakenews,elongate,226
banfakenews,elongate,1225
banfakenews,elongate,154
banfakenews,elongate,469
banfakenews,elongate,562
banfakenews,elongate,193
banfakenews,elongate,412
banfakenews,elongate,250
banfakenews,elongate,580
banfakenews,elongate,496
banfakenews,elongate,327
banfakenews,elongate,1421
banfakenews,elongate,1131
banfakenews,elongate,196
banfakenews,elongate,234
banfakenews,elongate,672
banfakenews,elongate,159
banfakenews,elongate,2312
banfakenews,elongate,335
banfakenews,elongate,286
banfakenews,elongate,549
banfakenews,elongate,249
banfakenews,elongate,601
banfakenews,elongate,340
banfakenews,elongate,99
banfakenews,elongate,306
banfakenews,elongate,324
banfakenews,elongate,434
banfakenews,elongate,272
banfakenews,elongate,358
banfakenews,elongate,204
banfakenews,elongate,495
banfakenews,elongate,157
banfakenews,elongate,388
banfakenews,elongate,1295
banfakenews,elongate,658
banfakenews,elongate,289
banfakenews,elongate,612
banfakenews,elongate,420
banfakenews,elongate,294
banfakenews,elongate,345
banfakenews,elongate,245
banfakenews,elongate,482
banfakenews,elongate,107
banfakenews,elongate,1865
banfakenews,elongate,522
banfakenews,elongate,664
banfakenews,elongate,830
banfakenews,elongate,194
banfakenews,elongate,318
banfakenews,elongate,266
banfakenews,elongate,293
banfakenews,elongate,308
banfakenews,elongate,418
banfakenews,elongate,173
banfakenews,elongate,370
banfakenews,elongate,1457
banfakenews,elongate,328
banfakenews,whitespace_error,591
banfakenews,whitespace_error,483
banfakenews,whitespace_error,443
banfakenews,whitespace_error,1045
banfakenews,whitespace_error,794
banfakenews,whitespace_error,912
banfakenews,whitespace_error,1004
banfakenews,whitespace_error,440
banfakenews,whitespace_error,384
banfakenews,whitespace_error,1270
banfakenews,whitespace_error,295
banfakenews,whitespace_error,995
banfakenews,whitespace_error,563
banfakenews,whitespace_error,377
banfakenews,whitespace_error,628
banfakenews,whitespace_error,884
banfakenews,whitespace_error,1556
banfakenews,whitespace_error,743
banfakenews,whitespace_error,1657
banfakenews,whitespace_error,657
banfakenews,whitespace_error,1041
banfakenews,whitespace_error,1454
banfakenews,whitespace_error,252
banfakenews,whitespace_error,307
banfakenews,whitespace_error,510
banfakenews,whitespace_error,571
banfakenews,whitespace_error,1786
banfakenews,whitespace_error,245
banfakenews,whitespace_error,1018
banfakenews,whitespace_error,975
banfakenews,whitespace_error,1319
banfakenews,whitespace_error,307
banfakenews,whitespace_error,576
banfakenews,whitespace_error,509
banfakenews,whitespace_error,1096
banfakenews,whitespace_error,585
banfakenews,whitespace_error,566
banfakenews,whitespace_error,470
banfakenews,whitespace_error,2071
banfakenews,whitespace_error,412
banfakenews,whitespace_error,1070
banfakenews,whitespace_error,480
banfakenews,whitespace_error,570
banfakenews,whitespace_error,524
banfakenews,whitespace_error,381
banfakenews,whitespace_error,553
banfakenews,whitespace_error,450
banfakenews,whitespace_error,997
banfakenews,whitespace_error,604
banfakenews,whitespace_error,406
banfakenews,whitespace_error,1020
banfakenews,whitespace_error,1659
banfakenews,whitespace_error,588
banfakenews,whitespace_error,1283
banfakenews,whitespace_error,1625
banfakenews,whitespace_error,546
banfakenews,whitespace_error,704
banfakenews,whitespace_error,1129
banfakenews,whitespace_error,589
banfakenews,whitespace_error,833
banfakenews,whitespace_error,382
banfakenews,whitespace_error,388
banfakenews,whitespace_error,1183
banfakenews,whitespace_error,1022
banfakenews,whitespace_error,604
banfakenews,whitespace_error,721
banfakenews,whitespace_error,404
banfakenews,whitespace_error,655
banfakenews,whitespace_error,729
banfakenews,whitespace_error,1169
banfakenews,whitespace_error,790
banfakenews,whitespace_error,548
banfakenews,whitespace_error,588
banfakenews,whitespace_error,443
banfakenews,whitespace_error,568
banfakenews,whitespace_error,850
banfakenews,whitespace_error,905
banfakenews,whitespace_error,291
banfakenews,whitespace_error,1047
banfakenews,whitespace_error,350
banfakenews,whitespace_error,1120
banfakenews,whitespace_error,561
banfakenews,whitespace_error,424
banfakenews,whitespace_error,1115
banfakenews,whitespace_error,814
banfakenews,whitespace_error,586
banfakenews,whitespace_error,729
banfakenews,whitespace_error,442
banfakenews,whitespace_error,1259
banfakenews,whitespace_error,547
banfakenews,whitespace_error,861
banfakenews,whitespace_error,684
banfakenews,whitespace_error,2123
banfakenews,whitespace_error,1155
banfakenews,whitespace_error,466
banfakenews,whitespace_error,396
banfakenews,whitespace_error,399
banfakenews,whitespace_error,638
banfakenews,whitespace_error,879
banfakenews,whitespace_error,325
banfakenews,whitespace_error,512
banfakenews,whitespace_error,220
banfakenews,whitespace_error,612
banfakenews,whitespace_error,2034
banfakenews,whitespace_error,1170
banfakenews,whitespace_error,921
banfakenews,whitespace_error,917
banfakenews,whitespace_error,788
banfakenews,whitespace_error,321
banfakenews,whitespace_error,676
banfakenews,whitespace_error,644
banfakenews,whitespace_error,646
banfakenews,whitespace_error,638
banfakenews,whitespace_error,683
banfakenews,whitespace_error,1028
banfakenews,whitespace_error,796
banfakenews,whitespace_error,860
banfakenews,whitespace_error,366
banfakenews,whitespace_error,472
banfakenews,whitespace_error,285
banfakenews,whitespace_error,715
banfakenews,whitespace_error,576
banfakenews,whitespace_error,1219
banfakenews,whitespace_error,469
banfakenews,whitespace_error,453
banfakenews,whitespace_error,2390
banfakenews,whitespace_error,619
banfakenews,whitespace_error,604
banfakenews,whitespace_error,548
banfakenews,whitespace_error,674
banfakenews,whitespace_error,443
banfakenews,whitespace_error,406
banfakenews,whitespace_error,1051
banfakenews,whitespace_error,832
banfakenews,whitespace_error,817
banfakenews,whitespace_error,1000
banfakenews,whitespace_error,2246
banfakenews,whitespace_error,3108
banfakenews,whitespace_error,1836
banfakenews,whitespace_error,382
banfakenews,whitespace_error,524
banfakenews,whitespace_error,794
banfakenews,whitespace_error,260
banfakenews,whitespace_error,243
banfakenews,whitespace_error,730
banfakenews,whitespace_error,704
banfakenews,whitespace_error,1609
banfakenews,whitespace_error,1043
banfakenews,whitespace_error,298
banfakenews,whitespace_error,964
banfakenews,whitespace_error,1454
banfakenews,whitespace_error,1162
banfakenews,whitespace_error,1296
banfakenews,whitespace_error,769
banfakenews,whitespace_error,722
banfakenews,whitespace_error,1025
banfakenews,whitespace_error,747
banfakenews,whitespace_error,787
banfakenews,whitespace_error,1477
banfakenews,whitespace_error,2392
banfakenews,whitespace_error,286
banfakenews,whitespace_error,1159
banfakenews,whitespace_error,467
banfakenews,whitespace_error,730
banfakenews,whitespace_error,734
banfakenews,whitespace_error,483
banfakenews,whitespace_error,289
banfakenews,whitespace_error,374
banfakenews,whitespace_error,1079
banfakenews,whitespace_error,694
banfakenews,whitespace_error,368
banfakenews,whitespace_error,849
banfakenews,whitespace_error,834
banfakenews,whitespace_error,461
banfakenews,whitespace_error,991
banfakenews,whitespace_error,1247
banfakenews,whitespace_error,871
banfakenews,whitespace_error,1246
banfakenews,whitespace_error,33
banfakenews,whitespace_error,807
banfakenews,whitespace_error,473
banfakenews,whitespace_error,537
banfakenews,whitespace_error,566
banfakenews,whitespace_error,532
banfakenews,whitespace_error,471
banfakenews,whitespace_error,312
banfakenews,whitespace_error,504
banfakenews,whitespace_error,307
banfakenews,whitespace_error,728
banfakenews,whitespace_error,193
banfakenews,whitespace_error,564
banfakenews,whitespace_error,454
banfakenews,whitespace_error,946
banfakenews,whitespace_error,817
banfakenews,whitespace_error,745
banfakenews,whitespace_error,327
banfakenews,whitespace_error,434
banfakenews,whitespace_error,2135
banfakenews,whitespace_error,543
banfakenews,whitespace_error,433
banfakenews,whitespace_error,502
banfakenews,whitespace_error,826
banfakenews,whitespace_error,1040
banfakenews,whitespace_error,458
banfakenews,whitespace_error,2798
banfakenews,whitespace_error,583
banfakenews,whitespace_error,832
banfakenews,whitespace_error,743
banfakenews,whitespace_error,652
banfakenews,whitespace_error,1822
banfakenews,whitespace_error,1342
banfakenews,whitespace_error,2692
banfakenews,whitespace_error,687
banfakenews,whitespace_error,904
banfakenews,whitespace_error,535
banfakenews,whitespace_error,709
banfakenews,whitespace_error,537
banfakenews,whitespace_error,339
banfakenews,whitespace_error,881
banfakenews,whitespace_error,343
banfakenews,whitespace_error,970
banfakenews,whitespace_error,2364
banfakenews,whitespace_error,395
banfakenews,whitespace_error,1205
banfakenews,whitespace_error,531
banfakenews,whitespace_error,1295
banfakenews,whitespace_error,223
banfakenews,whitespace_error,674
banfakenews,whitespace_error,1066
banfakenews,whitespace_error,1296
banfakenews,whitespace_error,692
banfakenews,whitespace_error,378
banfakenews,whitespace_error,1031
banfakenews,whitespace_error,801
banfakenews,whitespace_error,1099
banfakenews,whitespace_error,435
banfakenews,whitespace_error,1307
banfakenews,whitespace_error,496
banfakenews,whitespace_error,1486
banfakenews,whitespace_error,1981
banfakenews,whitespace_error,986
banfakenews,whitespace_error,364
banfakenews,whitespace_error,385
banfakenews,whitespace_error,2235
banfakenews,whitespace_error,246
banfakenews,whitespace_error,729
banfakenews,whitespace_error,996
banfakenews,whitespace_error,352
banfakenews,whitespace_error,711
banfakenews,whitespace_error,474
banfakenews,whitespace_error,879
banfakenews,whitespace_error,873
banfakenews,whitespace_error,527
banfakenews,whitespace_error,2586
banfakenews,whitespace_error,1993
banfakenews,whitespace_error,352
banfakenews,whitespace_error,442
banfakenews,whitespace_error,1093
banfakenews,whitespace_error,265
banfakenews,whitespace_error,3845
banfakenews,whitespace_error,1083
banfakenews,whitespace_error,522
banfakenews,whitespace_error,1016
banfakenews,whitespace_error,435
banfakenews,whitespace_error,999
banfakenews,whitespace_error,655
banfakenews,whitespace_error,164
banfakenews,whitespace_error,544
banfakenews,whitespace_error,659
banfakenews,whitespace_error,757
banfakenews,whitespace_error,469
banfakenews,whitespace_error,600
banfakenews,whitespace_error,316
banfakenews,whitespace_error,936
banfakenews,whitespace_error,264
banfakenews,whitespace_error,746
banfakenews,whitespace_error,2210
banfakenews,whitespace_error,1199
banfakenews,whitespace_error,488
banfakenews,whitespace_error,1022
banfakenews,whitespace_error,699
banfakenews,whitespace_error,474
banfakenews,whitespace_error,591
banfakenews,whitespace_error,424
banfakenews,whitespace_error,852
banfakenews,whitespace_error,195
banfakenews,whitespace_error,3289
banfakenews,whitespace_error,930
banfakenews,whitespace_error,1220
banfakenews,whitespace_error,1506
banfakenews,whitespace_error,357
banfakenews,whitespace_error,580
banfakenews,whitespace_error,544
banfakenews,whitespace_error,515
banfakenews,whitespace_error,531
banfakenews,whitespace_error,682
banfakenews,whitespace_error,294
banfakenews,whitespace_error,657
banfakenews,whitespace_error,2368
banfakenews,whitespace_error,573
