dataset,n_grapheme_clusters
sentnob,26
sentnob,78
sentnob,42
sentnob,23
sentnob,19
sentnob,108
sentnob,30
sentnob,17
sentnob,18
sentnob,59
sentnob,134
sentnob,26
sentnob,79
sentnob,30
sentnob,25
sentnob,43
sentnob,44
sentnob,80
sentnob,167
sentnob,69
sentnob,48
sentnob,21
sentnob,53
sentnob,24
sentnob,123
sentnob,33
sentnob,49
sentnob,52
sentnob,51
sentnob,23
sentnob,168
sentnob,121
sentnob,21
sentnob,27
sentnob,88
sentnob,29
sentnob,37
sentnob,31
sentnob,22
sentnob,106
sentnob,26
sentnob,134
sentnob,27
sentnob,100
sentnob,53
sentnob,52
sentnob,120
sentnob,152
sentnob,22
sentnob,16
sentnob,57
sentnob,20
sentnob,16
sentnob,21
sentnob,33
sentnob,20
sentnob,24
sentnob,24
sentnob,46
sentnob,59
sentnob,44
sentnob,21
sentnob,31
sentnob,168
sentnob,53
sentnob,80
sentnob,27
sentnob,38
sentnob,37
sentnob,33
sentnob,20
sentnob,27
sentnob,112
sentnob,46
sentnob,43
sentnob,34
sentnob,29
sentnob,21
sentnob,50
sentnob,27
sentnob,167
sentnob,33
sentnob,34
sentnob,32
sentnob,36
sentnob,29
sentnob,25
sentnob,56
sentnob,21
sentnob,123
sentnob,26
sentnob,34
sentnob,51
sentnob,75
sentnob,138
sentnob,70
sentnob,52
sentnob,20
sentnob,61
sentnob,69
sentnob,52
sentnob,135
sentnob,31
sentnob,29
sentnob,26
sentnob,123
sentnob,36
sentnob,133
sentnob,41
sentnob,70
sentnob,41
sentnob,105
sentnob,52
sentnob,25
sentnob,23
sentnob,49
sentnob,81
sentnob,15
sentnob,16
sentnob,111
sentnob,41
sentnob,49
sentnob,39
sentnob,55
sentnob,30
sentnob,61
sentnob,37
sentnob,36
sentnob,63
sentnob,52
sentnob,33
sentnob,45
sentnob,37
sentnob,38
sentnob,42
sentnob,29
sentnob,23
sentnob,12
sentnob,133
sentnob,120
sentnob,37
sentnob,45
sentnob,64
sentnob,17
sentnob,34
sentnob,22
sentnob,64
sentnob,110
sentnob,32
sentnob,89
sentnob,18
sentnob,17
sentnob,61
sentnob,48
sentnob,43
sentnob,43
sentnob,91
sentnob,39
sentnob,37
sentnob,43
sentnob,20
sentnob,39
sentnob,41
sentnob,34
sentnob,58
sentnob,41
sentnob,18
sentnob,22
sentnob,34
sentnob,32
sentnob,33
sentnob,40
sentnob,37
sentnob,27
sentnob,28
sentnob,43
sentnob,24
sentnob,44
sentnob,35
sentnob,83
sentnob,26
sentnob,34
sentnob,49
sentnob,17
sentnob,38
sentnob,34
sentnob,21
sentnob,90
sentnob,60
sentnob,45
sentnob,17
sentnob,89
sentnob,45
sentnob,49
sentnob,21
sentnob,24
sentnob,56
sentnob,76
sentnob,60
sentnob,32
sentnob,26
sentnob,17
sentnob,71
sentnob,44
sentnob,68
sentnob,26
sentnob,159
sentnob,40
sentnob,49
sentnob,34
sentnob,23
sentnob,153
sentnob,81
sentnob,126
sentnob,46
sentnob,21
sentnob,24
sentnob,24
sentnob,47
sentnob,36
sentnob,52
sentnob,27
sentnob,55
sentnob,30
sentnob,66
sentnob,66
sentnob,44
sentnob,42
sentnob,27
sentnob,58
sentnob,46
sentnob,15
sentnob,30
sentnob,45
sentnob,106
sentnob,118
sentnob,34
sentnob,41
sentnob,85
sentnob,68
sentnob,85
sentnob,51
sentnob,47
sentnob,34
sentnob,57
sentnob,17
sentnob,60
sentnob,36
sentnob,55
sentnob,22
sentnob,56
sentnob,42
sentnob,58
sentnob,20
sentnob,47
sentnob,16
sentnob,39
sentnob,45
sentnob,135
sentnob,25
sentnob,50
sentnob,15
sentnob,37
sentnob,16
sentnob,17
sentnob,94
sentnob,41
sentnob,45
sentnob,25
sentnob,34
sentnob,30
sentnob,54
sentnob,23
sentnob,17
sentnob,27
sentnob,100
sentnob,127
sentnob,32
sentnob,35
sentnob,31
sentnob,93
sentnob,68
sentnob,18
sentnob,32
sentnob,43
sentnob,95
sentnob,97
sentnob,29
sentnob,187
sentnob,132
sentnob,62
sentnob,25
sentnob,109
sentnob,72
sentnob,16
sentnob,53
sentnob,11
sentnob,115
sentnob,65
sentnob,20
sentnob,79
sentnob,61
sentnob,93
sentnob,32
sentnob,22
sentnob,24
sentnob,50
sentnob,21
sentnob,29
sentnob,39
sentnob,24
sentnob,39
sentnob,41
sentnob,15
sentnob,64
sentnob,64
sentnob,38
sentnob,122
sentnob,65
sentnob,111
sentnob,51
sentnob,55
sentnob,25
sentnob,71
sentnob,58
sentnob,62
sentnob,22
sentnob,20
sentnob,47
sentnob,15
sentnob,26
sentnob,24
sentnob,112
sentnob,159
sentnob,39
sentnob,75
sentnob,46
sentnob,57
sentnob,64
sentnob,25
sentnob,33
sentnob,55
sentnob,42
sentnob,45
sentnob,37
sentnob,29
sentnob,90
sentnob,68
sentnob,62
sentnob,47
sentnob,46
sentnob,90
sentnob,151
sentnob,34
sentnob,135
sentnob,25
sentnob,15
sentnob,161
sentnob,17
sentnob,34
sentnob,19
sentnob,49
sentnob,28
sentnob,18
sentnob,30
sentnob,23
sentnob,38
sentnob,123
sentnob,75
sentnob,66
sentnob,37
sentnob,99
sentnob,17
sentnob,76
sentnob,22
sentnob,101
sentnob,84
sentnob,38
sentnob,15
sentnob,48
sentnob,50
sentnob,22
sentnob,44
sentnob,90
sentnob,86
sentnob,31
sentnob,44
sentnob,104
sentnob,118
sentnob,19
sentnob,58
sentnob,38
sentnob,60
sentnob,59
sentnob,65
sentnob,19
sentnob,46
sentnob,30
sentnob,65
sentnob,93
sentnob,51
sentnob,24
sentnob,17
sentnob,30
sentnob,26
sentnob,36
sentnob,44
sentnob,45
sentnob,26
sentnob,36
sentnob,137
sentnob,31
sentnob,64
sentnob,22
sentnob,33
sentnob,51
sentnob,31
sentnob,95
sentnob,32
sentnob,67
sentnob,20
sentnob,64
sentnob,91
sentnob,41
sentnob,160
sentnob,69
sentnob,143
sentnob,31
sentnob,42
sentnob,33
sentnob,58
sentnob,60
sentnob,35
sentnob,45
sentnob,35
sentnob,32
sentnob,26
sentnob,55
sentnob,20
sentnob,19
sentnob,106
sentnob,24
sentnob,60
sentnob,57
sentnob,99
sentnob,48
sentnob,155
sentnob,28
sentnob,153
sentnob,28
sentnob,52
sentnob,36
sentnob,57
sentnob,35
sentnob,55
sentnob,19
sentnob,43
sentnob,33
sentnob,65
sentnob,21
sentnob,70
sentnob,32
sentnob,32
sentnob,97
sentnob,35
sentnob,28
sentnob,33
sentnob,67
sentnob,26
sentnob,24
sentnob,81
sentnob,45
sentnob,42
sentnob,101
sentnob,43
sentnob,50
sentnob,59
sentnob,23
sentnob,102
sentnob,43
sentnob,33
sentnob,25
sentnob,59
sentnob,62
sentnob,90
sentnob,24
sentnob,125
sentnob,19
sentnob,27
sentnob,56
sentnob,90
sentnob,22
sentnob,55
sentnob,16
sentnob,30
sentnob,61
sentnob,43
sentnob,37
sentnob,116
sentnob,24
sentnob,132
sentnob,20
sentnob,33
sentnob,83
sentnob,59
sentnob,25
sentnob,27
sentnob,82
sentnob,106
sentnob,144
sentnob,35
sentnob,99
sentnob,25
sentnob,56
sentnob,45
sentnob,50
sentnob,48
sentnob,35
sentnob,17
sentnob,33
sentnob,89
sentnob,49
sentnob,28
sentnob,34
sentnob,18
sentnob,31
sentnob,88
sentnob,160
sentnob,18
sentnob,32
sentnob,18
sentnob,61
sentnob,24
sentnob,108
sentnob,51
sentnob,21
sentnob,34
sentnob,38
sentnob,51
sentnob,61
sentnob,133
sentnob,24
sentnob,32
sentnob,24
sentnob,33
sentnob,30
sentnob,27
sentnob,15
sentnob,54
sentnob,34
sentnob,28
sentnob,28
sentnob,40
sentnob,71
sentnob,17
sentnob,109
sentnob,47
sentnob,69
sentnob,96
sentnob,33
sentnob,155
sentnob,18
sentnob,86
sentnob,37
sentnob,23
sentnob,40
sentnob,21
sentnob,31
sentnob,44
sentnob,53
sentnob,43
sentnob,23
sentnob,38
sentnob,49
sentnob,16
sentnob,64
sentnob,123
sentnob,21
sentnob,38
sentnob,64
sentnob,89
sentnob,50
sentnob,24
sentnob,31
sentnob,58
sentnob,25
sentnob,36
sentnob,89
sentnob,25
sentnob,21
sentnob,26
sentnob,44
sentnob,51
sentnob,138
sentnob,86
sentnob,37
sentnob,18
sentnob,32
sentnob,22
sentnob,65
sentnob,55
sentnob,23
sentnob,88
sentnob,19
sentnob,32
sentnob,22
sentnob,18
sentnob,37
sentnob,15
sentnob,19
sentnob,16
sentnob,25
sentnob,28
sentnob,53
sentnob,89
sentnob,159
sentnob,36
sentnob,84
sentnob,36
sentnob,22
sentnob,16
sentnob,27
sentnob,54
sentnob,140
sentnob,74
sentnob,69
sentnob,20
sentnob,84
sentnob,30
sentnob,44
sentnob,27
sentnob,43
sentnob,63
sentnob,96
sentnob,43
sentnob,30
sentnob,23
sentnob,43
sentnob,15
sentnob,47
sentnob,19
sentnob,88
sentnob,39
sentnob,70
sentnob,22
sentnob,30
sentnob,21
sentnob,32
sentnob,32
sentnob,35
sentnob,25
sentnob,14
sentnob,31
sentnob,117
sentnob,28
sentnob,18
sentnob,64
sentnob,44
sentnob,28
sentnob,41
sentnob,36
sentnob,104
sentnob,34
sentnob,90
sentnob,49
sentnob,20
sentnob,20
sentnob,20
sentnob,82
sentnob,81
sentnob,72
sentnob,23
sentnob,30
sentnob,28
sentnob,53
sentnob,39
sentnob,69
sentnob,65
sentnob,49
sentnob,22
sentnob,32
sentnob,97
sentnob,42
sentnob,40
sentnob,66
sentnob,83
sentnob,26
sentnob,24
sentnob,56
sentnob,20
sentnob,86
sentnob,49
sentnob,34
sentnob,96
sentnob,38
sentnob,136
sentnob,16
sentnob,46
sentnob,63
sentnob,22
sentnob,33
sentnob,23
sentnob,89
sentnob,36
sentnob,21
sentnob,46
sentnob,17
sentnob,59
sentnob,114
sentnob,26
sentnob,39
sentnob,27
sentnob,47
sentnob,35
sentnob,34
sentnob,20
sentnob,120
sentnob,80
sentnob,50
sentnob,65
sentnob,35
sentnob,164
sentnob,20
sentnob,38
sentnob,71
sentnob,17
sentnob,45
sentnob,29
sentnob,157
sentnob,51
sentnob,23
sentnob,22
sentnob,61
sentnob,25
sentnob,103
sentnob,61
sentnob,19
sentnob,84
sentnob,55
sentnob,58
sentnob,18
sentnob,22
sentnob,28
sentnob,22
sentnob,29
sentnob,126
sentnob,19
sentnob,61
sentnob,121
sentnob,87
sentnob,110
sentnob,94
sentnob,18
sentnob,63
sentnob,183
sentnob,44
sentnob,38
sentnob,84
sentnob,22
sentnob,34
sentnob,23
sentnob,30
sentnob,22
sentnob,17
sentnob,34
sentnob,19
sentnob,18
sentnob,22
sentnob,70
sentnob,18
sentnob,45
sentnob,18
sentnob,44
sentnob,124
sentnob,136
sentnob,48
sentnob,64
sentnob,39
sentnob,47
sentnob,33
sentnob,138
sentnob,72
sentnob,24
sentnob,40
sentnob,24
sentnob,44
sentnob,64
sentnob,76
sentnob,28
sentnob,114
sentnob,50
sentnob,46
sentnob,124
sentnob,85
sentnob,27
sentnob,20
sentnob,122
sentnob,35
sentnob,155
sentnob,27
sentnob,103
sentnob,22
sentnob,170
sentnob,50
sentnob,86
sentnob,38
sentnob,16
sentnob,24
sentnob,18
sentnob,23
sentnob,69
sentnob,26
sentnob,32
sentnob,25
sentnob,106
sentnob,20
sentnob,42
sentnob,20
sentnob,20
sentnob,20
sentnob,56
sentnob,25
sentnob,58
sentnob,29
sentnob,49
sentnob,69
sentnob,26
sentnob,23
sentnob,31
sentnob,82
sentnob,51
sentnob,34
sentnob,26
sentnob,39
sentnob,34
sentnob,27
sentnob,27
sentnob,15
sentnob,115
sentnob,64
sentnob,71
sentnob,22
sentnob,29
sentnob,30
sentnob,24
sentnob,44
sentnob,79
sentnob,39
sentnob,23
sentnob,95
sentnob,39
sentnob,36
sentnob,25
sentnob,20
sentnob,30
sentnob,27
sentnob,17
sentnob,48
sentnob,38
sentnob,61
sentnob,50
sentnob,19
sentnob,32
sentnob,73
sentnob,22
sentnob,145
sentnob,21
sentnob,63
sentnob,65
sentnob,34
sentnob,90
sentnob,30
sentnob,44
sentnob,33
sentnob,20
sentnob,36
sentnob,63
sentnob,53
sentnob,99
sentnob,35
sentnob,59
sentnob,40
sentnob,18
sentnob,30
sentnob,25
sentnob,35
sentnob,44
sentnob,76
sentnob,51
sentnob,53
sentnob,35
sentnob,73
sentnob,32
sentnob,25
sentnob,44
sentnob,118
sentnob,42
sentnob,75
sentnob,18
sentnob,118
sentnob,119
sentnob,77
sentnob,18
sentnob,39
sentnob,106
sentnob,47
sentnob,41
sentnob,45
sentnob,29
sentnob,23
sentnob,61
sentnob,30
sentnob,35
sentnob,33
sentnob,81
sentnob,52
sentnob,66
sentnob,31
sentnob,19
sentnob,40
sentnob,94
sentnob,27
sentnob,45
sentnob,59
sentnob,25
sentnob,22
sentnob,153
sentnob,116
sentnob,24
sentnob,34
sentnob,50
sentnob,131
sentnob,85
sentnob,29
sentnob,41
sentnob,16
sentnob,81
sentnob,43
sentnob,15
sentnob,56
sentnob,21
sentnob,46
sentnob,26
sentnob,19
sentnob,86
sentnob,70
sentnob,20
sentnob,48
sentnob,40
sentnob,61
sentnob,48
sentnob,61
sentnob,30
sentnob,34
sentnob,61
sentnob,37
sentnob,31
sentnob,83
sentnob,55
sentnob,92
sentnob,29
sentnob,35
sentnob,34
sentnob,129
sentnob,57
sentnob,45
sentnob,51
sentnob,39
sentnob,32
sentnob,37
sentnob,45
sentnob,61
sentnob,19
sentnob,150
sentnob,94
sentnob,56
sentnob,46
sentnob,17
sentnob,84
sentnob,32
sentnob,180
sentnob,122
sentnob,27
sentnob,22
sentnob,65
sentnob,171
sentnob,53
sentnob,27
sentnob,50
sentnob,32
sentnob,15
sentnob,78
sentnob,81
sentnob,35
sentnob,55
sentnob,24
sentnob,16
sentnob,24
sentnob,98
sentnob,99
sentnob,60
sentnob,12
sentnob,86
sentnob,76
sentnob,25
sentnob,40
sentnob,95
sentnob,28
sentnob,34
sentnob,18
sentnob,86
sentnob,18
sentnob,23
sentnob,21
sentnob,125
sentnob,30
sentnob,36
sentnob,28
sentnob,61
sentnob,18
sentnob,70
sentnob,37
sentnob,85
sentnob,50
sentnob,34
sentnob,26
sentnob,56
sentnob,24
sentnob,31
sentnob,36
sentnob,51
sentnob,76
sentnob,28
sentnob,47
sentnob,160
sentnob,125
sentnob,18
sentnob,13
sentnob,29
sentnob,165
sentnob,48
sentnob,33
sentnob,57
sentnob,14
sentnob,132
sentnob,8
sentnob,24
sentnob,31
sentnob,52
sentnob,68
sentnob,33
sentnob,21
sentnob,79
sentnob,74
sentnob,28
sentnob,24
sentnob,17
sentnob,62
sentnob,28
sentnob,49
sentnob,60
sentnob,37
sentnob,107
sentnob,35
sentnob,53
sentnob,23
sentnob,32
sentnob,49
sentnob,43
sentnob,48
sentnob,37
sentnob,22
sentnob,25
sentnob,85
sentnob,69
sentnob,44
sentnob,61
sentnob,58
sentnob,44
sentnob,23
sentnob,29
sentnob,62
sentnob,66
sentnob,79
sentnob,30
sentnob,41
sentnob,17
sentnob,23
sentnob,27
sentnob,151
sentnob,147
sentnob,22
sentnob,77
sentnob,62
sentnob,23
sentnob,21
sentnob,28
sentnob,81
sentnob,28
sentnob,59
sentnob,37
sentnob,64
sentnob,55
sentnob,25
sentnob,56
sentnob,50
sentnob,54
sentnob,19
sentnob,35
sentnob,50
sentnob,26
sentnob,131
sentnob,70
sentnob,131
sentnob,19
sentnob,71
sentnob,63
sentnob,30
sentnob,49
sentnob,31
sentnob,27
sentnob,21
sentnob,55
sentnob,28
sentnob,77
sentnob,100
sentnob,83
sentnob,33
sentnob,39
sentnob,96
sentnob,98
sentnob,57
sentnob,21
sentnob,45
sentnob,69
sentnob,92
sentnob,76
sentnob,17
sentnob,31
sentnob,107
sentnob,28
sentnob,23
sentnob,27
sentnob,24
sentnob,51
sentnob,117
sentnob,38
sentnob,49
sentnob,151
sentnob,50
sentnob,36
sentnob,21
sentnob,69
sentnob,66
sentnob,95
sentnob,127
sentnob,53
sentnob,54
sentnob,39
sentnob,125
sentnob,59
sentnob,20
sentnob,31
sentnob,55
sentnob,17
sentnob,140
sentnob,136
sentnob,111
sentnob,18
sentnob,28
sentnob,94
sentnob,57
sentnob,40
sentnob,45
sentnob,122
sentnob,29
sentnob,35
sentnob,65
sentnob,30
sentnob,33
sentnob,48
sentnob,42
sentnob,90
sentnob,18
sentnob,46
sentnob,30
sentnob,25
sentnob,40
sentnob,142
sentnob,66
sentnob,30
sentnob,151
sentnob,17
sentnob,100
sentnob,62
sentnob,63
sentnob,43
sentnob,96
sentnob,46
sentnob,97
sentnob,117
sentnob,54
sentnob,38
sentnob,44
sentnob,106
sentnob,56
sentnob,19
sentnob,88
sentnob,93
sentnob,32
sentnob,72
sentnob,72
sentnob,29
sentnob,17
sentnob,44
sentnob,44
sentnob,30
sentnob,60
sentnob,116
sentnob,56
sentnob,108
sentnob,17
sentnob,61
sentnob,78
sentnob,29
sentnob,21
sentnob,21
sentnob,39
sentnob,19
sentnob,73
sentnob,31
sentnob,22
sentnob,36
sentnob,35
sentnob,33
sentnob,37
sentnob,46
sentnob,34
sentnob,20
sentnob,58
sentnob,44
sentnob,83
sentnob,61
sentnob,20
sentnob,41
sentnob,59
sentnob,49
sentnob,73
sentnob,15
sentnob,18
sentnob,33
sentnob,69
sentnob,19
sentnob,108
sentnob,128
sentnob,22
sentnob,15
sentnob,120
sentnob,18
sentnob,26
sentnob,58
sentnob,55
sentnob,19
sentnob,49
sentnob,48
sentnob,42
sentnob,50
sentnob,50
sentnob,36
sentnob,35
sentnob,37
sentnob,57
sentnob,18
sentnob,41
sentnob,58
sentnob,33
sentnob,20
sentnob,34
sentnob,28
sentnob,23
sentnob,53
sentnob,86
sentnob,27
sentnob,25
sentnob,28
sentnob,54
sentnob,18
sentnob,41
sentnob,53
sentnob,40
sentnob,40
sentnob,48
sentnob,22
sentnob,84
sentnob,80
sentnob,74
sentnob,32
sentnob,41
sentnob,17
sentnob,56
sentnob,84
sentnob,47
sentnob,109
sentnob,33
sentnob,37
sentnob,40
sentnob,22
sentnob,79
sentnob,65
sentnob,51
sentnob,59
sentnob,32
sentnob,45
sentnob,19
sentnob,60
sentnob,83
sentnob,168
sentnob,25
sentnob,21
sentnob,22
sentnob,82
sentnob,28
sentnob,113
sentnob,42
sentnob,62
sentnob,48
sentnob,21
sentnob,34
sentnob,21
sentnob,29
sentnob,21
sentnob,98
sentnob,83
sentnob,42
sentnob,17
sentnob,85
sentnob,39
sentnob,24
sentnob,28
sentnob,58
sentnob,50
sentnob,18
sentnob,41
sentnob,66
sentnob,26
sentnob,69
sentnob,61
sentnob,32
sentnob,66
sentnob,48
sentnob,65
sentnob,30
sentnob,19
sentnob,37
sentnob,18
sentnob,71
sentnob,66
sentnob,32
sentnob,21
sentnob,40
sentnob,34
sentnob,47
sentnob,17
sentnob,64
sentnob,34
sentnob,81
sentnob,87
sentnob,46
sentnob,72
sentnob,25
sentnob,49
sentnob,31
sentnob,30
sentnob,20
sentnob,64
sentnob,115
sentnob,51
sentnob,69
sentnob,49
sentnob,48
sentnob,60
sentnob,37
sentnob,51
sentnob,29
sentnob,38
sentnob,157
sentnob,24
sentnob,20
sentnob,39
sentnob,51
sentnob,49
sentnob,57
sentnob,25
sentnob,87
sentnob,17
sentnob,25
sentnob,53
sentnob,24
sentnob,54
sentnob,18
sentnob,98
sentnob,75
sentnob,16
sentnob,18
sentnob,16
sentnob,54
sentnob,33
sentnob,21
sentnob,34
sentnob,17
sentnob,30
sentnob,139
sentnob,86
sentnob,102
sentnob,27
sentnob,116
sentnob,52
sentnob,68
sentnob,28
sentnob,32
sentnob,26
sentnob,63
sentnob,146
sentnob,64
sentnob,45
sentnob,45
sentnob,18
sentnob,88
sentnob,157
sentnob,24
sentnob,45
sentnob,63
sentnob,40
sentnob,46
sentnob,29
sentnob,78
sentnob,52
sentnob,25
sentnob,18
sentnob,154
sentnob,66
sentnob,42
sentnob,31
sentnob,111
sentnob,35
sentnob,31
sentnob,47
sentnob,55
sentnob,36
sentnob,18
sentnob,53
sentnob,44
sentnob,80
sentnob,26
sentnob,70
sentnob,76
sentnob,44
sentnob,23
sentnob,33
sentnob,28
sentnob,41
sentnob,16
sentnob,14
sentnob,16
sentnob,100
sentnob,18
sentnob,104
sentnob,151
sentnob,47
sentnob,47
sentnob,29
sentnob,38
sentnob,53
sentnob,16
sentnob,16
sentnob,41
sentnob,109
sentnob,19
sentnob,123
sentnob,69
sentnob,42
sentnob,43
sentnob,93
sentnob,33
sentnob,81
sentnob,148
sentnob,34
sentnob,86
sentnob,35
sentnob,41
sentnob,24
sentnob,53
sentnob,21
sentnob,24
sentnob,41
sentnob,38
sentnob,36
sentnob,22
sentnob,98
sentnob,18
sentnob,28
sentnob,45
sentnob,48
sentnob,70
sentnob,25
sentnob,49
sentnob,115
sentnob,40
sentnob,58
sentnob,21
sentnob,30
sentnob,158
sentnob,14
sentnob,19
sentnob,40
sentnob,19
sentnob,44
sentnob,47
sentnob,76
sentnob,27
sentnob,156
sentnob,66
sentnob,35
sentnob,23
sentnob,25
sentnob,93
sentnob,115
sentnob,38
sentnob,66
sentnob,18
sentnob,84
sentnob,31
sentnob,37
sentnob,47
sentnob,25
sentnob,28
sentnob,46
sentnob,80
sentnob,20
sentnob,84
sentnob,57
sentnob,23
sentnob,73
sentnob,20
sentnob,21
sentnob,88
sentnob,7
sentnob,47
sentnob,20
sentnob,21
sentnob,98
sentnob,109
sentnob,30
sentnob,19
sentnob,26
sentnob,16
sentnob,98
sentnob,55
sentnob,23
sentnob,22
sentnob,27
sentnob,54
sentnob,138
sentnob,54
sentnob,35
sentnob,16
sentnob,29
sentnob,19
sentnob,31
sentnob,91
sentnob,35
sentnob,26
sentnob,27
sentnob,76
sentnob,29
sentnob,112
sentnob,40
sentnob,26
sentnob,30
sentnob,52
sentnob,48
sentnob,34
sentnob,31
sentnob,14
sentnob,60
sentnob,22
sentnob,52
sentnob,21
sentnob,14
sentnob,29
sentnob,83
sentnob,24
sentnob,20
sentnob,85
sentnob,22
sentnob,35
sentnob,38
sentnob,23
sentnob,45
sentnob,86
sentnob,34
sentnob,57
sentnob,49
sentnob,106
sentnob,94
sentnob,35
sentnob,76
sentnob,21
sentnob,72
sentnob,27
sentnob,137
sentnob,19
sentnob,37
sentnob,81
sentnob,100
sentnob,21
sentnob,52
sentnob,102
sentnob,82
sentnob,31
sentnob,56
sentnob,43
sentnob,26
sentnob,41
sentnob,24
sentnob,65
sentnob,43
sentnob,23
sentnob,117
sentnob,80
sentnob,102
sentnob,49
sentnob,47
sentnob,47
sentnob,107
sentnob,27
sentnob,20
sentnob,74
sentnob,129
sentnob,29
sentnob,40
sentnob,36
sentnob,99
sentnob,92
sentnob,63
sentnob,22
sentnob,67
sentnob,19
sentnob,131
sentnob,14
sentnob,75
sentnob,34
sentnob,82
sentnob,20
sentnob,30
sentnob,17
sentnob,23
sentnob,143
sentnob,138
sentnob,20
sentnob,43
sentnob,24
sentnob,19
sentnob,17
sentnob,109
sentnob,131
sentnob,102
sentnob,15
sentnob,35
sentnob,102
sentnob,26
sentnob,27
sentnob,51
sentnob,13
sentnob,124
sentnob,20
sentnob,25
sentnob,102
sentnob,38
sentnob,89
sentnob,69
sentnob,69
sentnob,13
sentnob,50
sentnob,38
sentnob,136
sentnob,93
sentnob,25
sentnob,47
sentnob,84
sentnob,57
sentnob,55
sentnob,77
sentnob,126
sentnob,62
sentnob,20
sentnob,39
sentnob,31
sentnob,93
sentnob,48
sentnob,42
sentnob,35
sentnob,59
sentnob,82
sentnob,24
sentnob,97
sentnob,68
sentnob,18
sentnob,53
sentnob,138
sentnob,44
sentnob,49
sentnob,173
sentnob,72
sentnob,69
sentnob,59
sentnob,50
sentnob,39
sentnob,40
sentnob,41
sentnob,129
sentnob,20
sentnob,48
sentnob,22
sentnob,25
sentnob,18
sentnob,77
sentnob,21
sentnob,39
sentnob,17
sentnob,154
sentnob,29
sentnob,23
sentnob,78
sentnob,24
sentnob,81
sentnob,52
sentnob,29
sentnob,103
sentnob,38
sentnob,101
sentnob,69
sentnob,33
sentnob,84
sentnob,58
sentnob,68
sentnob,115
sentnob,27
sentnob,70
sentnob,98
sentnob,61
sentnob,22
sentnob,48
sentnob,31
sentnob,56
sentnob,164
sentnob,79
sentnob,98
sentnob,38
sentnob,58
sentnob,30
sentnob,115
sentnob,20
sentnob,27
sentnob,21
sentnob,122
sentnob,23
sentnob,17
sentnob,44
sentnob,72
sentnob,119
sentnob,25
sentnob,81
sentnob,56
sentnob,67
sentnob,40
sentnob,52
sentnob,53
sentnob,41
sentnob,24
sentnob,43
sentnob,24
sentnob,100
sentnob,53
sentnob,28
sentnob,133
sentnob,41
sentnob,84
sentnob,41
sentnob,39
sentnob,20
sentnob,65
sentnob,26
sentnob,59
sentnob,43
sentnob,60
sentnob,36
sentnob,72
sentnob,26
sentnob,33
sentnob,70
sentnob,53
sentnob,131
sentnob,23
sentnob,26
sentnob,48
sentnob,86
sentnob,18
sentnob,65
sentnob,35
sentnob,53
sentnob,31
sentnob,101
sentnob,40
sentnob,35
sentnob,143
sentnob,21
sentnob,27
sentnob,34
sentnob,111
sentnob,41
sentnob,77
sentnob,55
sentnob,18
sentnob,24
sentnob,30
sentnob,84
sentnob,33
sentnob,70
sentnob,36
sentnob,34
sentnob,158
sentnob,23
sentnob,62
sentnob,86
sentnob,75
sentnob,48
sentnob,44
sentnob,21
sentnob,23
sentnob,24
sentnob,39
sentnob,54
sentnob,193
sentnob,20
sentnob,135
sentnob,42
sentnob,36
sentnob,62
sentnob,29
sentnob,65
sentnob,28
sentnob,19
sentnob,29
sentnob,52
sentnob,171
sentnob,86
sentnob,29
sentnob,39
sentnob,40
sentnob,19
sentnob,143
sentnob,73
sentnob,19
sentnob,30
sentnob,18
sentnob,48
sentnob,28
sentnob,72
sentnob,53
sentnob,19
sentnob,58
sentnob,44
sentnob,78
sentnob,32
sentnob,26
sentnob,41
sentnob,54
sentnob,24
sentnob,26
sentnob,79
sentnob,103
sentnob,72
sentnob,93
sentnob,41
sentnob,62
sentnob,35
sentnob,54
sentnob,40
sentnob,171
sentnob,27
sentnob,41
sentnob,168
sentnob,68
sentnob,26
sentnob,78
sentnob,80
sentnob,56
sentnob,81
sentnob,23
sentnob,30
sentnob,42
sentnob,31
sentnob,92
sentnob,98
sentnob,58
sentnob,70
sentnob,60
sentnob,63
sentnob,47
sentnob,22
sentnob,71
sentnob,15
sentnob,98
sentnob,40
sentnob,62
sentnob,64
sentnob,77
sentnob,40
sentnob,89
sentnob,49
sentnob,41
sentnob,51
sentnob,31
sentnob,38
sentnob,48
sentnob,17
sentnob,36
sentnob,51
sentnob,38
sentnob,21
sentnob,36
sentnob,37
sentnob,44
sentnob,63
sentnob,73
sentnob,18
sentnob,45
sentnob,35
sentnob,126
sentnob,94
sentnob,82
sentnob,55
sentnob,79
sentnob,43
sentnob,24
sentnob,22
sentnob,21
sentnob,48
sentnob,36
sentnob,69
sentnob,27
sentnob,38
sentnob,19
sentnob,19
sentnob,65
sentnob,15
sentnob,40
sentnob,33
sentnob,41
sentnob,26
sentnob,47
sentnob,14
sentnob,64
sentnob,20
sentnob,94
sentnob,33
sentnob,44
sentnob,50
sentnob,49
sentnob,59
sentnob,59
sentnob,53
sentnob,30
sentnob,21
sentnob,102
sentnob,88
sentnob,17
sentnob,15
sentnob,33
sentnob,29
sentnob,102
sentnob,84
sentnob,34
sentnob,21
sentnob,37
sentnob,70
sentnob,84
sentnob,88
sentnob,33
sentnob,45
sentnob,37
sentnob,36
sentnob,125
sentnob,25
sentnob,40
sentnob,66
sentnob,59
sentnob,51
sentnob,25
sentnob,22
sentnob,102
sentnob,52
sentnob,24
sentnob,66
sentnob,41
sentnob,41
sentnob,42
sentnob,40
sentnob,102
sentnob,20
sentnob,63
sentnob,139
sentnob,32
sentnob,20
sentnob,58
sentnob,50
sentnob,20
sentnob,46
sentnob,16
sentnob,34
sentnob,78
sentnob,49
sentnob,117
sentnob,16
sentnob,35
sentnob,32
sentnob,44
sentnob,49
sentnob,71
sentnob,51
sentnob,30
sentnob,32
sentnob,25
sentnob,28
sentnob,17
sentnob,96
sentnob,34
sentnob,60
sentnob,44
sentnob,21
sentnob,65
sentnob,87
sentnob,124
sentnob,44
sentnob,72
sentnob,74
sentnob,98
sentnob,18
sentnob,79
sentnob,86
sentnob,38
sentnob,33
sentnob,25
sentnob,44
sentnob,67
sentnob,24
sentnob,32
sentnob,39
sentnob,101
sentnob,68
sentnob,127
sentnob,37
sentnob,100
sentnob,17
sentnob,98
sentnob,55
sentnob,131
sentnob,22
sentnob,45
sentnob,34
sentnob,29
sentnob,44
sentnob,17
sentnob,130
sentnob,26
sentnob,20
sentnob,21
sentnob,47
sentnob,31
sentnob,18
sentnob,76
sentnob,22
sentnob,26
sentnob,18
sentnob,34
sentnob,77
sentnob,43
sentnob,30
sentnob,124
sentnob,87
sentnob,121
sentnob,143
sentnob,66
sentnob,27
sentnob,40
sentnob,21
sentnob,31
sentnob,61
sentnob,50
sentnob,19
sentnob,66
sentnob,81
sentnob,41
sentnob,23
sentnob,23
sentnob,85
sentnob,64
sentnob,145
sentnob,77
sentnob,46
sentnob,69
sentnob,46
sentnob,24
sentnob,44
sentnob,20
sentnob,19
sentnob,72
sentnob,130
sentnob,39
sentnob,18
sentnob,39
sentnob,21
sentnob,57
sentnob,59
sentnob,84
sentnob,33
sentnob,44
sentnob,52
sentnob,25
sentnob,37
sentnob,51
sentnob,53
sentnob,54
sentnob,28
sentnob,67
sentnob,43
sentnob,42
sentnob,53
sentnob,109
sentnob,26
sentnob,85
sentnob,48
sentnob,42
sentnob,23
sentnob,111
sentnob,56
sentnob,39
sentnob,30
sentnob,158
sentnob,105
sentnob,35
sentnob,46
sentnob,26
sentnob,19
sentnob,57
sentnob,162
sentnob,55
sentnob,26
sentnob,31
sentnob,41
sentnob,30
sentnob,33
sentnob,76
sentnob,59
sentnob,26
sentnob,33
sentnob,22
sentnob,137
sentnob,23
sentnob,23
sentnob,55
sentnob,48
sentnob,38
sentnob,24
sentnob,24
sentnob,18
sentnob,54
sentnob,53
sentnob,19
sentnob,41
sentnob,72
sentnob,55
sentnob,52
sentnob,39
sentnob,32
sentnob,32
sentnob,51
sentnob,40
sentnob,115
sentnob,48
sentnob,20
sentnob,26
sentnob,32
sentnob,73
sentnob,21
sentnob,67
sentnob,25
sentnob,139
sentnob,170
sentnob,48
sentnob,74
sentnob,92
sentnob,24
sentnob,84
sentnob,72
sentnob,28
sentnob,67
sentnob,32
sentnob,91
sentnob,21
sentnob,36
sentnob,18
sentnob,110
sentnob,121
sentnob,48
sentnob,18
sentnob,52
sentnob,19
sentnob,69
sentnob,23
sentnob,141
sentnob,46
sentnob,32
sentnob,146
sentnob,43
sentnob,40
sentnob,139
sentnob,36
sentnob,86
sentnob,54
sentnob,20
sentnob,81
sentnob,72
sentnob,23
sentnob,20
sentnob,37
sentnob,22
sentnob,47
sentnob,37
sentnob,58
sentnob,58
sentnob,19
sentnob,157
sentnob,130
sentnob,28
sentnob,17
sentnob,25
sentnob,50
sentnob,38
sentnob,29
sentnob,64
sentnob,143
sentnob,30
sentnob,16
sentnob,36
sentnob,166
sentnob,94
sentnob,69
sentnob,17
sentnob,89
sentnob,35
sentnob,62
sentnob,61
sentnob,22
sentnob,46
sentnob,71
sentnob,39
sentnob,18
sentnob,144
sentnob,59
sentnob,29
sentnob,56
sentnob,50
sentnob,112
sentnob,48
sentnob,52
sentnob,16
sentnob,39
sentnob,36
sentnob,26
sentnob,96
sentnob,19
sentnob,30
sentnob,50
sentnob,83
sentnob,43
sentnob,20
sentnob,15
sentnob,20
sentnob,64
sentnob,40
sentnob,122
sentnob,88
sentnob,19
sentnob,44
sentnob,35
sentnob,82
sentnob,35
sentnob,62
sentnob,43
sentnob,31
sentnob,94
sentnob,25
sentnob,23
sentnob,48
sentnob,34
sentnob,19
sentnob,19
sentnob,34
sentnob,55
sentnob,40
sentnob,20
sentnob,45
sentnob,104
sentnob,189
sentnob,41
sentnob,38
sentnob,28
sentnob,41
sentnob,21
sentnob,44
sentnob,19
sentnob,19
sentnob,44
sentnob,20
sentnob,15
sentnob,57
sentnob,21
sentnob,35
sentnob,39
sentnob,72
sentnob,48
sentnob,29
sentnob,17
sentnob,19
sentnob,51
sentnob,64
sentnob,44
sentnob,23
sentnob,179
sentnob,24
sentnob,43
sentnob,31
sentnob,92
sentnob,66
sentnob,80
sentnob,46
sentnob,17
sentnob,93
sentnob,28
sentnob,19
sentnob,25
sentnob,36
sentnob,48
sentnob,90
sentnob,22
sentnob,17
sentnob,22
sentnob,44
sentnob,35
sentnob,25
sentnob,38
sentnob,49
sentnob,35
sentnob,65
sentnob,38
sentnob,33
sentnob,28
sentnob,21
sentnob,46
sentnob,71
sentnob,105
sentnob,39
sentnob,89
sentnob,90
sentnob,26
sentnob,18
sentnob,19
sentnob,18
sentnob,109
sentnob,90
sentnob,136
sentnob,61
sentnob,23
sentnob,122
sentnob,44
sentnob,41
sentnob,23
sentnob,44
sentnob,74
sentnob,54
sentnob,63
sentnob,118
sentnob,24
sentnob,84
sentnob,34
sentnob,61
sentnob,21
sentnob,70
sentnob,58
sentnob,51
sentnob,31
sentnob,63
sentnob,37
sentnob,19
sentnob,63
sentnob,58
sentnob,147
sentnob,10
sentnob,44
sentnob,106
sentnob,72
sentnob,156
sentnob,24
sentnob,25
sentnob,31
sentnob,15
sentnob,38
sentnob,29
sentnob,22
sentnob,45
sentnob,20
sentnob,18
sentnob,43
sentnob,25
sentnob,24
sentnob,38
sentnob,42
sentnob,15
sentnob,101
sentnob,41
sentnob,17
sentnob,39
sentnob,53
sentnob,68
sentnob,41
sentnob,36
sentnob,46
sentnob,92
sentnob,95
sentnob,27
sentnob,22
sentnob,56
sentnob,96
sentnob,47
sentnob,58
sentnob,60
sentnob,20
sentnob,105
sentnob,18
sentnob,61
sentnob,75
sentnob,48
sentnob,27
sentnob,21
sentnob,100
sentnob,73
sentnob,19
sentnob,55
sentnob,30
sentnob,36
sentnob,29
sentnob,182
sentnob,77
sentnob,84
sentnob,24
sentnob,59
sentnob,36
sentnob,16
sentnob,40
sentnob,16
sentnob,52
sentnob,23
sentnob,53
sentnob,51
sentnob,60
sentnob,37
sentnob,29
sentnob,56
sentnob,19
sentnob,19
sentnob,19
sentnob,51
sentnob,117
sentnob,51
sentnob,33
sentnob,30
sentnob,28
sentnob,16
sentnob,28
sentnob,25
sentnob,70
sentnob,45
sentnob,43
sentnob,25
sentnob,48
sentnob,71
sentnob,95
sentnob,31
sentnob,101
sentnob,66
sentnob,50
sentnob,55
sentnob,46
sentnob,89
sentnob,38
sentnob,36
sentnob,61
sentnob,124
sentnob,158
sentnob,97
sentnob,20
sentnob,72
sentnob,23
sentnob,80
sentnob,50
sentnob,24
sentnob,29
sentnob,52
sentnob,36
sentnob,36
sentnob,17
sentnob,81
sentnob,31
sentnob,61
sentnob,47
sentnob,55
sentnob,19
sentnob,19
sentnob,35
sentnob,28
sentnob,16
sentnob,62
sentnob,90
sentnob,20
sentnob,156
sentnob,16
sentnob,38
sentnob,59
sentnob,25
sentnob,27
sentnob,130
sentnob,89
sentnob,38
sentnob,129
sentnob,91
sentnob,24
sentnob,50
sentnob,98
sentnob,18
sentnob,28
sentnob,115
sentnob,16
sentnob,69
sentnob,31
sentnob,66
sentnob,72
sentnob,66
sentnob,108
sentnob,65
sentnob,43
sentnob,35
sentnob,22
sentnob,19
sentnob,78
sentnob,40
sentnob,16
sentnob,102
sentnob,43
sentnob,107
sentnob,65
sentnob,20
sentnob,59
sentnob,68
sentnob,25
sentnob,65
sentnob,29
sentnob,45
sentnob,63
sentnob,15
sentnob,141
sentnob,30
sentnob,94
sentnob,87
sentnob,34
sentnob,31
sentnob,35
sentnob,68
sentnob,48
sentnob,57
sentnob,46
sentnob,113
sentnob,106
sentnob,28
sentnob,159
sentnob,31
sentnob,30
sentnob,24
sentnob,44
sentnob,19
sentnob,53
sentnob,61
sentnob,44
sentnob,107
sentnob,41
sentnob,25
sentnob,25
sentnob,109
sentnob,42
sentnob,18
sentnob,138
sentnob,18
sentnob,64
sentnob,39
sentnob,80
sentnob,44
sentnob,31
sentnob,115
sentnob,73
sentnob,46
sentnob,55
sentnob,17
sentnob,46
sentnob,24
sentnob,20
sentnob,142
sentnob,72
sentnob,61
sentnob,27
sentnob,24
sentnob,65
sentnob,22
sentnob,25
sentnob,16
sentnob,93
sentnob,66
sentnob,56
sentnob,88
sentnob,95
sentnob,49
sentnob,16
sentnob,30
sentnob,48
sentnob,20
sentnob,79
sentnob,83
sentnob,47
sentnob,54
sentnob,130
sentnob,163
sentnob,34
sentnob,21
sentnob,27
sentnob,16
sentnob,16
sentnob,27
sentnob,182
sentnob,34
sentnob,156
sentnob,51
sentnob,39
sentnob,58
sentnob,37
sentnob,143
sentnob,21
sentnob,36
sentnob,33
sentnob,53
sentnob,83
sentnob,126
sentnob,57
sentnob,26
sentnob,71
sentnob,25
sentnob,27
sentnob,16
sentnob,82
sentnob,79
sentnob,123
sentnob,121
sentnob,48
sentnob,86
sentnob,25
sentnob,40
sentnob,39
sentnob,149
sentnob,34
sentnob,103
sentnob,42
sentnob,22
sentnob,53
sentnob,41
sentnob,19
sentnob,166
sentnob,35
sentnob,54
sentnob,18
sentnob,16
sentnob,26
sentnob,37
sentnob,26
sentnob,72
sentnob,61
sentnob,112
sentnob,84
sentnob,65
sentnob,19
sentnob,138
sentnob,23
sentnob,52
sentnob,52
sentnob,59
sentnob,56
sentnob,18
sentnob,51
sentnob,18
sentnob,26
sentnob,93
sentnob,20
sentnob,22
sentnob,75
sentnob,20
sentnob,27
sentnob,90
sentnob,48
sentnob,15
sentnob,25
sentnob,68
sentnob,146
sentnob,91
sentnob,25
sentnob,104
sentnob,48
sentnob,29
sentnob,136
sentnob,33
sentnob,70
sentnob,21
sentnob,131
sentnob,19
sentnob,66
sentnob,33
sentnob,35
sentnob,61
sentnob,99
sentnob,28
sentnob,61
sentnob,38
sentnob,24
sentnob,37
sentnob,27
sentnob,88
sentnob,76
sentnob,22
sentnob,37
sentnob,21
sentnob,117
sentnob,69
sentnob,44
sentnob,58
sentnob,29
sentnob,81
sentnob,49
sentnob,46
sentnob,40
sentnob,20
sentnob,51
sentnob,35
sentnob,41
sentnob,21
sentnob,50
sentnob,45
sentnob,107
sentnob,17
sentnob,164
sentnob,42
sentnob,78
sentnob,86
sentnob,106
sentnob,101
sentnob,37
sentnob,73
sentnob,54
sentnob,105
sentnob,71
sentnob,26
sentnob,13
sentnob,95
sentnob,89
sentnob,51
sentnob,17
sentnob,20
sentnob,38
sentnob,38
sentnob,31
sentnob,47
sentnob,38
sentnob,91
sentnob,17
sentnob,112
sentnob,36
sentnob,79
sentnob,67
sentnob,39
sentnob,58
sentnob,19
sentnob,79
sentnob,32
sentnob,23
sentnob,21
sentnob,38
sentnob,53
sentnob,40
sentnob,21
sentnob,112
sentnob,23
sentnob,45
sentnob,19
sentnob,18
sentnob,117
sentnob,22
sentnob,31
sentnob,18
sentnob,48
sentnob,76
sentnob,27
sentnob,148
sentnob,85
sentnob,33
sentnob,28
sentnob,53
sentnob,67
sentnob,17
sentnob,97
sentnob,29
sentnob,16
sentnob,28
sentnob,59
sentnob,31
sentnob,34
sentnob,83
sentnob,16
sentnob,26
sentnob,21
sentnob,141
sentnob,73
sentnob,21
sentnob,31
sentnob,53
sentnob,22
sentnob,28
sentnob,67
sentnob,79
sentnob,45
sentnob,40
sentnob,34
sentnob,99
sentnob,130
sentnob,73
sentnob,16
sentnob,17
sentnob,62
sentnob,24
sentnob,55
sentnob,48
sentnob,27
sentnob,120
sentnob,21
sentnob,53
sentnob,64
sentnob,58
sentnob,48
sentnob,31
sentnob,52
sentnob,10
sentnob,30
sentnob,26
sentnob,22
sentnob,18
sentnob,55
sentnob,91
sentnob,21
sentnob,85
sentnob,45
sentnob,109
sentnob,56
sentnob,39
sentnob,59
sentnob,42
sentnob,39
sentnob,115
sentnob,29
sentnob,43
sentnob,150
sentnob,23
sentnob,80
sentnob,92
sentnob,26
sentnob,40
sentnob,34
sentnob,39
sentnob,49
sentnob,35
sentnob,16
sentnob,60
sentnob,82
sentnob,54
sentnob,138
sentnob,44
sentnob,33
sentnob,19
sentnob,17
sentnob,23
sentnob,87
sentnob,18
sentnob,26
sentnob,79
sentnob,135
sentnob,46
sentnob,33
sentnob,33
sentnob,213
sentnob,51
sentnob,21
sentnob,31
sentnob,74
sentnob,41
sentnob,46
sentnob,72
sentnob,137
sentnob,98
sentnob,72
sentnob,52
sentnob,84
sentnob,17
sentnob,25
sentnob,66
sentnob,42
sentnob,52
sentnob,24
sentnob,20
sentnob,54
sentnob,77
sentnob,82
sentnob,24
sentnob,49
sentnob,26
sentnob,72
sentnob,29
sentnob,20
sentnob,28
sentnob,34
sentnob,38
sentnob,80
sentnob,20
sentnob,49
sentnob,125
sentnob,67
sentnob,100
sentnob,87
sentnob,29
sentnob,29
sentnob,76
sentnob,20
sentnob,103
sentnob,98
sentnob,67
sentnob,46
sentnob,129
sentnob,50
sentnob,22
sentnob,17
sentnob,25
sentnob,25
sentnob,74
sentnob,80
sentnob,19
sentnob,28
sentnob,103
sentnob,106
sentnob,16
sentnob,39
sentnob,23
sentnob,38
sentnob,38
sentnob,29
sentnob,64
sentnob,21
sentnob,82
sentnob,24
sentnob,57
sentnob,19
sentnob,40
sentnob,21
sentnob,25
sentnob,32
sentnob,90
sentnob,71
sentnob,94
sentnob,44
sentnob,70
sentnob,44
sentnob,24
sentnob,23
sentnob,93
sentnob,40
sentnob,42
sentnob,51
sentnob,47
sentnob,23
sentnob,67
sentnob,41
sentnob,29
sentnob,43
sentnob,25
sentnob,94
sentnob,43
sentnob,53
sentnob,55
sentnob,89
sentnob,29
sentnob,46
sentnob,98
sentnob,64
sentnob,52
sentnob,43
sentnob,33
sentnob,157
sentnob,21
sentnob,20
sentnob,32
sentnob,40
sentnob,64
sentnob,34
sentnob,95
sentnob,88
sentnob,44
sentnob,26
sentnob,20
sentnob,59
sentnob,65
sentnob,90
sentnob,35
sentnob,66
sentnob,42
sentnob,117
sentnob,40
sentnob,37
sentnob,145
sentnob,18
sentnob,133
sentnob,19
sentnob,114
sentnob,33
sentnob,59
sentnob,22
sentnob,59
sentnob,115
sentnob,172
sentnob,28
sentnob,26
sentnob,63
sentnob,77
sentnob,67
sentnob,22
sentnob,47
sentnob,21
sentnob,55
sentnob,78
sentnob,37
sentnob,76
sentnob,29
sentnob,151
sentnob,105
sentnob,77
sentnob,70
sentnob,39
sentnob,50
sentnob,63
sentnob,66
sentnob,57
sentnob,51
sentnob,54
sentnob,19
sentnob,53
sentnob,28
sentnob,34
sentnob,34
sentnob,19
sentnob,45
sentnob,47
sentnob,19
sentnob,31
sentnob,53
sentnob,40
sentnob,75
sentnob,37
sentnob,63
sentnob,31
sentnob,32
sentnob,30
sentnob,38
sentnob,108
sentnob,27
sentnob,58
sentnob,80
sentnob,26
sentnob,83
sentnob,82
sentnob,114
sentnob,54
sentnob,38
sentnob,54
sentnob,33
sentnob,21
sentnob,34
sentnob,54
sentnob,18
sentnob,47
sentnob,25
sentnob,24
sentnob,40
sentnob,52
sentnob,22
sentnob,43
sentnob,31
sentnob,101
sentnob,36
sentnob,70
sentnob,18
sentnob,31
sentnob,24
sentnob,25
sentnob,24
sentnob,41
sentnob,24
sentnob,30
sentnob,17
sentnob,55
sentnob,16
sentnob,104
sentnob,52
sentnob,64
sentnob,48
sentnob,100
sentnob,45
sentnob,93
sentnob,74
sentnob,20
sentnob,62
sentnob,30
sentnob,120
sentnob,32
sentnob,67
sentnob,34
sentnob,72
sentnob,21
sentnob,44
sentnob,47
sentnob,132
sentnob,159
sentnob,67
sentnob,18
sentnob,30
sentnob,22
sentnob,50
sentnob,25
sentnob,131
sentnob,59
sentnob,18
sentnob,116
sentnob,45
sentnob,39
sentnob,20
sentnob,41
sentnob,24
sentnob,90
sentnob,21
sentnob,50
sentnob,45
sentnob,25
sentnob,20
sentnob,80
sentnob,83
sentnob,73
sentnob,74
sentnob,24
sentnob,26
sentnob,45
sentnob,56
sentnob,19
sentnob,39
sentnob,21
sentnob,27
sentnob,23
sentnob,24
sentnob,120
sentnob,65
sentnob,30
sentnob,25
sentnob,70
sentnob,114
sentnob,45
sentnob,139
sentnob,62
sentnob,50
sentnob,26
sentnob,91
sentnob,19
sentnob,64
sentnob,79
sentnob,30
sentnob,64
sentnob,57
sentnob,54
sentnob,97
sentnob,32
sentnob,23
sentnob,93
sentnob,29
sentnob,16
sentnob,139
sentnob,52
sentnob,24
sentnob,126
sentnob,60
sentnob,21
sentnob,65
sentnob,34
sentnob,132
sentnob,77
sentnob,111
sentnob,33
sentnob,60
sentnob,44
sentnob,74
sentnob,94
sentnob,16
sentnob,16
sentnob,33
sentnob,27
sentnob,90
sentnob,91
sentnob,31
sentnob,100
sentnob,37
sentnob,29
sentnob,33
sentnob,40
sentnob,128
sentnob,97
sentnob,32
sentnob,21
sentnob,46
sentnob,97
sentnob,18
sentnob,35
sentnob,55
sentnob,123
sentnob,85
sentnob,63
sentnob,83
sentnob,17
sentnob,24
sentnob,28
sentnob,40
sentnob,20
sentnob,20
sentnob,66
sentnob,70
sentnob,36
sentnob,27
sentnob,85
sentnob,22
sentnob,47
sentnob,59
sentnob,93
sentnob,56
sentnob,54
sentnob,43
sentnob,89
sentnob,17
sentnob,53
sentnob,35
sentnob,59
sentnob,56
sentnob,15
sentnob,84
sentnob,24
sentnob,30
sentnob,58
sentnob,103
sentnob,21
sentnob,33
sentnob,52
sentnob,73
sentnob,26
sentnob,20
sentnob,116
sentnob,54
sentnob,71
sentnob,21
sentnob,50
sentnob,37
sentnob,22
sentnob,89
sentnob,23
sentnob,31
sentnob,18
sentnob,16
sentnob,72
sentnob,102
sentnob,135
sentnob,23
sentnob,53
sentnob,15
sentnob,26
sentnob,55
sentnob,130
sentnob,46
sentnob,41
sentnob,42
sentnob,57
sentnob,75
sentnob,64
sentnob,74
sentnob,23
sentnob,84
sentnob,22
sentnob,21
sentnob,137
sentnob,28
sentnob,19
sentnob,76
sentnob,17
sentnob,22
sentnob,48
sentnob,65
sentnob,46
sentnob,60
sentnob,81
sentnob,43
sentnob,51
sentnob,54
sentnob,49
sentnob,58
sentnob,22
sentnob,41
sentnob,67
sentnob,31
sentnob,25
sentnob,46
sentnob,28
sentnob,34
sentnob,19
sentnob,27
sentnob,35
sentnob,34
sentnob,46
sentnob,85
sentnob,131
sentnob,46
sentnob,46
sentnob,66
sentnob,66
sentnob,40
sentnob,47
sentnob,61
sentnob,73
sentnob,42
sentnob,20
sentnob,16
sentnob,54
sentnob,29
sentnob,200
sentnob,31
sentnob,36
sentnob,38
sentnob,81
sentnob,50
sentnob,20
sentnob,23
sentnob,113
sentnob,74
sentnob,150
sentnob,94
sentnob,51
sentnob,34
sentnob,75
sentnob,53
sentnob,25
sentnob,124
sentnob,128
sentnob,37
sentnob,148
sentnob,22
sentnob,89
sentnob,27
sentnob,22
sentnob,21
sentnob,71
sentnob,33
sentnob,48
sentnob,72
sentnob,34
sentnob,80
sentnob,38
sentnob,71
sentnob,17
sentnob,29
sentnob,30
sentnob,46
sentnob,54
sentnob,14
sentnob,28
sentnob,43
sentnob,55
sentnob,60
sentnob,30
sentnob,18
sentnob,37
sentnob,35
sentnob,157
sentnob,25
sentnob,96
sentnob,98
sentnob,71
sentnob,24
sentnob,90
sentnob,39
sentnob,48
sentnob,97
sentnob,53
sentnob,22
sentnob,43
sentnob,40
sentnob,54
sentnob,52
sentnob,58
sentnob,71
sentnob,55
sentnob,25
sentnob,85
sentnob,16
sentnob,41
sentnob,21
sentnob,64
sentnob,20
sentnob,40
sentnob,24
sentnob,31
sentnob,31
sentnob,33
sentnob,37
sentnob,81
sentnob,40
sentnob,55
sentnob,38
sentnob,89
sentnob,31
sentnob,28
sentnob,32
sentnob,42
sentnob,84
sentnob,90
sentnob,26
sentnob,33
sentnob,89
sentnob,76
sentnob,22
sentnob,22
sentnob,21
sentnob,42
sentnob,79
sentnob,31
sentnob,44
sentnob,66
sentnob,26
sentnob,71
sentnob,84
sentnob,30
sentnob,59
sentnob,128
sentnob,30
sentnob,145
sentnob,154
sentnob,68
sentnob,27
sentnob,19
sentnob,26
sentnob,43
sentnob,40
sentnob,39
sentnob,50
sentnob,40
sentnob,66
sentnob,34
sentnob,61
sentnob,59
sentnob,32
sentnob,29
sentnob,156
sentnob,30
sentnob,42
sentnob,37
sentnob,24
sentnob,30
sentnob,38
sentnob,26
sentnob,146
sentnob,16
sentnob,115
sentnob,49
sentnob,71
sentnob,21
sentnob,59
sentnob,29
sentnob,41
sentnob,86
sentnob,32
sentnob,123
sentnob,57
sentnob,51
sentnob,174
sentnob,60
sentnob,21
sentnob,39
sentnob,19
sentnob,30
sentnob,22
sentnob,24
sentnob,36
sentnob,44
sentnob,56
sentnob,38
sentnob,131
sentnob,22
sentnob,51
sentnob,45
sentnob,50
sentnob,70
sentnob,127
sentnob,53
sentnob,33
sentnob,108
sentnob,31
sentnob,23
sentnob,68
sentnob,52
sentnob,65
sentnob,28
sentnob,29
sentnob,111
sentnob,54
sentnob,170
sentnob,23
sentnob,103
sentnob,41
sentnob,36
sentnob,98
sentnob,51
sentnob,57
sentnob,53
sentnob,106
sentnob,58
sentnob,16
sentnob,49
sentnob,86
sentnob,47
sentnob,24
sentnob,65
sentnob,36
sentnob,61
sentnob,170
sentnob,48
sentnob,25
sentnob,34
sentnob,37
sentnob,129
sentnob,22
sentnob,46
sentnob,44
sentnob,42
sentnob,18
sentnob,40
sentnob,39
sentnob,50
sentnob,14
sentnob,119
sentnob,43
sentnob,21
sentnob,29
sentnob,36
sentnob,31
sentnob,51
sentnob,105
sentnob,37
sentnob,45
sentnob,36
sentnob,59
sentnob,77
sentnob,24
sentnob,99
sentnob,142
sentnob,20
sentnob,37
sentnob,31
sentnob,22
sentnob,29
sentnob,34
sentnob,20
sentnob,24
sentnob,30
sentnob,49
sentnob,69
sentnob,34
sentnob,72
sentnob,25
sentnob,29
sentnob,39
sentnob,36
sentnob,58
sentnob,18
sentnob,36
sentnob,41
sentnob,28
sentnob,83
sentnob,36
sentnob,38
sentnob,21
sentnob,18
sentnob,44
sentnob,45
sentnob,36
sentnob,101
sentnob,29
sentnob,42
sentnob,25
sentnob,37
sentnob,143
sentnob,33
sentnob,34
sentnob,68
sentnob,64
sentnob,18
sentnob,103
sentnob,48
sentnob,21
sentnob,110
sentnob,71
sentnob,46
sentnob,39
sentnob,51
sentnob,23
sentnob,32
sentnob,17
sentnob,53
sentnob,39
sentnob,64
sentnob,153
sentnob,86
sentnob,66
sentnob,16
sentnob,20
sentnob,38
sentnob,24
sentnob,25
sentnob,53
sentnob,25
sentnob,86
sentnob,33
sentnob,75
sentnob,127
sentnob,112
sentnob,18
sentnob,24
sentnob,34
sentnob,45
sentnob,47
sentnob,79
sentnob,22
sentnob,42
sentnob,16
sentnob,32
sentnob,26
sentnob,24
sentnob,26
sentnob,86
sentnob,67
sentnob,54
sentnob,42
sentnob,22
sentnob,23
sentnob,24
sentnob,99
sentnob,36
sentnob,58
sentnob,71
sentnob,55
sentnob,26
sentnob,34
sentnob,64
sentnob,38
sentnob,30
sentnob,103
sentnob,106
sentnob,28
sentnob,43
sentnob,166
sentnob,88
sentnob,57
sentnob,31
sentnob,18
sentnob,52
sentnob,27
sentnob,27
sentnob,43
sentnob,16
sentnob,43
sentnob,133
sentnob,31
sentnob,39
sentnob,147
sentnob,136
sentnob,49
sentnob,14
sentnob,70
sentnob,75
sentnob,33
sentnob,28
sentnob,79
sentnob,175
sentnob,65
sentnob,72
sentnob,19
sentnob,20
sentnob,47
sentnob,19
sentnob,122
sentnob,30
sentnob,54
sentnob,98
sentnob,28
sentnob,166
sentnob,54
sentnob,84
sentnob,54
sentnob,35
sentnob,61
sentnob,40
sentnob,31
sentnob,68
sentnob,15
sentnob,49
sentnob,32
sentnob,47
sentnob,58
sentnob,64
sentnob,21
sentnob,43
sentnob,18
sentnob,22
sentnob,24
sentnob,23
sentnob,73
sentnob,10
sentnob,54
sentnob,18
sentnob,34
sentnob,40
sentnob,29
sentnob,63
sentnob,65
sentnob,71
sentnob,41
sentnob,38
sentnob,35
sentnob,75
sentnob,44
sentnob,19
sentnob,16
sentnob,47
sentnob,67
sentnob,16
sentnob,26
sentnob,49
sentnob,47
sentnob,55
sentnob,40
sentnob,52
sentnob,19
sentnob,116
sentnob,62
sentnob,47
sentnob,65
sentnob,51
sentnob,52
sentnob,34
sentnob,38
sentnob,58
sentnob,85
sentnob,11
sentnob,35
sentnob,24
sentnob,16
sentnob,36
sentnob,133
sentnob,93
sentnob,16
sentnob,132
sentnob,55
sentnob,49
sentnob,103
sentnob,77
sentnob,29
sentnob,98
sentnob,75
sentnob,88
sentnob,100
sentnob,27
sentnob,17
sentnob,147
sentnob,63
sentnob,96
sentnob,99
sentnob,63
sentnob,84
sentnob,37
sentnob,16
sentnob,21
sentnob,105
sentnob,67
sentnob,132
sentnob,26
sentnob,24
sentnob,56
sentnob,32
sentnob,34
sentnob,33
sentnob,58
sentnob,18
sentnob,22
sentnob,56
sentnob,26
sentnob,28
sentnob,151
sentnob,137
sentnob,41
sentnob,91
sentnob,148
sentnob,42
sentnob,18
sentnob,62
sentnob,18
sentnob,26
sentnob,100
sentnob,19
sentnob,37
sentnob,44
sentnob,206
sentnob,50
sentnob,39
sentnob,36
sentnob,32
sentnob,39
sentnob,76
sentnob,25
sentnob,45
sentnob,29
sentnob,40
sentnob,111
sentnob,84
sentnob,28
sentnob,25
sentnob,151
sentnob,34
sentnob,67
sentnob,46
sentnob,29
sentnob,150
sentnob,49
sentnob,90
sentnob,27
sentnob,124
sentnob,24
sentnob,53
sentnob,53
sentnob,41
sentnob,36
sentnob,34
sentnob,41
sentnob,32
sentnob,36
sentnob,33
sentnob,14
sentnob,45
sentnob,48
sentnob,17
sentnob,67
sentnob,55
sentnob,120
sentnob,49
sentnob,90
sentnob,19
sentnob,22
sentnob,120
sentnob,72
sentnob,24
sentnob,61
sentnob,22
sentnob,83
sentnob,19
sentnob,60
sentnob,46
sentnob,26
sentnob,34
sentnob,33
sentnob,25
sentnob,37
sentnob,57
sentnob,51
sentnob,20
sentnob,62
sentnob,21
sentnob,20
sentnob,105
sentnob,103
sentnob,31
sentnob,53
sentnob,27
sentnob,62
sentnob,21
sentnob,17
sentnob,92
sentnob,109
sentnob,19
sentnob,30
sentnob,26
sentnob,17
sentnob,40
sentnob,90
sentnob,55
sentnob,97
sentnob,16
sentnob,42
sentnob,37
sentnob,30
sentnob,96
sentnob,45
sentnob,64
sentnob,27
sentnob,24
sentnob,55
sentnob,39
sentnob,16
sentnob,62
sentnob,64
sentnob,39
sentnob,99
sentnob,28
sentnob,50
sentnob,34
sentnob,71
sentnob,114
sentnob,32
sentnob,48
sentnob,73
sentnob,31
sentnob,84
sentnob,52
sentnob,101
sentnob,33
sentnob,100
sentnob,23
sentnob,48
sentnob,94
sentnob,39
sentnob,41
sentnob,62
sentnob,135
sentnob,72
sentnob,22
sentnob,146
sentnob,70
sentnob,27
sentnob,38
sentnob,79
sentnob,33
sentnob,148
sentnob,55
sentnob,127
sentnob,148
sentnob,117
sentnob,28
sentnob,35
sentnob,28
sentnob,76
sentnob,34
sentnob,56
sentnob,107
sentnob,51
sentnob,53
sentnob,34
sentnob,74
sentnob,133
sentnob,45
sentnob,26
sentnob,42
sentnob,43
sentnob,90
sentnob,159
sentnob,66
sentnob,49
sentnob,73
sentnob,79
sentnob,73
sentnob,21
sentnob,34
sentnob,22
sentnob,101
sentnob,32
sentnob,42
sentnob,135
sentnob,88
sentnob,93
sentnob,32
sentnob,27
sentnob,86
sentnob,27
sentnob,16
sentnob,96
sentnob,55
sentnob,83
sentnob,31
sentnob,18
sentnob,50
sentnob,18
sentnob,74
sentnob,53
sentnob,83
sentnob,30
sentnob,153
sentnob,47
sentnob,40
sentnob,36
sentnob,25
sentnob,70
sentnob,141
sentnob,43
sentnob,34
sentnob,27
sentnob,38
sentnob,104
sentnob,14
sentnob,58
sentnob,38
sentnob,47
sentnob,53
sentnob,56
sentnob,21
sentnob,99
sentnob,31
sentnob,22
sentnob,72
sentnob,63
sentnob,25
sentnob,25
sentnob,125
sentnob,20
sentnob,46
sentnob,77
sentnob,53
sentnob,20
sentnob,29
sentnob,53
sentnob,32
sentnob,22
sentnob,138
sentnob,34
sentnob,54
sentnob,32
sentnob,20
sentnob,98
sentnob,36
sentnob,29
sentnob,24
sentnob,17
sentnob,42
sentnob,87
sentnob,29
sentnob,26
sentnob,23
sentnob,45
sentnob,36
sentnob,68
sentnob,43
sentnob,97
sentnob,24
sentnob,117
sentnob,121
sentnob,19
sentnob,63
sentnob,48
sentnob,48
sentnob,26
sentnob,41
sentnob,20
sentnob,58
sentnob,37
sentnob,39
sentnob,97
sentnob,40
sentnob,31
sentnob,72
sentnob,49
sentnob,50
sentnob,49
sentnob,27
sentnob,24
sentnob,79
sentnob,98
sentnob,60
sentnob,30
sentnob,35
sentnob,139
sentnob,54
sentnob,34
sentnob,35
sentnob,47
sentnob,33
sentnob,32
sentnob,52
sentnob,161
sentnob,69
sentnob,176
sentnob,30
sentnob,60
sentnob,74
sentnob,20
sentnob,14
sentnob,51
sentnob,96
sentnob,18
sentnob,22
sentnob,25
sentnob,53
sentnob,24
sentnob,18
sentnob,62
sentnob,22
sentnob,20
sentnob,46
sentnob,19
sentnob,77
sentnob,94
sentnob,26
sentnob,41
sentnob,22
sentnob,58
sentnob,136
sentnob,63
sentnob,67
sentnob,57
sentnob,21
sentnob,80
sentnob,33
sentnob,49
sentnob,47
sentnob,38
sentnob,66
sentnob,37
sentnob,23
sentnob,44
sentnob,65
sentnob,55
sentnob,35
sentnob,164
sentnob,37
sentnob,35
sentnob,42
sentnob,85
sentnob,66
sentnob,39
sentnob,33
sentnob,34
sentnob,45
sentnob,32
sentnob,75
sentnob,27
sentnob,125
sentnob,37
sentnob,51
sentnob,136
sentnob,21
sentnob,39
sentnob,42
sentnob,33
sentnob,14
sentnob,111
sentnob,58
sentnob,46
sentnob,118
sentnob,49
sentnob,28
sentnob,63
sentnob,66
sentnob,48
sentnob,20
sentnob,38
sentnob,57
sentnob,28
sentnob,33
sentnob,27
sentnob,129
sentnob,88
sentnob,72
sentnob,82
sentnob,28
sentnob,48
sentnob,38
sentnob,104
sentnob,20
sentnob,32
sentnob,17
sentnob,75
sentnob,33
sentnob,18
sentnob,52
sentnob,35
sentnob,30
sentnob,49
sentnob,16
sentnob,40
sentnob,38
sentnob,32
sentnob,32
sentnob,79
sentnob,64
sentnob,41
sentnob,47
sentnob,72
sentnob,66
sentnob,102
sentnob,20
sentnob,104
sentnob,45
sentnob,21
sentnob,19
sentnob,47
sentnob,24
sentnob,90
sentnob,33
sentnob,46
sentnob,34
sentnob,28
sentnob,59
sentnob,48
sentnob,42
sentnob,19
sentnob,51
sentnob,30
sentnob,125
sentnob,22
sentnob,39
sentnob,35
sentnob,45
sentnob,42
sentnob,26
sentnob,23
sentnob,117
sentnob,29
sentnob,60
sentnob,79
sentnob,31
sentnob,58
sentnob,132
sentnob,47
sentnob,39
sentnob,25
sentnob,15
sentnob,42
sentnob,37
sentnob,84
sentnob,95
sentnob,86
sentnob,55
sentnob,17
sentnob,20
sentnob,17
sentnob,36
sentnob,157
sentnob,80
sentnob,53
sentnob,36
sentnob,39
sentnob,15
sentnob,47
sentnob,41
sentnob,25
sentnob,53
sentnob,44
sentnob,34
sentnob,21
sentnob,72
sentnob,98
sentnob,63
sentnob,110
sentnob,65
sentnob,24
sentnob,163
sentnob,72
sentnob,107
sentnob,41
sentnob,94
sentnob,53
sentnob,62
sentnob,65
sentnob,80
sentnob,28
sentnob,36
sentnob,26
sentnob,103
sentnob,50
sentnob,21
sentnob,19
sentnob,20
sentnob,91
sentnob,18
sentnob,20
sentnob,99
sentnob,22
sentnob,44
sentnob,42
sentnob,30
sentnob,66
sentnob,114
sentnob,25
sentnob,20
sentnob,28
sentnob,59
sentnob,66
sentnob,36
sentnob,25
sentnob,72
sentnob,175
sentnob,30
sentnob,42
sentnob,43
sentnob,59
sentnob,31
sentnob,26
sentnob,23
sentnob,57
sentnob,25
sentnob,51
sentnob,75
sentnob,21
sentnob,14
sentnob,50
sentnob,65
sentnob,41
sentnob,40
sentnob,96
sentnob,76
sentnob,85
sentnob,46
sentnob,70
sentnob,22
sentnob,75
sentnob,25
sentnob,43
sentnob,41
sentnob,37
sentnob,34
sentnob,33
sentnob,52
sentnob,71
sentnob,46
sentnob,34
sentnob,28
sentnob,51
sentnob,30
sentnob,44
sentnob,18
sentnob,40
sentnob,20
sentnob,29
sentnob,78
sentnob,108
sentnob,75
sentnob,65
sentnob,31
sentnob,41
sentnob,74
sentnob,41
sentnob,28
sentnob,24
sentnob,78
sentnob,19
sentnob,74
sentnob,77
sentnob,31
sentnob,36
sentnob,96
sentnob,25
sentnob,73
sentnob,88
sentnob,68
sentnob,26
sentnob,103
sentnob,25
sentnob,17
sentnob,42
sentnob,40
sentnob,55
sentnob,44
sentnob,31
sentnob,26
sentnob,32
sentnob,19
sentnob,24
sentnob,17
sentnob,37
sentnob,37
sentnob,49
sentnob,149
sentnob,80
sentnob,57
sentnob,131
sentnob,28
sentnob,70
sentnob,35
sentnob,36
sentnob,22
sentnob,29
sentnob,59
sentnob,18
sentnob,67
sentnob,17
sentnob,80
sentnob,67
sentnob,21
sentnob,28
sentnob,43
sentnob,27
sentnob,25
sentnob,67
sentnob,48
sentnob,47
sentnob,40
sentnob,47
sentnob,59
sentnob,37
sentnob,52
sentnob,67
sentnob,16
sentnob,76
sentnob,46
sentnob,45
sentnob,37
sentnob,50
sentnob,151
sentnob,49
sentnob,44
sentnob,17
sentnob,83
sentnob,53
sentnob,52
sentnob,38
sentnob,68
sentnob,71
sentnob,67
sentnob,56
sentnob,20
sentnob,19
sentnob,23
sentnob,82
sentnob,118
sentnob,136
sentnob,35
sentnob,18
sentnob,68
sentnob,32
sentnob,41
sentnob,81
sentnob,18
sentnob,44
sentnob,92
sentnob,72
sentnob,87
sentnob,40
sentnob,34
sentnob,59
sentnob,49
sentnob,43
sentnob,17
sentnob,34
sentnob,81
sentnob,77
sentnob,98
sentnob,46
sentnob,101
sentnob,160
sentnob,60
sentnob,27
sentnob,40
sentnob,116
sentnob,147
sentnob,38
sentnob,72
sentnob,36
sentnob,83
sentnob,70
sentnob,86
sentnob,41
sentnob,22
sentnob,38
sentnob,54
sentnob,47
sentnob,21
sentnob,11
sentnob,28
sentnob,21
sentnob,58
sentnob,104
sentnob,32
sentnob,46
sentnob,42
sentnob,38
sentnob,55
sentnob,18
sentnob,68
sentnob,27
sentnob,57
sentnob,43
sentnob,14
sentnob,34
sentnob,26
sentnob,20
sentnob,18
sentnob,97
sentnob,65
sentnob,18
sentnob,26
sentnob,43
sentnob,17
sentnob,22
sentnob,45
sentnob,78
sentnob,152
sentnob,10
sentnob,54
sentnob,27
sentnob,78
sentnob,24
sentnob,34
sentnob,70
sentnob,86
sentnob,99
sentnob,166
sentnob,71
sentnob,76
sentnob,31
sentnob,64
sentnob,50
sentnob,29
sentnob,24
sentnob,50
sentnob,35
sentnob,68
sentnob,14
sentnob,69
sentnob,43
sentnob,77
sentnob,93
sentnob,56
sentnob,164
sentnob,30
sentnob,21
sentnob,163
sentnob,82
sentnob,30
sentnob,30
sentnob,128
sentnob,32
sentnob,53
sentnob,50
sentnob,20
sentnob,49
sentnob,40
sentnob,70
sentnob,51
sentnob,31
sentnob,123
sentnob,50
sentnob,33
sentnob,44
sentnob,44
sentnob,148
sentnob,77
sentnob,54
sentnob,38
sentnob,23
sentnob,91
sentnob,41
sentnob,21
sentnob,38
sentnob,74
sentnob,36
sentnob,114
sentnob,74
sentnob,115
sentnob,73
sentnob,43
sentnob,30
sentnob,61
sentnob,42
sentnob,18
sentnob,56
sentnob,56
sentnob,75
sentnob,49
sentnob,166
sentnob,49
sentnob,122
sentnob,38
sentnob,26
sentnob,22
sentnob,27
sentnob,28
sentnob,49
sentnob,84
sentnob,21
sentnob,129
sentnob,90
sentnob,141
sentnob,18
sentnob,16
sentnob,42
sentnob,32
sentnob,28
sentnob,67
sentnob,140
sentnob,58
sentnob,49
sentnob,15
sentnob,22
sentnob,91
sentnob,63
sentnob,133
sentnob,45
sentnob,17
sentnob,26
sentnob,38
sentnob,18
sentnob,16
sentnob,26
sentnob,54
sentnob,20
sentnob,44
sentnob,32
sentnob,48
sentnob,28
sentnob,120
sentnob,52
sentnob,49
sentnob,59
sentnob,149
sentnob,32
sentnob,58
sentnob,58
sentnob,43
sentnob,52
sentnob,45
sentnob,115
sentnob,175
sentnob,52
sentnob,23
sentnob,25
sentnob,90
sentnob,30
sentnob,61
sentnob,19
sentnob,105
sentnob,127
sentnob,66
sentnob,33
sentnob,35
sentnob,41
sentnob,36
sentnob,34
sentnob,28
sentnob,44
sentnob,30
sentnob,51
sentnob,51
sentnob,35
sentnob,40
sentnob,70
sentnob,45
sentnob,37
sentnob,31
sentnob,27
sentnob,23
sentnob,55
sentnob,18
sentnob,26
sentnob,16
sentnob,21
sentnob,118
sentnob,150
sentnob,46
sentnob,38
sentnob,41
sentnob,114
sentnob,30
sentnob,40
sentnob,35
sentnob,30
sentnob,45
sentnob,28
sentnob,31
sentnob,34
sentnob,75
sentnob,31
sentnob,89
sentnob,25
sentnob,64
sentnob,72
sentnob,82
sentnob,24
sentnob,49
sentnob,21
sentnob,34
sentnob,58
sentnob,135
sentnob,23
sentnob,29
sentnob,119
sentnob,33
sentnob,17
sentnob,171
sentnob,41
sentnob,43
sentnob,47
sentnob,26
sentnob,19
sentnob,15
sentnob,22
sentnob,94
sentnob,68
sentnob,176
sentnob,33
sentnob,59
sentnob,61
sentnob,32
sentnob,161
sentnob,161
sentnob,153
sentnob,36
sentnob,15
sentnob,24
sentnob,16
sentnob,65
sentnob,22
sentnob,28
sentnob,48
sentnob,152
sentnob,30
sentnob,27
sentnob,25
sentnob,18
sentnob,17
sentnob,20
sentnob,38
sentnob,150
sentnob,56
sentnob,42
sentnob,70
sentnob,27
sentnob,24
sentnob,28
sentnob,67
sentnob,42
sentnob,36
sentnob,19
sentnob,122
sentnob,149
sentnob,39
sentnob,46
sentnob,80
sentnob,24
sentnob,56
sentnob,21
sentnob,37
sentnob,36
sentnob,39
sentnob,20
sentnob,49
sentnob,30
sentnob,27
sentnob,62
sentnob,25
sentnob,78
sentnob,34
sentnob,41
sentnob,96
sentnob,117
sentnob,32
sentnob,57
sentnob,93
sentnob,157
sentnob,30
sentnob,117
sentnob,22
sentnob,52
sentnob,98
sentnob,34
sentnob,22
sentnob,30
sentnob,19
sentnob,34
sentnob,43
sentnob,20
sentnob,21
sentnob,60
sentnob,37
sentnob,147
sentnob,18
sentnob,28
sentnob,24
sentnob,9
sentnob,20
sentnob,38
sentnob,159
sentnob,114
sentnob,27
sentnob,37
sentnob,79
sentnob,29
sentnob,16
sentnob,32
sentnob,33
sentnob,22
sentnob,21
sentnob,23
sentnob,21
sentnob,30
sentnob,20
sentnob,49
sentnob,24
sentnob,29
sentnob,25
sentnob,27
sentnob,83
sentnob,30
sentnob,52
sentnob,22
sentnob,78
sentnob,43
sentnob,32
sentnob,32
sentnob,66
sentnob,70
sentnob,38
sentnob,19
sentnob,18
sentnob,27
sentnob,18
sentnob,42
sentnob,22
sentnob,32
sentnob,66
sentnob,28
sentnob,47
sentnob,51
sentnob,58
sentnob,24
sentnob,65
sentnob,71
sentnob,119
sentnob,28
sentnob,91
sentnob,26
sentnob,16
sentnob,141
sentnob,52
sentnob,50
sentnob,103
sentnob,82
sentnob,53
sentnob,19
sentnob,60
sentnob,24
sentnob,31
sentnob,95
sentnob,131
sentnob,19
sentnob,163
sentnob,51
sentnob,25
sentnob,80
sentnob,65
sentnob,95
sentnob,75
sentnob,22
sentnob,32
sentnob,37
sentnob,40
sentnob,28
sentnob,63
sentnob,60
sentnob,66
sentnob,136
sentnob,51
sentnob,25
sentnob,25
sentnob,42
sentnob,183
sentnob,32
sentnob,83
sentnob,24
sentnob,35
sentnob,38
sentnob,165
sentnob,57
sentnob,48
sentnob,45
sentnob,13
sentnob,34
sentnob,18
sentnob,49
sentnob,135
sentnob,25
sentnob,60
sentnob,118
sentnob,41
sentnob,28
sentnob,18
sentnob,32
sentnob,52
sentnob,160
sentnob,50
sentnob,29
sentnob,22
sentnob,26
sentnob,25
sentnob,78
sentnob,19
sentnob,26
sentnob,70
sentnob,35
sentnob,62
sentnob,74
sentnob,31
sentnob,17
sentnob,180
sentnob,19
sentnob,107
sentnob,23
sentnob,23
sentnob,24
sentnob,103
sentnob,18
sentnob,46
sentnob,29
sentnob,30
sentnob,28
sentnob,92
sentnob,15
sentnob,31
sentnob,77
sentnob,55
sentnob,36
sentnob,34
sentnob,28
sentnob,56
sentnob,42
sentnob,29
sentnob,37
sentnob,110
sentnob,44
sentnob,51
sentnob,50
sentnob,61
sentnob,51
sentnob,16
sentnob,28
sentnob,16
sentnob,45
sentnob,130
sentnob,36
sentnob,61
sentnob,24
sentnob,23
sentnob,35
sentnob,92
sentnob,29
sentnob,40
sentnob,130
sentnob,27
sentnob,35
sentnob,19
sentnob,54
sentnob,24
sentnob,46
sentnob,43
sentnob,50
sentnob,29
sentnob,52
sentnob,63
sentnob,44
sentnob,16
sentnob,26
sentnob,58
sentnob,19
sentnob,24
sentnob,122
sentnob,35
sentnob,38
sentnob,44
sentnob,68
sentnob,71
sentnob,16
sentnob,31
sentnob,24
sentnob,17
sentnob,73
sentnob,55
sentnob,120
sentnob,23
sentnob,44
sentnob,28
sentnob,37
sentnob,20
sentnob,25
sentnob,67
sentnob,74
sentnob,69
sentnob,104
sentnob,46
sentnob,38
sentnob,39
sentnob,103
sentnob,47
sentnob,31
sentnob,74
sentnob,149
sentnob,86
sentnob,125
sentnob,22
sentnob,16
sentnob,67
sentnob,43
sentnob,94
sentnob,23
sentnob,79
sentnob,21
sentnob,94
sentnob,24
sentnob,69
sentnob,16
sentnob,77
sentnob,51
sentnob,70
sentnob,29
sentnob,45
sentnob,115
sentnob,36
sentnob,59
sentnob,59
sentnob,77
sentnob,156
sentnob,78
sentnob,19
sentnob,64
sentnob,46
sentnob,48
sentnob,30
sentnob,23
sentnob,32
sentnob,133
sentnob,53
sentnob,44
sentnob,14
sentnob,38
sentnob,26
sentnob,38
sentnob,36
sentnob,102
sentnob,104
sentnob,30
sentnob,31
sentnob,40
sentnob,66
sentnob,21
sentnob,74
sentnob,24
sentnob,33
sentnob,21
sentnob,34
sentnob,70
sentnob,115
sentnob,133
sentnob,150
sentnob,40
sentnob,57
sentnob,44
sentnob,123
sentnob,25
sentnob,72
sentnob,57
sentnob,81
sentnob,75
sentnob,78
sentnob,67
sentnob,44
sentnob,16
sentnob,19
sentnob,96
sentnob,37
sentnob,46
sentnob,42
sentnob,31
sentnob,46
sentnob,35
sentnob,151
sentnob,19
sentnob,23
sentnob,15
sentnob,58
sentnob,18
sentnob,18
sentnob,90
sentnob,28
sentnob,20
sentnob,35
sentnob,38
sentnob,48
sentnob,36
sentnob,81
sentnob,50
sentnob,34
sentnob,29
sentnob,18
sentnob,57
sentnob,36
sentnob,20
sentnob,89
sentnob,16
sentnob,45
sentnob,33
sentnob,27
sentnob,37
sentnob,51
sentnob,20
sentnob,116
sentnob,62
sentnob,35
sentnob,36
sentnob,66
sentnob,84
sentnob,19
sentnob,28
sentnob,131
sentnob,50
sentnob,69
sentnob,57
sentnob,31
sentnob,28
sentnob,30
sentnob,48
sentnob,28
sentnob,48
sentnob,132
sentnob,38
sentnob,54
sentnob,39
sentnob,56
sentnob,49
sentnob,26
sentnob,45
sentnob,42
sentnob,74
sentnob,72
sentnob,23
sentnob,18
sentnob,51
sentnob,32
sentnob,25
sentnob,20
sentnob,27
sentnob,34
sentnob,50
sentnob,43
sentnob,64
sentnob,28
sentnob,64
sentnob,84
sentnob,31
sentnob,40
sentnob,52
sentnob,22
sentnob,30
sentnob,29
sentnob,24
sentnob,26
sentnob,45
sentnob,19
sentnob,146
sentnob,48
sentnob,100
sentnob,74
sentnob,28
sentnob,36
sentnob,142
sentnob,43
sentnob,15
sentnob,17
sentnob,54
sentnob,153
sentnob,91
sentnob,34
sentnob,51
sentnob,145
sentnob,34
sentnob,53
sentnob,74
sentnob,31
sentnob,19
sentnob,131
sentnob,35
sentnob,84
sentnob,62
sentnob,24
sentnob,15
sentnob,66
sentnob,62
sentnob,107
sentnob,54
sentnob,36
sentnob,56
sentnob,17
sentnob,19
sentnob,29
sentnob,104
sentnob,27
sentnob,53
sentnob,32
sentnob,31
sentnob,70
sentnob,79
sentnob,99
sentnob,56
sentnob,26
sentnob,23
sentnob,74
sentnob,37
sentnob,17
sentnob,29
sentnob,29
sentnob,78
sentnob,45
sentnob,31
sentnob,27
sentnob,76
sentnob,142
sentnob,44
sentnob,39
sentnob,90
sentnob,45
sentnob,45
sentnob,34
sentnob,27
sentnob,83
sentnob,48
sentnob,58
sentnob,18
sentnob,34
sentnob,121
sentnob,29
sentnob,109
sentnob,76
sentnob,33
sentnob,33
sentnob,81
sentnob,65
sentnob,76
sentnob,38
sentnob,22
sentnob,70
sentnob,19
sentnob,43
sentnob,13
sentnob,115
sentnob,39
sentnob,77
sentnob,30
sentnob,33
sentnob,20
sentnob,19
sentnob,16
sentnob,21
sentnob,64
sentnob,94
sentnob,72
sentnob,98
sentnob,48
sentnob,34
sentnob,46
sentnob,42
sentnob,55
sentnob,46
sentnob,18
sentnob,44
sentnob,31
sentnob,54
sentnob,42
sentnob,29
sentnob,46
sentnob,46
sentnob,41
sentnob,66
sentnob,77
sentnob,18
sentnob,25
sentnob,41
sentnob,18
sentnob,41
sentnob,29
sentnob,20
sentnob,37
sentnob,82
sentnob,48
sentnob,15
sentnob,50
sentnob,56
sentnob,121
sentnob,22
sentnob,19
sentnob,59
sentnob,71
sentnob,30
sentnob,49
sentnob,106
sentnob,42
sentnob,53
sentnob,43
sentnob,131
sentnob,34
sentnob,26
sentnob,18
sentnob,98
sentnob,38
sentnob,46
sentnob,43
sentnob,63
sentnob,46
sentnob,85
sentnob,80
sentnob,32
sentnob,85
sentnob,18
sentnob,38
sentnob,18
sentnob,18
sentnob,29
sentnob,72
sentnob,32
sentnob,73
sentnob,40
sentnob,70
sentnob,61
sentnob,30
sentnob,32
sentnob,84
sentnob,44
sentnob,51
sentnob,35
sentnob,18
sentnob,79
sentnob,21
sentnob,21
sentnob,46
sentnob,76
sentnob,151
sentnob,33
sentnob,38
sentnob,63
sentnob,74
sentnob,164
sentnob,69
sentnob,48
sentnob,43
sentnob,139
sentnob,19
sentnob,29
sentnob,156
sentnob,64
sentnob,124
sentnob,33
sentnob,78
sentnob,22
sentnob,56
sentnob,61
sentnob,30
sentnob,115
sentnob,44
sentnob,89
sentnob,17
sentnob,36
sentnob,50
sentnob,26
sentnob,104
sentnob,42
sentnob,55
sentnob,50
sentnob,32
sentnob,68
sentnob,35
sentnob,31
sentnob,36
sentnob,53
sentnob,18
sentnob,153
sentnob,46
sentnob,33
sentnob,26
sentnob,30
sentnob,58
sentnob,78
sentnob,18
sentnob,22
sentnob,36
sentnob,97
sentnob,103
sentnob,16
sentnob,84
sentnob,35
sentnob,26
sentnob,22
sentnob,24
sentnob,26
sentnob,76
sentnob,128
sentnob,38
sentnob,28
sentnob,63
sentnob,102
sentnob,95
sentnob,113
sentnob,140
sentnob,24
sentnob,25
sentnob,119
sentnob,19
sentnob,47
sentnob,10
sentnob,31
sentnob,34
sentnob,58
sentnob,51
sentnob,15
sentnob,47
sentnob,27
sentnob,87
sentnob,58
sentnob,20
sentnob,22
sentnob,32
sentnob,128
sentnob,54
sentnob,55
sentnob,100
sentnob,101
sentnob,94
sentnob,47
sentnob,20
sentnob,30
sentnob,33
sentnob,111
sentnob,26
sentnob,63
sentnob,82
sentnob,103
sentnob,35
sentnob,113
sentnob,25
sentnob,21
sentnob,37
sentnob,28
sentnob,21
sentnob,54
sentnob,53
sentnob,33
sentnob,26
sentnob,42
sentnob,35
sentnob,56
sentnob,22
sentnob,37
sentnob,19
sentnob,56
sentnob,29
sentnob,23
sentnob,43
sentnob,43
sentnob,83
sentnob,27
sentnob,20
sentnob,17
sentnob,21
sentnob,38
sentnob,77
sentnob,20
sentnob,163
sentnob,29
sentnob,126
sentnob,51
sentnob,35
sentnob,144
sentnob,44
sentnob,31
sentnob,30
sentnob,20
sentnob,27
sentnob,40
sentnob,18
sentnob,78
sentnob,19
sentnob,24
sentnob,45
sentnob,53
sentnob,43
sentnob,49
sentnob,26
sentnob,38
sentnob,97
sentnob,14
sentnob,47
sentnob,60
sentnob,25
sentnob,49
sentnob,47
sentnob,33
sentnob,16
sentnob,24
sentnob,55
sentnob,19
sentnob,36
sentnob,26
sentnob,76
sentnob,142
sentnob,70
sentnob,25
sentnob,34
sentnob,112
sentnob,40
sentnob,68
sentnob,49
sentnob,71
sentnob,20
sentnob,53
sentnob,29
sentnob,68
sentnob,79
sentnob,31
sentnob,72
sentnob,126
sentnob,56
sentnob,71
sentnob,54
sentnob,68
sentnob,65
sentnob,108
sentnob,69
sentnob,46
sentnob,92
sentnob,57
sentnob,47
sentnob,81
sentnob,69
sentnob,43
sentnob,89
sentnob,70
sentnob,28
sentnob,59
sentnob,77
sentnob,22
sentnob,40
sentnob,20
sentnob,186
sentnob,82
sentnob,33
sentnob,30
sentnob,89
sentnob,81
sentnob,39
sentnob,35
sentnob,32
sentnob,76
sentnob,35
sentnob,65
sentnob,174
sentnob,31
sentnob,25
sentnob,81
sentnob,53
sentnob,20
sentnob,19
sentnob,32
sentnob,38
sentnob,170
sentnob,112
sentnob,49
sentnob,25
sentnob,44
sentnob,54
sentnob,23
sentnob,50
sentnob,56
sentnob,64
sentnob,70
sentnob,100
sentnob,53
sentnob,85
sentnob,94
sentnob,31
sentnob,64
sentnob,26
sentnob,58
sentnob,65
sentnob,69
sentnob,53
sentnob,17
sentnob,26
sentnob,47
sentnob,112
sentnob,27
sentnob,22
sentnob,80
sentnob,23
sentnob,61
sentnob,18
sentnob,85
sentnob,89
sentnob,24
sentnob,20
sentnob,39
sentnob,73
sentnob,117
sentnob,170
sentnob,66
sentnob,74
sentnob,34
sentnob,76
sentnob,52
sentnob,25
sentnob,101
sentnob,87
sentnob,70
sentnob,79
sentnob,40
sentnob,40
sentnob,66
sentnob,31
sentnob,56
sentnob,27
sentnob,68
sentnob,63
sentnob,60
sentnob,112
sentnob,183
sentnob,36
sentnob,40
sentnob,30
sentnob,39
sentnob,64
sentnob,25
sentnob,25
sentnob,74
sentnob,24
sentnob,18
sentnob,17
sentnob,34
sentnob,25
sentnob,24
sentnob,104
sentnob,68
sentnob,33
sentnob,44
sentnob,36
sentnob,15
sentnob,115
sentnob,123
sentnob,77
sentnob,21
sentnob,45
sentnob,30
sentnob,65
sentnob,32
sentnob,39
sentnob,24
sentnob,138
sentnob,22
sentnob,58
sentnob,13
sentnob,48
sentnob,40
sentnob,46
sentnob,142
sentnob,25
sentnob,25
sentnob,22
sentnob,36
sentnob,18
sentnob,34
sentnob,21
sentnob,66
sentnob,161
sentnob,74
sentnob,70
sentnob,81
sentnob,50
sentnob,37
sentnob,16
sentnob,63
sentnob,77
sentnob,110
sentnob,23
sentnob,68
sentnob,43
sentnob,90
sentnob,28
sentnob,34
sentnob,43
sentnob,58
sentnob,27
sentnob,22
sentnob,18
sentnob,22
sentnob,49
sentnob,27
sentnob,20
sentnob,37
sentnob,63
sentnob,46
sentnob,47
sentnob,111
sentnob,103
sentnob,64
sentnob,59
sentnob,108
sentnob,72
sentnob,27
sentnob,66
sentnob,61
sentnob,18
sentnob,35
sentnob,20
sentnob,163
sentnob,47
sentnob,56
sentnob,19
sentnob,45
sentnob,59
sentnob,20
sentnob,75
sentnob,44
sentnob,45
sentnob,69
sentnob,51
sentnob,135
sentnob,40
sentnob,46
sentnob,19
sentnob,20
sentnob,65
sentnob,64
sentnob,105
sentnob,64
sentnob,17
sentnob,60
sentnob,57
sentnob,29
sentnob,115
sentnob,30
sentnob,27
sentnob,45
sentnob,20
sentnob,141
sentnob,33
sentnob,31
sentnob,36
sentnob,54
sentnob,62
sentnob,70
sentnob,15
sentnob,31
sentnob,29
sentnob,68
sentnob,48
sentnob,26
sentnob,143
sentnob,70
sentnob,20
sentnob,21
sentnob,53
sentnob,85
sentnob,127
sentnob,101
sentnob,19
sentnob,23
sentnob,29
sentnob,26
sentnob,117
sentnob,158
sentnob,44
sentnob,84
sentnob,34
sentnob,23
sentnob,33
sentnob,22
sentnob,50
sentnob,108
sentnob,17
sentnob,135
sentnob,81
sentnob,124
sentnob,24
sentnob,83
sentnob,56
sentnob,70
sentnob,58
sentnob,42
sentnob,46
sentnob,53
sentnob,23
sentnob,51
sentnob,52
sentnob,53
sentnob,115
sentnob,26
sentnob,86
sentnob,36
sentnob,65
sentnob,36
sentnob,65
sentnob,65
sentnob,43
sentnob,30
sentnob,22
sentnob,25
sentnob,20
sentnob,23
sentnob,23
sentnob,24
sentnob,104
sentnob,24
sentnob,26
sentnob,15
sentnob,44
sentnob,58
sentnob,137
sentnob,54
sentnob,36
sentnob,21
sentnob,30
sentnob,24
sentnob,101
sentnob,139
sentnob,42
sentnob,37
sentnob,48
sentnob,38
sentnob,22
sentnob,26
sentnob,184
sentnob,31
sentnob,81
sentnob,18
sentnob,25
sentnob,41
sentnob,20
sentnob,45
sentnob,41
sentnob,12
sentnob,25
sentnob,68
sentnob,16
sentnob,173
sentnob,20
sentnob,49
sentnob,42
sentnob,114
sentnob,21
sentnob,45
sentnob,72
sentnob,81
sentnob,34
sentnob,27
sentnob,131
sentnob,105
sentnob,109
sentnob,17
sentnob,94
sentnob,59
sentnob,43
sentnob,17
sentnob,30
sentnob,85
sentnob,93
sentnob,80
sentnob,158
sentnob,44
sentnob,29
sentnob,32
sentnob,31
sentnob,33
sentnob,52
sentnob,89
sentnob,151
sentnob,46
sentnob,27
sentnob,72
sentnob,86
sentnob,15
sentnob,22
sentnob,112
sentnob,124
sentnob,99
sentnob,24
sentnob,95
sentnob,95
sentnob,51
sentnob,21
sentnob,15
sentnob,66
sentnob,17
sentnob,84
sentnob,66
sentnob,28
sentnob,29
sentnob,55
sentnob,52
sentnob,132
sentnob,121
sentnob,53
sentnob,39
sentnob,129
sentnob,84
sentnob,127
sentnob,48
sentnob,31
sentnob,36
sentnob,19
sentnob,28
sentnob,54
sentnob,65
sentnob,61
sentnob,99
sentnob,19
sentnob,30
sentnob,17
sentnob,91
sentnob,33
sentnob,30
sentnob,38
sentnob,43
sentnob,31
sentnob,87
sentnob,17
sentnob,110
sentnob,79
sentnob,19
sentnob,62
sentnob,48
sentnob,26
sentnob,25
sentnob,23
sentnob,126
sentnob,29
sentnob,68
sentnob,88
sentnob,16
sentnob,27
sentnob,144
sentnob,26
sentnob,97
sentnob,76
sentnob,23
sentnob,16
sentnob,22
sentnob,50
sentnob,37
sentnob,40
sentnob,27
sentnob,47
sentnob,90
sentnob,57
sentnob,19
sentnob,23
sentnob,41
sentnob,25
sentnob,23
sentnob,27
sentnob,79
sentnob,26
sentnob,140
sentnob,40
sentnob,27
sentnob,22
sentnob,95
sentnob,19
sentnob,36
sentnob,26
sentnob,88
sentnob,44
sentnob,32
sentnob,54
sentnob,27
sentnob,118
sentnob,30
sentnob,26
sentnob,50
sentnob,70
sentnob,39
sentnob,58
sentnob,38
sentnob,33
sentnob,70
sentnob,22
sentnob,21
sentnob,64
sentnob,44
sentnob,60
sentnob,51
sentnob,158
sentnob,20
sentnob,47
sentnob,23
sentnob,189
sentnob,32
sentnob,36
sentnob,28
sentnob,30
sentnob,60
sentnob,38
sentnob,44
sentnob,49
sentnob,27
sentnob,33
sentnob,46
sentnob,54
sentnob,158
sentnob,17
sentnob,22
sentnob,69
sentnob,50
sentnob,160
sentnob,23
sentnob,26
sentnob,79
sentnob,37
sentnob,91
sentnob,31
sentnob,40
sentnob,28
sentnob,31
sentnob,70
sentnob,84
sentnob,37
sentnob,26
sentnob,30
sentnob,72
sentnob,28
sentnob,137
sentnob,24
sentnob,28
sentnob,34
sentnob,94
sentnob,27
sentnob,31
sentnob,50
sentnob,114
sentnob,30
sentnob,41
sentnob,27
sentnob,14
sentnob,17
sentnob,86
sentnob,60
sentnob,59
sentnob,19
sentnob,29
sentnob,124
sentnob,14
sentnob,16
sentnob,16
sentnob,66
sentnob,20
sentnob,46
sentnob,18
sentnob,31
sentnob,98
sentnob,134
sentnob,36
sentnob,45
sentnob,47
sentnob,43
sentnob,81
sentnob,69
sentnob,50
sentnob,42
sentnob,30
sentnob,129
sentnob,78
sentnob,67
sentnob,34
sentnob,52
sentnob,69
sentnob,30
sentnob,57
sentnob,77
sentnob,71
sentnob,83
sentnob,23
sentnob,96
sentnob,151
sentnob,35
sentnob,39
sentnob,49
sentnob,87
sentnob,83
sentnob,32
sentnob,111
sentnob,41
sentnob,110
sentnob,23
sentnob,22
sentnob,18
sentnob,40
sentnob,76
sentnob,72
sentnob,52
sentnob,34
sentnob,16
sentnob,49
sentnob,60
sentnob,59
sentnob,29
sentnob,41
sentnob,89
sentnob,189
sentnob,24
sentnob,75
sentnob,35
sentnob,27
sentnob,23
sentnob,21
sentnob,87
sentnob,103
sentnob,91
sentnob,40
sentnob,14
sentnob,19
sentnob,68
sentnob,39
sentnob,49
sentnob,54
sentnob,47
sentnob,33
sentnob,71
sentnob,25
sentnob,135
sentnob,31
sentnob,72
sentnob,21
sentnob,59
sentnob,15
sentnob,100
sentnob,41
sentnob,49
sentnob,13
sentnob,19
sentnob,127
sentnob,26
sentnob,35
sentnob,82
sentnob,27
sentnob,26
sentnob,22
sentnob,24
sentnob,42
sentnob,22
sentnob,16
sentnob,47
sentnob,47
sentnob,29
sentnob,26
sentnob,37
sentnob,20
sentnob,18
sentnob,17
sentnob,28
sentnob,127
sentnob,47
sentnob,84
sentnob,21
sentnob,125
sentnob,40
sentnob,143
sentnob,116
sentnob,86
sentnob,74
sentnob,20
sentnob,48
sentnob,75
sentnob,81
sentnob,30
sentnob,101
sentnob,114
sentnob,82
sentnob,63
sentnob,23
sentnob,61
sentnob,28
sentnob,68
sentnob,29
sentnob,75
sentnob,76
sentnob,37
sentnob,39
sentnob,26
sentnob,73
sentnob,36
sentnob,81
sentnob,77
sentnob,23
sentnob,94
sentnob,53
sentnob,21
sentnob,39
sentnob,64
sentnob,45
sentnob,109
sentnob,17
sentnob,109
sentnob,56
sentnob,25
sentnob,23
sentnob,22
sentnob,31
sentnob,113
sentnob,116
sentnob,143
sentnob,114
sentnob,36
sentnob,44
sentnob,32
sentnob,38
sentnob,44
sentnob,19
sentnob,22
sentnob,20
sentnob,77
sentnob,31
sentnob,18
sentnob,86
sentnob,30
sentnob,51
sentnob,41
sentnob,71
sentnob,30
sentnob,24
sentnob,24
sentnob,25
sentnob,112
sentnob,60
sentnob,108
sentnob,50
sentnob,97
sentnob,79
sentnob,120
sentnob,134
sentnob,22
sentnob,80
sentnob,110
sentnob,150
sentnob,54
sentnob,79
sentnob,22
sentnob,50
sentnob,17
sentnob,20
sentnob,143
sentnob,17
sentnob,92
sentnob,74
sentnob,54
sentnob,32
sentnob,55
sentnob,30
sentnob,36
sentnob,18
sentnob,55
sentnob,75
sentnob,19
sentnob,112
sentnob,76
sentnob,63
sentnob,128
sentnob,71
sentnob,21
sentnob,36
sentnob,53
sentnob,69
sentnob,27
sentnob,16
sentnob,22
sentnob,84
sentnob,25
sentnob,22
sentnob,158
sentnob,18
sentnob,108
sentnob,65
sentnob,130
sentnob,146
sentnob,30
sentnob,160
sentnob,58
sentnob,46
sentnob,37
sentnob,31
sentnob,43
sentnob,65
sentnob,154
sentnob,120
sentnob,35
sentnob,57
sentnob,48
sentnob,111
sentnob,36
sentnob,80
sentnob,95
sentnob,20
sentnob,17
sentnob,81
sentnob,45
sentnob,29
sentnob,41
sentnob,40
sentnob,22
sentnob,18
sentnob,87
sentnob,28
sentnob,42
sentnob,37
sentnob,24
sentnob,24
sentnob,53
sentnob,46
sentnob,25
sentnob,45
sentnob,34
sentnob,90
sentnob,70
sentnob,91
sentnob,76
sentnob,38
sentnob,88
sentnob,29
sentnob,72
sentnob,103
sentnob,114
sentnob,16
sentnob,44
sentnob,47
sentnob,33
sentnob,21
sentnob,34
sentnob,79
sentnob,150
sentnob,108
sentnob,35
sentnob,29
sentnob,23
sentnob,43
sentnob,31
sentnob,41
sentnob,89
sentnob,67
sentnob,78
sentnob,42
sentnob,58
sentnob,71
sentnob,86
sentnob,38
sentnob,32
sentnob,42
sentnob,137
sentnob,28
sentnob,122
sentnob,86
sentnob,134
sentnob,21
sentnob,39
sentnob,34
sentnob,55
sentnob,24
sentnob,164
sentnob,48
sentnob,84
sentnob,14
sentnob,28
sentnob,115
sentnob,33
sentnob,49
sentnob,121
sentnob,29
sentnob,38
sentnob,37
sentnob,104
sentnob,103
sentnob,32
sentnob,49
sentnob,63
sentnob,37
sentnob,33
sentnob,38
sentnob,22
sentnob,23
sentnob,105
sentnob,63
sentnob,35
sentnob,20
sentnob,27
sentnob,33
sentnob,47
sentnob,23
sentnob,35
sentnob,99
sentnob,29
sentnob,54
sentnob,45
sentnob,58
sentnob,66
sentnob,22
sentnob,73
sentnob,53
sentnob,85
sentnob,36
sentnob,23
sentnob,125
sentnob,29
sentnob,132
sentnob,71
sentnob,52
sentnob,24
sentnob,16
sentnob,86
sentnob,23
sentnob,83
sentnob,43
sentnob,63
sentnob,108
sentnob,49
sentnob,57
sentnob,54
sentnob,54
sentnob,95
sentnob,66
sentnob,58
sentnob,20
sentnob,28
sentnob,25
sentnob,103
sentnob,23
sentnob,27
sentnob,34
sentnob,56
sentnob,115
sentnob,47
sentnob,59
sentnob,81
sentnob,177
sentnob,114
sentnob,121
sentnob,104
sentnob,43
sentnob,16
sentnob,31
sentnob,151
sentnob,82
sentnob,142
sentnob,38
sentnob,101
sentnob,44
sentnob,27
sentnob,122
sentnob,59
sentnob,20
sentnob,78
sentnob,71
sentnob,137
sentnob,46
sentnob,89
sentnob,32
sentnob,161
sentnob,40
sentnob,63
sentnob,145
sentnob,68
sentnob,46
sentnob,47
sentnob,15
sentnob,34
sentnob,19
sentnob,24
sentnob,13
sentnob,31
sentnob,28
sentnob,20
sentnob,61
sentnob,79
sentnob,52
sentnob,34
sentnob,26
sentnob,39
sentnob,22
sentnob,23
sentnob,22
sentnob,30
sentnob,93
sentnob,108
sentnob,68
sentnob,40
sentnob,135
sentnob,54
sentnob,43
sentnob,137
sentnob,26
sentnob,32
sentnob,135
sentnob,70
sentnob,107
sentnob,25
sentnob,16
sentnob,25
sentnob,78
sentnob,21
sentnob,113
sentnob,38
sentnob,58
sentnob,23
sentnob,30
sentnob,70
sentnob,30
sentnob,39
sentnob,29
sentnob,79
sentnob,21
sentnob,76
sentnob,17
sentnob,88
sentnob,51
sentnob,50
sentnob,20
sentnob,19
sentnob,35
sentnob,72
sentnob,43
sentnob,74
sentnob,30
sentnob,57
sentnob,42
sentnob,130
sentnob,44
sentnob,48
sentnob,20
sentnob,65
sentnob,18
sentnob,25
sentnob,28
sentnob,63
sentnob,54
sentnob,57
sentnob,130
sentnob,59
sentnob,27
sentnob,28
sentnob,33
sentnob,17
sentnob,89
sentnob,59
sentnob,17
sentnob,86
sentnob,28
sentnob,32
sentnob,95
sentnob,36
sentnob,34
sentnob,42
sentnob,17
sentnob,46
sentnob,31
sentnob,126
sentnob,70
sentnob,65
sentnob,51
sentnob,68
sentnob,90
sentnob,36
sentnob,44
sentnob,51
sentnob,57
sentnob,22
sentnob,34
sentnob,61
sentnob,41
sentnob,35
sentnob,84
sentnob,59
sentnob,39
sentnob,63
sentnob,101
sentnob,81
sentnob,35
sentnob,49
sentnob,62
sentnob,37
sentnob,36
sentnob,16
sentnob,24
sentnob,34
sentnob,139
sentnob,93
sentnob,74
sentnob,34
sentnob,31
sentnob,47
sentnob,21
sentnob,43
sentnob,73
sentnob,78
sentnob,40
sentnob,23
sentnob,45
sentnob,28
sentnob,24
sentnob,34
sentnob,35
sentnob,68
sentnob,75
sentnob,33
sentnob,21
sentnob,110
sentnob,51
sentnob,51
sentnob,25
sentnob,54
sentnob,49
sentnob,75
sentnob,46
sentnob,107
sentnob,118
sentnob,28
sentnob,34
sentnob,46
sentnob,156
sentnob,22
sentnob,77
sentnob,21
sentnob,23
sentnob,95
sentnob,35
sentnob,54
sentnob,20
sentnob,43
sentnob,42
sentnob,23
sentnob,123
sentnob,24
sentnob,45
sentnob,19
sentnob,19
sentnob,56
sentnob,14
sentnob,129
sentnob,62
sentnob,49
sentnob,16
sentnob,35
sentnob,46
sentnob,17
sentnob,17
sentnob,31
sentnob,31
sentnob,46
sentnob,23
sentnob,25
sentnob,25
sentnob,61
sentnob,121
sentnob,35
sentnob,74
sentnob,37
sentnob,87
sentnob,79
sentnob,122
sentnob,19
sentnob,31
sentnob,40
sentnob,34
sentnob,104
sentnob,45
sentnob,29
sentnob,65
sentnob,36
sentnob,22
sentnob,60
sentnob,28
sentnob,23
sentnob,25
sentnob,27
sentnob,32
sentnob,65
sentnob,86
sentnob,34
sentnob,42
sentnob,93
sentnob,47
sentnob,25
sentnob,15
sentnob,94
sentnob,36
sentnob,62
sentnob,45
sentnob,73
sentnob,19
sentnob,96
sentnob,29
sentnob,54
sentnob,40
sentnob,152
sentnob,140
sentnob,30
sentnob,30
sentnob,140
sentnob,32
sentnob,116
sentnob,60
sentnob,89
sentnob,63
sentnob,122
sentnob,90
sentnob,36
sentnob,38
sentnob,25
sentnob,47
sentnob,44
sentnob,23
sentnob,26
sentnob,49
sentnob,99
sentnob,67
sentnob,27
sentnob,29
sentnob,29
sentnob,74
sentnob,56
sentnob,42
sentnob,38
sentnob,46
sentnob,70
sentnob,68
sentnob,165
sentnob,66
sentnob,70
sentnob,153
sentnob,49
sentnob,32
sentnob,58
sentnob,38
sentnob,37
sentnob,33
sentnob,41
sentnob,24
sentnob,29
sentnob,29
sentnob,68
sentnob,150
sentnob,38
sentnob,45
sentnob,111
sentnob,146
sentnob,64
sentnob,28
sentnob,22
sentnob,19
sentnob,53
sentnob,61
sentnob,49
sentnob,97
sentnob,46
sentnob,79
sentnob,55
sentnob,21
sentnob,70
sentnob,67
sentnob,36
sentnob,25
sentnob,59
sentnob,37
sentnob,23
sentnob,25
sentnob,21
sentnob,72
sentnob,26
sentnob,34
sentnob,34
sentnob,20
sentnob,15
sentnob,52
sentnob,60
sentnob,39
sentnob,67
sentnob,47
sentnob,20
sentnob,65
sentnob,26
sentnob,19
sentnob,50
sentnob,59
sentnob,31
sentnob,15
sentnob,19
sentnob,100
sentnob,94
sentnob,24
sentnob,37
sentnob,21
sentnob,12
sentnob,25
sentnob,54
sentnob,18
sentnob,41
sentnob,56
sentnob,20
sentnob,76
sentnob,65
sentnob,35
sentnob,23
sentnob,58
sentnob,93
sentnob,110
sentnob,54
sentnob,24
sentnob,25
sentnob,43
sentnob,43
sentnob,53
sentnob,50
sentnob,77
sentnob,69
sentnob,71
sentnob,17
sentnob,160
sentnob,25
sentnob,24
sentnob,95
sentnob,168
sentnob,22
sentnob,43
sentnob,97
sentnob,44
sentnob,76
sentnob,61
sentnob,58
sentnob,95
sentnob,59
sentnob,27
sentnob,33
sentnob,150
sentnob,47
sentnob,76
sentnob,43
sentnob,47
sentnob,44
sentnob,52
sentnob,38
sentnob,29
sentnob,30
sentnob,117
sentnob,42
sentnob,51
sentnob,20
sentnob,119
sentnob,22
sentnob,91
sentnob,35
sentnob,121
sentnob,80
sentnob,130
sentnob,25
sentnob,37
sentnob,24
sentnob,107
sentnob,22
sentnob,25
sentnob,108
sentnob,19
sentnob,32
sentnob,44
sentnob,32
sentnob,26
sentnob,95
sentnob,26
sentnob,24
sentnob,55
sentnob,52
sentnob,67
sentnob,131
sentnob,27
sentnob,76
sentnob,34
sentnob,47
sentnob,37
sentnob,38
sentnob,20
sentnob,51
sentnob,28
sentnob,21
sentnob,61
sentnob,24
sentnob,24
sentnob,55
sentnob,106
sentnob,27
sentnob,63
sentnob,24
sentnob,35
sentnob,16
sentnob,44
sentnob,62
sentnob,19
sentnob,63
sentnob,27
sentnob,29
sentnob,15
sentnob,31
sentnob,64
sentnob,72
sentnob,66
sentnob,48
sentnob,89
sentnob,34
sentnob,75
sentnob,17
sentnob,152
sentnob,45
sentnob,23
sentnob,80
sentnob,35
sentnob,108
sentnob,104
sentnob,79
sentnob,36
sentnob,35
sentnob,26
sentnob,16
sentnob,45
sentnob,27
sentnob,39
sentnob,155
sentnob,21
sentnob,52
sentnob,30
sentnob,62
sentnob,72
sentnob,39
sentnob,117
sentnob,37
sentnob,17
sentnob,45
sentnob,17
sentnob,59
sentnob,63
sentnob,108
sentnob,33
sentnob,42
sentnob,22
sentnob,40
sentnob,25
sentnob,29
sentnob,16
sentnob,32
sentnob,30
sentnob,35
sentnob,21
sentnob,72
sentnob,29
sentnob,40
sentnob,80
sentnob,30
sentnob,131
sentnob,53
sentnob,129
sentnob,37
sentnob,66
sentnob,96
sentnob,55
sentnob,41
sentnob,30
sentnob,37
sentnob,62
sentnob,120
sentnob,25
sentnob,19
sentnob,42
sentnob,19
sentnob,16
sentnob,46
sentnob,82
sentnob,34
sentnob,18
sentnob,24
sentnob,139
sentnob,44
sentnob,54
sentnob,84
sentnob,28
sentnob,22
sentnob,41
sentnob,26
sentnob,81
sentnob,47
sentnob,22
sentnob,37
sentnob,32
sentnob,170
sentnob,21
sentnob,30
sentnob,65
sentnob,27
sentnob,24
sentnob,37
sentnob,22
sentnob,45
sentnob,18
sentnob,48
sentnob,26
sentnob,87
sentnob,32
sentnob,18
sentnob,21
sentnob,61
sentnob,149
sentnob,25
sentnob,24
sentnob,25
sentnob,25
sentnob,34
sentnob,34
sentnob,146
sentnob,51
sentnob,58
sentnob,23
sentnob,20
sentnob,47
sentnob,22
sentnob,99
sentnob,26
sentnob,25
sentnob,36
sentnob,15
sentnob,49
sentnob,22
sentnob,45
sentnob,40
sentnob,37
sentnob,65
sentnob,90
sentnob,30
sentnob,64
sentnob,22
sentnob,58
sentnob,36
sentnob,74
sentnob,29
sentnob,24
sentnob,29
sentnob,142
sentnob,69
sentnob,26
sentnob,18
sentnob,25
sentnob,40
sentnob,67
sentnob,43
sentnob,46
sentnob,41
sentnob,64
sentnob,27
sentnob,53
sentnob,35
sentnob,41
sentnob,19
sentnob,107
sentnob,25
sentnob,10
sentnob,55
sentnob,19
sentnob,33
sentnob,33
sentnob,29
sentnob,123
sentnob,25
sentnob,21
sentnob,19
sentnob,33
sentnob,45
sentnob,20
sentnob,34
sentnob,29
sentnob,78
sentnob,133
sentnob,80
sentnob,29
sentnob,56
sentnob,45
sentnob,27
sentnob,32
sentnob,100
sentnob,107
sentnob,73
sentnob,24
sentnob,31
sentnob,69
sentnob,18
sentnob,19
sentnob,54
sentnob,66
sentnob,27
sentnob,45
sentnob,51
sentnob,62
sentnob,56
sentnob,66
sentnob,17
sentnob,67
sentnob,57
sentnob,14
sentnob,46
sentnob,39
sentnob,11
sentnob,64
sentnob,26
sentnob,61
sentnob,30
sentnob,20
sentnob,51
sentnob,77
sentnob,52
sentnob,15
sentnob,140
sentnob,48
sentnob,105
sentnob,126
sentnob,22
sentnob,56
sentnob,40
sentnob,42
sentnob,29
sentnob,59
sentnob,25
sentnob,75
sentnob,29
sentnob,85
sentnob,112
sentnob,17
sentnob,42
sentnob,16
sentnob,49
sentnob,28
sentnob,68
sentnob,27
sentnob,36
sentnob,32
sentnob,24
sentnob,35
sentnob,25
sentnob,84
sentnob,21
sentnob,13
sentnob,63
sentnob,40
sentnob,134
sentnob,30
sentnob,20
sentnob,139
sentnob,19
sentnob,78
sentnob,81
sentnob,22
sentnob,66
sentnob,22
sentnob,58
sentnob,31
sentnob,44
sentnob,30
sentnob,33
sentnob,28
sentnob,43
sentnob,89
sentnob,37
sentnob,49
sentnob,60
sentnob,18
sentnob,22
sentnob,94
sentnob,41
sentnob,41
sentnob,63
sentnob,22
sentnob,135
sentnob,55
sentnob,72
sentnob,104
sentnob,61
sentnob,54
sentnob,14
sentnob,46
sentnob,69
sentnob,26
sentnob,103
sentnob,22
sentnob,163
sentnob,38
sentnob,24
sentnob,50
sentnob,49
sentnob,24
sentnob,16
sentnob,92
sentnob,25
sentnob,147
sentnob,80
sentnob,55
sentnob,138
sentnob,36
sentnob,55
sentnob,44
sentnob,29
sentnob,99
sentnob,8
sentnob,31
sentnob,17
sentnob,23
sentnob,38
sentnob,36
sentnob,141
sentnob,38
sentnob,14
sentnob,19
sentnob,48
sentnob,68
sentnob,19
sentnob,38
sentnob,166
sentnob,41
sentnob,164
sentnob,52
sentnob,28
sentnob,115
sentnob,40
sentnob,78
sentnob,46
sentnob,33
sentnob,21
sentnob,63
sentnob,34
sentnob,54
sentnob,44
sentnob,19
sentnob,34
sentnob,64
sentnob,22
sentnob,38
sentnob,25
sentnob,32
sentnob,105
sentnob,19
sentnob,50
sentnob,44
sentnob,19
sentnob,58
sentnob,42
sentnob,49
sentnob,34
sentnob,47
sentnob,55
sentnob,58
sentnob,29
sentnob,94
sentnob,65
sentnob,24
sentnob,172
sentnob,49
sentnob,87
sentnob,22
sentnob,75
sentnob,70
sentnob,85
sentnob,67
sentnob,38
sentnob,167
sentnob,114
sentnob,22
sentnob,73
sentnob,23
sentnob,23
sentnob,25
sentnob,52
sentnob,48
sentnob,64
sentnob,53
sentnob,61
sentnob,87
sentnob,111
sentnob,161
sentnob,106
sentnob,26
sentnob,51
sentnob,21
sentnob,18
sentnob,32
sentnob,70
sentnob,28
sentnob,90
sentnob,24
sentnob,125
sentnob,26
sentnob,115
sentnob,20
sentnob,40
sentnob,118
sentnob,24
sentnob,17
sentnob,24
sentnob,35
sentnob,40
sentnob,69
sentnob,73
sentnob,36
sentnob,104
sentnob,30
sentnob,27
sentnob,130
sentnob,75
sentnob,122
sentnob,18
sentnob,48
sentnob,25
sentnob,51
sentnob,17
sentnob,24
sentnob,52
sentnob,37
sentnob,53
sentnob,112
sentnob,17
sentnob,106
sentnob,47
sentnob,92
sentnob,23
sentnob,24
sentnob,85
sentnob,171
sentnob,34
sentnob,28
sentnob,41
sentnob,28
sentnob,54
sentnob,38
sentnob,36
sentnob,52
sentnob,23
sentnob,44
sentnob,21
sentnob,40
sentnob,84
sentnob,49
sentnob,96
sentnob,124
sentnob,182
sentnob,14
sentnob,111
sentnob,115
sentnob,21
sentnob,22
sentnob,21
sentnob,22
sentnob,45
sentnob,56
sentnob,122
sentnob,110
sentnob,30
sentnob,101
sentnob,13
sentnob,17
sentnob,134
sentnob,22
sentnob,26
sentnob,108
sentnob,133
sentnob,103
sentnob,23
sentnob,27
sentnob,80
sentnob,69
sentnob,13
sentnob,23
sentnob,133
sentnob,62
sentnob,16
sentnob,79
sentnob,58
sentnob,83
sentnob,65
sentnob,87
sentnob,59
sentnob,87
sentnob,20
sentnob,23
sentnob,110
sentnob,33
sentnob,52
sentnob,35
sentnob,30
sentnob,128
sentnob,34
sentnob,42
sentnob,46
sentnob,59
sentnob,31
sentnob,22
sentnob,75
sentnob,49
sentnob,50
sentnob,66
sentnob,22
sentnob,25
sentnob,18
sentnob,23
sentnob,56
sentnob,18
sentnob,24
sentnob,78
sentnob,24
sentnob,23
sentnob,28
sentnob,49
sentnob,130
sentnob,48
sentnob,21
sentnob,42
sentnob,23
sentnob,32
sentnob,84
sentnob,80
sentnob,20
sentnob,60
sentnob,22
sentnob,29
sentnob,59
sentnob,98
sentnob,29
sentnob,130
sentnob,156
sentnob,64
sentnob,32
sentnob,17
sentnob,52
sentnob,55
sentnob,53
sentnob,16
sentnob,69
sentnob,137
sentnob,33
sentnob,41
sentnob,29
sentnob,133
sentnob,26
sentnob,94
sentnob,15
sentnob,78
sentnob,32
sentnob,41
sentnob,27
sentnob,54
sentnob,130
sentnob,41
sentnob,42
sentnob,44
sentnob,78
sentnob,23
sentnob,39
sentnob,24
sentnob,35
sentnob,20
sentnob,19
sentnob,115
sentnob,21
sentnob,52
sentnob,90
sentnob,50
sentnob,27
sentnob,53
sentnob,113
sentnob,25
sentnob,28
sentnob,27
sentnob,13
sentnob,24
sentnob,67
sentnob,25
sentnob,95
sentnob,30
sentnob,24
sentnob,23
sentnob,82
sentnob,56
sentnob,32
sentnob,53
sentnob,27
sentnob,32
sentnob,79
sentnob,28
sentnob,42
sentnob,28
sentnob,21
sentnob,65
sentnob,47
sentnob,111
sentnob,20
sentnob,90
sentnob,153
sentnob,19
sentnob,27
sentnob,26
sentnob,25
sentnob,32
sentnob,19
sentnob,56
sentnob,123
sentnob,26
sentnob,49
sentnob,57
sentnob,22
sentnob,48
sentnob,34
sentnob,129
sentnob,128
sentnob,21
sentnob,50
sentnob,60
sentnob,51
sentnob,110
sentnob,18
sentnob,116
sentnob,68
sentnob,22
sentnob,99
sentnob,36
sentnob,41
sentnob,43
sentnob,36
sentnob,26
sentnob,28
sentnob,12
sentnob,42
sentnob,66
sentnob,27
sentnob,24
sentnob,112
sentnob,20
sentnob,18
sentnob,100
sentnob,37
sentnob,65
sentnob,38
sentnob,116
sentnob,32
sentnob,24
sentnob,93
sentnob,53
sentnob,36
sentnob,20
sentnob,74
sentnob,68
sentnob,46
sentnob,154
sentnob,25
sentnob,63
sentnob,107
sentnob,66
sentnob,20
sentnob,36
sentnob,30
sentnob,57
sentnob,16
sentnob,33
sentnob,56
sentnob,96
sentnob,25
sentnob,81
sentnob,17
sentnob,24
sentnob,65
sentnob,121
sentnob,38
sentnob,39
sentnob,65
sentnob,51
sentnob,58
sentnob,126
sentnob,146
sentnob,58
sentnob,41
sentnob,32
sentnob,48
sentnob,58
sentnob,52
sentnob,41
sentnob,85
sentnob,16
sentnob,31
sentnob,20
sentnob,54
sentnob,63
sentnob,99
sentnob,171
sentnob,63
sentnob,76
sentnob,74
sentnob,62
sentnob,146
sentnob,16
sentnob,92
sentnob,55
sentnob,163
sentnob,46
sentnob,48
sentnob,45
sentnob,21
sentnob,45
sentnob,108
sentnob,52
sentnob,20
sentnob,42
sentnob,180
sentnob,90
sentnob,75
sentnob,18
sentnob,45
sentnob,43
sentnob,29
sentnob,19
sentnob,124
sentnob,128
sentnob,23
sentnob,69
sentnob,27
sentnob,23
sentnob,33
sentnob,14
sentnob,51
sentnob,20
sentnob,47
sentnob,97
sentnob,24
sentnob,14
sentnob,17
sentnob,19
sentnob,161
sentnob,138
sentnob,40
sentnob,20
sentnob,57
sentnob,85
sentnob,16
sentnob,30
sentnob,21
sentnob,64
sentnob,98
sentnob,23
sentnob,19
sentnob,66
sentnob,66
sentnob,29
sentnob,47
sentnob,107
sentnob,41
sentnob,135
sentnob,28
sentnob,21
sentnob,58
sentnob,20
sentnob,87
sentnob,48
sentnob,59
sentnob,48
sentnob,56
sentnob,47
sentnob,24
sentnob,136
sentnob,23
sentnob,24
sentnob,23
sentnob,28
sentnob,49
sentnob,35
sentnob,68
sentnob,104
sentnob,25
sentnob,59
sentnob,22
sentnob,56
sentnob,83
sentnob,56
sentnob,47
sentnob,61
sentnob,42
sentnob,27
sentnob,39
sentnob,97
sentnob,82
sentnob,46
sentnob,53
sentnob,23
sentnob,21
sentnob,109
sentnob,172
sentnob,25
sentnob,74
sentnob,73
sentnob,17
sentnob,50
sentnob,24
sentnob,15
sentnob,44
sentnob,27
sentnob,28
sentnob,15
sentnob,28
sentnob,58
sentnob,133
sentnob,29
sentnob,23
sentnob,76
sentnob,17
sentnob,29
sentnob,14
sentnob,62
sentnob,44
sentnob,29
sentnob,45
sentnob,20
sentnob,75
sentnob,65
sentnob,23
sentnob,19
sentnob,48
sentnob,21
sentnob,72
sentnob,70
sentnob,165
sentnob,90
sentnob,20
sentnob,43
sentnob,84
sentnob,60
sentnob,37
sentnob,100
sentnob,20
sentnob,29
sentnob,33
sentnob,40
sentnob,24
sentnob,33
sentnob,66
sentnob,72
sentnob,40
sentnob,33
sentnob,34
sentnob,97
sentnob,63
sentnob,24
sentnob,47
sentnob,63
sentnob,81
sentnob,66
sentnob,25
sentnob,40
sentnob,91
sentnob,56
sentnob,183
sentnob,20
sentnob,112
sentnob,63
sentnob,73
sentnob,28
sentnob,37
sentnob,21
sentnob,44
sentnob,27
sentnob,33
sentnob,25
sentnob,40
sentnob,39
sentnob,22
sentnob,68
sentnob,36
sentnob,49
sentnob,83
sentnob,23
sentnob,155
sentnob,18
sentnob,99
sentnob,47
sentnob,36
sentnob,63
sentnob,18
sentnob,115
sentnob,81
sentnob,26
sentnob,27
sentnob,21
sentnob,37
sentnob,27
sentnob,21
sentnob,44
sentnob,151
sentnob,88
sentnob,67
sentnob,52
sentnob,111
sentnob,20
sentnob,33
sentnob,46
sentnob,63
sentnob,125
sentnob,39
sentnob,46
sentnob,20
sentnob,51
sentnob,46
sentnob,16
sentnob,18
sentnob,20
sentnob,27
sentnob,34
sentnob,18
sentnob,40
sentnob,43
sentnob,18
sentnob,52
sentnob,13
sentnob,37
sentnob,101
sentnob,43
sentnob,43
sentnob,47
sentnob,63
sentnob,54
sentnob,74
sentnob,22
sentnob,19
sentnob,50
sentnob,24
sentnob,71
sentnob,18
sentnob,118
sentnob,33
sentnob,16
sentnob,23
sentnob,43
sentnob,19
sentnob,24
sentnob,16
sentnob,16
sentnob,130
sentnob,20
sentnob,21
sentnob,54
sentnob,47
sentnob,45
sentnob,46
sentnob,41
sentnob,68
sentnob,130
sentnob,30
sentnob,80
sentnob,121
sentnob,38
sentnob,126
sentnob,26
sentnob,38
sentnob,137
sentnob,50
sentnob,33
sentnob,55
sentnob,20
sentnob,94
sentnob,143
sentnob,32
sentnob,53
sentnob,42
sentnob,46
sentnob,37
sentnob,23
sentnob,104
sentnob,30
sentnob,50
sentnob,15
sentnob,35
sentnob,97
sentnob,100
sentnob,108
sentnob,22
sentnob,73
sentnob,81
sentnob,32
sentnob,89
sentnob,100
sentnob,20
sentnob,49
sentnob,35
sentnob,87
sentnob,37
sentnob,102
sentnob,77
sentnob,32
sentnob,29
sentnob,56
sentnob,27
sentnob,28
sentnob,33
sentnob,30
sentnob,92
sentnob,151
sentnob,80
sentnob,39
sentnob,29
sentnob,66
sentnob,121
sentnob,22
sentnob,71
sentnob,19
sentnob,25
sentnob,45
sentnob,27
sentnob,19
sentnob,26
sentnob,143
sentnob,56
sentnob,83
sentnob,43
sentnob,23
sentnob,75
sentnob,119
sentnob,19
sentnob,44
sentnob,34
sentnob,39
sentnob,28
sentnob,49
sentnob,55
sentnob,122
sentnob,43
sentnob,124
sentnob,86
sentnob,61
sentnob,117
sentnob,16
sentnob,93
sentnob,34
sentnob,46
sentnob,103
sentnob,77
sentnob,25
sentnob,78
sentnob,21
sentnob,17
sentnob,99
sentnob,130
sentnob,30
sentnob,53
sentnob,62
sentnob,109
sentnob,27
sentnob,31
sentnob,121
sentnob,37
sentnob,89
sentnob,30
sentnob,28
sentnob,49
sentnob,57
sentnob,18
sentnob,41
sentnob,18
sentnob,17
sentnob,17
sentnob,82
sentnob,42
sentnob,45
sentnob,24
sentnob,112
sentnob,23
sentnob,99
sentnob,25
sentnob,21
sentnob,35
sentnob,22
sentnob,44
sentnob,32
sentnob,45
sentnob,43
sentnob,24
sentnob,44
sentnob,21
sentnob,21
sentnob,26
sentnob,101
sentnob,40
sentnob,37
sentnob,42
sentnob,76
sentnob,92
sentnob,32
sentnob,52
sentnob,99
sentnob,18
sentnob,113
sentnob,16
sentnob,26
sentnob,40
sentnob,72
sentnob,21
sentnob,38
sentnob,77
sentnob,35
sentnob,150
sentnob,19
sentnob,21
sentnob,29
sentnob,86
sentnob,43
sentnob,89
sentnob,60
sentnob,125
sentnob,28
sentnob,142
sentnob,25
sentnob,136
sentnob,71
sentnob,43
sentnob,35
sentnob,52
sentnob,31
sentnob,18
sentnob,13
sentnob,78
sentnob,53
sentnob,20
sentnob,28
sentnob,82
sentnob,104
sentnob,20
sentnob,25
sentnob,15
sentnob,79
sentnob,19
sentnob,87
sentnob,129
sentnob,117
sentnob,35
sentnob,35
sentnob,89
sentnob,34
sentnob,22
sentnob,55
sentnob,33
sentnob,48
sentnob,54
sentnob,38
sentnob,24
sentnob,54
sentnob,35
sentnob,40
sentnob,22
sentnob,23
sentnob,20
sentnob,30
sentnob,57
sentnob,59
sentnob,47
sentnob,56
sentnob,103
sentnob,50
sentnob,73
sentnob,30
sentnob,43
sentnob,71
sentnob,31
sentnob,40
sentnob,31
sentnob,20
sentnob,25
sentnob,177
sentnob,55
sentnob,59
sentnob,103
sentnob,28
sentnob,30
sentnob,25
sentnob,28
sentnob,27
sentnob,116
sentnob,72
sentnob,99
sentnob,44
sentnob,68
sentnob,87
sentnob,19
sentnob,54
sentnob,44
sentnob,23
sentnob,112
sentnob,76
sentnob,66
sentnob,49
sentnob,61
sentnob,47
sentnob,65
sentnob,42
sentnob,32
sentnob,106
sentnob,37
sentnob,32
sentnob,36
sentnob,103
sentnob,19
sentnob,21
sentnob,99
sentnob,20
sentnob,45
sentnob,67
sentnob,124
sentnob,18
sentnob,35
sentnob,23
sentnob,33
sentnob,22
sentnob,16
sentnob,46
sentnob,112
sentnob,72
sentnob,91
sentnob,22
sentnob,163
sentnob,37
sentnob,38
sentnob,134
sentnob,46
sentnob,93
sentnob,38
sentnob,48
sentnob,18
sentnob,20
sentnob,22
sentnob,81
sentnob,35
sentnob,101
sentnob,106
sentnob,60
sentnob,84
sentnob,50
sentnob,21
sentnob,65
sentnob,106
sentnob,33
sentnob,103
sentnob,24
sentnob,32
sentnob,27
sentnob,14
sentnob,118
sentnob,29
sentnob,44
sentnob,25
sentnob,29
sentnob,48
sentnob,51
sentnob,17
sentnob,42
sentnob,115
sentnob,44
sentnob,93
sentnob,37
sentnob,133
sentnob,79
sentnob,36
sentnob,18
sentnob,35
sentnob,66
sentnob,40
sentnob,132
sentnob,96
sentnob,29
sentnob,28
sentnob,25
sentnob,36
sentnob,25
sentnob,101
sentnob,54
sentnob,81
sentnob,23
sentnob,61
sentnob,15
sentnob,23
sentnob,49
sentnob,68
sentnob,29
sentnob,62
sentnob,24
sentnob,33
sentnob,19
sentnob,60
sentnob,33
sentnob,24
sentnob,32
sentnob,64
sentnob,42
sentnob,32
sentnob,25
sentnob,58
sentnob,30
sentnob,29
sentnob,97
sentnob,42
sentnob,137
sentnob,52
sentnob,168
sentnob,26
sentnob,100
sentnob,47
sentnob,42
sentnob,41
sentnob,84
sentnob,110
sentnob,76
sentnob,38
sentnob,34
sentnob,79
sentnob,31
sentnob,66
sentnob,27
sentnob,62
sentnob,58
sentnob,31
sentnob,139
sentnob,83
sentnob,91
sentnob,82
sentnob,17
sentnob,29
sentnob,85
sentnob,29
sentnob,14
sentnob,24
sentnob,43
sentnob,74
sentnob,38
sentnob,62
sentnob,35
sentnob,33
sentnob,45
sentnob,16
sentnob,14
sentnob,27
sentnob,49
sentnob,36
sentnob,30
sentnob,31
sentnob,27
sentnob,27
sentnob,160
sentnob,59
sentnob,73
sentnob,19
sentnob,58
sentnob,71
sentnob,85
sentnob,48
sentnob,63
sentnob,92
sentnob,35
sentnob,67
sentnob,51
sentnob,69
sentnob,50
sentnob,86
sentnob,119
sentnob,61
sentnob,30
sentnob,64
sentnob,24
sentnob,22
sentnob,27
sentnob,36
sentnob,65
sentnob,93
sentnob,60
sentnob,26
sentnob,40
sentnob,20
sentnob,25
sentnob,56
sentnob,22
sentnob,17
sentnob,63
sentnob,34
sentnob,24
sentnob,25
sentnob,41
sentnob,48
sentnob,40
sentnob,69
sentnob,93
sentnob,24
sentnob,37
sentnob,69
sentnob,61
sentnob,49
sentnob,68
sentnob,25
sentnob,47
sentnob,53
sentnob,42
sentnob,130
sentnob,82
sentnob,48
sentnob,20
sentnob,48
sentnob,94
sentnob,39
sentnob,52
sentnob,41
sentnob,63
sentnob,78
sentnob,43
sentnob,45
sentnob,45
sentnob,94
sentnob,90
sentnob,32
sentnob,65
sentnob,54
sentnob,32
sentnob,31
sentnob,48
sentnob,34
sentnob,17
sentnob,22
sentnob,24
sentnob,42
sentnob,60
sentnob,57
sentnob,142
sentnob,102
sentnob,69
sentnob,40
sentnob,20
sentnob,49
sentnob,48
sentnob,91
sentnob,20
sentnob,31
sentnob,61
sentnob,32
sentnob,41
sentnob,13
sentnob,160
sentnob,15
sentnob,31
sentnob,43
sentnob,52
sentnob,43
sentnob,47
sentnob,88
sentnob,45
sentnob,31
sentnob,39
sentnob,22
sentnob,47
sentnob,91
sentnob,40
sentnob,40
sentnob,98
sentnob,67
sentnob,19
sentnob,19
sentnob,28
sentnob,24
sentnob,71
sentnob,10
sentnob,31
sentnob,31
sentnob,19
sentnob,35
sentnob,53
sentnob,37
sentnob,124
sentnob,29
sentnob,42
sentnob,26
sentnob,44
sentnob,126
sentnob,182
sentnob,67
sentnob,22
sentnob,21
sentnob,26
sentnob,108
sentnob,94
sentnob,17
sentnob,44
sentnob,34
sentnob,25
sentnob,23
sentnob,47
sentnob,76
sentnob,36
sentnob,18
sentnob,68
sentnob,80
sentnob,108
sentnob,24
sentnob,36
sentnob,58
sentnob,23
sentnob,83
sentnob,28
sentnob,27
sentnob,47
sentnob,59
sentnob,74
sentnob,29
sentnob,26
sentnob,36
sentnob,55
sentnob,59
sentnob,74
sentnob,19
sentnob,75
sentnob,72
sentnob,36
sentnob,100
sentnob,24
sentnob,52
sentnob,32
sentnob,17
sentnob,36
sentnob,70
sentnob,26
sentnob,45
sentnob,68
sentnob,80
sentnob,103
sentnob,92
sentnob,89
sentnob,199
sentnob,30
sentnob,25
sentnob,58
sentnob,54
sentnob,156
sentnob,25
sentnob,27
sentnob,53
sentnob,64
sentnob,56
sentnob,60
sentnob,28
sentnob,30
sentnob,136
sentnob,134
sentnob,20
sentnob,41
sentnob,23
sentnob,21
sentnob,77
sentnob,111
sentnob,82
sentnob,94
sentnob,33
sentnob,68
sentnob,19
sentnob,39
sentnob,21
sentnob,51
sentnob,38
sentnob,52
sentnob,65
sentnob,94
sentnob,22
sentnob,87
sentnob,27
sentnob,28
sentnob,40
sentnob,56
sentnob,20
sentnob,30
sentnob,101
sentnob,66
sentnob,98
sentnob,23
sentnob,31
sentnob,70
sentnob,103
sentnob,54
sentnob,57
sentnob,78
sentnob,65
sentnob,29
sentnob,65
sentnob,78
sentnob,18
sentnob,33
sentnob,184
sentnob,89
sentnob,20
sentnob,112
sentnob,44
sentnob,54
sentnob,73
sentnob,59
sentnob,25
sentnob,25
sentnob,102
sentnob,36
sentnob,27
sentnob,28
sentnob,67
sentnob,22
sentnob,49
sentnob,93
sentnob,64
sentnob,23
sentnob,146
sentnob,58
sentnob,20
sentnob,18
sentnob,37
sentnob,25
sentnob,83
sentnob,39
sentnob,36
sentnob,62
sentnob,25
sentnob,26
sentnob,21
sentnob,20
sentnob,31
sentnob,27
sentnob,126
sentnob,50
sentnob,54
sentnob,91
sentnob,43
sentnob,37
sentnob,135
sentnob,94
sentnob,116
sentnob,19
sentnob,24
sentnob,25
sentnob,84
sentnob,22
sentnob,19
sentnob,31
sentnob,66
sentnob,38
sentnob,25
sentnob,20
sentnob,25
sentnob,31
sentnob,20
sentnob,29
sentnob,81
sentnob,31
sentnob,23
sentnob,110
sentnob,131
sentnob,27
sentnob,96
sentnob,52
sentnob,37
sentnob,57
sentnob,58
sentnob,50
sentnob,33
sentnob,61
sentnob,36
sentnob,48
sentnob,16
sentnob,16
sentnob,46
sentnob,71
sentnob,18
sentnob,32
sentnob,53
sentnob,21
sentnob,21
sentnob,39
sentnob,91
sentnob,34
sentnob,16
sentnob,69
sentnob,45
sentnob,152
sentnob,15
sentnob,33
sentnob,27
sentnob,35
sentnob,178
sentnob,41
sentnob,73
sentnob,23
sentnob,66
sentnob,28
sentnob,59
sentnob,31
sentnob,46
sentnob,47
sentnob,103
sentnob,74
sentnob,32
sentnob,43
sentnob,60
sentnob,35
sentnob,65
sentnob,36
sentnob,23
sentnob,107
sentnob,17
sentnob,18
sentnob,61
sentnob,90
sentnob,29
sentnob,18
sentnob,81
sentnob,38
sentnob,157
sentnob,27
sentnob,63
sentnob,19
sentnob,38
sentnob,119
sentnob,59
sentnob,52
sentnob,62
sentnob,40
sentnob,44
sentnob,53
sentnob,36
sentnob,45
sentnob,32
sentnob,24
sentnob,109
sentnob,20
sentnob,57
sentnob,51
sentnob,56
sentnob,52
sentnob,50
sentnob,55
sentnob,24
sentnob,31
sentnob,71
sentnob,125
sentnob,15
sentnob,21
sentnob,32
sentnob,23
sentnob,65
sentnob,38
sentnob,97
sentnob,56
sentnob,168
sentnob,47
sentnob,37
sentnob,19
sentnob,44
sentnob,48
sentnob,17
sentnob,59
sentnob,30
sentnob,34
sentnob,24
sentnob,142
sentnob,54
sentnob,75
sentnob,16
sentnob,21
sentnob,43
sentnob,43
sentnob,38
sentnob,31
sentnob,64
sentnob,57
sentnob,42
sentnob,55
sentnob,46
sentnob,42
sentnob,19
sentnob,91
sentnob,88
sentnob,30
sentnob,37
sentnob,73
sentnob,35
sentnob,30
sentnob,40
sentnob,32
sentnob,31
sentnob,40
sentnob,67
sentnob,23
sentnob,75
sentnob,23
sentnob,50
sentnob,44
sentnob,43
sentnob,23
sentnob,25
sentnob,33
sentnob,47
sentnob,31
sentnob,79
sentnob,25
sentnob,27
sentnob,72
sentnob,55
sentnob,59
sentnob,155
sentnob,43
sentnob,28
sentnob,132
sentnob,80
sentnob,185
sentnob,149
sentnob,43
sentnob,16
sentnob,39
sentnob,66
sentnob,14
sentnob,21
sentnob,31
sentnob,34
sentnob,62
sentnob,19
sentnob,71
sentnob,73
sentnob,39
sentnob,131
sentnob,35
sentnob,27
sentnob,24
sentnob,56
sentnob,31
sentnob,17
sentnob,60
sentnob,35
sentnob,60
sentnob,31
sentnob,40
sentnob,16
sentnob,53
sentnob,82
sentnob,22
sentnob,46
sentnob,98
sentnob,62
sentnob,122
sentnob,35
sentnob,60
sentnob,62
sentnob,17
sentnob,22
sentnob,91
sentnob,55
sentnob,23
sentnob,59
sentnob,34
sentnob,49
sentnob,75
sentnob,17
sentnob,17
sentnob,23
sentnob,39
sentnob,76
sentnob,34
sentnob,51
sentnob,16
sentnob,35
sentnob,24
sentnob,61
sentnob,122
sentnob,13
sentnob,49
sentnob,81
sentnob,36
sentnob,28
sentnob,120
sentnob,51
sentnob,27
sentnob,36
sentnob,47
sentnob,41
sentnob,64
sentnob,65
sentnob,22
sentnob,21
sentnob,78
sentnob,82
sentnob,25
sentnob,30
sentnob,43
sentnob,21
sentnob,71
sentnob,17
sentnob,32
sentnob,67
sentnob,19
sentnob,19
sentnob,45
sentnob,68
sentnob,103
sentnob,21
sentnob,88
sentnob,61
sentnob,19
sentnob,55
sentnob,31
sentnob,156
sentnob,25
sentnob,58
sentnob,180
sentnob,55
sentnob,84
sentnob,23
sentnob,24
sentnob,22
sentnob,26
sentnob,106
sentnob,21
sentnob,58
sentnob,109
sentnob,31
sentnob,34
sentnob,36
sentnob,28
sentnob,21
sentnob,171
sentnob,16
sentnob,30
sentnob,38
sentnob,27
sentnob,17
sentnob,53
sentnob,47
sentnob,65
sentnob,20
sentnob,47
sentnob,150
sentnob,28
sentnob,25
sentnob,106
sentnob,33
sentnob,31
sentnob,115
sentnob,29
sentnob,32
sentnob,75
sentnob,24
sentnob,78
sentnob,64
sentnob,73
sentnob,34
sentnob,18
sentnob,28
sentnob,31
sentnob,118
sentnob,34
sentnob,57
sentnob,42
sentnob,82
sentnob,47
sentnob,119
sentnob,44
sentnob,66
sentnob,104
sentnob,131
sentnob,85
sentnob,69
sentnob,78
sentnob,109
sentnob,23
sentnob,39
sentnob,173
sentnob,29
sentnob,14
sentnob,27
sentnob,23
sentnob,45
sentnob,22
sentnob,143
sentnob,26
sentnob,47
sentnob,21
sentnob,139
sentnob,83
sentnob,68
sentnob,82
sentnob,50
sentnob,33
sentnob,44
sentnob,32
sentnob,54
sentnob,21
sentnob,51
sentnob,55
sentnob,75
sentnob,47
sentnob,50
sentnob,19
sentnob,85
sentnob,43
sentnob,110
sentnob,26
sentnob,91
sentnob,117
sentnob,100
sentnob,55
sentnob,31
sentnob,24
sentnob,44
sentnob,34
sentnob,77
sentnob,87
sentnob,19
sentnob,193
sentnob,74
sentnob,14
sentnob,89
sentnob,29
sentnob,33
sentnob,56
sentnob,39
sentnob,25
sentnob,37
sentnob,33
sentnob,48
sentnob,37
sentnob,52
sentnob,51
sentnob,21
sentnob,63
sentnob,35
sentnob,34
sentnob,19
sentnob,45
sentnob,47
sentnob,51
sentnob,24
sentnob,45
sentnob,70
sentnob,52
sentnob,27
sentnob,59
sentnob,38
sentnob,46
sentnob,22
sentnob,25
sentnob,45
sentnob,45
sentnob,54
sentnob,41
sentnob,39
sentnob,29
sentnob,54
sentnob,75
sentnob,187
sentnob,36
sentnob,58
sentnob,38
sentnob,77
sentnob,55
sentnob,100
sentnob,52
sentnob,16
sentnob,99
sentnob,42
sentnob,23
sentnob,15
sentnob,40
sentnob,30
sentnob,46
sentnob,67
sentnob,75
sentnob,55
sentnob,52
sentnob,20
sentnob,129
sentnob,33
sentnob,61
sentnob,32
sentnob,53
sentnob,20
sentnob,57
sentnob,51
sentnob,55
sentnob,18
sentnob,28
sentnob,24
sentnob,24
sentnob,151
sentnob,20
sentnob,33
sentnob,52
sentnob,30
sentnob,86
sentnob,24
sentnob,16
sentnob,33
sentnob,54
sentnob,18
sentnob,22
sentnob,32
sentnob,62
sentnob,59
sentnob,93
sentnob,64
sentnob,54
sentnob,144
sentnob,37
sentnob,55
sentnob,20
sentnob,151
sentnob,76
sentnob,24
sentnob,52
sentnob,17
sentnob,62
sentnob,19
sentnob,115
sentnob,132
sentnob,19
sentnob,78
sentnob,23
sentnob,58
sentnob,130
sentnob,72
sentnob,87
sentnob,16
sentnob,104
sentnob,20
sentnob,27
sentnob,18
sentnob,39
sentnob,82
sentnob,29
sentnob,26
sentnob,19
sentnob,26
sentnob,41
sentnob,29
sentnob,75
sentnob,44
sentnob,39
sentnob,45
sentnob,24
sentnob,74
sentnob,59
sentnob,55
sentnob,21
sentnob,64
sentnob,50
sentnob,17
sentnob,49
sentnob,35
sentnob,88
sentnob,84
sentnob,38
sentnob,33
sentnob,32
sentnob,31
sentnob,119
sentnob,26
sentnob,27
sentnob,48
sentnob,79
sentnob,107
sentnob,51
sentnob,53
sentnob,63
sentnob,69
sentnob,17
sentnob,24
sentnob,38
sentnob,31
sentnob,29
sentnob,29
sentnob,83
sentnob,66
sentnob,61
sentnob,29
sentnob,38
sentnob,61
sentnob,26
sentnob,158
sentnob,24
sentnob,24
sentnob,24
sentnob,71
sentnob,52
sentnob,22
sentnob,33
sentnob,159
sentnob,34
sentnob,21
sentnob,23
sentnob,57
sentnob,43
sentnob,40
sentnob,46
sentnob,28
sentnob,41
sentnob,40
sentnob,84
sentnob,23
sentnob,39
sentnob,63
sentnob,22
sentnob,76
sentnob,78
sentnob,164
sentnob,33
sentnob,57
sentnob,22
sentnob,68
sentnob,52
sentnob,25
sentnob,127
sentnob,42
sentnob,69
sentnob,23
sentnob,57
sentnob,16
sentnob,34
sentnob,120
sentnob,76
sentnob,64
sentnob,26
sentnob,19
sentnob,54
sentnob,147
sentnob,96
sentnob,125
sentnob,24
sentnob,60
sentnob,188
sentnob,28
sentnob,20
sentnob,27
sentnob,162
sentnob,26
sentnob,14
sentnob,89
sentnob,18
sentnob,43
sentnob,89
sentnob,118
sentnob,116
sentnob,53
sentnob,24
sentnob,25
sentnob,69
sentnob,46
sentnob,20
sentnob,52
sentnob,64
sentnob,78
sentnob,20
sentnob,18
sentnob,27
sentnob,63
sentnob,23
sentnob,24
sentnob,38
sentnob,128
sentnob,57
sentnob,69
sentnob,48
sentnob,64
sentnob,52
sentnob,166
sentnob,55
sentnob,54
sentnob,28
sentnob,36
sentnob,36
sentnob,30
sentnob,20
sentnob,43
sentnob,103
sentnob,21
sentnob,24
sentnob,16
sentnob,54
sentnob,52
sentnob,92
sentnob,20
sentnob,21
sentnob,41
sentnob,67
sentnob,32
sentnob,27
sentnob,19
sentnob,132
sentnob,17
sentnob,79
sentnob,15
sentnob,93
sentnob,44
sentnob,32
sentnob,32
sentnob,24
sentnob,116
sentnob,32
sentnob,17
sentnob,65
sentnob,113
sentnob,25
sentnob,49
sentnob,23
sentnob,43
sentnob,41
sentnob,32
sentnob,22
sentnob,63
sentnob,44
sentnob,34
sentnob,17
sentnob,66
sentnob,18
sentnob,21
sentnob,33
sentnob,60
sentnob,103
sentnob,64
sentnob,32
sentnob,45
sentnob,33
sentnob,24
sentnob,23
sentnob,18
sentnob,84
sentnob,37
sentnob,109
sentnob,62
sentnob,46
sentnob,49
sentnob,23
sentnob,29
sentnob,118
sentnob,67
sentnob,77
sentnob,85
sentnob,184
sentnob,118
sentnob,67
sentnob,44
sentnob,82
sentnob,56
sentnob,58
sentnob,31
sentnob,71
sentnob,47
sentnob,69
sentnob,21
sentnob,73
sentnob,46
sentnob,64
sentnob,37
sentnob,29
sentnob,20
sentnob,41
sentnob,32
sentnob,85
sentnob,76
sentnob,66
sentnob,28
sentnob,66
sentnob,128
sentnob,37
sentnob,131
sentnob,18
sentnob,92
sentnob,26
sentnob,85
sentnob,18
sentnob,40
sentnob,76
sentnob,18
sentnob,41
sentnob,29
sentnob,26
sentnob,100
sentnob,29
sentnob,17
sentnob,41
sentnob,22
sentnob,52
sentnob,56
sentnob,55
sentnob,94
sentnob,38
sentnob,23
sentnob,41
sentnob,88
sentnob,18
sentnob,66
sentnob,15
sentnob,21
sentnob,18
sentnob,53
sentnob,78
sentnob,25
sentnob,73
sentnob,39
sentnob,77
sentnob,34
sentnob,29
sentnob,54
sentnob,29
sentnob,80
sentnob,33
sentnob,42
sentnob,66
sentnob,38
sentnob,54
sentnob,95
sentnob,33
sentnob,77
sentnob,30
sentnob,51
sentnob,38
sentnob,76
sentnob,66
sentnob,78
sentnob,24
sentnob,16
sentnob,74
sentnob,21
sentnob,24
sentnob,31
sentnob,54
sentnob,63
sentnob,57
sentnob,19
sentnob,24
sentnob,44
sentnob,45
sentnob,55
sentnob,37
sentnob,46
sentnob,63
sentnob,17
sentnob,25
sentnob,17
sentnob,182
sentnob,37
sentnob,24
sentnob,32
sentnob,121
sentnob,24
sentnob,30
sentnob,126
sentnob,23
sentnob,46
sentnob,40
sentnob,60
sentnob,42
sentnob,82
sentnob,19
sentnob,41
sentnob,85
sentnob,17
sentnob,31
sentnob,82
sentnob,31
sentnob,44
sentnob,38
sentnob,133
sentnob,134
sentnob,40
sentnob,36
sentnob,17
sentnob,49
sentnob,45
sentnob,25
sentnob,54
sentnob,62
sentnob,140
sentnob,28
sentnob,33
sentnob,41
sentnob,39
sentnob,57
sentnob,64
sentnob,31
sentnob,115
sentnob,27
sentnob,18
sentnob,43
sentnob,18
sentnob,93
sentnob,74
sentnob,68
sentnob,69
sentnob,45
sentnob,34
sentnob,34
sentnob,58
sentnob,27
sentnob,32
sentnob,32
sentnob,53
sentnob,24
sentnob,44
sentnob,20
sentnob,30
sentnob,87
sentnob,43
sentnob,38
sentnob,70
sentnob,13
sentnob,70
sentnob,39
sentnob,21
sentnob,24
sentnob,84
sentnob,21
sentnob,79
sentnob,21
sentnob,61
sentnob,70
sentnob,43
sentnob,93
sentnob,20
sentnob,42
sentnob,34
sentnob,67
sentnob,31
sentnob,89
sentnob,31
sentnob,55
sentnob,25
sentnob,124
sentnob,47
sentnob,120
sentnob,165
sentnob,35
sentnob,125
sentnob,65
sentnob,60
sentnob,24
sentnob,20
sentnob,95
sentnob,112
sentnob,24
sentnob,81
sentnob,32
sentnob,141
sentnob,28
sentnob,45
sentnob,69
sentnob,24
sentnob,40
sentnob,78
sentnob,64
sentnob,38
sentnob,80
sentnob,44
sentnob,46
sentnob,20
sentnob,51
sentnob,28
sentnob,42
sentnob,68
sentnob,22
sentnob,57
sentnob,19
sentnob,30
sentnob,47
sentnob,20
sentnob,29
sentnob,14
sentnob,50
sentnob,141
sentnob,95
sentnob,21
sentnob,45
sentnob,144
sentnob,168
sentnob,19
sentnob,61
sentnob,91
sentnob,31
sentnob,31
sentnob,41
sentnob,28
sentnob,38
sentnob,83
sentnob,30
sentnob,81
sentnob,19
sentnob,51
sentnob,26
sentnob,46
sentnob,30
sentnob,40
sentnob,22
sentnob,47
sentnob,24
sentnob,30
sentnob,57
sentnob,19
sentnob,80
sentnob,120
sentnob,82
sentnob,107
sentnob,32
sentnob,17
sentnob,43
sentnob,78
sentnob,25
sentnob,44
sentnob,69
sentnob,113
sentnob,56
sentnob,25
sentnob,46
sentnob,175
sentnob,151
sentnob,18
sentnob,20
sentnob,32
sentnob,50
sentnob,56
sentnob,89
sentnob,28
sentnob,26
sentnob,21
sentnob,35
sentnob,87
sentnob,56
sentnob,23
sentnob,114
sentnob,33
sentnob,22
sentnob,86
sentnob,50
sentnob,63
sentnob,27
sentnob,32
sentnob,44
sentnob,21
sentnob,67
sentnob,19
sentnob,51
sentnob,23
sentnob,90
sentnob,25
sentnob,61
sentnob,38
sentnob,27
sentnob,128
sentnob,116
sentnob,39
sentnob,28
sentnob,16
sentnob,27
sentnob,24
sentnob,55
sentnob,69
sentnob,14
sentnob,151
sentnob,33
sentnob,129
sentnob,59
sentnob,48
sentnob,103
sentnob,38
sentnob,45
sentnob,26
sentnob,22
sentnob,20
sentnob,82
sentnob,18
sentnob,28
sentnob,143
sentnob,42
sentnob,33
sentnob,56
sentnob,48
sentnob,30
sentnob,14
sentnob,63
sentnob,142
sentnob,25
sentnob,80
sentnob,42
sentnob,41
sentnob,51
sentnob,67
sentnob,25
sentnob,37
sentnob,44
sentnob,20
sentnob,66
sentnob,20
sentnob,41
sentnob,19
sentnob,45
sentnob,36
sentnob,24
sentnob,33
sentnob,25
sentnob,39
sentnob,23
sentnob,35
sentnob,55
sentnob,112
sentnob,88
sentnob,21
sentnob,24
sentnob,30
sentnob,47
sentnob,30
sentnob,34
sentnob,45
sentnob,24
sentnob,91
sentnob,76
sentnob,16
sentnob,48
sentnob,42
sentnob,27
sentnob,30
sentnob,25
sentnob,90
sentnob,34
sentnob,34
sentnob,111
sentnob,74
sentnob,67
sentnob,49
sentnob,18
sentnob,31
sentnob,17
sentnob,27
sentnob,24
sentnob,87
sentnob,58
sentnob,59
sentnob,23
sentnob,58
sentnob,70
sentnob,91
sentnob,113
sentnob,25
sentnob,67
sentnob,43
sentnob,52
sentnob,73
sentnob,54
sentnob,48
sentnob,15
sentnob,90
sentnob,146
sentnob,55
sentnob,41
sentnob,102
sentnob,53
sentnob,33
sentnob,29
sentnob,19
sentnob,37
sentnob,98
sentnob,54
sentnob,142
sentnob,22
sentnob,27
sentnob,62
sentnob,27
sentnob,42
sentnob,126
sentnob,21
sentnob,70
sentnob,64
sentnob,90
sentnob,52
sentnob,90
sentnob,44
sentnob,28
sentnob,28
sentnob,142
sentnob,53
sentnob,57
sentnob,91
sentnob,45
sentnob,25
sentnob,64
sentnob,42
sentnob,41
sentnob,35
sentnob,43
sentnob,24
sentnob,32
sentnob,18
sentnob,28
sentnob,39
sentnob,22
sentnob,85
sentnob,52
sentnob,23
sentnob,69
sentnob,17
sentnob,113
sentnob,21
sentnob,85
sentnob,66
sentnob,48
sentnob,29
sentnob,21
sentnob,110
sentnob,19
sentnob,58
sentnob,21
sentnob,82
sentnob,52
sentnob,69
sentnob,35
sentnob,58
sentnob,112
sentnob,27
sentnob,58
sentnob,28
sentnob,29
sentnob,48
sentnob,38
sentnob,27
sentnob,59
sentnob,65
sentnob,71
sentnob,84
sentnob,29
sentnob,113
sentnob,26
sentnob,96
sentnob,45
sentnob,165
sentnob,62
sentnob,43
sentnob,25
sentnob,74
sentnob,19
sentnob,21
sentnob,101
sentnob,25
sentnob,21
sentnob,19
sentnob,24
sentnob,17
sentnob,40
sentnob,67
sentnob,30
sentnob,32
sentnob,83
sentnob,47
sentnob,116
sentnob,23
sentnob,124
sentnob,26
sentnob,69
sentnob,39
sentnob,75
sentnob,73
sentnob,27
sentnob,34
sentnob,38
sentnob,39
sentnob,33
sentnob,120
sentnob,44
sentnob,21
sentnob,36
sentnob,16
sentnob,32
sentnob,59
sentnob,52
sentnob,149
sentnob,33
sentnob,28
sentnob,159
sentnob,75
sentnob,54
sentnob,92
sentnob,90
sentnob,54
sentnob,42
sentnob,30
sentnob,52
sentnob,37
sentnob,24
sentnob,32
sentnob,19
sentnob,39
sentnob,90
sentnob,100
sentnob,53
sentnob,73
sentnob,41
sentnob,42
sentnob,33
sentnob,104
sentnob,28
sentnob,50
sentnob,116
sentnob,27
sentnob,42
sentnob,59
sentnob,59
sentnob,70
sentnob,43
sentnob,69
sentnob,96
sentnob,46
sentnob,52
sentnob,57
sentnob,79
sentnob,46
sentnob,55
sentnob,32
sentnob,47
sentnob,23
sentnob,65
sentnob,114
sentnob,22
sentnob,22
sentnob,97
sentnob,36
sentnob,25
sentnob,43
sentnob,39
sentnob,19
sentnob,53
sentnob,48
sentnob,49
sentnob,16
sentnob,35
sentnob,34
sentnob,24
sentnob,30
sentnob,153
sentnob,40
sentnob,25
sentnob,98
sentnob,56
sentnob,28
sentnob,34
sentnob,43
sentnob,29
sentnob,19
sentnob,14
sentnob,51
sentnob,18
sentnob,51
sentnob,128
sentnob,46
sentnob,15
sentnob,38
sentnob,58
sentnob,27
sentnob,22
sentnob,92
sentnob,81
sentnob,39
sentnob,18
sentnob,46
sentnob,75
sentnob,41
sentnob,30
sentnob,92
sentnob,72
sentnob,27
sentnob,28
sentnob,78
sentnob,101
sentnob,58
sentnob,36
sentnob,93
sentnob,27
sentnob,46
sentnob,43
sentnob,83
sentnob,25
sentnob,55
sentnob,24
sentnob,32
sentnob,78
sentnob,22
sentnob,155
sentnob,102
sentnob,64
sentnob,57
sentnob,35
sentnob,28
sentnob,17
sentnob,91
sentnob,27
sentnob,31
sentnob,30
sentnob,33
sentnob,82
sentnob,141
sentnob,28
sentnob,118
sentnob,148
sentnob,172
sentnob,63
sentnob,31
sentnob,57
sentnob,89
sentnob,40
sentnob,107
sentnob,79
sentnob,131
sentnob,31
sentnob,124
sentnob,18
sentnob,87
sentnob,148
sentnob,62
sentnob,42
sentnob,30
sentnob,42
sentnob,187
sentnob,101
sentnob,77
sentnob,22
sentnob,39
sentnob,60
sentnob,25
sentnob,104
sentnob,51
sentnob,44
sentnob,45
sentnob,47
sentnob,49
sentnob,20
sentnob,39
sentnob,124
sentnob,19
sentnob,39
sentnob,46
sentnob,16
sentnob,66
sentnob,25
sentnob,23
sentnob,101
sentnob,53
sentnob,71
sentnob,25
sentnob,21
sentnob,17
sentnob,23
sentnob,109
sentnob,28
sentnob,18
sentnob,51
sentnob,155
sentnob,38
sentnob,45
sentnob,27
sentnob,100
sentnob,99
sentnob,152
sentnob,80
sentnob,99
sentnob,60
sentnob,141
sentnob,24
sentnob,68
sentnob,42
sentnob,53
sentnob,114
sentnob,38
sentnob,51
sentnob,33
sentnob,54
sentnob,24
sentnob,101
sentnob,45
sentnob,52
sentnob,27
sentnob,38
sentnob,19
sentnob,17
sentnob,32
sentnob,55
sentnob,105
sentnob,20
sentnob,26
sentnob,22
sentnob,21
sentnob,75
sentnob,46
sentnob,44
sentnob,161
sentnob,70
sentnob,16
sentnob,97
sentnob,143
sentnob,93
sentnob,25
sentnob,122
sentnob,123
sentnob,108
sentnob,19
sentnob,24
sentnob,103
sentnob,107
sentnob,33
sentnob,26
sentnob,59
sentnob,44
sentnob,75
sentnob,103
sentnob,33
sentnob,18
sentnob,28
sentnob,77
sentnob,44
sentnob,99
sentnob,52
sentnob,60
sentnob,29
sentnob,96
sentnob,34
sentnob,40
sentnob,68
sentnob,31
sentnob,18
sentnob,28
sentnob,15
sentnob,43
sentnob,23
sentnob,50
sentnob,82
sentnob,37
sentnob,29
sentnob,38
sentnob,19
sentnob,45
sentnob,20
sentnob,104
sentnob,121
sentnob,76
sentnob,97
sentnob,21
sentnob,111
sentnob,112
sentnob,95
sentnob,41
sentnob,20
sentnob,23
sentnob,32
sentnob,20
sentnob,116
sentnob,128
sentnob,18
sentnob,25
sentnob,33
sentnob,51
sentnob,44
sentnob,63
sentnob,59
sentnob,52
sentnob,114
sentnob,19
sentnob,17
sentnob,51
sentnob,42
sentnob,18
sentnob,41
sentnob,53
sentnob,47
sentnob,21
sentnob,96
sentnob,23
sentnob,28
sentnob,30
sentnob,40
sentnob,68
sentnob,55
sentnob,28
sentnob,57
sentnob,34
sentnob,37
sentnob,120
sentnob,64
sentnob,59
sentnob,34
sentnob,161
sentnob,118
sentnob,46
sentnob,87
sentnob,49
sentnob,156
sentnob,81
sentnob,42
sentnob,21
sentnob,46
sentnob,173
sentnob,24
sentnob,17
sentnob,37
sentnob,83
sentnob,20
sentnob,30
sentnob,28
sentnob,67
sentnob,52
sentnob,31
sentnob,33
sentnob,78
sentnob,16
sentnob,27
sentnob,27
sentnob,50
sentnob,85
sentnob,150
sentnob,32
sentnob,35
sentnob,55
sentnob,44
sentnob,65
sentnob,40
sentnob,18
sentnob,21
sentnob,128
sentnob,61
sentnob,63
sentnob,97
sentnob,25
sentnob,19
sentnob,129
sentnob,50
sentnob,15
sentnob,27
sentnob,66
sentnob,22
sentnob,47
sentnob,26
sentnob,27
sentnob,47
sentnob,79
sentnob,34
sentnob,29
sentnob,20
sentnob,37
sentnob,92
sentnob,116
sentnob,45
sentnob,19
sentnob,42
sentnob,21
sentnob,52
sentnob,133
sentnob,21
sentnob,88
sentnob,23
sentnob,37
sentnob,21
sentnob,48
sentnob,30
sentnob,63
sentnob,61
sentnob,32
sentnob,69
sentnob,25
sentnob,34
sentnob,38
sentnob,61
sentnob,54
sentnob,37
sentnob,23
sentnob,87
sentnob,35
sentnob,56
sentnob,63
sentnob,25
sentnob,68
sentnob,33
sentnob,24
sentnob,73
sentnob,52
sentnob,33
sentnob,25
sentnob,43
sentnob,19
sentnob,85
sentnob,104
sentnob,71
sentnob,23
sentnob,28
sentnob,74
sentnob,45
sentnob,18
sentnob,116
sentnob,70
sentnob,49
sentnob,80
sentnob,18
sentnob,45
sentnob,61
sentnob,15
sentnob,35
sentnob,23
sentnob,94
sentnob,76
sentnob,80
sentnob,35
sentnob,60
sentnob,19
sentnob,23
sentnob,27
sentnob,24
sentnob,15
sentnob,76
sentnob,21
sentnob,23
sentnob,33
sentnob,17
sentnob,44
sentnob,43
sentnob,40
sentnob,33
sentnob,41
sentnob,30
sentnob,110
sentnob,32
sentnob,109
sentnob,39
sentnob,20
sentnob,38
sentnob,28
sentnob,53
sentnob,51
sentnob,32
sentnob,48
sentnob,46
sentnob,19
sentnob,41
sentnob,41
sentnob,88
sentnob,15
sentnob,76
sentnob,28
sentnob,68
sentnob,40
sentnob,34
sentnob,59
sentnob,44
sentnob,89
sentnob,135
sentnob,46
sentnob,164
sentnob,109
sentnob,27
sentnob,20
sentnob,16
sentnob,110
sentnob,16
sentnob,33
sentnob,31
sentnob,154
sentnob,19
sentnob,57
sentnob,93
sentnob,70
sentnob,103
sentnob,49
sentnob,26
sentnob,21
sentnob,20
sentnob,106
sentnob,38
sentnob,84
sentnob,95
sentnob,83
sentnob,109
sentnob,71
sentnob,27
sentnob,135
sentnob,27
sentnob,132
sentnob,40
sentnob,68
sentnob,27
sentnob,57
sentnob,37
sentnob,48
sentnob,70
sentnob,106
sentnob,25
sentnob,54
sentnob,107
sentnob,22
sentnob,80
sentnob,49
sentnob,21
sentnob,16
sentnob,113
sentnob,20
sentnob,61
sentnob,144
sentnob,26
sentnob,93
sentnob,51
sentnob,21
sentnob,33
sentnob,28
sentnob,17
sentnob,34
sentnob,34
sentnob,27
sentnob,50
sentnob,38
sentnob,18
sentnob,84
sentnob,40
sentnob,27
sentnob,20
sentnob,41
sentnob,47
sentnob,26
sentnob,82
sentnob,33
sentnob,70
sentnob,175
sentnob,10
sentnob,25
sentnob,20
sentnob,47
sentnob,78
sentnob,85
sentnob,17
sentnob,19
sentnob,35
sentnob,58
sentnob,36
sentnob,39
sentnob,24
sentnob,49
sentnob,104
sentnob,50
sentnob,28
sentnob,59
sentnob,25
sentnob,58
sentnob,31
sentnob,64
sentnob,65
sentnob,21
sentnob,20
sentnob,12
sentnob,107
sentnob,26
sentnob,75
sentnob,24
sentnob,38
sentnob,69
sentnob,34
sentnob,98
sentnob,40
sentnob,76
sentnob,161
sentnob,52
sentnob,27
sentnob,70
sentnob,19
sentnob,18
sentnob,35
sentnob,194
sentnob,20
sentnob,84
sentnob,60
sentnob,28
sentnob,26
sentnob,41
sentnob,23
sentnob,43
sentnob,24
sentnob,26
sentnob,70
sentnob,51
sentnob,147
sentnob,36
sentnob,36
sentnob,20
sentnob,45
sentnob,34
sentnob,51
sentnob,37
sentnob,62
sentnob,52
sentnob,47
sentnob,47
sentnob,56
sentnob,48
sentnob,90
sentnob,77
sentnob,44
sentnob,35
sentnob,54
sentnob,73
sentnob,22
sentnob,35
sentnob,26
sentnob,32
sentnob,39
sentnob,20
sentnob,47
sentnob,137
sentnob,24
sentnob,49
sentnob,53
sentnob,80
sentnob,19
sentnob,47
sentnob,31
sentnob,22
sentnob,131
sentnob,59
sentnob,37
sentnob,29
sentnob,24
sentnob,22
sentnob,37
sentnob,20
sentnob,134
sentnob,51
sentnob,35
sentnob,118
sentnob,43
sentnob,58
sentnob,21
sentnob,69
sentnob,76
sentnob,67
sentnob,35
sentnob,31
sentnob,27
sentnob,133
sentnob,22
sentnob,19
sentnob,38
sentnob,164
sentnob,24
sentnob,24
sentnob,24
sentnob,18
sentnob,83
sentnob,19
sentnob,55
sentnob,42
sentnob,40
sentnob,33
sentnob,96
sentnob,22
sentnob,35
sentnob,100
sentnob,24
sentnob,57
sentnob,43
sentnob,18
sentnob,21
sentnob,21
sentnob,22
sentnob,16
sentnob,16
sentnob,28
sentnob,17
sentnob,76
sentnob,33
sentnob,25
sentnob,43
sentnob,24
sentnob,23
sentnob,29
sentnob,38
sentnob,21
sentnob,26
sentnob,26
sentnob,28
sentnob,16
sentnob,54
sentnob,78
sentnob,20
sentnob,111
sentnob,19
sentnob,70
sentnob,17
sentnob,29
sentnob,16
sentnob,42
sentnob,90
sentnob,18
sentnob,16
sentnob,20
sentnob,34
sentnob,37
sentnob,62
sentnob,25
sentnob,169
sentnob,53
sentnob,56
sentnob,58
sentnob,31
sentnob,21
sentnob,24
sentnob,16
sentnob,50
sentnob,47
sentnob,150
sentnob,75
sentnob,35
sentnob,28
sentnob,37
sentnob,30
sentnob,70
sentnob,26
sentnob,52
sentnob,131
sentnob,62
sentnob,48
sentnob,75
sentnob,34
sentnob,27
sentnob,35
sentnob,71
sentnob,27
sentnob,56
sentnob,42
sentnob,25
sentnob,45
sentnob,57
sentnob,25
sentnob,31
sentnob,41
sentnob,65
sentnob,108
sentnob,90
sentnob,158
sentnob,116
sentnob,30
sentnob,40
sentnob,41
sentnob,161
sentnob,41
sentnob,53
sentnob,24
sentnob,41
sentnob,78
sentnob,37
sentnob,45
sentnob,18
sentnob,21
sentnob,28
sentnob,44
sentnob,32
sentnob,98
sentnob,56
sentnob,128
sentnob,43
sentnob,16
sentnob,61
sentnob,69
sentnob,82
sentnob,52
sentnob,24
sentnob,110
sentnob,51
sentnob,98
sentnob,39
sentnob,28
sentnob,16
sentnob,40
sentnob,59
sentnob,25
sentnob,40
sentnob,38
sentnob,54
sentnob,97
sentnob,17
sentnob,42
sentnob,22
sentnob,18
sentnob,154
sentnob,52
sentnob,58
sentnob,42
sentnob,63
sentnob,28
sentnob,47
sentnob,60
sentnob,18
sentnob,20
sentnob,58
sentnob,28
sentnob,25
sentnob,25
sentnob,39
sentnob,236
sentnob,113
sentnob,21
sentnob,66
sentnob,41
sentnob,27
sentnob,26
sentnob,109
sentnob,21
sentnob,17
sentnob,19
sentnob,24
sentnob,56
sentnob,31
sentnob,73
sentnob,118
sentnob,24
sentnob,17
sentnob,45
sentnob,52
sentnob,16
sentnob,26
sentnob,30
sentnob,87
sentnob,26
sentnob,20
sentnob,92
sentnob,56
sentnob,68
sentnob,52
sentnob,34
sentnob,150
sentnob,32
sentnob,52
sentnob,16
sentnob,22
sentnob,22
sentnob,39
sentnob,87
sentnob,24
sentnob,35
sentnob,20
sentnob,32
sentnob,124
sentnob,58
sentnob,28
sentnob,109
sentnob,38
sentnob,35
sentnob,43
sentnob,125
sentnob,85
sentnob,80
sentnob,79
sentnob,72
sentnob,20
sentnob,52
sentnob,19
sentnob,120
sentnob,39
sentnob,72
sentnob,37
sentnob,51
sentnob,77
sentnob,65
sentnob,32
sentnob,84
sentnob,152
sentnob,68
sentnob,111
sentnob,106
sentnob,42
sentnob,124
sentnob,40
sentnob,159
sentnob,41
sentnob,79
sentnob,25
sentnob,163
sentnob,16
sentnob,22
sentnob,91
sentnob,28
sentnob,20
sentnob,41
sentnob,32
sentnob,61
sentnob,44
sentnob,24
sentnob,53
sentnob,39
sentnob,30
sentnob,30
sentnob,172
sentnob,16
sentnob,24
sentnob,63
sentnob,28
sentnob,50
sentnob,58
sentnob,20
sentnob,46
sentnob,57
sentnob,18
sentnob,20
sentnob,47
sentnob,43
sentnob,45
sentnob,38
sentnob,30
sentnob,59
sentnob,20
sentnob,18
sentnob,51
sentnob,28
sentnob,124
sentnob,92
sentnob,67
sentnob,62
sentnob,87
sentnob,30
sentnob,69
sentnob,33
sentnob,45
sentnob,26
sentnob,35
sentnob,47
sentnob,22
sentnob,98
sentnob,35
sentnob,61
sentnob,25
sentnob,20
sentnob,40
sentnob,43
sentnob,22
sentnob,17
sentnob,72
sentnob,108
sentnob,22
sentnob,38
sentnob,65
sentnob,45
sentnob,48
sentnob,29
sentnob,142
sentnob,20
sentnob,43
sentnob,33
sentnob,26
sentnob,29
sentnob,17
sentnob,23
sentnob,168
sentnob,55
sentnob,186
sentnob,29
sentnob,157
sentnob,65
sentnob,19
sentnob,87
sentnob,100
sentnob,44
sentnob,95
sentnob,21
sentnob,17
sentnob,19
sentnob,37
sentnob,52
sentnob,40
sentnob,31
sentnob,26
sentnob,103
sentnob,25
sentnob,32
sentnob,18
sentnob,66
sentnob,57
sentnob,94
sentnob,56
sentnob,18
sentnob,63
sentnob,48
sentnob,19
sentnob,19
sentnob,29
sentnob,22
sentnob,33
sentnob,32
sentnob,15
sentnob,26
sentnob,120
sentnob,33
sentnob,26
sentnob,34
sentnob,143
sentnob,63
sentnob,87
sentnob,44
sentnob,179
sentnob,23
sentnob,141
sentnob,23
sentnob,22
sentnob,18
sentnob,80
sentnob,59
sentnob,62
sentnob,20
sentnob,48
sentnob,24
sentnob,95
sentnob,31
sentnob,36
sentnob,60
sentnob,36
sentnob,129
sentnob,50
sentnob,20
sentnob,43
sentnob,150
sentnob,54
sentnob,34
sentnob,65
sentnob,33
sentnob,50
sentnob,30
sentnob,43
sentnob,60
sentnob,37
sentnob,47
sentnob,21
sentnob,41
sentnob,46
sentnob,23
sentnob,42
sentnob,16
sentnob,28
sentnob,23
sentnob,47
sentnob,26
sentnob,48
sentnob,19
sentnob,34
sentnob,20
sentnob,40
sentnob,23
sentnob,51
sentnob,157
sentnob,31
sentnob,77
sentnob,18
sentnob,61
sentnob,19
sentnob,18
sentnob,45
sentnob,27
sentnob,23
sentnob,28
sentnob,23
sentnob,151
sentnob,20
sentnob,39
sentnob,55
sentnob,60
sentnob,70
sentnob,59
sentnob,41
sentnob,148
sentnob,114
sentnob,73
sentnob,28
sentnob,17
sentnob,78
sentnob,22
sentnob,132
sentnob,56
sentnob,33
sentnob,38
sentnob,139
sentnob,50
sentnob,24
sentnob,63
sentnob,21
sentnob,92
sentnob,90
sentnob,40
sentnob,82
sentnob,167
sentnob,23
sentnob,15
sentnob,30
sentnob,28
sentnob,59
sentnob,17
sentnob,46
sentnob,21
sentnob,88
sentnob,21
sentnob,57
sentnob,45
sentnob,29
sentnob,39
sentnob,56
sentnob,20
sentnob,71
sentnob,88
sentnob,31
sentnob,39
sentnob,19
sentnob,133
sentnob,60
sentnob,100
sentnob,55
sentnob,47
sentnob,38
sentnob,148
sentnob,21
sentnob,51
sentnob,86
sentnob,58
sentnob,62
sentnob,26
sentnob,51
sentnob,107
sentnob,17
sentnob,34
sentnob,78
sentnob,61
sentnob,28
sentnob,28
sentnob,51
sentnob,121
sentnob,37
sentnob,90
sentnob,61
sentnob,56
sentnob,17
sentnob,135
sentnob,24
sentnob,171
sentnob,20
sentnob,73
sentnob,14
sentnob,22
sentnob,40
sentnob,49
sentnob,31
sentnob,28
sentnob,46
sentnob,39
sentnob,104
sentnob,21
sentnob,22
sentnob,50
sentnob,31
sentnob,94
sentnob,29
sentnob,26
sentnob,38
sentnob,16
sentnob,22
sentnob,22
sentnob,97
sentnob,37
sentnob,30
sentnob,166
sentnob,69
sentnob,84
sentnob,42
sentnob,39
sentnob,20
sentnob,17
sentnob,67
sentnob,16
sentnob,84
sentnob,21
sentnob,45
sentnob,72
sentnob,40
sentnob,32
sentnob,27
sentnob,65
sentnob,21
sentnob,34
sentnob,36
sentnob,69
sentnob,16
sentnob,110
sentnob,115
sentnob,20
sentnob,41
sentnob,56
sentnob,26
sentnob,39
sentnob,19
sentnob,16
sentnob,50
sentnob,36
sentnob,56
sentnob,89
sentnob,17
sentnob,22
sentnob,20
sentnob,85
sentnob,43
sentnob,70
sentnob,125
sentnob,85
sentnob,20
sentnob,20
sentnob,25
sentnob,17
sentnob,32
sentnob,16
sentnob,21
sentnob,46
sentnob,139
sentnob,34
sentnob,42
sentnob,27
sentnob,24
sentnob,120
sentnob,63
sentnob,43
sentnob,70
sentnob,17
sentnob,37
sentnob,118
sentnob,137
sentnob,25
sentnob,158
sentnob,44
sentnob,24
sentnob,36
sentnob,23
sentnob,35
sentnob,42
sentnob,50
sentnob,30
sentnob,30
sentnob,32
sentnob,119
sentnob,60
sentnob,76
sentnob,138
sentnob,126
sentnob,40
sentnob,74
sentnob,104
sentnob,139
sentnob,37
sentnob,61
sentnob,43
sentnob,22
sentnob,32
sentnob,121
sentnob,37
sentnob,30
sentnob,59
sentnob,20
sentnob,28
sentnob,36
sentnob,105
sentnob,18
sentnob,46
sentnob,38
sentnob,108
sentnob,42
sentnob,75
sentnob,138
sentnob,39
sentnob,49
sentnob,31
sentnob,58
sentnob,28
sentnob,86
sentnob,42
sentnob,20
sentnob,57
sentnob,63
sentnob,60
sentnob,49
sentnob,64
sentnob,29
sentnob,47
sentnob,31
sentnob,86
sentnob,28
sentnob,42
sentnob,81
sentnob,75
sentnob,27
sentnob,50
sentnob,67
sentnob,24
sentnob,27
sentnob,21
sentnob,70
sentnob,19
sentnob,63
sentnob,70
sentnob,28
sentnob,58
sentnob,38
sentnob,50
sentnob,121
sentnob,72
sentnob,23
sentnob,33
sentnob,82
sentnob,15
sentnob,31
sentnob,37
sentnob,63
sentnob,116
sentnob,24
sentnob,51
sentnob,25
sentnob,63
sentnob,22
sentnob,61
sentnob,38
sentnob,21
sentnob,25
sentnob,58
sentnob,45
sentnob,53
sentnob,32
sentnob,156
sentnob,46
sentnob,29
sentnob,48
sentnob,59
sentnob,98
sentnob,34
sentnob,63
sentnob,33
sentnob,168
sentnob,71
sentnob,91
sentnob,16
sentnob,20
sentnob,44
sentnob,39
sentnob,31
sentnob,20
sentnob,104
sentnob,19
sentnob,32
sentnob,86
sentnob,101
sentnob,34
sentnob,31
sentnob,45
sentnob,18
sentnob,40
sentnob,57
sentnob,42
sentnob,47
sentnob,195
sentnob,26
sentnob,40
sentnob,26
sentnob,43
sentnob,20
sentnob,29
sentnob,105
sentnob,18
sentnob,21
sentnob,65
sentnob,23
sentnob,59
sentnob,79
sentnob,24
sentnob,30
sentnob,18
sentnob,26
sentnob,17
sentnob,55
sentnob,79
sentnob,28
sentnob,147
sentnob,47
sentnob,31
sentnob,30
sentnob,40
sentnob,93
sentnob,26
sentnob,80
sentnob,44
sentnob,29
sentnob,49
sentnob,81
sentnob,22
sentnob,41
sentnob,20
sentnob,36
sentnob,97
sentnob,78
sentnob,31
sentnob,159
sentnob,33
sentnob,38
sentnob,53
sentnob,61
sentnob,32
sentnob,125
sentnob,45
sentnob,26
sentnob,38
sentnob,37
sentnob,45
sentnob,26
sentnob,112
sentnob,22
sentnob,22
sentnob,26
sentnob,66
sentnob,23
sentnob,49
sentnob,50
sentnob,115
sentnob,36
sentnob,37
sentnob,98
sentnob,58
sentnob,59
sentnob,51
sentnob,32
sentnob,73
sentnob,35
sentnob,55
sentnob,29
sentnob,109
sentnob,27
sentnob,71
sentnob,85
sentnob,32
sentnob,23
sentnob,38
sentnob,32
sentnob,161
sentnob,73
sentnob,132
sentnob,19
sentnob,38
sentnob,56
sentnob,111
sentnob,84
sentnob,24
sentnob,150
sentnob,41
sentnob,113
sentnob,27
sentnob,66
sentnob,31
sentnob,41
sentnob,19
sentnob,24
sentnob,31
sentnob,28
sentnob,23
sentnob,87
sentnob,40
sentnob,19
sentnob,24
sentnob,109
sentnob,40
sentnob,20
sentnob,21
sentnob,34
sentnob,55
sentnob,37
sentnob,31
sentnob,133
sentnob,65
sentnob,138
sentnob,47
sentnob,36
sentnob,110
sentnob,25
sentnob,96
sentnob,28
sentnob,101
sentnob,51
sentnob,59
sentnob,32
sentnob,45
sentnob,90
sentnob,50
sentnob,24
sentnob,33
sentnob,63
sentnob,106
sentnob,59
sentnob,58
sentnob,16
sentnob,115
sentnob,49
sentnob,104
sentnob,37
sentnob,27
sentnob,47
sentnob,77
sentnob,18
sentnob,26
sentnob,35
sentnob,85
sentnob,25
sentnob,83
sentnob,101
sentnob,110
sentnob,36
sentnob,100
sentnob,138
sentnob,23
sentnob,15
sentnob,148
sentnob,38
sentnob,66
sentnob,89
sentnob,39
sentnob,161
sentnob,30
sentnob,59
sentnob,70
sentnob,17
sentnob,169
sentnob,49
sentnob,38
sentnob,20
sentnob,53
sentnob,103
sentnob,73
sentnob,49
sentnob,91
sentnob,21
sentnob,83
sentnob,49
sentnob,39
sentnob,27
sentnob,22
sentnob,20
sentnob,20
sentnob,38
sentnob,24
sentnob,145
sentnob,36
sentnob,37
sentnob,49
sentnob,45
sentnob,19
sentnob,19
sentnob,60
sentnob,32
sentnob,26
sentnob,54
sentnob,131
sentnob,55
sentnob,111
sentnob,21
sentnob,23
sentnob,47
sentnob,75
sentnob,29
sentnob,44
sentnob,29
sentnob,37
sentnob,91
sentnob,50
sentnob,26
sentnob,79
sentnob,82
sentnob,62
sentnob,120
sentnob,20
sentnob,18
sentnob,17
sentnob,19
sentnob,23
sentnob,71
sentnob,32
sentnob,19
sentnob,30
sentnob,83
sentnob,175
sentnob,81
sentnob,25
sentnob,17
sentnob,36
sentnob,41
sentnob,25
sentnob,24
sentnob,62
sentnob,31
sentnob,43
sentnob,80
sentnob,23
sentnob,111
sentnob,34
sentnob,114
sentnob,152
sentnob,60
sentnob,26
sentnob,87
sentnob,99
sentnob,44
sentnob,22
sentnob,45
sentnob,42
sentnob,49
sentnob,17
sentnob,48
sentnob,115
sentnob,24
sentnob,82
sentnob,87
sentnob,13
sentnob,30
sentnob,24
sentnob,54
sentnob,54
sentnob,26
sentnob,30
sentnob,61
sentnob,35
sentnob,28
sentnob,19
sentnob,129
sentnob,121
sentnob,21
sentnob,16
sentnob,21
sentnob,35
sentnob,19
sentnob,24
sentnob,27
sentnob,25
sentnob,19
sentnob,24
sentnob,21
sentnob,28
sentnob,20
sentnob,89
sentnob,24
sentnob,163
sentnob,65
sentnob,33
sentnob,68
sentnob,37
sentnob,49
sentnob,115
sentnob,71
sentnob,45
sentnob,24
sentnob,103
sentnob,37
sentnob,111
sentnob,75
sentnob,51
sentnob,155
sentnob,82
sentnob,33
sentnob,36
sentnob,21
sentnob,39
sentnob,34
sentnob,47
sentnob,153
sentnob,53
sentnob,25
sentnob,155
sentnob,137
sentnob,42
sentnob,60
sentnob,18
sentnob,87
sentnob,82
sentnob,49
sentnob,61
sentnob,54
sentnob,46
sentnob,84
sentnob,44
sentnob,57
sentnob,18
sentnob,61
sentnob,21
sentnob,109
sentnob,13
sentnob,31
sentnob,109
sentnob,65
sentnob,40
sentnob,31
sentnob,27
sentnob,29
sentnob,70
sentnob,93
sentnob,29
sentnob,172
sentnob,21
sentnob,102
sentnob,51
sentnob,50
sentnob,25
sentnob,26
sentnob,89
sentnob,34
sentnob,57
sentnob,59
sentnob,21
sentnob,31
sentnob,23
sentnob,60
sentnob,65
sentnob,57
sentnob,85
sentnob,63
sentnob,38
sentnob,64
sentnob,29
sentnob,79
sentnob,37
sentnob,70
sentnob,61
sentnob,92
sentnob,33
sentnob,33
sentnob,33
sentnob,16
sentnob,31
sentnob,30
sentnob,45
sentnob,32
sentnob,26
sentnob,24
sentnob,45
sentnob,21
sentnob,127
sentnob,91
sentnob,49
sentnob,45
sentnob,38
sentnob,38
sentnob,110
sentnob,64
sentnob,46
sentnob,21
sentnob,181
sentnob,148
sentnob,47
sentnob,56
sentnob,34
sentnob,47
sentnob,21
sentnob,91
sentnob,34
sentnob,19
sentnob,28
sentnob,43
sentnob,111
sentnob,133
sentnob,32
sentnob,40
sentnob,18
sentnob,34
sentnob,24
sentnob,26
sentnob,37
sentnob,30
sentnob,18
sentnob,64
sentnob,59
sentnob,62
sentnob,131
sentnob,39
sentnob,18
sentnob,57
sentnob,94
sentnob,27
sentnob,31
sentnob,17
sentnob,167
sentnob,20
sentnob,130
sentnob,20
sentnob,22
sentnob,39
sentnob,51
sentnob,44
sentnob,67
sentnob,80
sentnob,22
sentnob,9
sentnob,25
sentnob,38
sentnob,119
sentnob,56
sentnob,81
sentnob,21
sentnob,54
sentnob,110
sentnob,19
sentnob,22
sentnob,25
sentnob,80
sentnob,104
sentnob,137
sentnob,113
sentnob,40
sentnob,49
sentnob,45
sentnob,181
sentnob,30
sentnob,119
sentnob,29
sentnob,38
sentnob,49
sentnob,100
sentnob,113
sentnob,35
sentnob,22
sentnob,35
sentnob,34
sentnob,46
sentnob,62
sentnob,55
sentnob,38
sentnob,40
sentnob,129
sentnob,42
sentnob,119
sentnob,86
sentnob,50
sentnob,40
sentnob,41
sentnob,19
sentnob,113
sentnob,22
sentnob,22
sentnob,68
sentnob,22
sentnob,124
sentnob,40
sentnob,83
sentnob,18
sentnob,75
sentnob,66
sentnob,17
sentnob,31
sentnob,65
sentnob,37
sentnob,22
sentnob,94
sentnob,149
sentnob,77
sentnob,96
sentnob,69
sentnob,109
sentnob,39
sentnob,103
sentnob,21
sentnob,30
sentnob,57
sentnob,56
sentnob,64
sentnob,33
sentnob,110
sentnob,18
sentnob,39
sentnob,74
sentnob,89
sentnob,23
sentnob,27
sentnob,72
sentnob,49
sentnob,104
sentnob,66
sentnob,57
sentnob,38
sentnob,71
sentnob,29
sentnob,28
sentnob,49
sentnob,27
sentnob,37
sentnob,19
sentnob,108
sentnob,27
sentnob,73
sentnob,41
sentnob,19
sentnob,79
sentnob,69
sentnob,37
sentnob,40
sentnob,27
sentnob,102
sentnob,30
sentnob,43
sentnob,19
sentnob,19
sentnob,41
sentnob,48
sentnob,70
sentnob,23
sentnob,99
sentnob,42
sentnob,79
sentnob,33
sentnob,47
sentnob,86
sentnob,37
sentnob,85
sentnob,17
sentnob,39
sentnob,83
sentnob,48
sentnob,66
sentnob,53
sentnob,38
sentnob,29
sentnob,21
sentnob,150
sentnob,50
sentnob,73
sentnob,54
sentnob,38
sentnob,16
sentnob,23
sentnob,131
sentnob,18
sentnob,61
sentnob,86
sentnob,50
sentnob,64
sentnob,31
sentnob,40
sentnob,98
sentnob,87
sentnob,47
sentnob,121
sentnob,44
sentnob,23
sentnob,54
sentnob,51
sentnob,102
sentnob,53
sentnob,118
sentnob,15
sentnob,33
sentnob,78
sentnob,27
sentnob,73
sentnob,31
sentnob,22
sentnob,62
sentnob,132
sentnob,39
sentnob,16
sentnob,56
sentnob,76
sentnob,23
sentnob,59
sentnob,158
sentnob,83
sentnob,21
sentnob,20
sentnob,24
sentnob,46
sentnob,83
sentnob,35
sentnob,50
sentnob,57
sentnob,139
sentnob,39
sentnob,155
sentnob,86
sentnob,33
sentnob,93
sentnob,37
sentnob,97
sentnob,44
sentnob,41
sentnob,51
sentnob,113
sentnob,67
sentnob,154
sentnob,15
sentnob,112
sentnob,34
sentnob,143
sentnob,24
sentnob,55
sentnob,18
sentnob,130
sentnob,50
sentnob,161
sentnob,145
sentnob,63
sentnob,48
sentnob,59
sentnob,16
sentnob,57
sentnob,54
sentnob,75
sentnob,50
sentnob,75
sentnob,26
sentnob,22
sentnob,31
sentnob,28
sentnob,48
sentnob,46
sentnob,37
sentnob,122
sentnob,18
sentnob,26
sentnob,64
sentnob,55
sentnob,151
sentnob,92
sentnob,21
sentnob,26
sentnob,142
sentnob,79
sentnob,18
sentnob,113
sentnob,66
sentnob,91
sentnob,29
sentnob,18
sentnob,39
sentnob,19
sentnob,27
sentnob,19
sentnob,34
sentnob,103
sentnob,33
sentnob,52
sentnob,22
sentnob,34
sentnob,85
sentnob,23
sentnob,27
sentnob,31
sentnob,17
sentnob,48
sentnob,51
sentnob,47
sentnob,25
sentnob,44
sentnob,27
sentnob,34
sentnob,99
sentnob,42
sentnob,36
sentnob,34
sentnob,43
sentnob,50
sentnob,61
sentnob,79
sentnob,26
sentnob,44
sentnob,44
sentnob,25
sentnob,125
sentnob,151
sentnob,55
sentnob,20
sentnob,104
sentnob,91
sentnob,39
sentnob,100
sentnob,48
sentnob,29
sentnob,160
sentnob,67
sentnob,19
sentnob,58
sentnob,39
sentnob,34
sentnob,39
sentnob,34
sentnob,127
sentnob,37
sentnob,70
sentnob,24
sentnob,121
sentnob,49
sentnob,21
sentnob,31
sentnob,27
sentnob,21
sentnob,56
sentnob,82
sentnob,40
sentnob,21
sentnob,68
sentnob,41
sentnob,44
sentnob,53
sentnob,114
sentnob,43
sentnob,23
sentnob,85
sentnob,23
sentnob,38
sentnob,51
sentnob,152
sentnob,36
sentnob,30
sentnob,176
sentnob,103
sentnob,79
sentnob,21
sentnob,42
sentnob,18
sentnob,28
sentnob,81
sentnob,63
sentnob,61
sentnob,18
sentnob,35
sentnob,42
sentnob,39
sentnob,17
sentnob,79
sentnob,35
sentnob,108
sentnob,57
sentnob,30
sentnob,50
sentnob,43
sentnob,97
sentnob,61
sentnob,68
sentnob,90
sentnob,77
sentnob,35
sentnob,44
sentnob,53
sentnob,48
sentnob,27
sentnob,64
sentnob,23
sentnob,80
sentnob,50
sentnob,27
sentnob,22
sentnob,22
sentnob,141
sentnob,15
sentnob,54
sentnob,61
sentnob,47
sentnob,42
sentnob,66
sentnob,41
sentnob,33
sentnob,75
sentnob,47
sentnob,122
sentnob,47
sentnob,25
sentnob,66
sentnob,17
sentnob,27
sentnob,24
sentnob,52
sentnob,185
sentnob,56
sentnob,18
sentnob,30
sentnob,27
sentnob,29
sentnob,55
sentnob,51
sentnob,107
sentnob,26
sentnob,22
sentnob,20
sentnob,65
sentnob,140
sentnob,64
sentnob,62
sentnob,19
sentnob,27
sentnob,100
sentnob,20
sentnob,54
sentnob,122
sentnob,120
sentnob,18
sentnob,59
sentnob,22
sentnob,125
sentnob,23
sentnob,31
sentnob,80
sentnob,40
sentnob,73
sentnob,123
sentnob,52
sentnob,74
sentnob,70
sentnob,126
sentnob,26
sentnob,32
sentnob,94
sentnob,65
sentnob,23
sentnob,47
sentnob,81
sentnob,70
sentnob,121
sentnob,132
sentnob,57
sentnob,100
sentnob,94
sentnob,83
sentnob,37
sentnob,57
sentnob,25
sentnob,44
sentnob,27
sentnob,102
sentnob,124
sentnob,48
sentnob,19
sentnob,23
sentnob,99
sentnob,37
sentnob,27
sentnob,63
sentnob,58
sentnob,53
sentnob,18
sentnob,17
sentnob,178
sentnob,133
sentnob,48
sentnob,38
sentnob,90
sentnob,74
sentnob,58
sentnob,49
sentnob,28
sentnob,69
sentnob,158
sentnob,117
sentnob,71
sentnob,42
sentnob,44
sentnob,44
sentnob,10
sentnob,42
sentnob,110
sentnob,24
sentnob,43
sentnob,44
sentnob,113
sentnob,43
sentnob,24
sentnob,23
sentnob,21
sentnob,49
sentnob,95
sentnob,21
sentnob,69
sentnob,118
sentnob,20
sentnob,80
sentnob,20
sentnob,22
sentnob,51
sentnob,41
sentnob,37
sentnob,76
sentnob,25
sentnob,73
sentnob,112
sentnob,56
sentnob,115
sentnob,65
sentnob,93
sentnob,45
sentnob,20
sentnob,62
sentnob,28
sentnob,40
sentnob,69
sentnob,17
sentnob,45
sentnob,58
sentnob,80
sentnob,25
sentnob,63
sentnob,56
sentnob,36
sentnob,26
sentnob,178
sentnob,54
sentnob,24
sentnob,29
sentnob,54
sentnob,129
sentnob,20
sentnob,124
sentnob,98
sentnob,107
sentnob,33
sentnob,87
sentnob,61
sentnob,25
sentnob,85
sentnob,26
sentnob,137
sentnob,91
sentnob,52
sentnob,179
sentnob,105
sentnob,41
sentnob,49
sentnob,73
sentnob,25
sentnob,84
sentnob,69
sentnob,14
sentnob,80
sentnob,121
sentnob,153
sentnob,40
sentnob,29
sentnob,27
sentnob,39
sentnob,24
sentnob,57
sentnob,31
sentnob,31
sentnob,72
sentnob,21
sentnob,36
sentnob,85
sentnob,56
sentnob,41
sentnob,103
sentnob,33
sentnob,22
sentnob,78
sentnob,27
sentnob,36
sentnob,75
sentnob,62
sentnob,65
sentnob,20
sentnob,18
sentnob,81
sentnob,189
sentnob,19
sentnob,27
sentnob,26
sentnob,50
sentnob,17
sentnob,31
sentnob,31
sentnob,23
sentnob,53
sentnob,80
sentnob,18
sentnob,31
sentnob,25
sentnob,45
sentnob,28
sentnob,49
sentnob,59
sentnob,27
sentnob,32
sentnob,49
sentnob,20
sentnob,47
sentnob,23
sentnob,23
sentnob,21
sentnob,29
sentnob,72
sentnob,40
sentnob,22
sentnob,52
sentnob,88
sentnob,72
sentnob,136
sentnob,16
sentnob,78
sentnob,48
sentnob,22
sentnob,40
sentnob,35
sentnob,15
sentnob,37
sentnob,37
sentnob,44
sentnob,41
sentnob,32
sentnob,33
sentnob,37
sentnob,44
sentnob,35
sentnob,18
sentnob,21
sentnob,28
sentnob,58
sentnob,23
sentnob,134
sentnob,30
sentnob,57
sentnob,69
sentnob,24
sentnob,86
sentnob,49
sentnob,139
sentnob,44
sentnob,36
sentnob,29
sentnob,84
sentnob,87
sentnob,15
sentnob,23
sentnob,48
sentnob,28
sentnob,42
sentnob,61
sentnob,43
sentnob,38
sentnob,119
sentnob,37
sentnob,59
sentnob,57
sentnob,92
sentnob,42
sentnob,91
sentnob,29
sentnob,84
sentnob,27
sentnob,35
sentnob,33
sentnob,36
sentnob,103
sentnob,110
sentnob,98
sentnob,85
sentnob,133
sentnob,71
sentnob,16
sentnob,66
sentnob,58
sentnob,21
sentnob,44
sentnob,26
sentnob,58
sentnob,91
sentnob,54
sentnob,18
sentnob,36
sentnob,26
sentnob,17
sentnob,127
sentnob,19
sentnob,54
sentnob,50
sentnob,66
sentnob,44
sentnob,24
sentnob,114
sentnob,19
sentnob,96
sentnob,34
sentnob,38
sentnob,21
sentnob,124
sentnob,30
sentnob,24
sentnob,56
sentnob,61
sentnob,19
sentnob,68
sentnob,29
sentnob,21
sentnob,18
sentnob,24
sentnob,16
sentnob,31
sentnob,21
sentnob,64
sentnob,53
sentnob,166
sentnob,20
sentnob,43
sentnob,89
sentnob,77
sentnob,55
sentnob,23
sentnob,48
sentnob,57
sentnob,157
sentnob,111
sentnob,47
sentnob,86
sentnob,16
sentnob,40
sentnob,22
sentnob,94
sentnob,38
sentnob,66
sentnob,115
sentnob,31
sentnob,46
sentnob,33
sentnob,36
sentnob,37
sentnob,97
sentnob,66
sentnob,21
sentnob,48
sentnob,92
sentnob,30
sentnob,33
sentnob,26
sentnob,48
sentnob,151
sentnob,70
sentnob,42
sentnob,17
sentnob,55
sentnob,80
sentnob,49
sentnob,36
sentnob,21
sentnob,74
sentnob,106
sentnob,29
sentnob,101
sentnob,95
sentnob,124
sentnob,18
sentnob,20
sentnob,56
sentnob,63
sentnob,80
sentnob,55
sentnob,16
sentnob,34
sentnob,22
sentnob,33
sentnob,24
sentnob,31
sentnob,54
sentnob,21
sentnob,112
sentnob,28
sentnob,125
sentnob,17
sentnob,58
sentnob,35
sentnob,115
sentnob,29
sentnob,37
sentnob,28
sentnob,31
sentnob,24
sentnob,43
sentnob,21
sentnob,43
sentnob,83
sentnob,16
sentnob,19
sentnob,44
sentnob,48
sentnob,91
sentnob,51
sentnob,103
sentnob,28
sentnob,43
sentnob,25
sentnob,103
sentnob,37
sentnob,19
sentnob,30
sentnob,139
sentnob,16
sentnob,25
sentnob,63
sentnob,49
sentnob,153
sentnob,52
sentnob,31
sentnob,97
sentnob,113
sentnob,153
sentnob,101
sentnob,61
sentnob,28
sentnob,16
sentnob,24
sentnob,27
sentnob,100
sentnob,173
sentnob,27
sentnob,72
sentnob,45
sentnob,19
sentnob,123
sentnob,21
sentnob,40
sentnob,18
sentnob,68
sentnob,110
sentnob,115
sentnob,49
sentnob,87
sentnob,64
sentnob,24
sentnob,49
sentnob,43
sentnob,18
sentnob,98
sentnob,41
sentnob,138
sentnob,53
sentnob,121
sentnob,23
sentnob,48
sentnob,43
sentnob,32
sentnob,45
sentnob,34
sentnob,120
sentnob,107
sentnob,23
sentnob,146
sentnob,49
sentnob,27
sentnob,145
sentnob,100
sentnob,46
sentnob,48
sentnob,18
sentnob,37
sentnob,31
sentnob,35
sentnob,49
sentnob,17
sentnob,39
sentnob,98
sentnob,62
sentnob,81
sentnob,27
sentnob,22
sentnob,35
sentnob,33
sentnob,52
sentnob,20
sentnob,106
sentnob,39
sentnob,21
sentnob,15
sentnob,56
sentnob,42
sentnob,20
sentnob,39
sentnob,66
sentnob,18
sentnob,104
sentnob,24
sentnob,159
sentnob,85
sentnob,26
sentnob,79
sentnob,17
sentnob,65
sentnob,46
sentnob,27
sentnob,64
sentnob,60
sentnob,26
sentnob,31
sentnob,46
sentnob,23
sentnob,49
sentnob,35
sentnob,52
sentnob,46
sentnob,58
sentnob,57
sentnob,34
sentnob,55
sentnob,52
sentnob,43
sentnob,24
sentnob,17
sentnob,78
sentnob,27
sentnob,24
sentnob,19
sentnob,63
sentnob,21
sentnob,64
sentnob,36
sentnob,57
sentnob,44
sentnob,64
sentnob,68
sentnob,15
sentnob,132
sentnob,44
sentnob,92
sentnob,18
sentnob,23
sentnob,95
sentnob,62
sentnob,58
sentnob,27
sentnob,23
sentnob,36
sentnob,73
sentnob,39
sentnob,94
sentnob,27
sentnob,33
sentnob,35
sentnob,32
sentnob,44
sentnob,37
sentnob,61
sentnob,17
sentnob,29
sentnob,17
sentnob,83
sentnob,44
sentnob,36
sentnob,25
sentnob,31
sentnob,51
sentnob,102
sentnob,73
sentnob,97
sentnob,139
sentnob,29
sentnob,165
sentnob,46
sentnob,39
sentnob,114
sentnob,128
sentnob,106
sentnob,81
sentnob,81
sentnob,69
sentnob,17
sentnob,17
sentnob,34
sentnob,166
sentnob,36
sentnob,56
sentnob,100
sentnob,56
sentnob,20
sentnob,38
sentnob,51
sentnob,21
sentnob,92
sentnob,93
sentnob,57
sentnob,157
sentnob,23
sentnob,45
sentnob,44
sentnob,63
sentnob,35
sentnob,18
sentnob,16
sentnob,43
sentnob,29
sentnob,86
sentnob,53
sentnob,35
sentnob,101
sentnob,51
sentnob,41
sentnob,54
sentnob,20
sentnob,31
sentnob,61
sentnob,47
sentnob,47
sentnob,78
sentnob,38
sentnob,52
sentnob,56
sentnob,53
sentnob,95
sentnob,96
sentnob,110
sentnob,26
sentnob,32
sentnob,21
sentnob,16
sentnob,122
sentnob,31
sentnob,95
sentnob,33
sentnob,117
sentnob,37
sentnob,36
sentnob,23
sentnob,57
sentnob,28
sentnob,18
sentnob,106
sentnob,22
sentnob,17
sentnob,32
sentnob,45
sentnob,47
sentnob,73
sentnob,39
sentnob,99
sentnob,18
sentnob,98
sentnob,78
sentnob,44
sentnob,50
sentnob,66
sentnob,102
sentnob,130
sentnob,52
sentnob,83
sentnob,29
sentnob,58
sentnob,145
sentnob,25
sentnob,97
sentnob,39
sentnob,21
sentnob,31
sentnob,26
sentnob,49
sentnob,72
sentnob,94
sentnob,65
sentnob,31
sentnob,29
sentnob,26
sentnob,110
sentnob,17
sentnob,48
sentnob,46
sentnob,78
sentnob,18
sentnob,62
sentnob,39
sentnob,26
sentnob,50
sentnob,53
sentnob,31
sentnob,22
sentnob,20
sentnob,64
sentnob,22
sentnob,28
sentnob,38
sentnob,29
sentnob,58
sentnob,14
sentnob,20
sentnob,16
sentnob,58
sentnob,20
sentnob,85
sentnob,105
sentnob,132
sentnob,74
sentnob,73
sentnob,27
sentnob,99
sentnob,102
sentnob,17
sentnob,33
sentnob,59
sentnob,155
sentnob,22
sentnob,64
sentnob,57
sentnob,18
sentnob,25
sentnob,106
sentnob,32
sentnob,85
sentnob,14
sentnob,33
sentnob,39
sentnob,25
sentnob,26
sentnob,101
sentnob,79
sentnob,44
sentnob,44
sentnob,44
sentnob,74
sentnob,52
sentnob,92
sentnob,108
sentnob,40
sentnob,19
sentnob,30
sentnob,45
sentnob,72
sentnob,74
sentnob,33
sentnob,24
sentnob,8
sentnob,36
sentnob,122
sentnob,79
sentnob,54
sentnob,32
sentnob,66
sentnob,30
sentnob,103
sentnob,31
sentnob,28
sentnob,44
sentnob,15
sentnob,19
sentnob,133
sentnob,142
sentnob,28
sentnob,108
sentnob,53
sentnob,21
sentnob,30
sentnob,32
sentnob,82
sentnob,40
sentnob,23
sentnob,14
sentnob,14
sentnob,135
sentnob,54
sentnob,38
sentnob,112
sentnob,104
sentnob,58
sentnob,49
sentnob,22
sentnob,49
sentnob,32
sentnob,38
sentnob,43
sentnob,16
sentnob,55
sentnob,14
sentnob,71
sentnob,21
sentnob,99
sentnob,111
sentnob,74
sentnob,37
sentnob,31
sentnob,48
sentnob,93
sentnob,101
sentnob,131
sentnob,21
sentnob,50
sentnob,32
sentnob,70
sentnob,104
sentnob,20
sentnob,32
sentnob,15
sentnob,98
sentnob,19
sentnob,23
sentnob,30
sentnob,19
sentnob,68
sentnob,49
sentnob,14
sentnob,56
sentnob,73
sentnob,73
sentnob,77
sentnob,18
sentnob,63
sentnob,62
sentnob,114
sentnob,15
sentnob,47
sentnob,19
sentnob,38
sentnob,73
sentnob,38
sentnob,51
sentnob,120
sentnob,109
sentnob,73
sentnob,51
sentnob,41
sentnob,46
sentnob,31
sentnob,22
sentnob,41
sentnob,21
sentnob,23
sentnob,98
sentnob,165
sentnob,132
sentnob,94
sentnob,115
sentnob,40
sentnob,20
sentnob,131
sentnob,36
sentnob,21
sentnob,32
sentnob,58
sentnob,21
sentnob,22
sentnob,67
sentnob,81
sentnob,19
sentnob,36
sentnob,76
sentnob,46
sentnob,39
sentnob,23
sentnob,76
sentnob,36
sentnob,24
sentnob,36
sentnob,84
sentnob,65
sentnob,23
sentnob,73
sentnob,19
sentnob,55
sentnob,68
sentnob,29
sentnob,71
sentnob,48
sentnob,34
sentnob,18
sentnob,72
sentnob,22
sentnob,34
sentnob,53
sentnob,25
sentnob,84
sentnob,23
sentnob,26
sentnob,30
sentnob,43
sentnob,74
sentnob,65
sentnob,24
sentnob,28
sentnob,82
sentnob,72
sentnob,19
sentnob,20
sentnob,16
sentnob,29
sentnob,38
sentnob,50
sentnob,37
sentnob,31
sentnob,22
sentnob,53
sentnob,69
sentnob,36
sentnob,52
sentnob,56
sentnob,21
sentnob,47
sentnob,23
sentnob,9
sentnob,34
sentnob,30
sentnob,41
sentnob,18
sentnob,18
sentnob,45
sentnob,73
sentnob,118
sentnob,59
sentnob,40
sentnob,45
sentnob,75
sentnob,45
sentnob,66
sentnob,18
sentnob,115
sentnob,94
sentnob,44
sentnob,30
sentnob,69
sentnob,54
sentnob,163
sentnob,52
sentnob,30
sentnob,52
sentnob,29
sentnob,56
sentnob,22
sentnob,82
sentnob,28
sentnob,32
sentnob,36
sentnob,35
sentnob,110
sentnob,36
sentnob,113
sentnob,29
sentnob,86
sentnob,33
sentnob,148
sentnob,19
sentnob,39
sentnob,38
sentnob,22
sentnob,53
sentnob,27
sentnob,52
sentnob,39
sentnob,38
sentnob,35
sentnob,23
sentnob,35
sentnob,83
sentnob,63
sentnob,74
sentnob,18
sentnob,48
sentnob,89
sentnob,29
sentnob,70
sentnob,135
sentnob,30
sentnob,35
sentnob,38
sentnob,71
sentnob,37
sentnob,20
sentnob,73
sentnob,36
sentnob,18
sentnob,67
sentnob,128
sentnob,27
sentnob,116
sentnob,47
sentnob,35
sentnob,21
sentnob,23
sentnob,33
sentnob,23
sentnob,16
sentnob,19
sentnob,56
sentnob,39
sentnob,75
sentnob,31
sentnob,38
sentnob,167
sentnob,27
sentnob,18
sentnob,59
sentnob,104
sentnob,33
sentnob,43
sentnob,60
sentnob,20
sentnob,34
sentnob,28
sentnob,24
sentnob,16
sentnob,60
sentnob,38
sentnob,76
sentnob,38
sentnob,56
sentnob,38
sentnob,22
sentnob,17
sentnob,45
sentnob,26
sentnob,48
sentnob,21
sentnob,96
sentnob,47
sentnob,109
sentnob,75
sentnob,40
sentnob,98
sentnob,26
sentnob,68
sentnob,32
sentnob,91
sentnob,23
sentnob,23
sentnob,34
sentnob,22
sentnob,85
sentnob,115
sentnob,42
sentnob,16
sentnob,36
sentnob,29
sentnob,51
sentnob,58
sentnob,64
sentnob,71
sentnob,21
sentnob,22
sentnob,19
sentnob,20
sentnob,43
sentnob,70
sentnob,61
sentnob,67
sentnob,98
sentnob,33
sentnob,58
sentnob,59
sentnob,47
sentnob,37
sentnob,27
sentnob,38
sentnob,23
sentnob,39
sentnob,81
sentnob,22
sentnob,84
sentnob,82
sentnob,71
sentnob,57
sentnob,49
sentnob,25
sentnob,139
sentnob,44
sentnob,111
sentnob,37
sentnob,51
sentnob,60
sentnob,27
sentnob,29
sentnob,64
sentnob,22
sentnob,68
sentnob,29
sentnob,96
sentnob,35
sentnob,81
sentnob,51
sentnob,108
sentnob,57
sentnob,25
sentnob,77
sentnob,26
sentnob,16
sentnob,53
sentnob,26
sentnob,82
sentnob,18
sentnob,89
sentnob,21
sentnob,72
sentnob,27
sentnob,15
sentnob,43
sentnob,42
sentnob,35
sentnob,64
sentnob,35
sentnob,16
sentnob,31
sentnob,23
sentnob,102
sentnob,26
sentnob,39
sentnob,88
sentnob,91
sentnob,135
sentnob,20
sentnob,98
sentnob,57
sentnob,68
sentnob,18
sentnob,77
sentnob,20
sentnob,51
sentnob,105
sentnob,33
sentnob,70
sentnob,70
sentnob,51
sentnob,30
sentnob,60
sentnob,69
sentnob,102
sentnob,40
sentnob,34
sentnob,18
sentnob,46
sentnob,45
sentnob,18
sentnob,22
sentnob,94
sentnob,38
sentnob,88
sentnob,75
sentnob,127
sentnob,49
sentnob,22
sentnob,78
sentnob,73
sentnob,23
sentnob,27
sentnob,72
sentnob,25
sentnob,35
sentnob,53
sentnob,55
sentnob,47
sentnob,113
sentnob,31
sentnob,27
sentnob,23
sentnob,47
sentnob,97
sentnob,25
sentnob,26
sentnob,22
sentnob,27
sentnob,66
sentnob,20
sentnob,70
sentnob,45
sentnob,28
sentnob,69
sentnob,17
sentnob,21
sentnob,55
sentnob,47
sentnob,38
sentnob,18
sentnob,24
sentnob,46
sentnob,48
sentnob,59
sentnob,43
sentnob,17
sentnob,25
sentnob,21
sentnob,28
sentnob,26
sentnob,99
sentnob,51
sentnob,73
sentnob,17
sentnob,17
sentnob,43
sentnob,17
sentnob,21
sentnob,79
sentnob,34
sentnob,136
sentnob,38
sentnob,189
sentnob,15
sentnob,38
sentnob,132
sentnob,33
sentnob,25
sentnob,37
sentnob,16
sentnob,37
sentnob,41
sentnob,19
sentnob,32
sentnob,33
sentnob,83
sentnob,49
sentnob,99
sentnob,66
sentnob,66
sentnob,159
sentnob,142
sentnob,64
sentnob,19
sentnob,33
sentnob,37
sentnob,93
sentnob,23
sentnob,99
sentnob,52
sentnob,45
sentnob,32
sentnob,29
sentnob,75
sentnob,112
sentnob,41
sentnob,34
sentnob,98
sentnob,14
sentnob,39
sentnob,38
sentnob,95
sentnob,25
sentnob,33
sentnob,14
sentnob,35
sentnob,73
sentnob,62
sentnob,21
sentnob,127
sentnob,65
sentnob,23
sentnob,30
sentnob,70
sentnob,19
sentnob,26
sentnob,26
sentnob,52
sentnob,19
sentnob,54
sentnob,144
sentnob,22
sentnob,33
sentnob,181
sentnob,20
sentnob,118
sentnob,41
sentnob,113
sentnob,81
sentnob,21
sentnob,29
sentnob,19
sentnob,90
sentnob,97
sentnob,97
sentnob,48
sentnob,48
sentnob,33
sentnob,31
sentnob,32
sentnob,57
sentnob,14
sentnob,42
sentnob,19
sentnob,39
sentnob,45
sentnob,33
sentnob,88
sentnob,23
sentnob,126
sentnob,31
sentnob,24
sentnob,21
sentnob,29
sentnob,54
sentnob,109
sentnob,135
sentnob,28
sentnob,107
sentnob,34
sentnob,33
sentnob,43
sentnob,96
sentnob,44
sentnob,127
sentnob,77
sentnob,58
sentnob,72
sentnob,89
sentnob,44
sentnob,30
sentnob,43
sentnob,125
sentnob,21
sentnob,160
sentnob,46
sentnob,32
sentnob,21
sentnob,39
sentnob,33
sentnob,34
sentnob,83
sentnob,47
sentnob,35
sentnob,31
sentnob,38
sentnob,56
sentnob,58
sentnob,61
sentnob,69
sentnob,95
sentnob,47
sentnob,51
sentnob,51
sentnob,36
sentnob,50
sentnob,21
sentnob,50
sentnob,46
sentnob,67
sentnob,79
sentnob,16
sentnob,21
sentnob,45
sentnob,36
sentnob,69
sentnob,24
sentnob,27
sentnob,96
sentnob,70
sentnob,114
sentnob,23
sentnob,20
sentnob,33
sentnob,31
sentnob,46
sentnob,59
sentnob,17
sentnob,47
sentnob,25
sentnob,128
sentnob,68
sentnob,37
sentnob,57
sentnob,57
sentnob,112
sentnob,38
sentnob,36
sentnob,128
sentnob,31
sentnob,52
sentnob,20
sentnob,41
sentnob,42
sentnob,24
sentnob,100
sentnob,69
sentnob,53
sentnob,61
sentnob,117
sentnob,47
sentnob,36
sentnob,30
sentnob,157
sentnob,81
sentnob,40
sentnob,108
sentnob,54
sentnob,96
sentnob,24
sentnob,21
sentnob,63
sentnob,84
sentnob,18
sentnob,65
sentnob,15
sentnob,63
sentnob,34
sentnob,107
sentnob,133
sentnob,64
sentnob,74
sentnob,33
sentnob,17
sentnob,16
sentnob,35
sentnob,17
sentnob,22
sentnob,37
sentnob,67
sentnob,93
sentnob,68
sentnob,124
sentnob,35
sentnob,21
sentnob,68
sentnob,44
sentnob,20
sentnob,27
sentnob,42
sentnob,128
sentnob,146
sentnob,50
sentnob,49
sentnob,75
sentnob,122
sentnob,72
sentnob,50
sentnob,39
sentnob,28
sentnob,33
sentnob,46
sentnob,77
sentnob,53
sentnob,33
sentnob,35
sentnob,23
sentnob,92
sentnob,122
sentnob,13
sentnob,78
sentnob,82
sentnob,30
sentnob,24
sentnob,33
sentnob,29
sentnob,78
sentnob,100
sentnob,137
sentnob,68
sentnob,115
sentnob,86
sentnob,26
sentnob,85
sentnob,21
sentnob,40
sentnob,130
sentnob,49
sentnob,43
sentnob,43
sentnob,56
sentnob,28
sentnob,83
sentnob,84
sentnob,27
sentnob,39
sentnob,30
sentnob,31
sentnob,62
sentnob,44
sentnob,24
sentnob,62
sentnob,49
sentnob,31
sentnob,43
sentnob,52
sentnob,71
sentnob,83
sentnob,42
sentnob,43
sentnob,52
sentnob,37
sentnob,113
sentnob,21
sentnob,26
sentnob,51
sentnob,47
sentnob,20
sentnob,54
sentnob,105
sentnob,46
sentnob,43
sentnob,28
sentnob,28
sentnob,53
sentnob,44
sentnob,86
sentnob,31
sentnob,55
sentnob,55
sentnob,69
sentnob,113
sentnob,44
sentnob,15
sentnob,40
sentnob,60
sentnob,61
sentnob,83
sentnob,51
sentnob,25
sentnob,65
sentnob,18
sentnob,65
sentnob,136
sentnob,36
sentnob,25
sentnob,20
sentnob,37
sentnob,47
sentnob,59
sentnob,145
sentnob,26
sentnob,24
sentnob,101
sentnob,84
sentnob,71
sentnob,50
sentnob,35
sentnob,62
sentnob,50
sentnob,90
sentnob,131
sentnob,46
sentnob,29
sentnob,90
sentnob,43
sentnob,22
sentnob,30
sentnob,123
sentnob,39
sentnob,115
sentnob,32
sentnob,103
sentnob,38
sentnob,25
sentnob,42
sentnob,17
sentnob,42
sentnob,165
sentnob,93
sentnob,16
sentnob,74
sentnob,51
sentnob,23
sentnob,16
sentnob,83
sentnob,182
sentnob,142
sentnob,51
sentnob,72
sentnob,45
sentnob,117
sentnob,115
sentnob,63
sentnob,62
sentnob,22
sentnob,19
sentnob,19
sentnob,68
sentnob,41
sentnob,29
sentnob,29
sentnob,27
sentnob,72
sentnob,103
sentnob,31
sentnob,15
sentnob,58
sentnob,66
sentnob,22
sentnob,28
sentnob,45
sentnob,31
sentnob,64
sentnob,23
sentnob,37
sentnob,33
sentnob,100
sentnob,28
sentnob,62
sentnob,14
sentnob,38
sentnob,133
sentnob,18
sentnob,30
sentnob,94
sentnob,28
sentnob,90
sentnob,123
sentnob,45
sentnob,106
sentnob,145
sentnob,137
sentnob,23
sentnob,140
sentnob,68
sentnob,139
sentnob,57
sentnob,135
sentnob,69
sentnob,67
sentnob,16
sentnob,27
sentnob,36
sentnob,58
sentnob,26
sentnob,49
sentnob,63
sentnob,34
sentnob,17
sentnob,146
sentnob,27
sentnob,22
sentnob,19
sentnob,23
sentnob,28
sentnob,120
sentnob,44
sentnob,15
sentnob,57
sentnob,20
sentnob,54
sentnob,22
sentnob,101
sentnob,19
sentnob,64
sentnob,95
sentnob,62
sentnob,71
sentnob,20
sentnob,35
sentnob,21
sentnob,75
sentnob,36
sentnob,42
sentnob,17
sentnob,31
sentnob,70
sentnob,17
sentnob,22
sentnob,68
sentnob,79
sentnob,107
sentnob,83
sentnob,46
sentnob,34
sentnob,35
sentnob,20
sentnob,28
sentnob,42
sentnob,63
sentnob,21
sentnob,37
sentnob,22
sentnob,24
sentnob,82
sentnob,42
sentnob,56
sentnob,19
sentnob,114
sentnob,28
sentnob,21
sentnob,17
sentnob,36
sentnob,44
sentnob,54
sentnob,32
sentnob,38
sentnob,77
sentnob,47
sentnob,16
sentnob,58
sentnob,176
sentnob,89
sentnob,21
sentnob,77
sentnob,27
sentnob,50
sentnob,37
sentnob,38
sentnob,114
sentnob,66
sentnob,160
sentnob,82
sentnob,32
sentnob,66
sentnob,44
sentnob,18
sentnob,60
sentnob,74
sentnob,28
sentnob,29
sentnob,18
sentnob,23
sentnob,29
sentnob,99
sentnob,45
sentnob,26
sentnob,20
sentnob,20
sentnob,24
sentnob,64
sentnob,24
sentnob,42
sentnob,35
sentnob,20
sentnob,24
sentnob,95
sentnob,19
sentnob,39
sentnob,63
sentnob,30
sentnob,16
sentnob,95
sentnob,93
sentnob,148
sentnob,48
sentnob,33
sentnob,24
sentnob,37
sentnob,18
sentnob,46
sentnob,122
sentnob,109
sentnob,38
sentnob,43
sentnob,39
sentnob,25
sentnob,70
sentnob,62
sentnob,109
sentnob,77
sentnob,34
sentnob,31
sentnob,131
sentnob,23
sentnob,45
sentnob,23
sentnob,54
sentnob,19
sentnob,122
sentnob,18
sentnob,32
sentnob,102
sentnob,58
sentnob,65
sentnob,43
sentnob,24
sentnob,68
sentnob,18
sentnob,45
sentnob,44
sentnob,89
sentnob,54
sentnob,103
sentnob,23
sentnob,93
sentnob,21
sentnob,51
sentnob,52
sentnob,27
sentnob,21
sentnob,86
sentnob,115
sentnob,36
sentnob,41
sentnob,44
sentnob,20
sentnob,22
sentnob,44
sentnob,107
sentnob,131
sentnob,55
sentnob,78
sentnob,19
sentnob,62
sentnob,64
sentnob,79
sentnob,18
sentnob,34
sentnob,19
sentnob,37
sentnob,120
sentnob,45
sentnob,26
sentnob,52
sentnob,21
sentnob,36
sentnob,47
sentnob,95
sentnob,68
sentnob,79
sentnob,26
sentnob,72
sentnob,41
sentnob,19
sentnob,22
sentnob,58
sentnob,67
sentnob,42
sentnob,110
sentnob,23
sentnob,52
sentnob,92
sentnob,46
sentnob,39
sentnob,31
sentnob,30
sentnob,37
sentnob,36
sentnob,50
sentnob,49
sentnob,29
sentnob,17
sentnob,25
sentnob,15
sentnob,56
sentnob,78
sentnob,32
sentnob,28
sentnob,19
sentnob,50
sentnob,16
sentnob,82
sentnob,18
sentnob,65
sentnob,66
sentnob,20
sentnob,24
sentnob,90
sentnob,31
sentnob,116
sentnob,81
sentnob,110
sentnob,15
sentnob,20
sentnob,30
sentnob,23
sentnob,73
sentnob,66
sentnob,91
sentnob,19
sentnob,22
sentnob,21
sentnob,158
sentnob,35
sentnob,113
sentnob,20
sentnob,19
sentnob,39
sentnob,100
sentnob,123
sentnob,42
sentnob,77
sentnob,39
sentnob,72
sentnob,76
sentnob,96
sentnob,26
sentnob,41
sentnob,63
sentnob,22
sentnob,33
sentnob,16
sentnob,43
sentnob,19
sentnob,75
sentnob,95
sentnob,44
sentnob,27
sentnob,22
sentnob,35
sentnob,28
sentnob,34
sentnob,44
sentnob,53
sentnob,48
sentnob,37
sentnob,91
sentnob,75
sentnob,24
sentnob,33
sentnob,14
sentnob,30
sentnob,25
sentnob,99
sentnob,53
sentnob,46
sentnob,50
sentnob,79
sentnob,89
sentnob,38
sentnob,129
sentnob,33
sentnob,55
sentnob,26
sentnob,26
sentnob,79
sentnob,21
sentnob,52
sentnob,41
sentnob,63
sentnob,149
sentnob,63
sentnob,54
sentnob,30
sentnob,44
sentnob,57
sentnob,18
sentnob,37
sentnob,43
sentnob,46
sentnob,23
sentnob,27
sentnob,31
sentnob,94
sentnob,60
sentnob,143
sentnob,74
sentnob,99
sentnob,54
sentnob,151
sentnob,18
sentnob,31
sentnob,47
sentnob,108
sentnob,40
sentnob,69
sentnob,54
sentnob,71
sentnob,63
sentnob,36
sentnob,29
sentnob,44
sentnob,116
sentnob,51
sentnob,72
sentnob,84
sentnob,51
sentnob,20
sentnob,43
sentnob,73
sentnob,74
sentnob,156
sentnob,41
sentnob,13
sentnob,128
sentnob,124
sentnob,46
sentnob,25
sentnob,118
sentnob,53
sentnob,35
sentnob,36
sentnob,29
sentnob,26
sentnob,56
sentnob,28
sentnob,30
sentnob,27
sentnob,39
sentnob,20
sentnob,46
sentnob,120
sentnob,54
sentnob,22
sentnob,88
sentnob,104
sentnob,44
sentnob,60
sentnob,35
sentnob,19
sentnob,71
sentnob,23
sentnob,33
sentnob,63
sentnob,18
sentnob,31
sentnob,29
sentnob,54
sentnob,39
sentnob,28
sentnob,63
sentnob,69
sentnob,15
sentnob,91
sentnob,67
sentnob,28
sentnob,49
sentnob,17
sentnob,118
sentnob,30
sentnob,29
sentnob,28
sentnob,36
sentnob,64
sentnob,136
sentnob,15
sentnob,17
sentnob,23
sentnob,51
sentnob,159
sentnob,63
sentnob,33
sentnob,71
sentnob,117
sentnob,51
sentnob,95
sentnob,96
sentnob,124
sentnob,53
sentnob,25
sentnob,47
sentnob,47
sentnob,82
sentnob,32
sentnob,58
sentnob,79
sentnob,21
sentnob,200
sentnob,45
sentnob,84
sentnob,17
sentnob,104
sentnob,52
sentnob,19
sentnob,30
sentnob,22
sentnob,22
sentnob,25
sentnob,50
sentnob,42
sentnob,82
sentnob,65
sentnob,29
sentnob,84
sentnob,30
sentnob,91
sentnob,19
sentnob,23
sentnob,71
sentnob,25
sentnob,55
sentnob,50
sentnob,63
sentnob,28
sentnob,69
sentnob,21
sentnob,32
sentnob,35
sentnob,91
sentnob,33
sentnob,37
sentnob,51
sentnob,55
sentnob,38
sentnob,46
sentnob,22
sentnob,64
sentnob,55
sentnob,64
sentnob,31
sentnob,41
sentnob,56
sentnob,33
sentnob,40
sentnob,65
sentnob,22
sentnob,72
sentnob,36
sentnob,89
sentnob,26
sentnob,62
sentnob,41
sentnob,51
sentnob,35
sentnob,62
sentnob,80
sentnob,48
sentnob,77
sentnob,36
sentnob,61
sentnob,46
sentnob,59
sentnob,24
sentnob,50
sentnob,21
sentnob,72
sentnob,15
sentnob,20
sentnob,29
sentnob,18
sentnob,32
sentnob,19
sentnob,46
sentnob,56
sentnob,46
sentnob,170
sentnob,42
sentnob,36
sentnob,58
sentnob,46
sentnob,30
sentnob,21
sentnob,75
sentnob,55
sentnob,62
sentnob,92
sentnob,39
sentnob,35
sentnob,16
sentnob,79
sentnob,23
sentnob,87
sentnob,44
sentnob,48
sentnob,95
sentnob,31
sentnob,58
sentnob,19
sentnob,46
sentnob,21
sentnob,42
sentnob,52
sentnob,20
sentnob,86
sentnob,19
sentnob,43
sentnob,46
sentnob,21
sentnob,28
sentnob,67
sentnob,106
sentnob,19
sentnob,20
sentnob,20
sentnob,98
sentnob,123
sentnob,53
sentnob,34
sentnob,27
sentnob,69
sentnob,16
sentnob,32
sentnob,18
sentnob,46
sentnob,21
sentnob,39
sentnob,23
sentnob,93
sentnob,15
sentnob,54
sentnob,24
sentnob,39
sentnob,18
sentnob,30
sentnob,81
sentnob,72
sentnob,21
sentnob,67
sentnob,64
sentnob,30
sentnob,26
sentnob,82
sentnob,24
sentnob,63
sentnob,70
sentnob,28
sentnob,17
sentnob,44
sentnob,63
sentnob,172
sentnob,75
sentnob,26
sentnob,130
sentnob,20
sentnob,102
sentnob,56
sentnob,133
sentnob,37
sentnob,55
sentnob,112
sentnob,64
sentnob,22
sentnob,20
sentnob,27
sentnob,57
sentnob,19
sentnob,63
sentnob,40
sentnob,32
sentnob,20
sentnob,35
sentnob,30
sentnob,129
sentnob,25
sentnob,43
sentnob,37
sentnob,23
sentnob,52
sentnob,29
sentnob,27
sentnob,106
sentnob,81
sentnob,18
sentnob,91
sentnob,41
sentnob,99
sentnob,96
sentnob,32
sentnob,53
sentnob,70
sentnob,25
sentnob,17
sentnob,150
sentnob,50
sentnob,32
sentnob,81
sentnob,54
sentnob,25
sentnob,47
sentnob,18
sentnob,26
sentnob,45
sentnob,43
sentnob,41
sentnob,40
sentnob,21
sentnob,26
sentnob,25
sentnob,48
sentnob,35
sentnob,54
sentnob,125
sentnob,55
sentnob,93
sentnob,40
sentnob,51
sentnob,51
sentnob,139
sentnob,42
sentnob,97
sentnob,28
sentnob,62
sentnob,18
sentnob,110
sentnob,132
sentnob,57
sentnob,68
sentnob,106
sentnob,28
sentnob,79
sentnob,70
sentnob,58
sentnob,121
sentnob,72
sentnob,51
sentnob,30
sentnob,28
sentnob,76
sentnob,53
sentnob,76
sentnob,35
sentnob,41
sentnob,111
sentnob,55
sentnob,56
sentnob,22
sentnob,26
sentnob,152
sentnob,20
sentnob,33
sentnob,122
sentnob,39
sentnob,46
sentnob,101
sentnob,17
sentnob,55
sentnob,25
sentnob,82
sentnob,40
sentnob,73
sentnob,43
sentnob,34
sentnob,90
sentnob,70
sentnob,63
sentnob,35
sentnob,15
sentnob,22
sentnob,50
sentnob,25
sentnob,21
sentnob,159
sentnob,19
sentnob,55
sentnob,38
sentnob,21
sentnob,50
sentnob,41
sentnob,153
sentnob,17
sentnob,42
sentnob,43
sentnob,21
sentnob,20
sentnob,28
sentnob,74
sentnob,71
sentnob,35
sentnob,117
sentnob,17
bd_shs,58
bd_shs,23
bd_shs,37
bd_shs,120
bd_shs,40
bd_shs,48
bd_shs,26
bd_shs,148
bd_shs,6
bd_shs,40
bd_shs,10
bd_shs,53
bd_shs,93
bd_shs,12
bd_shs,15
bd_shs,81
bd_shs,135
bd_shs,6
bd_shs,4
bd_shs,52
bd_shs,55
bd_shs,15
bd_shs,18
bd_shs,34
bd_shs,9
bd_shs,43
bd_shs,193
bd_shs,62
bd_shs,14
bd_shs,15
bd_shs,36
bd_shs,48
bd_shs,259
bd_shs,18
bd_shs,81
bd_shs,13
bd_shs,68
bd_shs,39
bd_shs,14
bd_shs,12
bd_shs,45
bd_shs,35
bd_shs,14
bd_shs,27
bd_shs,68
bd_shs,39
bd_shs,16
bd_shs,34
bd_shs,24
bd_shs,30
bd_shs,35
bd_shs,22
bd_shs,155
bd_shs,13
bd_shs,67
bd_shs,9
bd_shs,24
bd_shs,42
bd_shs,42
bd_shs,8
bd_shs,12
bd_shs,11
bd_shs,51
bd_shs,30
bd_shs,112
bd_shs,17
bd_shs,90
bd_shs,18
bd_shs,33
bd_shs,416
bd_shs,47
bd_shs,7
bd_shs,130
bd_shs,51
bd_shs,13
bd_shs,29
bd_shs,86
bd_shs,17
bd_shs,6
bd_shs,155
bd_shs,13
bd_shs,31
bd_shs,25
bd_shs,6
bd_shs,81
bd_shs,17
bd_shs,58
bd_shs,39
bd_shs,21
bd_shs,22
bd_shs,28
bd_shs,63
bd_shs,49
bd_shs,315
bd_shs,60
bd_shs,10
bd_shs,22
bd_shs,8
bd_shs,13
bd_shs,13
bd_shs,40
bd_shs,132
bd_shs,76
bd_shs,44
bd_shs,38
bd_shs,16
bd_shs,124
bd_shs,15
bd_shs,40
bd_shs,10
bd_shs,17
bd_shs,6
bd_shs,73
bd_shs,91
bd_shs,13
bd_shs,25
bd_shs,16
bd_shs,25
bd_shs,14
bd_shs,9
bd_shs,31
bd_shs,14
bd_shs,19
bd_shs,33
bd_shs,176
bd_shs,33
bd_shs,103
bd_shs,79
bd_shs,29
bd_shs,31
bd_shs,54
bd_shs,19
bd_shs,34
bd_shs,18
bd_shs,170
bd_shs,52
bd_shs,118
bd_shs,9
bd_shs,61
bd_shs,31
bd_shs,81
bd_shs,24
bd_shs,13
bd_shs,72
bd_shs,115
bd_shs,6
bd_shs,17
bd_shs,125
bd_shs,49
bd_shs,11
bd_shs,6
bd_shs,6
bd_shs,55
bd_shs,69
bd_shs,76
bd_shs,12
bd_shs,81
bd_shs,72
bd_shs,16
bd_shs,38
bd_shs,41
bd_shs,18
bd_shs,34
bd_shs,40
bd_shs,9
bd_shs,49
bd_shs,19
bd_shs,68
bd_shs,15
bd_shs,21
bd_shs,17
bd_shs,40
bd_shs,9
bd_shs,87
bd_shs,18
bd_shs,26
bd_shs,121
bd_shs,28
bd_shs,69
bd_shs,14
bd_shs,199
bd_shs,47
bd_shs,140
bd_shs,5
bd_shs,46
bd_shs,13
bd_shs,40
bd_shs,13
bd_shs,30
bd_shs,28
bd_shs,43
bd_shs,40
bd_shs,22
bd_shs,53
bd_shs,16
bd_shs,5
bd_shs,28
bd_shs,57
bd_shs,64
bd_shs,84
bd_shs,16
bd_shs,71
bd_shs,19
bd_shs,34
bd_shs,64
bd_shs,73
bd_shs,51
bd_shs,11
bd_shs,22
bd_shs,112
bd_shs,36
bd_shs,30
bd_shs,24
bd_shs,58
bd_shs,23
bd_shs,14
bd_shs,12
bd_shs,39
bd_shs,71
bd_shs,13
bd_shs,19
bd_shs,498
bd_shs,70
bd_shs,48
bd_shs,14
bd_shs,9
bd_shs,92
bd_shs,39
bd_shs,42
bd_shs,26
bd_shs,206
bd_shs,75
bd_shs,25
bd_shs,21
bd_shs,17
bd_shs,18
bd_shs,42
bd_shs,16
bd_shs,23
bd_shs,23
bd_shs,8
bd_shs,29
bd_shs,6
bd_shs,9
bd_shs,16
bd_shs,24
bd_shs,15
bd_shs,17
bd_shs,33
bd_shs,63
bd_shs,28
bd_shs,27
bd_shs,17
bd_shs,35
bd_shs,39
bd_shs,76
bd_shs,27
bd_shs,26
bd_shs,11
bd_shs,23
bd_shs,15
bd_shs,57
bd_shs,122
bd_shs,15
bd_shs,9
bd_shs,29
bd_shs,65
bd_shs,165
bd_shs,64
bd_shs,57
bd_shs,10
bd_shs,43
bd_shs,19
bd_shs,33
bd_shs,52
bd_shs,345
bd_shs,36
bd_shs,74
bd_shs,18
bd_shs,82
bd_shs,9
bd_shs,56
bd_shs,6
bd_shs,115
bd_shs,62
bd_shs,68
bd_shs,29
bd_shs,25
bd_shs,13
bd_shs,32
bd_shs,17
bd_shs,17
bd_shs,22
bd_shs,44
bd_shs,21
bd_shs,63
bd_shs,9
bd_shs,20
bd_shs,33
bd_shs,123
bd_shs,75
bd_shs,18
bd_shs,56
bd_shs,13
bd_shs,20
bd_shs,33
bd_shs,7
bd_shs,37
bd_shs,29
bd_shs,65
bd_shs,32
bd_shs,14
bd_shs,46
bd_shs,52
bd_shs,39
bd_shs,40
bd_shs,107
bd_shs,10
bd_shs,10
bd_shs,31
bd_shs,40
bd_shs,170
bd_shs,20
bd_shs,19
bd_shs,26
bd_shs,103
bd_shs,59
bd_shs,35
bd_shs,24
bd_shs,27
bd_shs,28
bd_shs,111
bd_shs,27
bd_shs,16
bd_shs,47
bd_shs,51
bd_shs,68
bd_shs,19
bd_shs,229
bd_shs,17
bd_shs,34
bd_shs,73
bd_shs,44
bd_shs,23
bd_shs,108
bd_shs,40
bd_shs,28
bd_shs,112
bd_shs,46
bd_shs,13
bd_shs,70
bd_shs,18
bd_shs,8
bd_shs,17
bd_shs,26
bd_shs,13
bd_shs,118
bd_shs,13
bd_shs,14
bd_shs,23
bd_shs,34
bd_shs,22
bd_shs,203
bd_shs,60
bd_shs,64
bd_shs,56
bd_shs,10
bd_shs,15
bd_shs,87
bd_shs,30
bd_shs,36
bd_shs,18
bd_shs,28
bd_shs,13
bd_shs,36
bd_shs,8
bd_shs,8
bd_shs,24
bd_shs,23
bd_shs,60
bd_shs,10
bd_shs,9
bd_shs,32
bd_shs,54
bd_shs,25
bd_shs,32
bd_shs,44
bd_shs,23
bd_shs,49
bd_shs,65
bd_shs,29
bd_shs,20
bd_shs,110
bd_shs,76
bd_shs,88
bd_shs,9
bd_shs,30
bd_shs,23
bd_shs,17
bd_shs,7
bd_shs,12
bd_shs,67
bd_shs,27
bd_shs,41
bd_shs,58
bd_shs,66
bd_shs,47
bd_shs,111
bd_shs,23
bd_shs,85
bd_shs,17
bd_shs,7
bd_shs,92
bd_shs,74
bd_shs,23
bd_shs,17
bd_shs,24
bd_shs,107
bd_shs,15
bd_shs,26
bd_shs,21
bd_shs,47
bd_shs,14
bd_shs,14
bd_shs,62
bd_shs,13
bd_shs,34
bd_shs,18
bd_shs,159
bd_shs,19
bd_shs,79
bd_shs,19
bd_shs,27
bd_shs,9
bd_shs,60
bd_shs,18
bd_shs,12
bd_shs,7
bd_shs,22
bd_shs,21
bd_shs,22
bd_shs,59
bd_shs,15
bd_shs,20
bd_shs,126
bd_shs,125
bd_shs,120
bd_shs,16
bd_shs,46
bd_shs,100
bd_shs,37
bd_shs,105
bd_shs,37
bd_shs,26
bd_shs,8
bd_shs,90
bd_shs,38
bd_shs,13
bd_shs,22
bd_shs,21
bd_shs,20
bd_shs,9
bd_shs,11
bd_shs,5
bd_shs,51
bd_shs,21
bd_shs,157
bd_shs,1242
bd_shs,44
bd_shs,15
bd_shs,32
bd_shs,20
bd_shs,36
bd_shs,31
bd_shs,69
bd_shs,78
bd_shs,13
bd_shs,86
bd_shs,14
bd_shs,13
bd_shs,32
bd_shs,38
bd_shs,13
bd_shs,9
bd_shs,19
bd_shs,20
bd_shs,14
bd_shs,75
bd_shs,16
bd_shs,58
bd_shs,59
bd_shs,25
bd_shs,61
bd_shs,33
bd_shs,14
bd_shs,7
bd_shs,22
bd_shs,18
bd_shs,74
bd_shs,46
bd_shs,116
bd_shs,35
bd_shs,90
bd_shs,27
bd_shs,50
bd_shs,74
bd_shs,6
bd_shs,171
bd_shs,22
bd_shs,20
bd_shs,10
bd_shs,95
bd_shs,481
bd_shs,10
bd_shs,20
bd_shs,26
bd_shs,31
bd_shs,28
bd_shs,37
bd_shs,28
bd_shs,96
bd_shs,53
bd_shs,47
bd_shs,34
bd_shs,27
bd_shs,34
bd_shs,20
bd_shs,11
bd_shs,6
bd_shs,19
bd_shs,6
bd_shs,309
bd_shs,55
bd_shs,41
bd_shs,47
bd_shs,27
bd_shs,23
bd_shs,176
bd_shs,41
bd_shs,18
bd_shs,28
bd_shs,48
bd_shs,36
bd_shs,26
bd_shs,16
bd_shs,16
bd_shs,47
bd_shs,24
bd_shs,13
bd_shs,7
bd_shs,135
bd_shs,20
bd_shs,45
bd_shs,68
bd_shs,24
bd_shs,24
bd_shs,62
bd_shs,28
bd_shs,64
bd_shs,33
bd_shs,17
bd_shs,59
bd_shs,25
bd_shs,37
bd_shs,39
bd_shs,25
bd_shs,32
bd_shs,7
bd_shs,18
bd_shs,10
bd_shs,6
bd_shs,35
bd_shs,31
bd_shs,72
bd_shs,23
bd_shs,9
bd_shs,34
bd_shs,14
bd_shs,12
bd_shs,13
bd_shs,22
bd_shs,16
bd_shs,55
bd_shs,18
bd_shs,22
bd_shs,45
bd_shs,41
bd_shs,7
bd_shs,54
bd_shs,395
bd_shs,14
bd_shs,18
bd_shs,20
bd_shs,29
bd_shs,100
bd_shs,40
bd_shs,32
bd_shs,84
bd_shs,42
bd_shs,72
bd_shs,51
bd_shs,11
bd_shs,30
bd_shs,38
bd_shs,18
bd_shs,44
bd_shs,41
bd_shs,8
bd_shs,35
bd_shs,68
bd_shs,30
bd_shs,27
bd_shs,9
bd_shs,26
bd_shs,16
bd_shs,23
bd_shs,169
bd_shs,39
bd_shs,35
bd_shs,53
bd_shs,19
bd_shs,39
bd_shs,17
bd_shs,27
bd_shs,33
bd_shs,45
bd_shs,8
bd_shs,20
bd_shs,45
bd_shs,25
bd_shs,31
bd_shs,31
bd_shs,22
bd_shs,40
bd_shs,29
bd_shs,167
bd_shs,35
bd_shs,16
bd_shs,4
bd_shs,77
bd_shs,47
bd_shs,34
bd_shs,51
bd_shs,15
bd_shs,9
bd_shs,48
bd_shs,19
bd_shs,51
bd_shs,32
bd_shs,8
bd_shs,51
bd_shs,25
bd_shs,49
bd_shs,35
bd_shs,22
bd_shs,44
bd_shs,75
bd_shs,37
bd_shs,22
bd_shs,20
bd_shs,18
bd_shs,23
bd_shs,48
bd_shs,106
bd_shs,28
bd_shs,28
bd_shs,23
bd_shs,33
bd_shs,50
bd_shs,8
bd_shs,59
bd_shs,33
bd_shs,20
bd_shs,30
bd_shs,31
bd_shs,62
bd_shs,23
bd_shs,9
bd_shs,14
bd_shs,323
bd_shs,26
bd_shs,28
bd_shs,8
bd_shs,75
bd_shs,97
bd_shs,33
bd_shs,41
bd_shs,5
bd_shs,23
bd_shs,260
bd_shs,37
bd_shs,17
bd_shs,129
bd_shs,13
bd_shs,9
bd_shs,48
bd_shs,52
bd_shs,8
bd_shs,56
bd_shs,30
bd_shs,24
bd_shs,99
bd_shs,34
bd_shs,100
bd_shs,128
bd_shs,36
bd_shs,23
bd_shs,18
bd_shs,33
bd_shs,89
bd_shs,38
bd_shs,44
bd_shs,22
bd_shs,28
bd_shs,76
bd_shs,6
bd_shs,15
bd_shs,82
bd_shs,84
bd_shs,58
bd_shs,18
bd_shs,46
bd_shs,36
bd_shs,29
bd_shs,35
bd_shs,132
bd_shs,9
bd_shs,42
bd_shs,43
bd_shs,25
bd_shs,35
bd_shs,22
bd_shs,17
bd_shs,15
bd_shs,49
bd_shs,18
bd_shs,61
bd_shs,53
bd_shs,15
bd_shs,9
bd_shs,139
bd_shs,38
bd_shs,22
bd_shs,20
bd_shs,19
bd_shs,354
bd_shs,9
bd_shs,46
bd_shs,21
bd_shs,44
bd_shs,15
bd_shs,20
bd_shs,59
bd_shs,41
bd_shs,34
bd_shs,33
bd_shs,19
bd_shs,38
bd_shs,83
bd_shs,26
bd_shs,5
bd_shs,24
bd_shs,21
bd_shs,6
bd_shs,27
bd_shs,38
bd_shs,9
bd_shs,12
bd_shs,22
bd_shs,30
bd_shs,40
bd_shs,24
bd_shs,86
bd_shs,48
bd_shs,37
bd_shs,10
bd_shs,241
bd_shs,16
bd_shs,94
bd_shs,22
bd_shs,137
bd_shs,19
bd_shs,45
bd_shs,23
bd_shs,28
bd_shs,9
bd_shs,43
bd_shs,38
bd_shs,32
bd_shs,87
bd_shs,55
bd_shs,17
bd_shs,11
bd_shs,29
bd_shs,176
bd_shs,19
bd_shs,53
bd_shs,141
bd_shs,11
bd_shs,9
bd_shs,11
bd_shs,15
bd_shs,28
bd_shs,30
bd_shs,18
bd_shs,108
bd_shs,37
bd_shs,178
bd_shs,56
bd_shs,33
bd_shs,84
bd_shs,15
bd_shs,12
bd_shs,25
bd_shs,14
bd_shs,27
bd_shs,23
bd_shs,15
bd_shs,29
bd_shs,33
bd_shs,61
bd_shs,23
bd_shs,19
bd_shs,22
bd_shs,55
bd_shs,171
bd_shs,66
bd_shs,161
bd_shs,30
bd_shs,1408
bd_shs,31
bd_shs,37
bd_shs,31
bd_shs,136
bd_shs,12
bd_shs,10
bd_shs,49
bd_shs,77
bd_shs,44
bd_shs,18
bd_shs,8
bd_shs,44
bd_shs,209
bd_shs,46
bd_shs,19
bd_shs,4
bd_shs,30
bd_shs,21
bd_shs,15
bd_shs,42
bd_shs,35
bd_shs,20
bd_shs,88
bd_shs,12
bd_shs,23
bd_shs,25
bd_shs,58
bd_shs,51
bd_shs,54
bd_shs,17
bd_shs,57
bd_shs,42
bd_shs,81
bd_shs,20
bd_shs,33
bd_shs,10
bd_shs,10
bd_shs,15
bd_shs,12
bd_shs,15
bd_shs,31
bd_shs,92
bd_shs,224
bd_shs,16
bd_shs,79
bd_shs,7
bd_shs,27
bd_shs,11
bd_shs,103
bd_shs,20
bd_shs,8
bd_shs,96
bd_shs,12
bd_shs,32
bd_shs,25
bd_shs,31
bd_shs,38
bd_shs,109
bd_shs,24
bd_shs,13
bd_shs,21
bd_shs,13
bd_shs,66
bd_shs,55
bd_shs,43
bd_shs,74
bd_shs,7
bd_shs,18
bd_shs,5
bd_shs,20
bd_shs,85
bd_shs,26
bd_shs,45
bd_shs,17
bd_shs,6
bd_shs,45
bd_shs,52
bd_shs,58
bd_shs,38
bd_shs,15
bd_shs,51
bd_shs,45
bd_shs,79
bd_shs,120
bd_shs,51
bd_shs,10
bd_shs,20
bd_shs,75
bd_shs,30
bd_shs,133
bd_shs,36
bd_shs,28
bd_shs,32
bd_shs,10
bd_shs,27
bd_shs,482
bd_shs,36
bd_shs,33
bd_shs,19
bd_shs,10
bd_shs,27
bd_shs,70
bd_shs,9
bd_shs,137
bd_shs,269
bd_shs,15
bd_shs,8
bd_shs,5
bd_shs,47
bd_shs,30
bd_shs,44
bd_shs,5
bd_shs,21
bd_shs,142
bd_shs,47
bd_shs,6
bd_shs,36
bd_shs,25
bd_shs,39
bd_shs,98
bd_shs,80
bd_shs,10
bd_shs,23
bd_shs,19
bd_shs,57
bd_shs,11
bd_shs,9
bd_shs,291
bd_shs,16
bd_shs,38
bd_shs,21
bd_shs,22
bd_shs,29
bd_shs,25
bd_shs,39
bd_shs,275
bd_shs,80
bd_shs,57
bd_shs,22
bd_shs,15
bd_shs,31
bd_shs,62
bd_shs,13
bd_shs,37
bd_shs,18
bd_shs,16
bd_shs,130
bd_shs,34
bd_shs,37
bd_shs,8
bd_shs,18
bd_shs,12
bd_shs,18
bd_shs,55
bd_shs,15
bd_shs,39
bd_shs,38
bd_shs,15
bd_shs,38
bd_shs,13
bd_shs,50
bd_shs,23
bd_shs,21
bd_shs,33
bd_shs,75
bd_shs,52
bd_shs,46
bd_shs,154
bd_shs,14
bd_shs,19
bd_shs,162
bd_shs,18
bd_shs,41
bd_shs,63
bd_shs,13
bd_shs,43
bd_shs,48
bd_shs,53
bd_shs,90
bd_shs,31
bd_shs,191
bd_shs,9
bd_shs,30
bd_shs,8
bd_shs,33
bd_shs,36
bd_shs,52
bd_shs,19
bd_shs,28
bd_shs,6
bd_shs,59
bd_shs,199
bd_shs,47
bd_shs,23
bd_shs,15
bd_shs,65
bd_shs,16
bd_shs,113
bd_shs,15
bd_shs,32
bd_shs,151
bd_shs,16
bd_shs,41
bd_shs,25
bd_shs,36
bd_shs,79
bd_shs,29
bd_shs,123
bd_shs,7
bd_shs,12
bd_shs,40
bd_shs,75
bd_shs,46
bd_shs,20
bd_shs,49
bd_shs,13
bd_shs,137
bd_shs,25
bd_shs,293
bd_shs,12
bd_shs,14
bd_shs,6
bd_shs,47
bd_shs,15
bd_shs,59
bd_shs,80
bd_shs,124
bd_shs,20
bd_shs,9
bd_shs,27
bd_shs,40
bd_shs,137
bd_shs,7
bd_shs,30
bd_shs,34
bd_shs,73
bd_shs,21
bd_shs,104
bd_shs,46
bd_shs,68
bd_shs,50
bd_shs,23
bd_shs,61
bd_shs,12
bd_shs,434
bd_shs,49
bd_shs,59
bd_shs,34
bd_shs,100
bd_shs,92
bd_shs,50
bd_shs,10
bd_shs,97
bd_shs,13
bd_shs,19
bd_shs,12
bd_shs,48
bd_shs,44
bd_shs,63
bd_shs,9
bd_shs,29
bd_shs,8
bd_shs,14
bd_shs,14
bd_shs,14
bd_shs,12
bd_shs,5
bd_shs,38
bd_shs,17
bd_shs,25
bd_shs,78
bd_shs,105
bd_shs,44
bd_shs,7
bd_shs,60
bd_shs,54
bd_shs,25
bd_shs,86
bd_shs,27
bd_shs,54
bd_shs,51
bd_shs,32
bd_shs,33
bd_shs,195
bd_shs,5
bd_shs,19
bd_shs,26
bd_shs,43
bd_shs,25
bd_shs,38
bd_shs,60
bd_shs,26
bd_shs,20
bd_shs,13
bd_shs,39
bd_shs,51
bd_shs,49
bd_shs,6
bd_shs,49
bd_shs,9
bd_shs,14
bd_shs,18
bd_shs,13
bd_shs,13
bd_shs,18
bd_shs,61
bd_shs,43
bd_shs,10
bd_shs,8
bd_shs,6
bd_shs,55
bd_shs,47
bd_shs,58
bd_shs,219
bd_shs,80
bd_shs,32
bd_shs,64
bd_shs,16
bd_shs,20
bd_shs,87
bd_shs,17
bd_shs,19
bd_shs,140
bd_shs,24
bd_shs,22
bd_shs,28
bd_shs,12
bd_shs,111
bd_shs,32
bd_shs,22
bd_shs,6
bd_shs,39
bd_shs,71
bd_shs,16
bd_shs,56
bd_shs,49
bd_shs,6
bd_shs,98
bd_shs,10
bd_shs,54
bd_shs,20
bd_shs,70
bd_shs,31
bd_shs,71
bd_shs,19
bd_shs,26
bd_shs,148
bd_shs,51
bd_shs,51
bd_shs,87
bd_shs,38
bd_shs,7
bd_shs,32
bd_shs,10
bd_shs,33
bd_shs,49
bd_shs,117
bd_shs,72
bd_shs,16
bd_shs,56
bd_shs,25
bd_shs,31
bd_shs,22
bd_shs,20
bd_shs,20
bd_shs,27
bd_shs,14
bd_shs,79
bd_shs,42
bd_shs,11
bd_shs,5
bd_shs,24
bd_shs,13
bd_shs,308
bd_shs,60
bd_shs,173
bd_shs,8
bd_shs,22
bd_shs,127
bd_shs,32
bd_shs,33
bd_shs,7
bd_shs,39
bd_shs,53
bd_shs,16
bd_shs,9
bd_shs,66
bd_shs,21
bd_shs,43
bd_shs,92
bd_shs,48
bd_shs,77
bd_shs,72
bd_shs,17
bd_shs,45
bd_shs,13
bd_shs,18
bd_shs,49
bd_shs,11
bd_shs,50
bd_shs,34
bd_shs,7
bd_shs,73
bd_shs,77
bd_shs,30
bd_shs,26
bd_shs,181
bd_shs,43
bd_shs,15
bd_shs,39
bd_shs,76
bd_shs,24
bd_shs,16
bd_shs,27
bd_shs,47
bd_shs,29
bd_shs,24
bd_shs,13
bd_shs,45
bd_shs,4
bd_shs,3
bd_shs,50
bd_shs,11
bd_shs,103
bd_shs,9
bd_shs,23
bd_shs,14
bd_shs,122
bd_shs,78
bd_shs,39
bd_shs,13
bd_shs,19
bd_shs,7
bd_shs,11
bd_shs,21
bd_shs,25
bd_shs,18
bd_shs,12
bd_shs,38
bd_shs,367
bd_shs,15
bd_shs,54
bd_shs,44
bd_shs,24
bd_shs,21
bd_shs,47
bd_shs,52
bd_shs,46
bd_shs,17
bd_shs,110
bd_shs,26
bd_shs,34
bd_shs,24
bd_shs,5
bd_shs,8
bd_shs,14
bd_shs,11
bd_shs,13
bd_shs,42
bd_shs,26
bd_shs,40
bd_shs,93
bd_shs,15
bd_shs,24
bd_shs,15
bd_shs,47
bd_shs,37
bd_shs,211
bd_shs,127
bd_shs,90
bd_shs,98
bd_shs,17
bd_shs,22
bd_shs,24
bd_shs,11
bd_shs,41
bd_shs,47
bd_shs,42
bd_shs,12
bd_shs,13
bd_shs,152
bd_shs,26
bd_shs,447
bd_shs,18
bd_shs,48
bd_shs,31
bd_shs,8
bd_shs,119
bd_shs,18
bd_shs,298
bd_shs,47
bd_shs,17
bd_shs,103
bd_shs,17
bd_shs,27
bd_shs,56
bd_shs,17
bd_shs,22
bd_shs,8
bd_shs,75
bd_shs,28
bd_shs,18
bd_shs,14
bd_shs,371
bd_shs,30
bd_shs,28
bd_shs,28
bd_shs,128
bd_shs,19
bd_shs,25
bd_shs,129
bd_shs,37
bd_shs,57
bd_shs,18
bd_shs,62
bd_shs,16
bd_shs,8
bd_shs,10
bd_shs,9
bd_shs,18
bd_shs,56
bd_shs,27
bd_shs,98
bd_shs,30
bd_shs,34
bd_shs,21
bd_shs,20
bd_shs,14
bd_shs,38
bd_shs,16
bd_shs,41
bd_shs,8
bd_shs,26
bd_shs,61
bd_shs,108
bd_shs,114
bd_shs,57
bd_shs,25
bd_shs,111
bd_shs,97
bd_shs,54
bd_shs,5
bd_shs,23
bd_shs,26
bd_shs,55
bd_shs,40
bd_shs,26
bd_shs,17
bd_shs,47
bd_shs,30
bd_shs,27
bd_shs,7
bd_shs,15
bd_shs,14
bd_shs,16
bd_shs,22
bd_shs,49
bd_shs,42
bd_shs,58
bd_shs,20
bd_shs,277
bd_shs,16
bd_shs,17
bd_shs,36
bd_shs,135
bd_shs,29
bd_shs,61
bd_shs,8
bd_shs,106
bd_shs,9
bd_shs,16
bd_shs,44
bd_shs,15
bd_shs,43
bd_shs,29
bd_shs,6
bd_shs,29
bd_shs,60
bd_shs,9
bd_shs,81
bd_shs,46
bd_shs,40
bd_shs,98
bd_shs,15
bd_shs,37
bd_shs,28
bd_shs,48
bd_shs,17
bd_shs,118
bd_shs,39
bd_shs,19
bd_shs,21
bd_shs,15
bd_shs,33
bd_shs,9
bd_shs,56
bd_shs,29
bd_shs,9
bd_shs,38
bd_shs,6
bd_shs,129
bd_shs,31
bd_shs,19
bd_shs,12
bd_shs,32
bd_shs,42
bd_shs,49
bd_shs,33
bd_shs,27
bd_shs,9
bd_shs,23
bd_shs,14
bd_shs,35
bd_shs,25
bd_shs,65
bd_shs,203
bd_shs,42
bd_shs,28
bd_shs,19
bd_shs,16
bd_shs,24
bd_shs,22
bd_shs,31
bd_shs,29
bd_shs,24
bd_shs,54
bd_shs,41
bd_shs,130
bd_shs,110
bd_shs,108
bd_shs,21
bd_shs,45
bd_shs,68
bd_shs,44
bd_shs,15
bd_shs,54
bd_shs,18
bd_shs,26
bd_shs,9
bd_shs,195
bd_shs,27
bd_shs,26
bd_shs,32
bd_shs,200
bd_shs,24
bd_shs,24
bd_shs,49
bd_shs,22
bd_shs,37
bd_shs,98
bd_shs,87
bd_shs,33
bd_shs,196
bd_shs,29
bd_shs,30
bd_shs,121
bd_shs,3
bd_shs,61
bd_shs,11
bd_shs,34
bd_shs,82
bd_shs,49
bd_shs,35
bd_shs,42
bd_shs,24
bd_shs,35
bd_shs,13
bd_shs,25
bd_shs,42
bd_shs,22
bd_shs,14
bd_shs,35
bd_shs,144
bd_shs,27
bd_shs,6
bd_shs,35
bd_shs,15
bd_shs,14
bd_shs,41
bd_shs,56
bd_shs,26
bd_shs,23
bd_shs,25
bd_shs,29
bd_shs,33
bd_shs,26
bd_shs,109
bd_shs,193
bd_shs,22
bd_shs,14
bd_shs,37
bd_shs,15
bd_shs,12
bd_shs,18
bd_shs,14
bd_shs,27
bd_shs,138
bd_shs,46
bd_shs,148
bd_shs,66
bd_shs,8
bd_shs,49
bd_shs,33
bd_shs,19
bd_shs,53
bd_shs,59
bd_shs,105
bd_shs,21
bd_shs,27
bd_shs,22
bd_shs,70
bd_shs,50
bd_shs,35
bd_shs,28
bd_shs,16
bd_shs,41
bd_shs,26
bd_shs,46
bd_shs,51
bd_shs,51
bd_shs,43
bd_shs,43
bd_shs,62
bd_shs,14
bd_shs,92
bd_shs,118
bd_shs,14
bd_shs,9
bd_shs,18
bd_shs,15
bd_shs,58
bd_shs,14
bd_shs,68
bd_shs,125
bd_shs,68
bd_shs,25
bd_shs,36
bd_shs,89
bd_shs,34
bd_shs,14
bd_shs,196
bd_shs,24
bd_shs,8
bd_shs,35
bd_shs,8
bd_shs,14
bd_shs,58
bd_shs,16
bd_shs,39
bd_shs,123
bd_shs,13
bd_shs,99
bd_shs,10
bd_shs,66
bd_shs,17
bd_shs,49
bd_shs,22
bd_shs,37
bd_shs,50
bd_shs,25
bd_shs,28
bd_shs,63
bd_shs,100
bd_shs,20
bd_shs,25
bd_shs,27
bd_shs,7
bd_shs,17
bd_shs,85
bd_shs,19
bd_shs,8
bd_shs,59
bd_shs,47
bd_shs,11
bd_shs,72
bd_shs,14
bd_shs,32
bd_shs,34
bd_shs,298
bd_shs,81
bd_shs,31
bd_shs,13
bd_shs,75
bd_shs,23
bd_shs,43
bd_shs,40
bd_shs,464
bd_shs,8
bd_shs,59
bd_shs,192
bd_shs,15
bd_shs,22
bd_shs,44
bd_shs,101
bd_shs,17
bd_shs,56
bd_shs,19
bd_shs,51
bd_shs,26
bd_shs,39
bd_shs,6
bd_shs,120
bd_shs,12
bd_shs,17
bd_shs,34
bd_shs,34
bd_shs,36
bd_shs,63
bd_shs,24
bd_shs,10
bd_shs,5
bd_shs,47
bd_shs,25
bd_shs,114
bd_shs,22
bd_shs,73
bd_shs,19
bd_shs,32
bd_shs,214
bd_shs,110
bd_shs,11
bd_shs,26
bd_shs,63
bd_shs,39
bd_shs,20
bd_shs,37
bd_shs,81
bd_shs,30
bd_shs,14
bd_shs,78
bd_shs,28
bd_shs,42
bd_shs,32
bd_shs,40
bd_shs,44
bd_shs,24
bd_shs,23
bd_shs,40
bd_shs,96
bd_shs,15
bd_shs,25
bd_shs,20
bd_shs,62
bd_shs,40
bd_shs,15
bd_shs,26
bd_shs,26
bd_shs,28
bd_shs,36
bd_shs,7
bd_shs,6
bd_shs,17
bd_shs,43
bd_shs,72
bd_shs,14
bd_shs,68
bd_shs,83
bd_shs,22
bd_shs,20
bd_shs,36
bd_shs,18
bd_shs,29
bd_shs,6
bd_shs,61
bd_shs,23
bd_shs,12
bd_shs,35
bd_shs,12
bd_shs,18
bd_shs,90
bd_shs,11
bd_shs,35
bd_shs,71
bd_shs,208
bd_shs,3
bd_shs,27
bd_shs,7
bd_shs,9
bd_shs,70
bd_shs,7
bd_shs,186
bd_shs,66
bd_shs,18
bd_shs,7
bd_shs,193
bd_shs,17
bd_shs,17
bd_shs,27
bd_shs,16
bd_shs,9
bd_shs,38
bd_shs,27
bd_shs,18
bd_shs,18
bd_shs,30
bd_shs,28
bd_shs,6
bd_shs,47
bd_shs,44
bd_shs,58
bd_shs,62
bd_shs,7
bd_shs,14
bd_shs,24
bd_shs,36
bd_shs,40
bd_shs,54
bd_shs,10
bd_shs,29
bd_shs,9
bd_shs,44
bd_shs,35
bd_shs,125
bd_shs,13
bd_shs,68
bd_shs,38
bd_shs,57
bd_shs,42
bd_shs,44
bd_shs,12
bd_shs,17
bd_shs,110
bd_shs,37
bd_shs,52
bd_shs,23
bd_shs,13
bd_shs,26
bd_shs,18
bd_shs,25
bd_shs,21
bd_shs,7
bd_shs,227
bd_shs,21
bd_shs,14
bd_shs,47
bd_shs,6
bd_shs,25
bd_shs,20
bd_shs,19
bd_shs,23
bd_shs,15
bd_shs,16
bd_shs,22
bd_shs,42
bd_shs,54
bd_shs,27
bd_shs,19
bd_shs,65
bd_shs,12
bd_shs,97
bd_shs,12
bd_shs,5
bd_shs,10
bd_shs,28
bd_shs,35
bd_shs,42
bd_shs,21
bd_shs,12
bd_shs,98
bd_shs,6
bd_shs,26
bd_shs,28
bd_shs,17
bd_shs,22
bd_shs,6
bd_shs,33
bd_shs,19
bd_shs,160
bd_shs,11
bd_shs,21
bd_shs,48
bd_shs,138
bd_shs,29
bd_shs,25
bd_shs,52
bd_shs,120
bd_shs,18
bd_shs,69
bd_shs,33
bd_shs,7
bd_shs,7
bd_shs,39
bd_shs,58
bd_shs,24
bd_shs,22
bd_shs,21
bd_shs,34
bd_shs,28
bd_shs,33
bd_shs,48
bd_shs,19
bd_shs,17
bd_shs,104
bd_shs,83
bd_shs,43
bd_shs,15
bd_shs,111
bd_shs,30
bd_shs,20
bd_shs,62
bd_shs,86
bd_shs,48
bd_shs,60
bd_shs,17
bd_shs,9
bd_shs,98
bd_shs,91
bd_shs,29
bd_shs,20
bd_shs,16
bd_shs,37
bd_shs,33
bd_shs,34
bd_shs,27
bd_shs,68
bd_shs,66
bd_shs,34
bd_shs,383
bd_shs,22
bd_shs,77
bd_shs,17
bd_shs,26
bd_shs,9
bd_shs,18
bd_shs,12
bd_shs,25
bd_shs,18
bd_shs,10
bd_shs,136
bd_shs,32
bd_shs,144
bd_shs,7
bd_shs,30
bd_shs,19
bd_shs,42
bd_shs,38
bd_shs,58
bd_shs,34
bd_shs,20
bd_shs,30
bd_shs,36
bd_shs,70
bd_shs,353
bd_shs,17
bd_shs,20
bd_shs,32
bd_shs,19
bd_shs,15
bd_shs,33
bd_shs,22
bd_shs,14
bd_shs,29
bd_shs,29
bd_shs,45
bd_shs,14
bd_shs,46
bd_shs,31
bd_shs,9
bd_shs,27
bd_shs,39
bd_shs,29
bd_shs,22
bd_shs,39
bd_shs,17
bd_shs,53
bd_shs,20
bd_shs,11
bd_shs,27
bd_shs,15
bd_shs,13
bd_shs,38
bd_shs,19
bd_shs,7
bd_shs,91
bd_shs,220
bd_shs,11
bd_shs,43
bd_shs,16
bd_shs,11
bd_shs,21
bd_shs,18
bd_shs,19
bd_shs,83
bd_shs,8
bd_shs,25
bd_shs,50
bd_shs,81
bd_shs,49
bd_shs,24
bd_shs,55
bd_shs,27
bd_shs,12
bd_shs,33
bd_shs,23
bd_shs,43
bd_shs,37
bd_shs,13
bd_shs,25
bd_shs,56
bd_shs,38
bd_shs,59
bd_shs,19
bd_shs,32
bd_shs,58
bd_shs,19
bd_shs,14
bd_shs,55
bd_shs,9
bd_shs,27
bd_shs,11
bd_shs,16
bd_shs,12
bd_shs,111
bd_shs,112
bd_shs,73
bd_shs,15
bd_shs,95
bd_shs,20
bd_shs,16
bd_shs,7
bd_shs,43
bd_shs,27
bd_shs,13
bd_shs,9
bd_shs,18
bd_shs,64
bd_shs,33
bd_shs,263
bd_shs,73
bd_shs,242
bd_shs,167
bd_shs,28
bd_shs,30
bd_shs,36
bd_shs,22
bd_shs,8
bd_shs,10
bd_shs,18
bd_shs,23
bd_shs,21
bd_shs,17
bd_shs,10
bd_shs,14
bd_shs,19
bd_shs,74
bd_shs,57
bd_shs,8
bd_shs,484
bd_shs,15
bd_shs,52
bd_shs,14
bd_shs,16
bd_shs,28
bd_shs,89
bd_shs,22
bd_shs,15
bd_shs,54
bd_shs,22
bd_shs,15
bd_shs,7
bd_shs,132
bd_shs,18
bd_shs,45
bd_shs,54
bd_shs,172
bd_shs,8
bd_shs,6
bd_shs,49
bd_shs,47
bd_shs,12
bd_shs,25
bd_shs,106
bd_shs,54
bd_shs,17
bd_shs,14
bd_shs,126
bd_shs,33
bd_shs,26
bd_shs,23
bd_shs,51
bd_shs,197
bd_shs,15
bd_shs,85
bd_shs,102
bd_shs,18
bd_shs,44
bd_shs,12
bd_shs,68
bd_shs,20
bd_shs,57
bd_shs,40
bd_shs,89
bd_shs,11
bd_shs,18
bd_shs,10
bd_shs,18
bd_shs,10
bd_shs,9
bd_shs,29
bd_shs,12
bd_shs,19
bd_shs,52
bd_shs,109
bd_shs,17
bd_shs,20
bd_shs,8
bd_shs,22
bd_shs,136
bd_shs,29
bd_shs,39
bd_shs,50
bd_shs,28
bd_shs,13
bd_shs,31
bd_shs,9
bd_shs,107
bd_shs,30
bd_shs,51
bd_shs,50
bd_shs,25
bd_shs,18
bd_shs,68
bd_shs,22
bd_shs,53
bd_shs,47
bd_shs,15
bd_shs,50
bd_shs,26
bd_shs,18
bd_shs,10
bd_shs,12
bd_shs,14
bd_shs,36
bd_shs,46
bd_shs,79
bd_shs,34
bd_shs,27
bd_shs,115
bd_shs,32
bd_shs,167
bd_shs,21
bd_shs,58
bd_shs,77
bd_shs,91
bd_shs,135
bd_shs,21
bd_shs,81
bd_shs,106
bd_shs,29
bd_shs,78
bd_shs,11
bd_shs,41
bd_shs,15
bd_shs,47
bd_shs,33
bd_shs,73
bd_shs,33
bd_shs,32
bd_shs,20
bd_shs,52
bd_shs,50
bd_shs,25
bd_shs,5
bd_shs,26
bd_shs,145
bd_shs,33
bd_shs,144
bd_shs,99
bd_shs,9
bd_shs,19
bd_shs,21
bd_shs,143
bd_shs,12
bd_shs,45
bd_shs,10
bd_shs,17
bd_shs,48
bd_shs,22
bd_shs,20
bd_shs,3
bd_shs,23
bd_shs,29
bd_shs,18
bd_shs,28
bd_shs,32
bd_shs,55
bd_shs,103
bd_shs,64
bd_shs,10
bd_shs,22
bd_shs,18
bd_shs,16
bd_shs,10
bd_shs,88
bd_shs,31
bd_shs,11
bd_shs,111
bd_shs,29
bd_shs,21
bd_shs,14
bd_shs,117
bd_shs,16
bd_shs,60
bd_shs,11
bd_shs,167
bd_shs,75
bd_shs,15
bd_shs,14
bd_shs,13
bd_shs,45
bd_shs,8
bd_shs,16
bd_shs,19
bd_shs,147
bd_shs,36
bd_shs,65
bd_shs,47
bd_shs,30
bd_shs,16
bd_shs,8
bd_shs,15
bd_shs,12
bd_shs,40
bd_shs,74
bd_shs,165
bd_shs,20
bd_shs,15
bd_shs,51
bd_shs,28
bd_shs,22
bd_shs,153
bd_shs,12
bd_shs,46
bd_shs,16
bd_shs,14
bd_shs,42
bd_shs,38
bd_shs,162
bd_shs,25
bd_shs,8
bd_shs,23
bd_shs,19
bd_shs,34
bd_shs,43
bd_shs,105
bd_shs,76
bd_shs,79
bd_shs,202
bd_shs,42
bd_shs,15
bd_shs,33
bd_shs,101
bd_shs,26
bd_shs,115
bd_shs,9
bd_shs,28
bd_shs,92
bd_shs,17
bd_shs,37
bd_shs,73
bd_shs,39
bd_shs,28
bd_shs,23
bd_shs,156
bd_shs,47
bd_shs,13
bd_shs,38
bd_shs,44
bd_shs,26
bd_shs,96
bd_shs,24
bd_shs,23
bd_shs,111
bd_shs,19
bd_shs,12
bd_shs,121
bd_shs,148
bd_shs,19
bd_shs,12
bd_shs,31
bd_shs,21
bd_shs,26
bd_shs,71
bd_shs,125
bd_shs,34
bd_shs,23
bd_shs,17
bd_shs,28
bd_shs,28
bd_shs,73
bd_shs,11
bd_shs,153
bd_shs,22
bd_shs,12
bd_shs,19
bd_shs,24
bd_shs,50
bd_shs,10
bd_shs,31
bd_shs,33
bd_shs,6
bd_shs,10
bd_shs,41
bd_shs,9
bd_shs,70
bd_shs,51
bd_shs,9
bd_shs,26
bd_shs,7
bd_shs,13
bd_shs,30
bd_shs,19
bd_shs,56
bd_shs,52
bd_shs,40
bd_shs,9
bd_shs,11
bd_shs,35
bd_shs,70
bd_shs,7
bd_shs,3
bd_shs,26
bd_shs,16
bd_shs,27
bd_shs,79
bd_shs,22
bd_shs,11
bd_shs,39
bd_shs,19
bd_shs,16
bd_shs,23
bd_shs,50
bd_shs,24
bd_shs,21
bd_shs,68
bd_shs,47
bd_shs,18
bd_shs,48
bd_shs,118
bd_shs,31
bd_shs,221
bd_shs,18
bd_shs,16
bd_shs,20
bd_shs,80
bd_shs,14
bd_shs,23
bd_shs,114
bd_shs,14
bd_shs,7
bd_shs,13
bd_shs,25
bd_shs,27
bd_shs,27
bd_shs,29
bd_shs,21
bd_shs,69
bd_shs,13
bd_shs,17
bd_shs,7
bd_shs,56
bd_shs,22
bd_shs,13
bd_shs,43
bd_shs,12
bd_shs,58
bd_shs,153
bd_shs,26
bd_shs,88
bd_shs,18
bd_shs,31
bd_shs,60
bd_shs,12
bd_shs,107
bd_shs,34
bd_shs,148
bd_shs,29
bd_shs,40
bd_shs,7
bd_shs,31
bd_shs,31
bd_shs,55
bd_shs,38
bd_shs,39
bd_shs,50
bd_shs,35
bd_shs,9
bd_shs,25
bd_shs,52
bd_shs,67
bd_shs,52
bd_shs,20
bd_shs,33
bd_shs,62
bd_shs,55
bd_shs,44
bd_shs,43
bd_shs,11
bd_shs,133
bd_shs,110
bd_shs,66
bd_shs,103
bd_shs,19
bd_shs,26
bd_shs,40
bd_shs,17
bd_shs,35
bd_shs,39
bd_shs,37
bd_shs,70
bd_shs,46
bd_shs,68
bd_shs,51
bd_shs,61
bd_shs,103
bd_shs,131
bd_shs,12
bd_shs,49
bd_shs,75
bd_shs,60
bd_shs,14
bd_shs,46
bd_shs,70
bd_shs,27
bd_shs,13
bd_shs,44
bd_shs,55
bd_shs,29
bd_shs,21
bd_shs,20
bd_shs,70
bd_shs,174
bd_shs,42
bd_shs,80
bd_shs,14
bd_shs,91
bd_shs,115
bd_shs,21
bd_shs,28
bd_shs,49
bd_shs,71
bd_shs,21
bd_shs,31
bd_shs,26
bd_shs,17
bd_shs,22
bd_shs,83
bd_shs,7
bd_shs,34
bd_shs,61
bd_shs,57
bd_shs,35
bd_shs,28
bd_shs,20
bd_shs,32
bd_shs,17
bd_shs,17
bd_shs,16
bd_shs,24
bd_shs,13
bd_shs,8
bd_shs,35
bd_shs,54
bd_shs,7
bd_shs,22
bd_shs,26
bd_shs,16
bd_shs,58
bd_shs,165
bd_shs,13
bd_shs,52
bd_shs,52
bd_shs,39
bd_shs,177
bd_shs,43
bd_shs,33
bd_shs,49
bd_shs,24
bd_shs,16
bd_shs,25
bd_shs,10
bd_shs,5
bd_shs,44
bd_shs,35
bd_shs,17
bd_shs,20
bd_shs,9
bd_shs,48
bd_shs,18
bd_shs,21
bd_shs,164
bd_shs,59
bd_shs,9
bd_shs,18
bd_shs,32
bd_shs,18
bd_shs,12
bd_shs,48
bd_shs,17
bd_shs,13
bd_shs,41
bd_shs,65
bd_shs,75
bd_shs,40
bd_shs,25
bd_shs,243
bd_shs,6
bd_shs,61
bd_shs,20
bd_shs,25
bd_shs,17
bd_shs,7
bd_shs,10
bd_shs,81
bd_shs,47
bd_shs,123
bd_shs,41
bd_shs,13
bd_shs,29
bd_shs,14
bd_shs,46
bd_shs,64
bd_shs,27
bd_shs,28
bd_shs,7
bd_shs,43
bd_shs,13
bd_shs,17
bd_shs,16
bd_shs,29
bd_shs,82
bd_shs,25
bd_shs,45
bd_shs,40
bd_shs,29
bd_shs,29
bd_shs,158
bd_shs,310
bd_shs,47
bd_shs,55
bd_shs,30
bd_shs,43
bd_shs,20
bd_shs,5
bd_shs,13
bd_shs,68
bd_shs,17
bd_shs,16
bd_shs,24
bd_shs,269
bd_shs,9
bd_shs,71
bd_shs,88
bd_shs,22
bd_shs,46
bd_shs,23
bd_shs,31
bd_shs,44
bd_shs,43
bd_shs,60
bd_shs,486
bd_shs,25
bd_shs,55
bd_shs,43
bd_shs,36
bd_shs,20
bd_shs,14
bd_shs,68
bd_shs,38
bd_shs,19
bd_shs,13
bd_shs,27
bd_shs,58
bd_shs,9
bd_shs,33
bd_shs,76
bd_shs,22
bd_shs,22
bd_shs,26
bd_shs,48
bd_shs,22
bd_shs,27
bd_shs,46
bd_shs,30
bd_shs,8
bd_shs,131
bd_shs,12
bd_shs,49
bd_shs,47
bd_shs,19
bd_shs,22
bd_shs,33
bd_shs,10
bd_shs,67
bd_shs,29
bd_shs,50
bd_shs,29
bd_shs,15
bd_shs,27
bd_shs,21
bd_shs,44
bd_shs,19
bd_shs,15
bd_shs,40
bd_shs,7
bd_shs,50
bd_shs,123
bd_shs,13
bd_shs,38
bd_shs,23
bd_shs,32
bd_shs,30
bd_shs,16
bd_shs,28
bd_shs,59
bd_shs,17
bd_shs,7
bd_shs,8
bd_shs,14
bd_shs,73
bd_shs,24
bd_shs,30
bd_shs,25
bd_shs,45
bd_shs,104
bd_shs,28
bd_shs,125
bd_shs,143
bd_shs,44
bd_shs,14
bd_shs,16
bd_shs,108
bd_shs,16
bd_shs,26
bd_shs,35
bd_shs,138
bd_shs,41
bd_shs,43
bd_shs,7
bd_shs,42
bd_shs,22
bd_shs,127
bd_shs,62
bd_shs,16
bd_shs,17
bd_shs,37
bd_shs,20
bd_shs,16
bd_shs,35
bd_shs,10
bd_shs,37
bd_shs,226
bd_shs,25
bd_shs,88
bd_shs,18
bd_shs,73
bd_shs,16
bd_shs,15
bd_shs,18
bd_shs,40
bd_shs,8
bd_shs,29
bd_shs,57
bd_shs,14
bd_shs,16
bd_shs,21
bd_shs,13
bd_shs,11
bd_shs,47
bd_shs,51
bd_shs,12
bd_shs,53
bd_shs,44
bd_shs,23
bd_shs,44
bd_shs,11
bd_shs,66
bd_shs,13
bd_shs,32
bd_shs,48
bd_shs,27
bd_shs,13
bd_shs,6
bd_shs,6
bd_shs,32
bd_shs,18
bd_shs,41
bd_shs,27
bd_shs,25
bd_shs,68
bd_shs,17
bd_shs,53
bd_shs,60
bd_shs,21
bd_shs,22
bd_shs,19
bd_shs,106
bd_shs,51
bd_shs,27
bd_shs,19
bd_shs,9
bd_shs,16
bd_shs,36
bd_shs,103
bd_shs,89
bd_shs,7
bd_shs,22
bd_shs,83
bd_shs,12
bd_shs,40
bd_shs,14
bd_shs,17
bd_shs,39
bd_shs,22
bd_shs,9
bd_shs,20
bd_shs,143
bd_shs,202
bd_shs,16
bd_shs,39
bd_shs,52
bd_shs,685
bd_shs,30
bd_shs,7
bd_shs,32
bd_shs,9
bd_shs,36
bd_shs,18
bd_shs,36
bd_shs,24
bd_shs,26
bd_shs,187
bd_shs,109
bd_shs,27
bd_shs,68
bd_shs,105
bd_shs,13
bd_shs,28
bd_shs,19
bd_shs,15
bd_shs,227
bd_shs,21
bd_shs,29
bd_shs,44
bd_shs,9
bd_shs,19
bd_shs,35
bd_shs,15
bd_shs,28
bd_shs,52
bd_shs,17
bd_shs,16
bd_shs,6
bd_shs,65
bd_shs,96
bd_shs,14
bd_shs,29
bd_shs,61
bd_shs,5
bd_shs,77
bd_shs,62
bd_shs,20
bd_shs,17
bd_shs,47
bd_shs,22
bd_shs,71
bd_shs,11
bd_shs,93
bd_shs,16
bd_shs,10
bd_shs,40
bd_shs,31
bd_shs,59
bd_shs,53
bd_shs,134
bd_shs,15
bd_shs,35
bd_shs,18
bd_shs,7
bd_shs,17
bd_shs,36
bd_shs,133
bd_shs,87
bd_shs,6
bd_shs,43
bd_shs,99
bd_shs,17
bd_shs,149
bd_shs,20
bd_shs,20
bd_shs,20
bd_shs,41
bd_shs,15
bd_shs,114
bd_shs,15
bd_shs,43
bd_shs,18
bd_shs,19
bd_shs,5
bd_shs,60
bd_shs,26
bd_shs,18
bd_shs,71
bd_shs,36
bd_shs,18
bd_shs,26
bd_shs,25
bd_shs,6
bd_shs,327
bd_shs,37
bd_shs,21
bd_shs,17
bd_shs,97
bd_shs,23
bd_shs,111
bd_shs,30
bd_shs,12
bd_shs,13
bd_shs,18
bd_shs,70
bd_shs,53
bd_shs,12
bd_shs,35
bd_shs,37
bd_shs,104
bd_shs,25
bd_shs,12
bd_shs,28
bd_shs,47
bd_shs,45
bd_shs,17
bd_shs,227
bd_shs,13
bd_shs,11
bd_shs,98
bd_shs,20
bd_shs,52
bd_shs,6
bd_shs,82
bd_shs,134
bd_shs,15
bd_shs,33
bd_shs,30
bd_shs,64
bd_shs,103
bd_shs,40
bd_shs,70
bd_shs,13
bd_shs,12
bd_shs,48
bd_shs,14
bd_shs,40
bd_shs,139
bd_shs,72
bd_shs,77
bd_shs,27
bd_shs,5
bd_shs,43
bd_shs,15
bd_shs,12
bd_shs,40
bd_shs,46
bd_shs,59
bd_shs,34
bd_shs,39
bd_shs,16
bd_shs,105
bd_shs,72
bd_shs,34
bd_shs,12
bd_shs,27
bd_shs,16
bd_shs,17
bd_shs,23
bd_shs,36
bd_shs,114
bd_shs,23
bd_shs,32
bd_shs,21
bd_shs,12
bd_shs,10
bd_shs,136
bd_shs,16
bd_shs,24
bd_shs,31
bd_shs,55
bd_shs,51
bd_shs,18
bd_shs,21
bd_shs,38
bd_shs,22
bd_shs,9
bd_shs,23
bd_shs,15
bd_shs,34
bd_shs,74
bd_shs,26
bd_shs,25
bd_shs,37
bd_shs,90
bd_shs,84
bd_shs,32
bd_shs,12
bd_shs,14
bd_shs,58
bd_shs,27
bd_shs,92
bd_shs,28
bd_shs,61
bd_shs,48
bd_shs,14
bd_shs,45
bd_shs,16
bd_shs,24
bd_shs,21
bd_shs,29
bd_shs,27
bd_shs,93
bd_shs,11
bd_shs,19
bd_shs,23
bd_shs,22
bd_shs,32
bd_shs,12
bd_shs,81
bd_shs,23
bd_shs,66
bd_shs,24
bd_shs,51
bd_shs,11
bd_shs,155
bd_shs,151
bd_shs,20
bd_shs,19
bd_shs,44
bd_shs,47
bd_shs,129
bd_shs,62
bd_shs,137
bd_shs,20
bd_shs,12
bd_shs,27
bd_shs,18
bd_shs,57
bd_shs,366
bd_shs,35
bd_shs,220
bd_shs,42
bd_shs,32
bd_shs,17
bd_shs,33
bd_shs,34
bd_shs,18
bd_shs,28
bd_shs,5
bd_shs,21
bd_shs,51
bd_shs,36
bd_shs,30
bd_shs,14
bd_shs,22
bd_shs,17
bd_shs,30
bd_shs,13
bd_shs,30
bd_shs,50
bd_shs,121
bd_shs,21
bd_shs,14
bd_shs,50
bd_shs,30
bd_shs,19
bd_shs,33
bd_shs,17
bd_shs,28
bd_shs,7
bd_shs,99
bd_shs,59
bd_shs,56
bd_shs,102
bd_shs,87
bd_shs,20
bd_shs,29
bd_shs,15
bd_shs,12
bd_shs,14
bd_shs,26
bd_shs,33
bd_shs,30
bd_shs,76
bd_shs,6
bd_shs,11
bd_shs,46
bd_shs,22
bd_shs,164
bd_shs,18
bd_shs,60
bd_shs,201
bd_shs,84
bd_shs,13
bd_shs,8
bd_shs,30
bd_shs,30
bd_shs,5
bd_shs,241
bd_shs,75
bd_shs,20
bd_shs,20
bd_shs,15
bd_shs,7
bd_shs,18
bd_shs,47
bd_shs,42
bd_shs,19
bd_shs,43
bd_shs,72
bd_shs,52
bd_shs,53
bd_shs,433
bd_shs,40
bd_shs,40
bd_shs,25
bd_shs,69
bd_shs,64
bd_shs,29
bd_shs,32
bd_shs,90
bd_shs,45
bd_shs,41
bd_shs,131
bd_shs,15
bd_shs,49
bd_shs,14
bd_shs,54
bd_shs,81
bd_shs,88
bd_shs,18
bd_shs,23
bd_shs,29
bd_shs,28
bd_shs,17
bd_shs,8
bd_shs,56
bd_shs,14
bd_shs,6
bd_shs,136
bd_shs,41
bd_shs,243
bd_shs,25
bd_shs,45
bd_shs,19
bd_shs,11
bd_shs,147
bd_shs,15
bd_shs,8
bd_shs,40
bd_shs,151
bd_shs,28
bd_shs,68
bd_shs,415
bd_shs,49
bd_shs,22
bd_shs,129
bd_shs,16
bd_shs,127
bd_shs,22
bd_shs,12
bd_shs,16
bd_shs,16
bd_shs,148
bd_shs,15
bd_shs,56
bd_shs,212
bd_shs,55
bd_shs,35
bd_shs,43
bd_shs,105
bd_shs,45
bd_shs,155
bd_shs,30
bd_shs,96
bd_shs,47
bd_shs,36
bd_shs,136
bd_shs,5
bd_shs,36
bd_shs,122
bd_shs,14
bd_shs,20
bd_shs,12
bd_shs,11
bd_shs,22
bd_shs,14
bd_shs,138
bd_shs,125
bd_shs,38
bd_shs,22
bd_shs,35
bd_shs,91
bd_shs,13
bd_shs,23
bd_shs,39
bd_shs,187
bd_shs,32
bd_shs,15
bd_shs,32
bd_shs,44
bd_shs,22
bd_shs,18
bd_shs,33
bd_shs,53
bd_shs,37
bd_shs,92
bd_shs,28
bd_shs,24
bd_shs,60
bd_shs,43
bd_shs,21
bd_shs,26
bd_shs,18
bd_shs,28
bd_shs,14
bd_shs,40
bd_shs,29
bd_shs,60
bd_shs,11
bd_shs,149
bd_shs,18
bd_shs,49
bd_shs,68
bd_shs,9
bd_shs,10
bd_shs,58
bd_shs,33
bd_shs,26
bd_shs,8
bd_shs,42
bd_shs,49
bd_shs,42
bd_shs,59
bd_shs,16
bd_shs,29
bd_shs,27
bd_shs,18
bd_shs,39
bd_shs,118
bd_shs,16
bd_shs,24
bd_shs,53
bd_shs,88
bd_shs,133
bd_shs,19
bd_shs,4
bd_shs,22
bd_shs,72
bd_shs,39
bd_shs,71
bd_shs,100
bd_shs,53
bd_shs,23
bd_shs,15
bd_shs,103
bd_shs,45
bd_shs,27
bd_shs,33
bd_shs,386
bd_shs,66
bd_shs,28
bd_shs,112
bd_shs,46
bd_shs,18
bd_shs,81
bd_shs,97
bd_shs,11
bd_shs,16
bd_shs,12
bd_shs,137
bd_shs,62
bd_shs,59
bd_shs,13
bd_shs,12
bd_shs,77
bd_shs,20
bd_shs,29
bd_shs,39
bd_shs,13
bd_shs,36
bd_shs,20
bd_shs,31
bd_shs,14
bd_shs,51
bd_shs,17
bd_shs,31
bd_shs,13
bd_shs,31
bd_shs,43
bd_shs,22
bd_shs,40
bd_shs,21
bd_shs,12
bd_shs,12
bd_shs,43
bd_shs,14
bd_shs,8
bd_shs,16
bd_shs,22
bd_shs,79
bd_shs,75
bd_shs,28
bd_shs,32
bd_shs,5
bd_shs,81
bd_shs,74
bd_shs,37
bd_shs,9
bd_shs,17
bd_shs,24
bd_shs,18
bd_shs,6
bd_shs,109
bd_shs,22
bd_shs,159
bd_shs,16
bd_shs,81
bd_shs,199
bd_shs,7
bd_shs,12
bd_shs,67
bd_shs,29
bd_shs,68
bd_shs,25
bd_shs,6
bd_shs,140
bd_shs,15
bd_shs,15
bd_shs,72
bd_shs,12
bd_shs,8
bd_shs,46
bd_shs,39
bd_shs,35
bd_shs,38
bd_shs,86
bd_shs,18
bd_shs,18
bd_shs,26
bd_shs,54
bd_shs,12
bd_shs,35
bd_shs,25
bd_shs,68
bd_shs,67
bd_shs,104
bd_shs,14
bd_shs,21
bd_shs,35
bd_shs,73
bd_shs,20
bd_shs,4
bd_shs,25
bd_shs,58
bd_shs,12
bd_shs,85
bd_shs,27
bd_shs,11
bd_shs,91
bd_shs,102
bd_shs,19
bd_shs,12
bd_shs,8
bd_shs,50
bd_shs,110
bd_shs,28
bd_shs,28
bd_shs,22
bd_shs,45
bd_shs,90
bd_shs,13
bd_shs,29
bd_shs,9
bd_shs,22
bd_shs,114
bd_shs,113
bd_shs,197
bd_shs,21
bd_shs,36
bd_shs,35
bd_shs,20
bd_shs,89
bd_shs,61
bd_shs,20
bd_shs,8
bd_shs,162
bd_shs,28
bd_shs,41
bd_shs,99
bd_shs,29
bd_shs,26
bd_shs,20
bd_shs,38
bd_shs,241
bd_shs,25
bd_shs,30
bd_shs,61
bd_shs,13
bd_shs,184
bd_shs,106
bd_shs,13
bd_shs,84
bd_shs,9
bd_shs,66
bd_shs,15
bd_shs,16
bd_shs,27
bd_shs,46
bd_shs,19
bd_shs,50
bd_shs,42
bd_shs,20
bd_shs,39
bd_shs,13
bd_shs,21
bd_shs,28
bd_shs,23
bd_shs,32
bd_shs,12
bd_shs,131
bd_shs,23
bd_shs,49
bd_shs,32
bd_shs,3
bd_shs,31
bd_shs,24
bd_shs,7
bd_shs,18
bd_shs,6
bd_shs,30
bd_shs,27
bd_shs,30
bd_shs,18
bd_shs,18
bd_shs,46
bd_shs,11
bd_shs,190
bd_shs,23
bd_shs,102
bd_shs,62
bd_shs,9
bd_shs,53
bd_shs,63
bd_shs,40
bd_shs,9
bd_shs,63
bd_shs,3
bd_shs,31
bd_shs,11
bd_shs,24
bd_shs,111
bd_shs,28
bd_shs,7
bd_shs,43
bd_shs,28
bd_shs,17
bd_shs,32
bd_shs,79
bd_shs,52
bd_shs,31
bd_shs,27
bd_shs,218
bd_shs,103
bd_shs,8
bd_shs,35
bd_shs,36
bd_shs,121
bd_shs,40
bd_shs,52
bd_shs,99
bd_shs,13
bd_shs,37
bd_shs,17
bd_shs,57
bd_shs,11
bd_shs,10
bd_shs,12
bd_shs,34
bd_shs,15
bd_shs,20
bd_shs,42
bd_shs,19
bd_shs,21
bd_shs,4
bd_shs,52
bd_shs,9
bd_shs,78
bd_shs,27
bd_shs,53
bd_shs,39
bd_shs,14
bd_shs,44
bd_shs,79
bd_shs,155
bd_shs,43
bd_shs,34
bd_shs,11
bd_shs,32
bd_shs,49
bd_shs,79
bd_shs,159
bd_shs,32
bd_shs,61
bd_shs,22
bd_shs,40
bd_shs,37
bd_shs,14
bd_shs,92
bd_shs,89
bd_shs,9
bd_shs,37
bd_shs,25
bd_shs,40
bd_shs,44
bd_shs,12
bd_shs,100
bd_shs,223
bd_shs,12
bd_shs,22
bd_shs,19
bd_shs,19
bd_shs,72
bd_shs,72
bd_shs,8
bd_shs,28
bd_shs,6
bd_shs,35
bd_shs,28
bd_shs,38
bd_shs,9
bd_shs,101
bd_shs,16
bd_shs,20
bd_shs,528
bd_shs,56
bd_shs,32
bd_shs,32
bd_shs,10
bd_shs,28
bd_shs,222
bd_shs,13
bd_shs,24
bd_shs,73
bd_shs,16
bd_shs,35
bd_shs,79
bd_shs,43
bd_shs,13
bd_shs,8
bd_shs,35
bd_shs,14
bd_shs,38
bd_shs,53
bd_shs,55
bd_shs,27
bd_shs,6
bd_shs,7
bd_shs,4
bd_shs,17
bd_shs,6
bd_shs,26
bd_shs,43
bd_shs,72
bd_shs,9
bd_shs,14
bd_shs,22
bd_shs,76
bd_shs,11
bd_shs,63
bd_shs,20
bd_shs,37
bd_shs,32
bd_shs,5
bd_shs,30
bd_shs,23
bd_shs,16
bd_shs,50
bd_shs,20
bd_shs,20
bd_shs,68
bd_shs,24
bd_shs,23
bd_shs,18
bd_shs,16
bd_shs,44
bd_shs,10
bd_shs,85
bd_shs,35
bd_shs,48
bd_shs,23
bd_shs,10
bd_shs,100
bd_shs,54
bd_shs,29
bd_shs,30
bd_shs,18
bd_shs,14
bd_shs,58
bd_shs,20
bd_shs,64
bd_shs,24
bd_shs,66
bd_shs,20
bd_shs,12
bd_shs,40
bd_shs,12
bd_shs,9
bd_shs,26
bd_shs,28
bd_shs,36
bd_shs,29
bd_shs,170
bd_shs,6
bd_shs,14
bd_shs,17
bd_shs,15
bd_shs,184
bd_shs,8
bd_shs,169
bd_shs,12
bd_shs,38
bd_shs,32
bd_shs,9
bd_shs,19
bd_shs,21
bd_shs,16
bd_shs,14
bd_shs,75
bd_shs,17
bd_shs,12
bd_shs,32
bd_shs,17
bd_shs,63
bd_shs,13
bd_shs,15
bd_shs,8
bd_shs,31
bd_shs,41
bd_shs,166
bd_shs,30
bd_shs,29
bd_shs,4
bd_shs,49
bd_shs,28
bd_shs,88
bd_shs,33
bd_shs,17
bd_shs,12
bd_shs,16
bd_shs,52
bd_shs,143
bd_shs,72
bd_shs,9
bd_shs,102
bd_shs,31
bd_shs,97
bd_shs,12
bd_shs,15
bd_shs,26
bd_shs,11
bd_shs,51
bd_shs,21
bd_shs,64
bd_shs,18
bd_shs,18
bd_shs,33
bd_shs,14
bd_shs,43
bd_shs,74
bd_shs,44
bd_shs,15
bd_shs,103
bd_shs,23
bd_shs,161
bd_shs,22
bd_shs,7
bd_shs,15
bd_shs,8
bd_shs,27
bd_shs,47
bd_shs,18
bd_shs,36
bd_shs,3
bd_shs,52
bd_shs,5
bd_shs,3
bd_shs,20
bd_shs,12
bd_shs,60
bd_shs,110
bd_shs,59
bd_shs,63
bd_shs,17
bd_shs,40
bd_shs,109
bd_shs,93
bd_shs,7
bd_shs,16
bd_shs,18
bd_shs,77
bd_shs,23
bd_shs,43
bd_shs,152
bd_shs,60
bd_shs,11
bd_shs,26
bd_shs,10
bd_shs,19
bd_shs,10
bd_shs,38
bd_shs,14
bd_shs,54
bd_shs,24
bd_shs,36
bd_shs,43
bd_shs,27
bd_shs,206
bd_shs,16
bd_shs,24
bd_shs,28
bd_shs,71
bd_shs,51
bd_shs,22
bd_shs,32
bd_shs,67
bd_shs,28
bd_shs,12
bd_shs,12
bd_shs,48
bd_shs,44
bd_shs,78
bd_shs,21
bd_shs,22
bd_shs,12
bd_shs,111
bd_shs,40
bd_shs,32
bd_shs,37
bd_shs,16
bd_shs,32
bd_shs,46
bd_shs,34
bd_shs,10
bd_shs,12
bd_shs,75
bd_shs,222
bd_shs,10
bd_shs,11
bd_shs,27
bd_shs,55
bd_shs,8
bd_shs,10
bd_shs,22
bd_shs,172
bd_shs,21
bd_shs,6
bd_shs,18
bd_shs,17
bd_shs,104
bd_shs,11
bd_shs,7
bd_shs,27
bd_shs,36
bd_shs,46
bd_shs,39
bd_shs,32
bd_shs,19
bd_shs,36
bd_shs,32
bd_shs,14
bd_shs,6
bd_shs,20
bd_shs,24
bd_shs,6
bd_shs,83
bd_shs,48
bd_shs,42
bd_shs,21
bd_shs,23
bd_shs,13
bd_shs,8
bd_shs,23
bd_shs,41
bd_shs,23
bd_shs,108
bd_shs,24
bd_shs,20
bd_shs,6
bd_shs,15
bd_shs,110
bd_shs,15
bd_shs,12
bd_shs,6
bd_shs,25
bd_shs,21
bd_shs,26
bd_shs,172
bd_shs,15
bd_shs,16
bd_shs,14
bd_shs,9
bd_shs,24
bd_shs,115
bd_shs,32
bd_shs,43
bd_shs,49
bd_shs,13
bd_shs,11
bd_shs,43
bd_shs,24
bd_shs,20
bd_shs,19
bd_shs,70
bd_shs,19
bd_shs,28
bd_shs,88
bd_shs,81
bd_shs,12
bd_shs,17
bd_shs,15
bd_shs,85
bd_shs,37
bd_shs,12
bd_shs,11
bd_shs,70
bd_shs,123
bd_shs,14
bd_shs,26
bd_shs,22
bd_shs,24
bd_shs,41
bd_shs,29
bd_shs,21
bd_shs,10
bd_shs,11
bd_shs,92
bd_shs,31
bd_shs,26
bd_shs,19
bd_shs,76
bd_shs,27
bd_shs,8
bd_shs,24
bd_shs,17
bd_shs,69
bd_shs,27
bd_shs,25
bd_shs,96
bd_shs,24
bd_shs,13
bd_shs,45
bd_shs,10
bd_shs,9
bd_shs,15
bd_shs,22
bd_shs,58
bd_shs,48
bd_shs,19
bd_shs,13
bd_shs,138
bd_shs,15
bd_shs,27
bd_shs,36
bd_shs,43
bd_shs,23
bd_shs,16
bd_shs,40
bd_shs,28
bd_shs,63
bd_shs,83
bd_shs,13
bd_shs,7
bd_shs,22
bd_shs,16
bd_shs,13
bd_shs,28
bd_shs,82
bd_shs,37
bd_shs,82
bd_shs,27
bd_shs,73
bd_shs,58
bd_shs,19
bd_shs,78
bd_shs,24
bd_shs,35
bd_shs,43
bd_shs,56
bd_shs,22
bd_shs,75
bd_shs,10
bd_shs,32
bd_shs,13
bd_shs,21
bd_shs,13
bd_shs,48
bd_shs,18
bd_shs,23
bd_shs,19
bd_shs,26
bd_shs,28
bd_shs,5
bd_shs,19
bd_shs,57
bd_shs,33
bd_shs,47
bd_shs,74
bd_shs,100
bd_shs,25
bd_shs,15
bd_shs,47
bd_shs,18
bd_shs,103
bd_shs,16
bd_shs,45
bd_shs,80
bd_shs,41
bd_shs,100
bd_shs,43
bd_shs,215
bd_shs,23
bd_shs,22
bd_shs,34
bd_shs,20
bd_shs,9
bd_shs,30
bd_shs,108
bd_shs,28
bd_shs,48
bd_shs,10
bd_shs,14
bd_shs,29
bd_shs,28
bd_shs,95
bd_shs,28
bd_shs,42
bd_shs,39
bd_shs,14
bd_shs,168
bd_shs,36
bd_shs,8
bd_shs,25
bd_shs,10
bd_shs,6
bd_shs,51
bd_shs,38
bd_shs,11
bd_shs,92
bd_shs,25
bd_shs,46
bd_shs,20
bd_shs,26
bd_shs,31
bd_shs,28
bd_shs,73
bd_shs,53
bd_shs,66
bd_shs,110
bd_shs,56
bd_shs,13
bd_shs,39
bd_shs,81
bd_shs,19
bd_shs,158
bd_shs,77
bd_shs,18
bd_shs,6
bd_shs,17
bd_shs,65
bd_shs,35
bd_shs,26
bd_shs,14
bd_shs,11
bd_shs,25
bd_shs,79
bd_shs,32
bd_shs,72
bd_shs,65
bd_shs,61
bd_shs,14
bd_shs,12
bd_shs,125
bd_shs,19
bd_shs,38
bd_shs,22
bd_shs,72
bd_shs,43
bd_shs,18
bd_shs,30
bd_shs,17
bd_shs,9
bd_shs,98
bd_shs,80
bd_shs,71
bd_shs,24
bd_shs,37
bd_shs,42
bd_shs,13
bd_shs,6
bd_shs,33
bd_shs,69
bd_shs,21
bd_shs,32
bd_shs,91
bd_shs,52
bd_shs,13
bd_shs,204
bd_shs,18
bd_shs,7
bd_shs,4
bd_shs,16
bd_shs,15
bd_shs,73
bd_shs,7
bd_shs,6
bd_shs,4
bd_shs,90
bd_shs,27
bd_shs,138
bd_shs,18
bd_shs,73
bd_shs,19
bd_shs,28
bd_shs,107
bd_shs,9
bd_shs,57
bd_shs,92
bd_shs,21
bd_shs,30
bd_shs,26
bd_shs,14
bd_shs,22
bd_shs,17
bd_shs,57
bd_shs,30
bd_shs,15
bd_shs,9
bd_shs,12
bd_shs,28
bd_shs,18
bd_shs,47
bd_shs,184
bd_shs,14
bd_shs,85
bd_shs,104
bd_shs,92
bd_shs,52
bd_shs,41
bd_shs,24
bd_shs,11
bd_shs,15
bd_shs,14
bd_shs,228
bd_shs,11
bd_shs,13
bd_shs,22
bd_shs,29
bd_shs,56
bd_shs,104
bd_shs,8
bd_shs,21
bd_shs,24
bd_shs,87
bd_shs,55
bd_shs,21
bd_shs,99
bd_shs,17
bd_shs,8
bd_shs,6
bd_shs,19
bd_shs,59
bd_shs,11
bd_shs,35
bd_shs,1141
bd_shs,83
bd_shs,20
bd_shs,36
bd_shs,21
bd_shs,12
bd_shs,170
bd_shs,52
bd_shs,3
bd_shs,17
bd_shs,241
bd_shs,6
bd_shs,54
bd_shs,37
bd_shs,40
bd_shs,98
bd_shs,7
bd_shs,234
bd_shs,35
bd_shs,49
bd_shs,167
bd_shs,46
bd_shs,17
bd_shs,22
bd_shs,18
bd_shs,6
bd_shs,25
bd_shs,41
bd_shs,327
bd_shs,29
bd_shs,15
bd_shs,19
bd_shs,4
bd_shs,7
bd_shs,40
bd_shs,27
bd_shs,61
bd_shs,11
bd_shs,15
bd_shs,12
bd_shs,48
bd_shs,106
bd_shs,21
bd_shs,53
bd_shs,58
bd_shs,19
bd_shs,24
bd_shs,69
bd_shs,20
bd_shs,26
bd_shs,26
bd_shs,37
bd_shs,12
bd_shs,10
bd_shs,63
bd_shs,65
bd_shs,24
bd_shs,19
bd_shs,17
bd_shs,37
bd_shs,55
bd_shs,43
bd_shs,124
bd_shs,8
bd_shs,25
bd_shs,10
bd_shs,33
bd_shs,100
bd_shs,207
bd_shs,38
bd_shs,48
bd_shs,13
bd_shs,12
bd_shs,65
bd_shs,46
bd_shs,42
bd_shs,67
bd_shs,45
bd_shs,49
bd_shs,21
bd_shs,68
bd_shs,25
bd_shs,17
bd_shs,27
bd_shs,27
bd_shs,16
bd_shs,4
bd_shs,26
bd_shs,9
bd_shs,39
bd_shs,29
bd_shs,49
bd_shs,34
bd_shs,47
bd_shs,84
bd_shs,143
bd_shs,112
bd_shs,21
bd_shs,71
bd_shs,18
bd_shs,64
bd_shs,38
bd_shs,105
bd_shs,78
bd_shs,18
bd_shs,96
bd_shs,32
bd_shs,9
bd_shs,31
bd_shs,41
bd_shs,13
bd_shs,124
bd_shs,54
bd_shs,13
bd_shs,5
bd_shs,15
bd_shs,160
bd_shs,30
bd_shs,13
bd_shs,18
bd_shs,31
bd_shs,16
bd_shs,294
bd_shs,38
bd_shs,13
bd_shs,35
bd_shs,22
bd_shs,21
bd_shs,14
bd_shs,24
bd_shs,82
bd_shs,43
bd_shs,23
bd_shs,6
bd_shs,25
bd_shs,15
bd_shs,77
bd_shs,14
bd_shs,31
bd_shs,9
bd_shs,23
bd_shs,21
bd_shs,27
bd_shs,4
bd_shs,121
bd_shs,29
bd_shs,14
bd_shs,13
bd_shs,31
bd_shs,40
bd_shs,111
bd_shs,8
bd_shs,31
bd_shs,18
bd_shs,25
bd_shs,4
bd_shs,59
bd_shs,47
bd_shs,35
bd_shs,29
bd_shs,13
bd_shs,33
bd_shs,23
bd_shs,64
bd_shs,37
bd_shs,37
bd_shs,412
bd_shs,20
bd_shs,6
bd_shs,81
bd_shs,73
bd_shs,14
bd_shs,40
bd_shs,34
bd_shs,20
bd_shs,10
bd_shs,968
bd_shs,81
bd_shs,88
bd_shs,20
bd_shs,58
bd_shs,20
bd_shs,242
bd_shs,10
bd_shs,70
bd_shs,62
bd_shs,93
bd_shs,13
bd_shs,27
bd_shs,26
bd_shs,17
bd_shs,83
bd_shs,93
bd_shs,59
bd_shs,13
bd_shs,51
bd_shs,122
bd_shs,22
bd_shs,29
bd_shs,32
bd_shs,110
bd_shs,78
bd_shs,28
bd_shs,56
bd_shs,9
bd_shs,32
bd_shs,36
bd_shs,20
bd_shs,21
bd_shs,40
bd_shs,81
bd_shs,19
bd_shs,38
bd_shs,5
bd_shs,122
bd_shs,39
bd_shs,28
bd_shs,49
bd_shs,62
bd_shs,21
bd_shs,27
bd_shs,40
bd_shs,18
bd_shs,65
bd_shs,133
bd_shs,57
bd_shs,48
bd_shs,17
bd_shs,11
bd_shs,28
bd_shs,11
bd_shs,10
bd_shs,67
bd_shs,229
bd_shs,88
bd_shs,24
bd_shs,44
bd_shs,6
bd_shs,16
bd_shs,26
bd_shs,22
bd_shs,51
bd_shs,32
bd_shs,22
bd_shs,189
bd_shs,36
bd_shs,31
bd_shs,20
bd_shs,30
bd_shs,23
bd_shs,23
bd_shs,12
bd_shs,63
bd_shs,23
bd_shs,12
bd_shs,4
bd_shs,42
bd_shs,18
bd_shs,10
bd_shs,27
bd_shs,23
bd_shs,15
bd_shs,25
bd_shs,11
bd_shs,35
bd_shs,31
bd_shs,21
bd_shs,31
bd_shs,20
bd_shs,21
bd_shs,8
bd_shs,68
bd_shs,55
bd_shs,46
bd_shs,25
bd_shs,20
bd_shs,20
bd_shs,20
bd_shs,54
bd_shs,302
bd_shs,39
bd_shs,61
bd_shs,5
bd_shs,10
bd_shs,30
bd_shs,18
bd_shs,9
bd_shs,41
bd_shs,37
bd_shs,6
bd_shs,9
bd_shs,15
bd_shs,6
bd_shs,7
bd_shs,65
bd_shs,27
bd_shs,33
bd_shs,12
bd_shs,21
bd_shs,10
bd_shs,10
bd_shs,17
bd_shs,52
bd_shs,139
bd_shs,61
bd_shs,130
bd_shs,169
bd_shs,13
bd_shs,13
bd_shs,20
bd_shs,8
bd_shs,11
bd_shs,62
bd_shs,17
bd_shs,23
bd_shs,24
bd_shs,73
bd_shs,11
bd_shs,16
bd_shs,26
bd_shs,34
bd_shs,48
bd_shs,18
bd_shs,85
bd_shs,24
bd_shs,40
bd_shs,13
bd_shs,34
bd_shs,115
bd_shs,20
bd_shs,16
bd_shs,15
bd_shs,8
bd_shs,19
bd_shs,93
bd_shs,38
bd_shs,72
bd_shs,35
bd_shs,8
bd_shs,28
bd_shs,247
bd_shs,33
bd_shs,16
bd_shs,26
bd_shs,31
bd_shs,57
bd_shs,29
bd_shs,30
bd_shs,46
bd_shs,9
bd_shs,22
bd_shs,10
bd_shs,44
bd_shs,506
bd_shs,26
bd_shs,79
bd_shs,56
bd_shs,43
bd_shs,32
bd_shs,30
bd_shs,54
bd_shs,12
bd_shs,25
bd_shs,314
bd_shs,89
bd_shs,14
bd_shs,24
bd_shs,103
bd_shs,27
bd_shs,31
bd_shs,22
bd_shs,16
bd_shs,21
bd_shs,87
bd_shs,256
bd_shs,113
bd_shs,68
bd_shs,83
bd_shs,11
bd_shs,74
bd_shs,52
bd_shs,9
bd_shs,25
bd_shs,13
bd_shs,18
bd_shs,46
bd_shs,28
bd_shs,27
bd_shs,43
bd_shs,36
bd_shs,13
bd_shs,48
bd_shs,78
bd_shs,17
bd_shs,27
bd_shs,71
bd_shs,26
bd_shs,90
bd_shs,354
bd_shs,50
bd_shs,24
bd_shs,32
bd_shs,15
bd_shs,5
bd_shs,165
bd_shs,26
bd_shs,18
bd_shs,33
bd_shs,4
bd_shs,57
bd_shs,42
bd_shs,31
bd_shs,31
bd_shs,29
bd_shs,147
bd_shs,42
bd_shs,88
bd_shs,46
bd_shs,12
bd_shs,108
bd_shs,5
bd_shs,51
bd_shs,19
bd_shs,45
bd_shs,18
bd_shs,12
bd_shs,72
bd_shs,34
bd_shs,134
bd_shs,28
bd_shs,17
bd_shs,20
bd_shs,55
bd_shs,27
bd_shs,8
bd_shs,55
bd_shs,6
bd_shs,88
bd_shs,8
bd_shs,49
bd_shs,41
bd_shs,6
bd_shs,28
bd_shs,93
bd_shs,18
bd_shs,13
bd_shs,89
bd_shs,43
bd_shs,15
bd_shs,79
bd_shs,15
bd_shs,39
bd_shs,3
bd_shs,35
bd_shs,25
bd_shs,128
bd_shs,163
bd_shs,78
bd_shs,16
bd_shs,20
bd_shs,9
bd_shs,46
bd_shs,37
bd_shs,25
bd_shs,44
bd_shs,16
bd_shs,20
bd_shs,33
bd_shs,12
bd_shs,52
bd_shs,14
bd_shs,9
bd_shs,20
bd_shs,22
bd_shs,25
bd_shs,12
bd_shs,54
bd_shs,35
bd_shs,17
bd_shs,21
bd_shs,191
bd_shs,6
bd_shs,15
bd_shs,13
bd_shs,243
bd_shs,4
bd_shs,101
bd_shs,208
bd_shs,36
bd_shs,94
bd_shs,27
bd_shs,57
bd_shs,14
bd_shs,27
bd_shs,64
bd_shs,36
bd_shs,46
bd_shs,65
bd_shs,149
bd_shs,21
bd_shs,26
bd_shs,24
bd_shs,20
bd_shs,28
bd_shs,14
bd_shs,24
bd_shs,85
bd_shs,49
bd_shs,31
bd_shs,80
bd_shs,239
bd_shs,28
bd_shs,11
bd_shs,9
bd_shs,51
bd_shs,58
bd_shs,18
bd_shs,67
bd_shs,17
bd_shs,44
bd_shs,16
bd_shs,15
bd_shs,60
bd_shs,39
bd_shs,29
bd_shs,65
bd_shs,29
bd_shs,16
bd_shs,53
bd_shs,37
bd_shs,53
bd_shs,92
bd_shs,29
bd_shs,29
bd_shs,10
bd_shs,60
bd_shs,25
bd_shs,46
bd_shs,27
bd_shs,41
bd_shs,198
bd_shs,35
bd_shs,8
bd_shs,19
bd_shs,125
bd_shs,51
bd_shs,8
bd_shs,13
bd_shs,24
bd_shs,184
bd_shs,25
bd_shs,33
bd_shs,12
bd_shs,40
bd_shs,27
bd_shs,52
bd_shs,24
bd_shs,25
bd_shs,43
bd_shs,31
bd_shs,14
bd_shs,51
bd_shs,51
bd_shs,88
bd_shs,126
bd_shs,28
bd_shs,27
bd_shs,14
bd_shs,75
bd_shs,36
bd_shs,10
bd_shs,24
bd_shs,60
bd_shs,15
bd_shs,62
bd_shs,24
bd_shs,96
bd_shs,72
bd_shs,20
bd_shs,26
bd_shs,71
bd_shs,13
bd_shs,16
bd_shs,27
bd_shs,5
bd_shs,20
bd_shs,118
bd_shs,9
bd_shs,17
bd_shs,15
bd_shs,49
bd_shs,24
bd_shs,7
bd_shs,130
bd_shs,16
bd_shs,69
bd_shs,23
bd_shs,48
bd_shs,120
bd_shs,12
bd_shs,34
bd_shs,7
bd_shs,59
bd_shs,59
bd_shs,12
bd_shs,51
bd_shs,7
bd_shs,23
bd_shs,19
bd_shs,274
bd_shs,17
bd_shs,15
bd_shs,13
bd_shs,27
bd_shs,199
bd_shs,16
bd_shs,48
bd_shs,38
bd_shs,4
bd_shs,10
bd_shs,38
bd_shs,90
bd_shs,18
bd_shs,17
bd_shs,341
bd_shs,19
bd_shs,22
bd_shs,12
bd_shs,92
bd_shs,41
bd_shs,21
bd_shs,16
bd_shs,42
bd_shs,15
bd_shs,18
bd_shs,70
bd_shs,18
bd_shs,19
bd_shs,16
bd_shs,18
bd_shs,12
bd_shs,25
bd_shs,10
bd_shs,7
bd_shs,21
bd_shs,14
bd_shs,11
bd_shs,36
bd_shs,20
bd_shs,97
bd_shs,57
bd_shs,49
bd_shs,21
bd_shs,41
bd_shs,303
bd_shs,10
bd_shs,17
bd_shs,17
bd_shs,39
bd_shs,156
bd_shs,20
bd_shs,5
bd_shs,88
bd_shs,43
bd_shs,70
bd_shs,62
bd_shs,18
bd_shs,79
bd_shs,7
bd_shs,87
bd_shs,19
bd_shs,5
bd_shs,12
bd_shs,20
bd_shs,37
bd_shs,25
bd_shs,20
bd_shs,42
bd_shs,8
bd_shs,23
bd_shs,15
bd_shs,20
bd_shs,204
bd_shs,16
bd_shs,58
bd_shs,19
bd_shs,49
bd_shs,17
bd_shs,9
bd_shs,23
bd_shs,51
bd_shs,66
bd_shs,24
bd_shs,17
bd_shs,130
bd_shs,25
bd_shs,87
bd_shs,35
bd_shs,20
bd_shs,19
bd_shs,25
bd_shs,65
bd_shs,26
bd_shs,75
bd_shs,53
bd_shs,15
bd_shs,166
bd_shs,20
bd_shs,70
bd_shs,17
bd_shs,14
bd_shs,44
bd_shs,65
bd_shs,17
bd_shs,166
bd_shs,37
bd_shs,12
bd_shs,54
bd_shs,17
bd_shs,10
bd_shs,5
bd_shs,24
bd_shs,62
bd_shs,16
bd_shs,38
bd_shs,57
bd_shs,32
bd_shs,26
bd_shs,128
bd_shs,22
bd_shs,201
bd_shs,69
bd_shs,9
bd_shs,168
bd_shs,65
bd_shs,133
bd_shs,158
bd_shs,31
bd_shs,35
bd_shs,16
bd_shs,23
bd_shs,54
bd_shs,26
bd_shs,72
bd_shs,27
bd_shs,34
bd_shs,38
bd_shs,72
bd_shs,4
bd_shs,49
bd_shs,41
bd_shs,78
bd_shs,17
bd_shs,18
bd_shs,15
bd_shs,11
bd_shs,19
bd_shs,41
bd_shs,11
bd_shs,12
bd_shs,19
bd_shs,37
bd_shs,120
bd_shs,48
bd_shs,148
bd_shs,64
bd_shs,33
bd_shs,41
bd_shs,93
bd_shs,20
bd_shs,13
bd_shs,24
bd_shs,16
bd_shs,31
bd_shs,34
bd_shs,32
bd_shs,26
bd_shs,3
bd_shs,234
bd_shs,17
bd_shs,24
bd_shs,10
bd_shs,32
bd_shs,17
bd_shs,132
bd_shs,285
bd_shs,7
bd_shs,30
bd_shs,79
bd_shs,17
bd_shs,32
bd_shs,32
bd_shs,39
bd_shs,45
bd_shs,61
bd_shs,16
bd_shs,22
bd_shs,20
bd_shs,10
bd_shs,22
bd_shs,25
bd_shs,49
bd_shs,12
bd_shs,131
bd_shs,51
bd_shs,30
bd_shs,188
bd_shs,17
bd_shs,16
bd_shs,38
bd_shs,171
bd_shs,61
bd_shs,22
bd_shs,162
bd_shs,35
bd_shs,28
bd_shs,10
bd_shs,31
bd_shs,92
bd_shs,36
bd_shs,13
bd_shs,44
bd_shs,158
bd_shs,18
bd_shs,5
bd_shs,123
bd_shs,100
bd_shs,98
bd_shs,19
bd_shs,7
bd_shs,53
bd_shs,29
bd_shs,21
bd_shs,7
bd_shs,17
bd_shs,12
bd_shs,34
bd_shs,24
bd_shs,7
bd_shs,68
bd_shs,52
bd_shs,88
bd_shs,81
bd_shs,13
bd_shs,24
bd_shs,28
bd_shs,87
bd_shs,45
bd_shs,39
bd_shs,59
bd_shs,19
bd_shs,22
bd_shs,33
bd_shs,76
bd_shs,16
bd_shs,9
bd_shs,39
bd_shs,61
bd_shs,11
bd_shs,63
bd_shs,144
bd_shs,24
bd_shs,12
bd_shs,46
bd_shs,79
bd_shs,46
bd_shs,11
bd_shs,33
bd_shs,41
bd_shs,6
bd_shs,39
bd_shs,22
bd_shs,20
bd_shs,27
bd_shs,16
bd_shs,9
bd_shs,113
bd_shs,38
bd_shs,40
bd_shs,28
bd_shs,23
bd_shs,8
bd_shs,27
bd_shs,22
bd_shs,14
bd_shs,93
bd_shs,14
bd_shs,20
bd_shs,102
bd_shs,53
bd_shs,11
bd_shs,9
bd_shs,101
bd_shs,9
bd_shs,14
bd_shs,26
bd_shs,34
bd_shs,103
bd_shs,44
bd_shs,23
bd_shs,20
bd_shs,45
bd_shs,7
bd_shs,14
bd_shs,12
bd_shs,9
bd_shs,138
bd_shs,100
bd_shs,68
bd_shs,48
bd_shs,16
bd_shs,95
bd_shs,21
bd_shs,38
bd_shs,31
bd_shs,43
bd_shs,178
bd_shs,23
bd_shs,57
bd_shs,68
bd_shs,32
bd_shs,15
bd_shs,26
bd_shs,102
bd_shs,83
bd_shs,23
bd_shs,18
bd_shs,4
bd_shs,79
bd_shs,27
bd_shs,13
bd_shs,23
bd_shs,9
bd_shs,35
bd_shs,30
bd_shs,9
bd_shs,21
bd_shs,20
bd_shs,40
bd_shs,23
bd_shs,166
bd_shs,50
bd_shs,51
bd_shs,11
bd_shs,32
bd_shs,11
bd_shs,16
bd_shs,20
bd_shs,11
bd_shs,48
bd_shs,18
bd_shs,24
bd_shs,25
bd_shs,7
bd_shs,28
bd_shs,16
bd_shs,35
bd_shs,282
bd_shs,9
bd_shs,23
bd_shs,43
bd_shs,119
bd_shs,10
bd_shs,213
bd_shs,63
bd_shs,45
bd_shs,37
bd_shs,23
bd_shs,16
bd_shs,29
bd_shs,72
bd_shs,26
bd_shs,20
bd_shs,19
bd_shs,24
bd_shs,74
bd_shs,210
bd_shs,23
bd_shs,4
bd_shs,56
bd_shs,16
bd_shs,171
bd_shs,18
bd_shs,160
bd_shs,31
bd_shs,48
bd_shs,59
bd_shs,55
bd_shs,86
bd_shs,18
bd_shs,44
bd_shs,68
bd_shs,57
bd_shs,73
bd_shs,69
bd_shs,23
bd_shs,8
bd_shs,115
bd_shs,323
bd_shs,28
bd_shs,16
bd_shs,100
bd_shs,13
bd_shs,17
bd_shs,92
bd_shs,129
bd_shs,12
bd_shs,15
bd_shs,67
bd_shs,37
bd_shs,45
bd_shs,23
bd_shs,15
bd_shs,27
bd_shs,44
bd_shs,15
bd_shs,49
bd_shs,10
bd_shs,16
bd_shs,18
bd_shs,26
bd_shs,62
bd_shs,17
bd_shs,30
bd_shs,19
bd_shs,5
bd_shs,42
bd_shs,6
bd_shs,74
bd_shs,36
bd_shs,35
bd_shs,10
bd_shs,48
bd_shs,33
bd_shs,67
bd_shs,119
bd_shs,22
bd_shs,137
bd_shs,15
bd_shs,52
bd_shs,24
bd_shs,21
bd_shs,20
bd_shs,76
bd_shs,44
bd_shs,51
bd_shs,87
bd_shs,31
bd_shs,7
bd_shs,99
bd_shs,8
bd_shs,21
bd_shs,40
bd_shs,50
bd_shs,35
bd_shs,70
bd_shs,69
bd_shs,9
bd_shs,10
bd_shs,51
bd_shs,21
bd_shs,42
bd_shs,99
bd_shs,7
bd_shs,121
bd_shs,23
bd_shs,10
bd_shs,18
bd_shs,25
bd_shs,60
bd_shs,62
bd_shs,40
bd_shs,30
bd_shs,48
bd_shs,19
bd_shs,17
bd_shs,60
bd_shs,24
bd_shs,12
bd_shs,91
bd_shs,147
bd_shs,29
bd_shs,10
bd_shs,20
bd_shs,25
bd_shs,49
bd_shs,138
bd_shs,8
bd_shs,23
bd_shs,10
bd_shs,43
bd_shs,30
bd_shs,25
bd_shs,43
bd_shs,6
bd_shs,93
bd_shs,23
bd_shs,28
bd_shs,41
bd_shs,45
bd_shs,31
bd_shs,27
bd_shs,16
bd_shs,35
bd_shs,41
bd_shs,29
bd_shs,15
bd_shs,19
bd_shs,20
bd_shs,22
bd_shs,153
bd_shs,207
bd_shs,70
bd_shs,75
bd_shs,89
bd_shs,57
bd_shs,66
bd_shs,14
bd_shs,76
bd_shs,21
bd_shs,72
bd_shs,22
bd_shs,13
bd_shs,20
bd_shs,105
bd_shs,44
bd_shs,51
bd_shs,67
bd_shs,30
bd_shs,4
bd_shs,82
bd_shs,17
bd_shs,11
bd_shs,53
bd_shs,19
bd_shs,23
bd_shs,90
bd_shs,13
bd_shs,11
bd_shs,97
bd_shs,22
bd_shs,29
bd_shs,28
bd_shs,12
bd_shs,20
bd_shs,45
bd_shs,44
bd_shs,39
bd_shs,16
bd_shs,19
bd_shs,28
bd_shs,60
bd_shs,57
bd_shs,51
bd_shs,18
bd_shs,263
bd_shs,59
bd_shs,107
bd_shs,39
bd_shs,52
bd_shs,9
bd_shs,19
bd_shs,20
bd_shs,19
bd_shs,81
bd_shs,38
bd_shs,14
bd_shs,22
bd_shs,17
bd_shs,27
bd_shs,27
bd_shs,95
bd_shs,68
bd_shs,71
bd_shs,23
bd_shs,20
bd_shs,37
bd_shs,18
bd_shs,18
bd_shs,24
bd_shs,38
bd_shs,16
bd_shs,62
bd_shs,49
bd_shs,6
bd_shs,53
bd_shs,28
bd_shs,25
bd_shs,49
bd_shs,14
bd_shs,7
bd_shs,11
bd_shs,33
bd_shs,30
bd_shs,15
bd_shs,64
bd_shs,77
bd_shs,24
bd_shs,20
bd_shs,13
bd_shs,24
bd_shs,21
bd_shs,49
bd_shs,24
bd_shs,15
bd_shs,29
bd_shs,50
bd_shs,34
bd_shs,65
bd_shs,26
bd_shs,9
bd_shs,10
bd_shs,21
bd_shs,27
bd_shs,116
bd_shs,13
bd_shs,29
bd_shs,25
bd_shs,55
bd_shs,113
bd_shs,25
bd_shs,50
bd_shs,124
bd_shs,36
bd_shs,5
bd_shs,15
bd_shs,5
bd_shs,37
bd_shs,48
bd_shs,88
bd_shs,18
bd_shs,11
bd_shs,43
bd_shs,15
bd_shs,8
bd_shs,560
bd_shs,312
bd_shs,14
bd_shs,24
bd_shs,6
bd_shs,52
bd_shs,55
bd_shs,30
bd_shs,42
bd_shs,34
bd_shs,133
bd_shs,32
bd_shs,15
bd_shs,70
bd_shs,25
bd_shs,15
bd_shs,83
bd_shs,7
bd_shs,62
bd_shs,15
bd_shs,141
bd_shs,8
bd_shs,46
bd_shs,23
bd_shs,14
bd_shs,16
bd_shs,31
bd_shs,37
bd_shs,46
bd_shs,34
bd_shs,13
bd_shs,6
bd_shs,16
bd_shs,19
bd_shs,151
bd_shs,27
bd_shs,132
bd_shs,5
bd_shs,72
bd_shs,40
bd_shs,29
bd_shs,25
bd_shs,28
bd_shs,43
bd_shs,17
bd_shs,208
bd_shs,23
bd_shs,48
bd_shs,35
bd_shs,56
bd_shs,45
bd_shs,14
bd_shs,50
bd_shs,5
bd_shs,55
bd_shs,22
bd_shs,12
bd_shs,18
bd_shs,162
bd_shs,187
bd_shs,5
bd_shs,19
bd_shs,43
bd_shs,60
bd_shs,220
bd_shs,31
bd_shs,14
bd_shs,43
bd_shs,42
bd_shs,22
bd_shs,22
bd_shs,30
bd_shs,11
bd_shs,9
bd_shs,34
bd_shs,24
bd_shs,15
bd_shs,38
bd_shs,84
bd_shs,23
bd_shs,30
bd_shs,35
bd_shs,20
bd_shs,43
bd_shs,13
bd_shs,36
bd_shs,240
bd_shs,15
bd_shs,22
bd_shs,28
bd_shs,8
bd_shs,162
bd_shs,22
bd_shs,36
bd_shs,24
bd_shs,41
bd_shs,219
bd_shs,138
bd_shs,23
bd_shs,33
bd_shs,103
bd_shs,14
bd_shs,47
bd_shs,41
bd_shs,31
bd_shs,13
bd_shs,32
bd_shs,24
bd_shs,9
bd_shs,69
bd_shs,28
bd_shs,17
bd_shs,128
bd_shs,17
bd_shs,66
bd_shs,21
bd_shs,113
bd_shs,69
bd_shs,9
bd_shs,31
bd_shs,547
bd_shs,21
bd_shs,20
bd_shs,19
bd_shs,30
bd_shs,71
bd_shs,11
bd_shs,27
bd_shs,16
bd_shs,61
bd_shs,16
bd_shs,50
bd_shs,42
bd_shs,10
bd_shs,49
bd_shs,19
bd_shs,57
bd_shs,45
bd_shs,62
bd_shs,111
bd_shs,32
bd_shs,120
bd_shs,21
bd_shs,52
bd_shs,77
bd_shs,20
bd_shs,10
bd_shs,49
bd_shs,35
bd_shs,17
bd_shs,52
bd_shs,60
bd_shs,215
bd_shs,16
bd_shs,31
bd_shs,32
bd_shs,98
bd_shs,16
bd_shs,55
bd_shs,16
bd_shs,11
bd_shs,51
bd_shs,16
bd_shs,138
bd_shs,46
bd_shs,8
bd_shs,27
bd_shs,21
bd_shs,155
bd_shs,28
bd_shs,33
bd_shs,18
bd_shs,14
bd_shs,26
bd_shs,100
bd_shs,23
bd_shs,19
bd_shs,11
bd_shs,28
bd_shs,145
bd_shs,25
bd_shs,38
bd_shs,9
bd_shs,79
bd_shs,54
bd_shs,62
bd_shs,84
bd_shs,29
bd_shs,6
bd_shs,11
bd_shs,233
bd_shs,46
bd_shs,40
bd_shs,17
bd_shs,40
bd_shs,16
bd_shs,275
bd_shs,10
bd_shs,59
bd_shs,16
bd_shs,25
bd_shs,9
bd_shs,17
bd_shs,76
bd_shs,95
bd_shs,16
bd_shs,9
bd_shs,15
bd_shs,21
bd_shs,38
bd_shs,41
bd_shs,26
bd_shs,28
bd_shs,72
bd_shs,11
bd_shs,90
bd_shs,66
bd_shs,46
bd_shs,56
bd_shs,34
bd_shs,30
bd_shs,19
bd_shs,14
bd_shs,10
bd_shs,57
bd_shs,106
bd_shs,13
bd_shs,23
bd_shs,16
bd_shs,24
bd_shs,7
bd_shs,53
bd_shs,206
bd_shs,33
bd_shs,38
bd_shs,20
bd_shs,25
bd_shs,17
bd_shs,16
bd_shs,52
bd_shs,12
bd_shs,24
bd_shs,9
bd_shs,29
bd_shs,41
bd_shs,15
bd_shs,20
bd_shs,19
bd_shs,13
bd_shs,21
bd_shs,63
bd_shs,32
bd_shs,34
bd_shs,8
bd_shs,18
bd_shs,88
bd_shs,107
bd_shs,18
bd_shs,32
bd_shs,18
bd_shs,14
bd_shs,66
bd_shs,10
bd_shs,21
bd_shs,112
bd_shs,17
bd_shs,63
bd_shs,76
bd_shs,9
bd_shs,92
bd_shs,11
bd_shs,108
bd_shs,21
bd_shs,13
bd_shs,58
bd_shs,37
bd_shs,27
bd_shs,38
bd_shs,74
bd_shs,26
bd_shs,18
bd_shs,91
bd_shs,150
bd_shs,22
bd_shs,58
bd_shs,32
bd_shs,182
bd_shs,47
bd_shs,28
bd_shs,17
bd_shs,244
bd_shs,21
bd_shs,8
bd_shs,24
bd_shs,30
bd_shs,73
bd_shs,26
bd_shs,27
bd_shs,13
bd_shs,206
bd_shs,10
bd_shs,58
bd_shs,24
bd_shs,12
bd_shs,6
bd_shs,42
bd_shs,14
bd_shs,67
bd_shs,26
bd_shs,10
bd_shs,15
bd_shs,14
bd_shs,5
bd_shs,15
bd_shs,5
bd_shs,10
bd_shs,278
bd_shs,40
bd_shs,14
bd_shs,25
bd_shs,61
bd_shs,22
bd_shs,12
bd_shs,58
bd_shs,20
bd_shs,32
bd_shs,16
bd_shs,30
bd_shs,21
bd_shs,21
bd_shs,82
bd_shs,29
bd_shs,75
bd_shs,46
bd_shs,58
bd_shs,9
bd_shs,68
bd_shs,16
bd_shs,23
bd_shs,18
bd_shs,18
bd_shs,99
bd_shs,118
bd_shs,32
bd_shs,135
bd_shs,39
bd_shs,15
bd_shs,99
bd_shs,216
bd_shs,18
bd_shs,34
bd_shs,22
bd_shs,16
bd_shs,79
bd_shs,25
bd_shs,23
bd_shs,73
bd_shs,60
bd_shs,59
bd_shs,75
bd_shs,20
bd_shs,7
bd_shs,137
bd_shs,221
bd_shs,20
bd_shs,41
bd_shs,82
bd_shs,73
bd_shs,24
bd_shs,17
bd_shs,47
bd_shs,37
bd_shs,37
bd_shs,17
bd_shs,17
bd_shs,39
bd_shs,210
bd_shs,87
bd_shs,413
bd_shs,7
bd_shs,107
bd_shs,25
bd_shs,46
bd_shs,24
bd_shs,41
bd_shs,16
bd_shs,23
bd_shs,23
bd_shs,36
bd_shs,31
bd_shs,30
bd_shs,8
bd_shs,21
bd_shs,46
bd_shs,20
bd_shs,16
bd_shs,22
bd_shs,64
bd_shs,24
bd_shs,92
bd_shs,17
bd_shs,52
bd_shs,58
bd_shs,58
bd_shs,27
bd_shs,26
bd_shs,27
bd_shs,15
bd_shs,7
bd_shs,39
bd_shs,120
bd_shs,44
bd_shs,41
bd_shs,76
bd_shs,16
bd_shs,31
bd_shs,30
bd_shs,7
bd_shs,18
bd_shs,19
bd_shs,28
bd_shs,42
bd_shs,16
bd_shs,20
bd_shs,52
bd_shs,14
bd_shs,31
bd_shs,99
bd_shs,20
bd_shs,125
bd_shs,9
bd_shs,5
bd_shs,38
bd_shs,15
bd_shs,79
bd_shs,37
bd_shs,144
bd_shs,35
bd_shs,31
bd_shs,60
bd_shs,47
bd_shs,57
bd_shs,16
bd_shs,5
bd_shs,28
bd_shs,29
bd_shs,36
bd_shs,14
bd_shs,24
bd_shs,17
bd_shs,92
bd_shs,9
bd_shs,19
bd_shs,30
bd_shs,53
bd_shs,17
bd_shs,25
bd_shs,67
bd_shs,23
bd_shs,62
bd_shs,29
bd_shs,14
bd_shs,51
bd_shs,18
bd_shs,27
bd_shs,126
bd_shs,7
bd_shs,33
bd_shs,132
bd_shs,29
bd_shs,26
bd_shs,15
bd_shs,47
bd_shs,28
bd_shs,8
bd_shs,58
bd_shs,53
bd_shs,762
bd_shs,12
bd_shs,64
bd_shs,18
bd_shs,5
bd_shs,8
bd_shs,15
bd_shs,13
bd_shs,34
bd_shs,16
bd_shs,10
bd_shs,35
bd_shs,26
bd_shs,10
bd_shs,44
bd_shs,41
bd_shs,43
bd_shs,16
bd_shs,116
bd_shs,13
bd_shs,41
bd_shs,67
bd_shs,96
bd_shs,100
bd_shs,40
bd_shs,22
bd_shs,8
bd_shs,19
bd_shs,24
bd_shs,36
bd_shs,11
bd_shs,31
bd_shs,47
bd_shs,696
bd_shs,12
bd_shs,13
bd_shs,75
bd_shs,15
bd_shs,97
bd_shs,67
bd_shs,27
bd_shs,50
bd_shs,6
bd_shs,44
bd_shs,31
bd_shs,44
bd_shs,24
bd_shs,27
bd_shs,59
bd_shs,38
bd_shs,22
bd_shs,231
bd_shs,9
bd_shs,35
bd_shs,62
bd_shs,19
bd_shs,55
bd_shs,96
bd_shs,32
bd_shs,16
bd_shs,31
bd_shs,18
bd_shs,5
bd_shs,18
bd_shs,585
bd_shs,27
bd_shs,27
bd_shs,25
bd_shs,31
bd_shs,109
bd_shs,28
bd_shs,80
bd_shs,7
bd_shs,61
bd_shs,56
bd_shs,36
bd_shs,15
bd_shs,42
bd_shs,93
bd_shs,11
bd_shs,8
bd_shs,49
bd_shs,8
bd_shs,9
bd_shs,13
bd_shs,119
bd_shs,20
bd_shs,19
bd_shs,42
bd_shs,19
bd_shs,38
bd_shs,91
bd_shs,14
bd_shs,78
bd_shs,111
bd_shs,33
bd_shs,133
bd_shs,15
bd_shs,16
bd_shs,34
bd_shs,19
bd_shs,54
bd_shs,75
bd_shs,52
bd_shs,103
bd_shs,99
bd_shs,16
bd_shs,15
bd_shs,21
bd_shs,8
bd_shs,18
bd_shs,11
bd_shs,40
bd_shs,52
bd_shs,35
bd_shs,26
bd_shs,100
bd_shs,41
bd_shs,61
bd_shs,32
bd_shs,44
bd_shs,35
bd_shs,56
bd_shs,22
bd_shs,19
bd_shs,154
bd_shs,76
bd_shs,10
bd_shs,48
bd_shs,35
bd_shs,5
bd_shs,34
bd_shs,28
bd_shs,10
bd_shs,134
bd_shs,19
bd_shs,36
bd_shs,28
bd_shs,210
bd_shs,384
bd_shs,139
bd_shs,16
bd_shs,47
bd_shs,53
bd_shs,55
bd_shs,42
bd_shs,38
bd_shs,19
bd_shs,40
bd_shs,50
bd_shs,29
bd_shs,18
bd_shs,14
bd_shs,156
bd_shs,9
bd_shs,50
bd_shs,38
bd_shs,124
bd_shs,110
bd_shs,23
bd_shs,9
bd_shs,91
bd_shs,24
bd_shs,23
bd_shs,14
bd_shs,41
bd_shs,24
bd_shs,246
bd_shs,49
bd_shs,15
bd_shs,79
bd_shs,36
bd_shs,13
bd_shs,19
bd_shs,16
bd_shs,19
bd_shs,48
bd_shs,27
bd_shs,137
bd_shs,20
bd_shs,58
bd_shs,181
bd_shs,37
bd_shs,12
bd_shs,22
bd_shs,65
bd_shs,19
bd_shs,34
bd_shs,14
bd_shs,53
bd_shs,22
bd_shs,12
bd_shs,24
bd_shs,91
bd_shs,57
bd_shs,78
bd_shs,42
bd_shs,25
bd_shs,12
bd_shs,14
bd_shs,22
bd_shs,9
bd_shs,26
bd_shs,15
bd_shs,32
bd_shs,56
bd_shs,36
bd_shs,55
bd_shs,71
bd_shs,24
bd_shs,39
bd_shs,22
bd_shs,65
bd_shs,392
bd_shs,52
bd_shs,8
bd_shs,26
bd_shs,74
bd_shs,33
bd_shs,91
bd_shs,102
bd_shs,24
bd_shs,79
bd_shs,20
bd_shs,15
bd_shs,12
bd_shs,226
bd_shs,59
bd_shs,53
bd_shs,17
bd_shs,9
bd_shs,15
bd_shs,6
bd_shs,13
bd_shs,132
bd_shs,27
bd_shs,73
bd_shs,9
bd_shs,43
bd_shs,115
bd_shs,58
bd_shs,15
bd_shs,67
bd_shs,84
bd_shs,18
bd_shs,32
bd_shs,21
bd_shs,37
bd_shs,11
bd_shs,13
bd_shs,31
bd_shs,72
bd_shs,11
bd_shs,33
bd_shs,12
bd_shs,26
bd_shs,14
bd_shs,25
bd_shs,22
bd_shs,43
bd_shs,170
bd_shs,23
bd_shs,57
bd_shs,8
bd_shs,23
bd_shs,111
bd_shs,49
bd_shs,21
bd_shs,22
bd_shs,5
bd_shs,37
bd_shs,38
bd_shs,24
bd_shs,25
bd_shs,73
bd_shs,40
bd_shs,17
bd_shs,7
bd_shs,287
bd_shs,30
bd_shs,68
bd_shs,52
bd_shs,29
bd_shs,19
bd_shs,10
bd_shs,31
bd_shs,78
bd_shs,32
bd_shs,15
bd_shs,9
bd_shs,18
bd_shs,21
bd_shs,46
bd_shs,30
bd_shs,29
bd_shs,52
bd_shs,19
bd_shs,47
bd_shs,292
bd_shs,20
bd_shs,32
bd_shs,30
bd_shs,25
bd_shs,21
bd_shs,22
bd_shs,11
bd_shs,24
bd_shs,58
bd_shs,58
bd_shs,66
bd_shs,14
bd_shs,17
bd_shs,13
bd_shs,40
bd_shs,33
bd_shs,42
bd_shs,3
bd_shs,22
bd_shs,40
bd_shs,28
bd_shs,13
bd_shs,16
bd_shs,78
bd_shs,12
bd_shs,21
bd_shs,252
bd_shs,19
bd_shs,37
bd_shs,23
bd_shs,12
bd_shs,31
bd_shs,21
bd_shs,29
bd_shs,54
bd_shs,10
bd_shs,22
bd_shs,84
bd_shs,251
bd_shs,53
bd_shs,11
bd_shs,93
bd_shs,19
bd_shs,44
bd_shs,33
bd_shs,47
bd_shs,22
bd_shs,51
bd_shs,78
bd_shs,2097
bd_shs,16
bd_shs,175
bd_shs,23
bd_shs,3
bd_shs,14
bd_shs,21
bd_shs,28
bd_shs,22
bd_shs,131
bd_shs,35
bd_shs,18
bd_shs,32
bd_shs,31
bd_shs,16
bd_shs,16
bd_shs,12
bd_shs,102
bd_shs,13
bd_shs,38
bd_shs,44
bd_shs,35
bd_shs,54
bd_shs,35
bd_shs,13
bd_shs,18
bd_shs,31
bd_shs,14
bd_shs,13
bd_shs,14
bd_shs,34
bd_shs,23
bd_shs,13
bd_shs,36
bd_shs,57
bd_shs,40
bd_shs,29
bd_shs,75
bd_shs,1194
bd_shs,48
bd_shs,47
bd_shs,37
bd_shs,86
bd_shs,57
bd_shs,41
bd_shs,32
bd_shs,25
bd_shs,24
bd_shs,17
bd_shs,15
bd_shs,61
bd_shs,35
bd_shs,89
bd_shs,52
bd_shs,31
bd_shs,30
bd_shs,16
bd_shs,38
bd_shs,100
bd_shs,97
bd_shs,34
bd_shs,14
bd_shs,60
bd_shs,29
bd_shs,41
bd_shs,34
bd_shs,67
bd_shs,279
bd_shs,11
bd_shs,48
bd_shs,49
bd_shs,28
bd_shs,33
bd_shs,40
bd_shs,25
bd_shs,32
bd_shs,20
bd_shs,10
bd_shs,44
bd_shs,100
bd_shs,7
bd_shs,23
bd_shs,18
bd_shs,68
bd_shs,19
bd_shs,14
bd_shs,40
bd_shs,61
bd_shs,68
bd_shs,17
bd_shs,24
bd_shs,110
bd_shs,27
bd_shs,85
bd_shs,19
bd_shs,38
bd_shs,11
bd_shs,10
bd_shs,16
bd_shs,20
bd_shs,35
bd_shs,52
bd_shs,13
bd_shs,126
bd_shs,15
bd_shs,24
bd_shs,153
bd_shs,21
bd_shs,13
bd_shs,33
bd_shs,11
bd_shs,42
bd_shs,6
bd_shs,36
bd_shs,19
bd_shs,135
bd_shs,45
bd_shs,16
bd_shs,25
bd_shs,64
bd_shs,38
bd_shs,45
bd_shs,44
bd_shs,54
bd_shs,65
bd_shs,16
bd_shs,22
bd_shs,18
bd_shs,21
bd_shs,50
bd_shs,63
bd_shs,55
bd_shs,30
bd_shs,29
bd_shs,34
bd_shs,78
bd_shs,8
bd_shs,33
bd_shs,30
bd_shs,31
bd_shs,15
bd_shs,34
bd_shs,54
bd_shs,26
bd_shs,46
bd_shs,27
bd_shs,76
bd_shs,9
bd_shs,22
bd_shs,27
bd_shs,10
bd_shs,13
bd_shs,131
bd_shs,20
bd_shs,52
bd_shs,38
bd_shs,78
bd_shs,91
bd_shs,70
bd_shs,10
bd_shs,18
bd_shs,43
bd_shs,16
bd_shs,43
bd_shs,45
bd_shs,27
bd_shs,12
bd_shs,30
bd_shs,18
bd_shs,84
bd_shs,31
bd_shs,81
bd_shs,8
bd_shs,70
bd_shs,19
bd_shs,64
bd_shs,72
bd_shs,105
bd_shs,103
bd_shs,79
bd_shs,39
bd_shs,16
bd_shs,25
bd_shs,22
bd_shs,35
bd_shs,31
bd_shs,96
bd_shs,86
bd_shs,52
bd_shs,56
bd_shs,44
bd_shs,65
bd_shs,12
bd_shs,8
bd_shs,33
bd_shs,22
bd_shs,29
bd_shs,59
bd_shs,35
bd_shs,653
bd_shs,68
bd_shs,5
bd_shs,68
bd_shs,13
bd_shs,14
bd_shs,15
bd_shs,38
bd_shs,45
bd_shs,21
bd_shs,16
bd_shs,27
bd_shs,20
bd_shs,24
bd_shs,40
bd_shs,15
bd_shs,33
bd_shs,22
bd_shs,25
bd_shs,38
bd_shs,206
bd_shs,30
bd_shs,254
bd_shs,42
bd_shs,18
bd_shs,15
bd_shs,55
bd_shs,6
bd_shs,119
bd_shs,29
bd_shs,431
bd_shs,51
bd_shs,22
bd_shs,116
bd_shs,71
bd_shs,102
bd_shs,23
bd_shs,6
bd_shs,14
bd_shs,37
bd_shs,77
bd_shs,17
bd_shs,26
bd_shs,57
bd_shs,82
bd_shs,28
bd_shs,41
bd_shs,13
bd_shs,95
bd_shs,27
bd_shs,17
bd_shs,12
bd_shs,39
bd_shs,59
bd_shs,23
bd_shs,8
bd_shs,33
bd_shs,20
bd_shs,45
bd_shs,16
bd_shs,14
bd_shs,7
bd_shs,47
bd_shs,62
bd_shs,24
bd_shs,10
bd_shs,42
bd_shs,10
bd_shs,35
bd_shs,9
bd_shs,16
bd_shs,15
bd_shs,46
bd_shs,64
bd_shs,18
bd_shs,49
bd_shs,65
bd_shs,27
bd_shs,16
bd_shs,112
bd_shs,62
bd_shs,55
bd_shs,38
bd_shs,546
bd_shs,28
bd_shs,26
bd_shs,16
bd_shs,103
bd_shs,8
bd_shs,14
bd_shs,57
bd_shs,95
bd_shs,18
bd_shs,84
bd_shs,5
bd_shs,28
bd_shs,59
bd_shs,58
bd_shs,14
bd_shs,21
bd_shs,17
bd_shs,64
bd_shs,45
bd_shs,12
bd_shs,42
bd_shs,12
bd_shs,9
bd_shs,11
bd_shs,4
bd_shs,11
bd_shs,74
bd_shs,33
bd_shs,44
bd_shs,94
bd_shs,94
bd_shs,108
bd_shs,24
bd_shs,15
bd_shs,61
bd_shs,31
bd_shs,35
bd_shs,15
bd_shs,9
bd_shs,62
bd_shs,41
bd_shs,40
bd_shs,48
bd_shs,34
bd_shs,24
bd_shs,21
bd_shs,28
bd_shs,75
bd_shs,8
bd_shs,29
bd_shs,11
bd_shs,72
bd_shs,187
bd_shs,9
bd_shs,25
bd_shs,12
bd_shs,12
bd_shs,23
bd_shs,27
bd_shs,65
bd_shs,127
bd_shs,50
bd_shs,25
bd_shs,16
bd_shs,27
bd_shs,15
bd_shs,62
bd_shs,11
bd_shs,5
bd_shs,66
bd_shs,25
bd_shs,35
bd_shs,132
bd_shs,54
bd_shs,15
bd_shs,38
bd_shs,131
bd_shs,76
bd_shs,48
bd_shs,69
bd_shs,47
bd_shs,16
bd_shs,277
bd_shs,56
bd_shs,75
bd_shs,38
bd_shs,108
bd_shs,24
bd_shs,12
bd_shs,25
bd_shs,17
bd_shs,8
bd_shs,13
bd_shs,27
bd_shs,12
bd_shs,52
bd_shs,15
bd_shs,215
bd_shs,20
bd_shs,6
bd_shs,13
bd_shs,43
bd_shs,20
bd_shs,19
bd_shs,59
bd_shs,122
bd_shs,16
bd_shs,12
bd_shs,21
bd_shs,30
bd_shs,23
bd_shs,66
bd_shs,33
bd_shs,47
bd_shs,211
bd_shs,46
bd_shs,151
bd_shs,105
bd_shs,22
bd_shs,15
bd_shs,34
bd_shs,38
bd_shs,10
bd_shs,83
bd_shs,22
bd_shs,14
bd_shs,17
bd_shs,69
bd_shs,55
bd_shs,28
bd_shs,21
bd_shs,43
bd_shs,27
bd_shs,21
bd_shs,35
bd_shs,40
bd_shs,82
bd_shs,21
bd_shs,74
bd_shs,125
bd_shs,26
bd_shs,21
bd_shs,55
bd_shs,11
bd_shs,86
bd_shs,74
bd_shs,30
bd_shs,200
bd_shs,29
bd_shs,31
bd_shs,56
bd_shs,50
bd_shs,8
bd_shs,12
bd_shs,48
bd_shs,37
bd_shs,54
bd_shs,40
bd_shs,27
bd_shs,25
bd_shs,38
bd_shs,19
bd_shs,20
bd_shs,59
bd_shs,21
bd_shs,36
bd_shs,76
bd_shs,14
bd_shs,20
bd_shs,28
bd_shs,8
bd_shs,18
bd_shs,12
bd_shs,60
bd_shs,90
bd_shs,21
bd_shs,57
bd_shs,33
bd_shs,26
bd_shs,27
bd_shs,9
bd_shs,79
bd_shs,41
bd_shs,57
bd_shs,6
bd_shs,13
bd_shs,110
bd_shs,11
bd_shs,152
bd_shs,39
bd_shs,35
bd_shs,83
bd_shs,37
bd_shs,167
bd_shs,102
bd_shs,25
bd_shs,21
bd_shs,51
bd_shs,12
bd_shs,12
bd_shs,28
bd_shs,89
bd_shs,15
bd_shs,47
bd_shs,24
bd_shs,44
bd_shs,82
bd_shs,24
bd_shs,19
bd_shs,13
bd_shs,13
bd_shs,53
bd_shs,29
bd_shs,106
bd_shs,28
bd_shs,23
bd_shs,19
bd_shs,54
bd_shs,26
bd_shs,4
bd_shs,13
bd_shs,73
bd_shs,31
bd_shs,18
bd_shs,211
bd_shs,10
bd_shs,78
bd_shs,66
bd_shs,31
bd_shs,13
bd_shs,11
bd_shs,3
bd_shs,49
bd_shs,47
bd_shs,47
bd_shs,24
bd_shs,37
bd_shs,37
bd_shs,38
bd_shs,19
bd_shs,34
bd_shs,100
bd_shs,173
bd_shs,39
bd_shs,75
bd_shs,10
bd_shs,47
bd_shs,33
bd_shs,56
bd_shs,18
bd_shs,85
bd_shs,52
bd_shs,11
bd_shs,7
bd_shs,45
bd_shs,67
bd_shs,33
bd_shs,9
bd_shs,107
bd_shs,28
bd_shs,27
bd_shs,15
bd_shs,59
bd_shs,73
bd_shs,62
bd_shs,22
bd_shs,23
bd_shs,19
bd_shs,18
bd_shs,79
bd_shs,58
bd_shs,56
bd_shs,16
bd_shs,54
bd_shs,40
bd_shs,17
bd_shs,31
bd_shs,358
bd_shs,34
bd_shs,36
bd_shs,27
bd_shs,58
bd_shs,11
bd_shs,20
bd_shs,67
bd_shs,11
bd_shs,51
bd_shs,30
bd_shs,20
bd_shs,22
bd_shs,25
bd_shs,57
bd_shs,14
bd_shs,109
bd_shs,22
bd_shs,74
bd_shs,11
bd_shs,6
bd_shs,39
bd_shs,28
bd_shs,19
bd_shs,30
bd_shs,20
bd_shs,38
bd_shs,20
bd_shs,43
bd_shs,62
bd_shs,32
bd_shs,28
bd_shs,29
bd_shs,30
bd_shs,27
bd_shs,86
bd_shs,19
bd_shs,20
bd_shs,51
bd_shs,22
bd_shs,25
bd_shs,47
bd_shs,12
bd_shs,68
bd_shs,38
bd_shs,26
bd_shs,13
bd_shs,119
bd_shs,31
bd_shs,26
bd_shs,37
bd_shs,55
bd_shs,23
bd_shs,68
bd_shs,215
bd_shs,11
bd_shs,46
bd_shs,39
bd_shs,54
bd_shs,12
bd_shs,127
bd_shs,10
bd_shs,268
bd_shs,25
bd_shs,32
bd_shs,91
bd_shs,152
bd_shs,12
bd_shs,26
bd_shs,29
bd_shs,55
bd_shs,44
bd_shs,49
bd_shs,15
bd_shs,23
bd_shs,73
bd_shs,14
bd_shs,8
bd_shs,44
bd_shs,25
bd_shs,25
bd_shs,223
bd_shs,9
bd_shs,48
bd_shs,12
bd_shs,326
bd_shs,9
bd_shs,9
bd_shs,20
bd_shs,52
bd_shs,19
bd_shs,38
bd_shs,20
bd_shs,33
bd_shs,22
bd_shs,40
bd_shs,76
bd_shs,13
bd_shs,53
bd_shs,24
bd_shs,13
bd_shs,61
bd_shs,82
bd_shs,18
bd_shs,19
bd_shs,10
bd_shs,60
bd_shs,307
bd_shs,19
bd_shs,181
bd_shs,73
bd_shs,9
bd_shs,143
bd_shs,40
bd_shs,102
bd_shs,6
bd_shs,279
bd_shs,40
bd_shs,25
bd_shs,16
bd_shs,27
bd_shs,35
bd_shs,17
bd_shs,14
bd_shs,8
bd_shs,35
bd_shs,18
bd_shs,13
bd_shs,10
bd_shs,20
bd_shs,27
bd_shs,37
bd_shs,88
bd_shs,14
bd_shs,26
bd_shs,13
bd_shs,58
bd_shs,42
bd_shs,149
bd_shs,28
bd_shs,23
bd_shs,5
bd_shs,14
bd_shs,52
bd_shs,29
bd_shs,73
bd_shs,266
bd_shs,28
bd_shs,44
bd_shs,27
bd_shs,23
bd_shs,58
bd_shs,41
bd_shs,55
bd_shs,35
bd_shs,29
bd_shs,43
bd_shs,49
bd_shs,42
bd_shs,37
bd_shs,9
bd_shs,20
bd_shs,37
bd_shs,51
bd_shs,24
bd_shs,66
bd_shs,135
bd_shs,25
bd_shs,24
bd_shs,35
bd_shs,27
bd_shs,10
bd_shs,17
bd_shs,59
bd_shs,166
bd_shs,21
bd_shs,29
bd_shs,202
bd_shs,20
bd_shs,12
bd_shs,35
bd_shs,62
bd_shs,37
bd_shs,23
bd_shs,57
bd_shs,21
bd_shs,44
bd_shs,8
bd_shs,97
bd_shs,65
bd_shs,64
bd_shs,35
bd_shs,27
bd_shs,90
bd_shs,32
bd_shs,62
bd_shs,32
bd_shs,25
bd_shs,25
bd_shs,17
bd_shs,75
bd_shs,35
bd_shs,14
bd_shs,45
bd_shs,35
bd_shs,32
bd_shs,21
bd_shs,185
bd_shs,77
bd_shs,22
bd_shs,21
bd_shs,10
bd_shs,99
bd_shs,22
bd_shs,21
bd_shs,518
bd_shs,108
bd_shs,52
bd_shs,5
bd_shs,27
bd_shs,30
bd_shs,24
bd_shs,27
bd_shs,50
bd_shs,113
bd_shs,75
bd_shs,13
bd_shs,13
bd_shs,76
bd_shs,16
bd_shs,19
bd_shs,41
bd_shs,43
bd_shs,39
bd_shs,65
bd_shs,25
bd_shs,142
bd_shs,75
bd_shs,98
bd_shs,75
bd_shs,46
bd_shs,16
bd_shs,34
bd_shs,28
bd_shs,21
bd_shs,36
bd_shs,103
bd_shs,10
bd_shs,20
bd_shs,27
bd_shs,16
bd_shs,20
bd_shs,142
bd_shs,38
bd_shs,41
bd_shs,23
bd_shs,58
bd_shs,32
bd_shs,55
bd_shs,22
bd_shs,138
bd_shs,11
bd_shs,31
bd_shs,182
bd_shs,22
bd_shs,27
bd_shs,20
bd_shs,54
bd_shs,26
bd_shs,21
bd_shs,39
bd_shs,20
bd_shs,132
bd_shs,6
bd_shs,184
bd_shs,38
bd_shs,35
bd_shs,45
bd_shs,24
bd_shs,34
bd_shs,95
bd_shs,68
bd_shs,19
bd_shs,15
bd_shs,16
bd_shs,67
bd_shs,51
bd_shs,19
bd_shs,190
bd_shs,111
bd_shs,153
bd_shs,13
bd_shs,18
bd_shs,42
bd_shs,94
bd_shs,22
bd_shs,20
bd_shs,45
bd_shs,43
bd_shs,53
bd_shs,45
bd_shs,606
bd_shs,9
bd_shs,44
bd_shs,9
bd_shs,24
bd_shs,10
bd_shs,207
bd_shs,19
bd_shs,8
bd_shs,4
bd_shs,43
bd_shs,227
bd_shs,166
bd_shs,22
bd_shs,12
bd_shs,63
bd_shs,28
bd_shs,16
bd_shs,78
bd_shs,19
bd_shs,22
bd_shs,10
bd_shs,179
bd_shs,24
bd_shs,41
bd_shs,35
bd_shs,20
bd_shs,49
bd_shs,13
bd_shs,6
bd_shs,32
bd_shs,32
bd_shs,51
bd_shs,20
bd_shs,86
bd_shs,19
bd_shs,62
bd_shs,63
bd_shs,21
bd_shs,24
bd_shs,29
bd_shs,29
bd_shs,22
bd_shs,39
bd_shs,48
bd_shs,25
bd_shs,7
bd_shs,21
bd_shs,50
bd_shs,36
bd_shs,35
bd_shs,343
bd_shs,73
bd_shs,54
bd_shs,25
bd_shs,26
bd_shs,141
bd_shs,57
bd_shs,26
bd_shs,67
bd_shs,66
bd_shs,75
bd_shs,26
bd_shs,19
bd_shs,22
bd_shs,44
bd_shs,263
bd_shs,38
bd_shs,47
bd_shs,146
bd_shs,20
bd_shs,50
bd_shs,20
bd_shs,31
bd_shs,38
bd_shs,36
bd_shs,15
bd_shs,447
bd_shs,150
bd_shs,9
bd_shs,39
bd_shs,59
bd_shs,10
bd_shs,23
bd_shs,9
bd_shs,9
bd_shs,32
bd_shs,32
bd_shs,139
bd_shs,32
bd_shs,13
bd_shs,122
bd_shs,8
bd_shs,17
bd_shs,10
bd_shs,43
bd_shs,136
bd_shs,12
bd_shs,40
bd_shs,73
bd_shs,12
bd_shs,55
bd_shs,9
bd_shs,14
bd_shs,65
bd_shs,23
bd_shs,24
bd_shs,18
bd_shs,37
bd_shs,18
bd_shs,58
bd_shs,13
bd_shs,42
bd_shs,53
bd_shs,10
bd_shs,58
bd_shs,8
bd_shs,23
bd_shs,53
bd_shs,31
bd_shs,41
bd_shs,41
bd_shs,21
bd_shs,16
bd_shs,23
bd_shs,34
bd_shs,30
bd_shs,48
bd_shs,10
bd_shs,87
bd_shs,7
bd_shs,64
bd_shs,36
bd_shs,31
bd_shs,50
bd_shs,14
bd_shs,15
bd_shs,18
bd_shs,28
bd_shs,42
bd_shs,25
bd_shs,29
bd_shs,161
bd_shs,33
bd_shs,70
bd_shs,22
bd_shs,14
bd_shs,9
bd_shs,17
bd_shs,17
bd_shs,10
bd_shs,81
bd_shs,6
bd_shs,21
bd_shs,8
bd_shs,8
bd_shs,106
bd_shs,48
bd_shs,21
bd_shs,16
bd_shs,27
bd_shs,20
bd_shs,15
bd_shs,35
bd_shs,11
bd_shs,140
bd_shs,39
bd_shs,106
bd_shs,11
bd_shs,26
bd_shs,22
bd_shs,14
bd_shs,45
bd_shs,10
bd_shs,81
bd_shs,82
bd_shs,29
bd_shs,13
bd_shs,154
bd_shs,9
bd_shs,36
bd_shs,46
bd_shs,22
bd_shs,23
bd_shs,48
bd_shs,10
bd_shs,3
bd_shs,63
bd_shs,14
bd_shs,10
bd_shs,34
bd_shs,19
bd_shs,98
bd_shs,62
bd_shs,17
bd_shs,44
bd_shs,45
bd_shs,31
bd_shs,11
bd_shs,183
bd_shs,86
bd_shs,19
bd_shs,45
bd_shs,8
bd_shs,36
bd_shs,21
bd_shs,18
bd_shs,66
bd_shs,97
bd_shs,32
bd_shs,23
bd_shs,39
bd_shs,29
bd_shs,13
bd_shs,60
bd_shs,76
bd_shs,135
bd_shs,30
bd_shs,8
bd_shs,32
bd_shs,12
bd_shs,29
bd_shs,54
bd_shs,49
bd_shs,18
bd_shs,188
bd_shs,26
bd_shs,22
bd_shs,157
bd_shs,135
bd_shs,8
bd_shs,21
bd_shs,12
bd_shs,11
bd_shs,22
bd_shs,72
bd_shs,84
bd_shs,11
bd_shs,18
bd_shs,52
bd_shs,22
bd_shs,19
bd_shs,9
bd_shs,32
bd_shs,8
bd_shs,27
bd_shs,18
bd_shs,15
bd_shs,36
bd_shs,58
bd_shs,6
bd_shs,5
bd_shs,21
bd_shs,34
bd_shs,24
bd_shs,26
bd_shs,18
bd_shs,12
bd_shs,74
bd_shs,38
bd_shs,88
bd_shs,16
bd_shs,43
bd_shs,117
bd_shs,17
bd_shs,10
bd_shs,24
bd_shs,16
bd_shs,5
bd_shs,13
bd_shs,21
bd_shs,121
bd_shs,41
bd_shs,284
bd_shs,24
bd_shs,160
bd_shs,27
bd_shs,16
bd_shs,24
bd_shs,60
bd_shs,108
bd_shs,21
bd_shs,95
bd_shs,31
bd_shs,19
bd_shs,15
bd_shs,76
bd_shs,58
bd_shs,17
bd_shs,28
bd_shs,12
bd_shs,12
bd_shs,22
bd_shs,18
bd_shs,29
bd_shs,5
bd_shs,6
bd_shs,23
bd_shs,51
bd_shs,41
bd_shs,53
bd_shs,29
bd_shs,8
bd_shs,36
bd_shs,9
bd_shs,12
bd_shs,28
bd_shs,22
bd_shs,47
bd_shs,55
bd_shs,29
bd_shs,28
bd_shs,58
bd_shs,32
bd_shs,37
bd_shs,175
bd_shs,29
bd_shs,16
bd_shs,16
bd_shs,154
bd_shs,26
bd_shs,17
bd_shs,10
bd_shs,70
bd_shs,55
bd_shs,21
bd_shs,13
bd_shs,35
bd_shs,31
bd_shs,13
bd_shs,29
bd_shs,20
bd_shs,56
bd_shs,22
bd_shs,15
bd_shs,38
bd_shs,75
bd_shs,90
bd_shs,152
bd_shs,64
bd_shs,40
bd_shs,30
bd_shs,5
bd_shs,97
bd_shs,171
bd_shs,67
bd_shs,28
bd_shs,36
bd_shs,28
bd_shs,83
bd_shs,13
bd_shs,19
bd_shs,11
bd_shs,27
bd_shs,30
bd_shs,54
bd_shs,51
bd_shs,20
bd_shs,64
bd_shs,52
bd_shs,24
bd_shs,6
bd_shs,25
bd_shs,22
bd_shs,8
bd_shs,14
bd_shs,8
bd_shs,19
bd_shs,40
bd_shs,60
bd_shs,55
bd_shs,8
bd_shs,64
bd_shs,46
bd_shs,12
bd_shs,20
bd_shs,100
bd_shs,56
bd_shs,88
bd_shs,102
bd_shs,46
bd_shs,98
bd_shs,13
bd_shs,40
bd_shs,6
bd_shs,22
bd_shs,52
bd_shs,79
bd_shs,7
bd_shs,63
bd_shs,28
bd_shs,8
bd_shs,13
bd_shs,39
bd_shs,28
bd_shs,10
bd_shs,47
bd_shs,16
bd_shs,59
bd_shs,16
bd_shs,236
bd_shs,17
bd_shs,16
bd_shs,10
bd_shs,7
bd_shs,30
bd_shs,183
bd_shs,61
bd_shs,21
bd_shs,17
bd_shs,13
bd_shs,14
bd_shs,36
bd_shs,21
bd_shs,43
bd_shs,15
bd_shs,7
bd_shs,97
bd_shs,58
bd_shs,16
bd_shs,36
bd_shs,20
bd_shs,33
bd_shs,65
bd_shs,73
bd_shs,21
bd_shs,77
bd_shs,10
bd_shs,50
bd_shs,53
bd_shs,174
bd_shs,30
bd_shs,171
bd_shs,75
bd_shs,31
bd_shs,23
bd_shs,31
bd_shs,7
bd_shs,24
bd_shs,33
bd_shs,18
bd_shs,72
bd_shs,18
bd_shs,9
bd_shs,75
bd_shs,24
bd_shs,22
bd_shs,69
bd_shs,54
bd_shs,73
bd_shs,84
bd_shs,25
bd_shs,45
bd_shs,7
bd_shs,8
bd_shs,90
bd_shs,8
bd_shs,30
bd_shs,25
bd_shs,7
bd_shs,107
bd_shs,7
bd_shs,60
bd_shs,9
bd_shs,11
bd_shs,24
bd_shs,40
bd_shs,40
bd_shs,140
bd_shs,16
bd_shs,7
bd_shs,3
bd_shs,58
bd_shs,11
bd_shs,24
bd_shs,135
bd_shs,16
bd_shs,20
bd_shs,41
bd_shs,15
bd_shs,13
bd_shs,16
bd_shs,41
bd_shs,23
bd_shs,105
bd_shs,36
bd_shs,19
bd_shs,27
bd_shs,21
bd_shs,136
bd_shs,79
bd_shs,17
bd_shs,9
bd_shs,14
bd_shs,113
bd_shs,56
bd_shs,33
bd_shs,23
bd_shs,33
bd_shs,19
bd_shs,65
bd_shs,14
bd_shs,22
bd_shs,13
bd_shs,6
bd_shs,11
bd_shs,17
bd_shs,20
bd_shs,45
bd_shs,7
bd_shs,101
bd_shs,29
bd_shs,10
bd_shs,58
bd_shs,84
bd_shs,36
bd_shs,16
bd_shs,275
bd_shs,14
bd_shs,79
bd_shs,65
bd_shs,38
bd_shs,32
bd_shs,33
bd_shs,10
bd_shs,71
bd_shs,143
bd_shs,24
bd_shs,30
bd_shs,5
bd_shs,97
bd_shs,239
bd_shs,233
bd_shs,48
bd_shs,71
bd_shs,50
bd_shs,93
bd_shs,26
bd_shs,22
bd_shs,30
bd_shs,60
bd_shs,9
bd_shs,51
bd_shs,9
bd_shs,13
bd_shs,95
bd_shs,38
bd_shs,49
bd_shs,81
bd_shs,58
bd_shs,69
bd_shs,43
bd_shs,95
bd_shs,10
bd_shs,21
bd_shs,22
bd_shs,29
bd_shs,50
bd_shs,60
bd_shs,12
bd_shs,36
bd_shs,15
bd_shs,18
bd_shs,25
bd_shs,146
bd_shs,22
bd_shs,23
bd_shs,7
bd_shs,40
bd_shs,49
bd_shs,36
bd_shs,31
bd_shs,46
bd_shs,16
bd_shs,44
bd_shs,52
bd_shs,207
bd_shs,13
bd_shs,70
bd_shs,13
bd_shs,111
bd_shs,22
bd_shs,23
bd_shs,10
bd_shs,27
bd_shs,18
bd_shs,31
bd_shs,23
bd_shs,6
bd_shs,17
bd_shs,242
bd_shs,7
bd_shs,28
bd_shs,17
bd_shs,5
bd_shs,17
bd_shs,17
bd_shs,67
bd_shs,20
bd_shs,26
bd_shs,13
bd_shs,20
bd_shs,9
bd_shs,6
bd_shs,69
bd_shs,83
bd_shs,27
bd_shs,7
bd_shs,66
bd_shs,41
bd_shs,13
bd_shs,257
bd_shs,80
bd_shs,22
bd_shs,24
bd_shs,15
bd_shs,132
bd_shs,21
bd_shs,271
bd_shs,11
bd_shs,9
bd_shs,6
bd_shs,443
bd_shs,89
bd_shs,76
bd_shs,26
bd_shs,48
bd_shs,20
bd_shs,8
bd_shs,32
bd_shs,6
bd_shs,17
bd_shs,120
bd_shs,70
bd_shs,47
bd_shs,6
bd_shs,18
bd_shs,51
bd_shs,26
bd_shs,10
bd_shs,39
bd_shs,26
bd_shs,10
bd_shs,167
bd_shs,11
bd_shs,62
bd_shs,56
bd_shs,13
bd_shs,24
bd_shs,201
bd_shs,51
bd_shs,24
bd_shs,6
bd_shs,16
bd_shs,20
bd_shs,35
bd_shs,30
bd_shs,7
bd_shs,44
bd_shs,22
bd_shs,22
bd_shs,49
bd_shs,21
bd_shs,13
bd_shs,26
bd_shs,29
bd_shs,86
bd_shs,133
bd_shs,57
bd_shs,69
bd_shs,43
bd_shs,11
bd_shs,21
bd_shs,132
bd_shs,10
bd_shs,164
bd_shs,33
bd_shs,9
bd_shs,17
bd_shs,15
bd_shs,14
bd_shs,11
bd_shs,70
bd_shs,33
bd_shs,46
bd_shs,14
bd_shs,69
bd_shs,98
bd_shs,18
bd_shs,68
bd_shs,21
bd_shs,22
bd_shs,59
bd_shs,234
bd_shs,9
bd_shs,64
bd_shs,30
bd_shs,133
bd_shs,17
bd_shs,251
bd_shs,12
bd_shs,12
bd_shs,50
bd_shs,27
bd_shs,33
bd_shs,14
bd_shs,23
bd_shs,241
bd_shs,29
bd_shs,43
bd_shs,37
bd_shs,14
bd_shs,39
bd_shs,43
bd_shs,33
bd_shs,10
bd_shs,17
bd_shs,53
bd_shs,19
bd_shs,127
bd_shs,33
bd_shs,31
bd_shs,34
bd_shs,67
bd_shs,229
bd_shs,44
bd_shs,25
bd_shs,32
bd_shs,27
bd_shs,117
bd_shs,13
bd_shs,12
bd_shs,20
bd_shs,68
bd_shs,20
bd_shs,24
bd_shs,30
bd_shs,38
bd_shs,49
bd_shs,419
bd_shs,38
bd_shs,7
bd_shs,22
bd_shs,23
bd_shs,62
bd_shs,28
bd_shs,12
bd_shs,64
bd_shs,48
bd_shs,16
bd_shs,71
bd_shs,17
bd_shs,22
bd_shs,39
bd_shs,133
bd_shs,93
bd_shs,8
bd_shs,83
bd_shs,33
bd_shs,5
bd_shs,79
bd_shs,45
bd_shs,65
bd_shs,310
bd_shs,6
bd_shs,141
bd_shs,40
bd_shs,24
bd_shs,143
bd_shs,34
bd_shs,28
bd_shs,65
bd_shs,31
bd_shs,65
bd_shs,26
bd_shs,12
bd_shs,34
bd_shs,59
bd_shs,6
bd_shs,64
bd_shs,20
bd_shs,13
bd_shs,49
bd_shs,294
bd_shs,67
bd_shs,27
bd_shs,8
bd_shs,31
bd_shs,80
bd_shs,39
bd_shs,52
bd_shs,22
bd_shs,23
bd_shs,21
bd_shs,33
bd_shs,68
bd_shs,81
bd_shs,70
bd_shs,75
bd_shs,51
bd_shs,50
bd_shs,47
bd_shs,27
bd_shs,83
bd_shs,25
bd_shs,11
bd_shs,65
bd_shs,19
bd_shs,11
bd_shs,33
bd_shs,38
bd_shs,26
bd_shs,12
bd_shs,35
bd_shs,23
bd_shs,14
bd_shs,34
bd_shs,89
bd_shs,77
bd_shs,10
bd_shs,22
bd_shs,12
bd_shs,88
bd_shs,106
bd_shs,31
bd_shs,86
bd_shs,65
bd_shs,54
bd_shs,28
bd_shs,41
bd_shs,77
bd_shs,39
bd_shs,18
bd_shs,51
bd_shs,59
bd_shs,55
bd_shs,14
bd_shs,34
bd_shs,27
bd_shs,46
bd_shs,22
bd_shs,81
bd_shs,15
bd_shs,81
bd_shs,69
bd_shs,17
bd_shs,26
bd_shs,667
bd_shs,37
bd_shs,25
bd_shs,80
bd_shs,60
bd_shs,482
bd_shs,102
bd_shs,110
bd_shs,7
bd_shs,61
bd_shs,18
bd_shs,39
bd_shs,24
bd_shs,96
bd_shs,17
bd_shs,56
bd_shs,35
bd_shs,30
bd_shs,39
bd_shs,53
bd_shs,31
bd_shs,48
bd_shs,21
bd_shs,24
bd_shs,32
bd_shs,70
bd_shs,34
bd_shs,24
bd_shs,92
bd_shs,7
bd_shs,26
bd_shs,23
bd_shs,49
bd_shs,9
bd_shs,15
bd_shs,63
bd_shs,59
bd_shs,20
bd_shs,57
bd_shs,31
bd_shs,64
bd_shs,46
bd_shs,13
bd_shs,43
bd_shs,20
bd_shs,56
bd_shs,8
bd_shs,36
bd_shs,49
bd_shs,21
bd_shs,209
bd_shs,39
bd_shs,19
bd_shs,9
bd_shs,16
bd_shs,49
bd_shs,25
bd_shs,7
bd_shs,18
bd_shs,7
bd_shs,25
bd_shs,45
bd_shs,106
bd_shs,36
bd_shs,205
bd_shs,15
bd_shs,64
bd_shs,10
bd_shs,35
bd_shs,59
bd_shs,75
bd_shs,53
bd_shs,24
bd_shs,26
bd_shs,68
bd_shs,80
bd_shs,20
bd_shs,18
bd_shs,27
bd_shs,15
bd_shs,34
bd_shs,63
bd_shs,87
bd_shs,158
bd_shs,18
bd_shs,61
bd_shs,194
bd_shs,168
bd_shs,40
bd_shs,41
bd_shs,34
bd_shs,21
bd_shs,32
bd_shs,53
bd_shs,35
bd_shs,27
bd_shs,84
bd_shs,7
bd_shs,269
bd_shs,69
bd_shs,18
bd_shs,11
bd_shs,130
bd_shs,14
bd_shs,30
bd_shs,33
bd_shs,21
bd_shs,94
bd_shs,78
bd_shs,10
bd_shs,19
bd_shs,9
bd_shs,16
bd_shs,16
bd_shs,54
bd_shs,16
bd_shs,25
bd_shs,55
bd_shs,35
bd_shs,33
bd_shs,50
bd_shs,27
bd_shs,123
bd_shs,13
bd_shs,10
bd_shs,23
bd_shs,38
bd_shs,23
bd_shs,19
bd_shs,9
bd_shs,31
bd_shs,29
bd_shs,81
bd_shs,66
bd_shs,12
bd_shs,52
bd_shs,29
bd_shs,37
bd_shs,34
bd_shs,8
bd_shs,10
bd_shs,24
bd_shs,124
bd_shs,138
bd_shs,15
bd_shs,20
bd_shs,9
bd_shs,15
bd_shs,17
bd_shs,8
bd_shs,23
bd_shs,54
bd_shs,17
bd_shs,13
bd_shs,9
bd_shs,58
bd_shs,40
bd_shs,116
bd_shs,92
bd_shs,62
bd_shs,53
bd_shs,9
bd_shs,66
bd_shs,12
bd_shs,50
bd_shs,19
bd_shs,74
bd_shs,34
bd_shs,49
bd_shs,15
bd_shs,3
bd_shs,6
bd_shs,37
bd_shs,51
bd_shs,30
bd_shs,27
bd_shs,23
bd_shs,6
bd_shs,43
bd_shs,7
bd_shs,19
bd_shs,153
bd_shs,11
bd_shs,52
bd_shs,20
bd_shs,7
bd_shs,94
bd_shs,21
bd_shs,105
bd_shs,35
bd_shs,48
bd_shs,39
bd_shs,15
bd_shs,61
bd_shs,9
bd_shs,43
bd_shs,12
bd_shs,136
bd_shs,25
bd_shs,38
bd_shs,119
bd_shs,50
bd_shs,48
bd_shs,541
bd_shs,48
bd_shs,29
bd_shs,203
bd_shs,26
bd_shs,49
bd_shs,11
bd_shs,40
bd_shs,39
bd_shs,60
bd_shs,23
bd_shs,31
bd_shs,58
bd_shs,38
bd_shs,15
bd_shs,8
bd_shs,19
bd_shs,6
bd_shs,41
bd_shs,27
bd_shs,33
bd_shs,31
bd_shs,88
bd_shs,83
bd_shs,9
bd_shs,61
bd_shs,29
bd_shs,268
bd_shs,12
bd_shs,24
bd_shs,113
bd_shs,20
bd_shs,12
bd_shs,9
bd_shs,30
bd_shs,56
bd_shs,7
bd_shs,64
bd_shs,20
bd_shs,41
bd_shs,20
bd_shs,10
bd_shs,5
bd_shs,32
bd_shs,10
bd_shs,9
bd_shs,110
bd_shs,31
bd_shs,33
bd_shs,141
bd_shs,53
bd_shs,34
bd_shs,17
bd_shs,194
bd_shs,25
bd_shs,38
bd_shs,45
bd_shs,8
bd_shs,97
bd_shs,13
bd_shs,167
bd_shs,52
bd_shs,35
bd_shs,363
bd_shs,19
bd_shs,14
bd_shs,22
bd_shs,27
bd_shs,21
bd_shs,69
bd_shs,81
bd_shs,30
bd_shs,9
bd_shs,20
bd_shs,15
bd_shs,39
bd_shs,26
bd_shs,12
bd_shs,48
bd_shs,55
bd_shs,59
bd_shs,23
bd_shs,93
bd_shs,50
bd_shs,12
bd_shs,14
bd_shs,61
bd_shs,21
bd_shs,53
bd_shs,38
bd_shs,12
bd_shs,17
bd_shs,53
bd_shs,15
bd_shs,44
bd_shs,41
bd_shs,23
bd_shs,5
bd_shs,31
bd_shs,202
bd_shs,27
bd_shs,17
bd_shs,15
bd_shs,12
bd_shs,38
bd_shs,16
bd_shs,72
bd_shs,25
bd_shs,37
bd_shs,18
bd_shs,13
bd_shs,34
bd_shs,174
bd_shs,22
bd_shs,49
bd_shs,20
bd_shs,15
bd_shs,49
bd_shs,32
bd_shs,29
bd_shs,26
bd_shs,24
bd_shs,23
bd_shs,52
bd_shs,29
bd_shs,27
bd_shs,102
bd_shs,25
bd_shs,27
bd_shs,79
bd_shs,10
bd_shs,27
bd_shs,7
bd_shs,67
bd_shs,36
bd_shs,63
bd_shs,212
bd_shs,41
bd_shs,45
bd_shs,6
bd_shs,51
bd_shs,39
bd_shs,131
bd_shs,244
bd_shs,21
bd_shs,62
bd_shs,17
bd_shs,24
bd_shs,76
bd_shs,15
bd_shs,17
bd_shs,7
bd_shs,15
bd_shs,16
bd_shs,37
bd_shs,32
bd_shs,10
bd_shs,8
bd_shs,19
bd_shs,43
bd_shs,57
bd_shs,77
bd_shs,19
bd_shs,58
bd_shs,22
bd_shs,148
bd_shs,111
bd_shs,83
bd_shs,47
bd_shs,10
bd_shs,16
bd_shs,9
bd_shs,23
bd_shs,115
bd_shs,35
bd_shs,29
bd_shs,55
bd_shs,16
bd_shs,67
bd_shs,42
bd_shs,15
bd_shs,22
bd_shs,44
bd_shs,49
bd_shs,50
bd_shs,74
bd_shs,36
bd_shs,50
bd_shs,170
bd_shs,39
bd_shs,32
bd_shs,18
bd_shs,96
bd_shs,10
bd_shs,38
bd_shs,16
bd_shs,12
bd_shs,18
bd_shs,96
bd_shs,81
bd_shs,11
bd_shs,41
bd_shs,82
bd_shs,26
bd_shs,53
bd_shs,7
bd_shs,34
bd_shs,40
bd_shs,25
bd_shs,26
bd_shs,17
bd_shs,37
bd_shs,6
bd_shs,13
bd_shs,13
bd_shs,93
bd_shs,74
bd_shs,75
bd_shs,12
bd_shs,34
bd_shs,16
bd_shs,43
bd_shs,69
bd_shs,34
bd_shs,21
bd_shs,168
bd_shs,25
bd_shs,23
bd_shs,25
bd_shs,14
bd_shs,34
bd_shs,30
bd_shs,28
bd_shs,13
bd_shs,158
bd_shs,11
bd_shs,45
bd_shs,27
bd_shs,30
bd_shs,16
bd_shs,30
bd_shs,17
bd_shs,39
bd_shs,134
bd_shs,7
bd_shs,24
bd_shs,9
bd_shs,30
bd_shs,49
bd_shs,148
bd_shs,64
bd_shs,21
bd_shs,39
bd_shs,187
bd_shs,37
bd_shs,22
bd_shs,18
bd_shs,24
bd_shs,27
bd_shs,11
bd_shs,14
bd_shs,18
bd_shs,33
bd_shs,36
bd_shs,14
bd_shs,74
bd_shs,23
bd_shs,27
bd_shs,117
bd_shs,20
bd_shs,45
bd_shs,88
bd_shs,36
bd_shs,7
bd_shs,22
bd_shs,43
bd_shs,35
bd_shs,87
bd_shs,3
bd_shs,25
bd_shs,24
bd_shs,15
bd_shs,41
bd_shs,20
bd_shs,99
bd_shs,15
bd_shs,19
bd_shs,24
bd_shs,15
bd_shs,16
bd_shs,14
bd_shs,7
bd_shs,10
bd_shs,54
bd_shs,66
bd_shs,31
bd_shs,27
bd_shs,136
bd_shs,59
bd_shs,93
bd_shs,23
bd_shs,102
bd_shs,31
bd_shs,19
bd_shs,21
bd_shs,14
bd_shs,12
bd_shs,44
bd_shs,14
bd_shs,15
bd_shs,71
bd_shs,15
bd_shs,33
bd_shs,154
bd_shs,28
bd_shs,24
bd_shs,9
bd_shs,13
bd_shs,20
bd_shs,42
bd_shs,130
bd_shs,99
bd_shs,68
bd_shs,62
bd_shs,9
bd_shs,44
bd_shs,13
bd_shs,22
bd_shs,15
bd_shs,48
bd_shs,3
bd_shs,44
bd_shs,31
bd_shs,28
bd_shs,71
bd_shs,11
bd_shs,178
bd_shs,27
bd_shs,124
bd_shs,9
bd_shs,82
bd_shs,24
bd_shs,154
bd_shs,7
bd_shs,202
bd_shs,39
bd_shs,13
bd_shs,58
bd_shs,75
bd_shs,83
bd_shs,53
bd_shs,22
bd_shs,31
bd_shs,82
bd_shs,158
bd_shs,47
bd_shs,37
bd_shs,74
bd_shs,23
bd_shs,40
bd_shs,41
bd_shs,48
bd_shs,21
bd_shs,91
bd_shs,75
bd_shs,41
bd_shs,29
bd_shs,28
bd_shs,19
bd_shs,126
bd_shs,12
bd_shs,9
bd_shs,29
bd_shs,60
bd_shs,177
bd_shs,21
bd_shs,45
bd_shs,6
bd_shs,81
bd_shs,64
bd_shs,38
bd_shs,79
bd_shs,61
bd_shs,19
bd_shs,7
bd_shs,10
bd_shs,51
bd_shs,43
bd_shs,71
bd_shs,13
bd_shs,33
bd_shs,51
bd_shs,26
bd_shs,35
bd_shs,14
bd_shs,40
bd_shs,574
bd_shs,34
bd_shs,17
bd_shs,34
bd_shs,42
bd_shs,6
bd_shs,18
bd_shs,53
bd_shs,23
bd_shs,40
bd_shs,43
bd_shs,38
bd_shs,11
bd_shs,29
bd_shs,28
bd_shs,21
bd_shs,465
bd_shs,15
bd_shs,16
bd_shs,32
bd_shs,9
bd_shs,55
bd_shs,160
bd_shs,75
bd_shs,37
bd_shs,29
bd_shs,25
bd_shs,61
bd_shs,97
bd_shs,26
bd_shs,11
bd_shs,22
bd_shs,34
bd_shs,46
bd_shs,20
bd_shs,21
bd_shs,23
bd_shs,16
bd_shs,26
bd_shs,19
bd_shs,87
bd_shs,23
bd_shs,20
bd_shs,180
bd_shs,18
bd_shs,47
bd_shs,34
bd_shs,35
bd_shs,21
bd_shs,21
bd_shs,78
bd_shs,81
bd_shs,84
bd_shs,66
bd_shs,57
bd_shs,23
bd_shs,18
bd_shs,26
bd_shs,40
bd_shs,16
bd_shs,11
bd_shs,100
bd_shs,15
bd_shs,127
bd_shs,67
bd_shs,20
bd_shs,17
bd_shs,64
bd_shs,44
bd_shs,102
bd_shs,6
bd_shs,28
bd_shs,30
bd_shs,11
bd_shs,67
bd_shs,19
bd_shs,23
bd_shs,138
bd_shs,82
bd_shs,6
bd_shs,83
bd_shs,42
bd_shs,15
bd_shs,26
bd_shs,8
bd_shs,10
bd_shs,171
bd_shs,19
bd_shs,52
bd_shs,137
bd_shs,171
bd_shs,35
bd_shs,13
bd_shs,56
bd_shs,28
bd_shs,9
bd_shs,22
bd_shs,63
bd_shs,12
bd_shs,29
bd_shs,19
bd_shs,62
bd_shs,5
bd_shs,32
bd_shs,56
bd_shs,27
bd_shs,66
bd_shs,97
bd_shs,19
bd_shs,31
bd_shs,41
bd_shs,22
bd_shs,25
bd_shs,86
bd_shs,16
bd_shs,4
bd_shs,138
bd_shs,34
bd_shs,32
bd_shs,397
bd_shs,30
bd_shs,18
bd_shs,29
bd_shs,5
bd_shs,38
bd_shs,182
bd_shs,89
bd_shs,28
bd_shs,89
bd_shs,110
bd_shs,151
bd_shs,20
bd_shs,22
bd_shs,30
bd_shs,18
bd_shs,26
bd_shs,19
bd_shs,23
bd_shs,14
bd_shs,29
bd_shs,34
bd_shs,50
bd_shs,23
bd_shs,19
bd_shs,26
bd_shs,59
bd_shs,332
bd_shs,60
bd_shs,11
bd_shs,49
bd_shs,10
bd_shs,36
bd_shs,23
bd_shs,35
bd_shs,7
bd_shs,25
bd_shs,43
bd_shs,17
bd_shs,148
bd_shs,10
bd_shs,145
bd_shs,22
bd_shs,124
bd_shs,18
bd_shs,21
bd_shs,104
bd_shs,17
bd_shs,15
bd_shs,71
bd_shs,22
bd_shs,74
bd_shs,86
bd_shs,54
bd_shs,20
bd_shs,60
bd_shs,11
bd_shs,16
bd_shs,39
bd_shs,29
bd_shs,17
bd_shs,27
bd_shs,42
bd_shs,18
bd_shs,21
bd_shs,37
bd_shs,52
bd_shs,211
bd_shs,33
bd_shs,30
bd_shs,61
bd_shs,27
bd_shs,149
bd_shs,470
bd_shs,10
bd_shs,14
bd_shs,180
bd_shs,92
bd_shs,38
bd_shs,31
bd_shs,22
bd_shs,118
bd_shs,21
bd_shs,13
bd_shs,109
bd_shs,48
bd_shs,21
bd_shs,9
bd_shs,30
bd_shs,172
bd_shs,76
bd_shs,49
bd_shs,20
bd_shs,37
bd_shs,13
bd_shs,50
bd_shs,118
bd_shs,30
bd_shs,14
bd_shs,91
bd_shs,8
bd_shs,180
bd_shs,18
bd_shs,77
bd_shs,82
bd_shs,44
bd_shs,39
bd_shs,55
bd_shs,8
bd_shs,16
bd_shs,36
bd_shs,67
bd_shs,17
bd_shs,41
bd_shs,60
bd_shs,9
bd_shs,17
bd_shs,27
bd_shs,13
bd_shs,16
bd_shs,29
bd_shs,17
bd_shs,11
bd_shs,54
bd_shs,32
bd_shs,28
bd_shs,19
bd_shs,23
bd_shs,120
bd_shs,22
bd_shs,73
bd_shs,57
bd_shs,33
bd_shs,26
bd_shs,149
bd_shs,184
bd_shs,49
bd_shs,21
bd_shs,124
bd_shs,124
bd_shs,111
bd_shs,6
bd_shs,17
bd_shs,20
bd_shs,21
bd_shs,55
bd_shs,71
bd_shs,40
bd_shs,38
bd_shs,13
bd_shs,40
bd_shs,159
bd_shs,57
bd_shs,56
bd_shs,17
bd_shs,23
bd_shs,31
bd_shs,28
bd_shs,27
bd_shs,37
bd_shs,85
bd_shs,135
bd_shs,46
bd_shs,60
bd_shs,21
bd_shs,22
bd_shs,65
bd_shs,58
bd_shs,19
bd_shs,207
bd_shs,16
bd_shs,32
bd_shs,85
bd_shs,91
bd_shs,99
bd_shs,9
bd_shs,59
bd_shs,48
bd_shs,21
bd_shs,53
bd_shs,24
bd_shs,48
bd_shs,26
bd_shs,25
bd_shs,18
bd_shs,66
bd_shs,47
bd_shs,67
bd_shs,164
bd_shs,65
bd_shs,19
bd_shs,8
bd_shs,89
bd_shs,16
bd_shs,53
bd_shs,125
bd_shs,326
bd_shs,22
bd_shs,18
bd_shs,20
bd_shs,11
bd_shs,78
bd_shs,27
bd_shs,126
bd_shs,107
bd_shs,213
bd_shs,241
bd_shs,9
bd_shs,47
bd_shs,67
bd_shs,26
bd_shs,34
bd_shs,17
bd_shs,40
bd_shs,132
bd_shs,17
bd_shs,19
bd_shs,17
bd_shs,7
bd_shs,42
bd_shs,54
bd_shs,20
bd_shs,57
bd_shs,58
bd_shs,37
bd_shs,25
bd_shs,15
bd_shs,29
bd_shs,9
bd_shs,23
bd_shs,120
bd_shs,71
bd_shs,45
bd_shs,126
bd_shs,20
bd_shs,9
bd_shs,14
bd_shs,79
bd_shs,22
bd_shs,25
bd_shs,24
bd_shs,26
bd_shs,81
bd_shs,48
bd_shs,146
bd_shs,30
bd_shs,54
bd_shs,14
bd_shs,18
bd_shs,129
bd_shs,27
bd_shs,63
bd_shs,60
bd_shs,153
bd_shs,73
bd_shs,57
bd_shs,13
bd_shs,137
bd_shs,16
bd_shs,16
bd_shs,26
bd_shs,216
bd_shs,18
bd_shs,17
bd_shs,26
bd_shs,92
bd_shs,18
bd_shs,41
bd_shs,18
bd_shs,20
bd_shs,34
bd_shs,13
bd_shs,55
bd_shs,32
bd_shs,29
bd_shs,29
bd_shs,30
bd_shs,11
bd_shs,64
bd_shs,14
bd_shs,122
bd_shs,25
bd_shs,14
bd_shs,59
bd_shs,14
bd_shs,159
bd_shs,68
bd_shs,137
bd_shs,41
bd_shs,43
bd_shs,20
bd_shs,103
bd_shs,30
bd_shs,27
bd_shs,62
bd_shs,72
bd_shs,357
bd_shs,23
bd_shs,26
bd_shs,8
bd_shs,39
bd_shs,230
bd_shs,56
bd_shs,92
bd_shs,75
bd_shs,9
bd_shs,68
bd_shs,31
bd_shs,15
bd_shs,103
bd_shs,50
bd_shs,136
bd_shs,8
bd_shs,7
bd_shs,101
bd_shs,29
bd_shs,30
bd_shs,65
bd_shs,15
bd_shs,43
bd_shs,10
bd_shs,51
bd_shs,8
bd_shs,78
bd_shs,6
bd_shs,24
bd_shs,24
bd_shs,32
bd_shs,45
bd_shs,33
bd_shs,44
bd_shs,69
bd_shs,27
bd_shs,73
bd_shs,54
bd_shs,116
bd_shs,75
bd_shs,15
bd_shs,17
bd_shs,21
bd_shs,68
bd_shs,11
bd_shs,16
bd_shs,17
bd_shs,18
bd_shs,61
bd_shs,72
bd_shs,13
bd_shs,15
bd_shs,13
bd_shs,16
bd_shs,15
bd_shs,110
bd_shs,26
bd_shs,24
bd_shs,16
bd_shs,53
bd_shs,28
bd_shs,23
bd_shs,21
bd_shs,51
bd_shs,327
bd_shs,11
bd_shs,35
bd_shs,25
bd_shs,78
bd_shs,24
bd_shs,30
bd_shs,3
bd_shs,19
bd_shs,19
bd_shs,110
bd_shs,28
bd_shs,29
bd_shs,52
bd_shs,19
bd_shs,38
bd_shs,21
bd_shs,35
bd_shs,47
bd_shs,29
bd_shs,4
bd_shs,5
bd_shs,78
bd_shs,27
bd_shs,29
bd_shs,27
bd_shs,36
bd_shs,20
bd_shs,114
bd_shs,37
bd_shs,175
bd_shs,42
bd_shs,38
bd_shs,7
bd_shs,40
bd_shs,18
bd_shs,44
bd_shs,67
bd_shs,23
bd_shs,164
bd_shs,21
bd_shs,17
bd_shs,44
bd_shs,44
bd_shs,31
bd_shs,21
bd_shs,31
bd_shs,53
bd_shs,9
bd_shs,33
bd_shs,15
bd_shs,115
bd_shs,10
bd_shs,38
bd_shs,105
bd_shs,58
bd_shs,39
bd_shs,46
bd_shs,27
bd_shs,69
bd_shs,202
bd_shs,59
bd_shs,109
bd_shs,61
bd_shs,102
bd_shs,88
bd_shs,42
bd_shs,40
bd_shs,49
bd_shs,207
bd_shs,17
bd_shs,19
bd_shs,39
bd_shs,15
bd_shs,183
bd_shs,124
bd_shs,18
bd_shs,15
bd_shs,21
bd_shs,7
bd_shs,58
bd_shs,21
bd_shs,13
bd_shs,15
bd_shs,21
bd_shs,36
bd_shs,59
bd_shs,34
bd_shs,55
bd_shs,166
bd_shs,16
bd_shs,17
bd_shs,18
bd_shs,32
bd_shs,35
bd_shs,89
bd_shs,56
bd_shs,10
bd_shs,14
bd_shs,45
bd_shs,77
bd_shs,18
bd_shs,14
bd_shs,115
bd_shs,3
bd_shs,11
bd_shs,30
bd_shs,15
bd_shs,19
bd_shs,50
bd_shs,37
bd_shs,34
bd_shs,13
bd_shs,30
bd_shs,98
bd_shs,21
bd_shs,13
bd_shs,21
bd_shs,27
bd_shs,70
bd_shs,24
bd_shs,5
bd_shs,38
bd_shs,7
bd_shs,35
bd_shs,24
bd_shs,37
bd_shs,13
bd_shs,17
bd_shs,133
bd_shs,39
bd_shs,31
bd_shs,37
bd_shs,22
bd_shs,18
bd_shs,7
bd_shs,3
bd_shs,16
bd_shs,17
bd_shs,45
bd_shs,68
bd_shs,108
bd_shs,84
bd_shs,25
bd_shs,44
bd_shs,6
bd_shs,20
bd_shs,126
bd_shs,14
bd_shs,42
bd_shs,16
bd_shs,165
bd_shs,49
bd_shs,55
bd_shs,80
bd_shs,44
bd_shs,7
bd_shs,137
bd_shs,25
bd_shs,46
bd_shs,40
bd_shs,24
bd_shs,32
bd_shs,14
bd_shs,9
bd_shs,23
bd_shs,27
bd_shs,14
bd_shs,43
bd_shs,58
bd_shs,5
bd_shs,366
bd_shs,165
bd_shs,23
bd_shs,27
bd_shs,140
bd_shs,671
bd_shs,20
bd_shs,57
bd_shs,18
bd_shs,10
bd_shs,6
bd_shs,28
bd_shs,42
bd_shs,31
bd_shs,50
bd_shs,9
bd_shs,25
bd_shs,30
bd_shs,21
bd_shs,23
bd_shs,67
bd_shs,50
bd_shs,6
bd_shs,64
bd_shs,10
bd_shs,29
bd_shs,14
bd_shs,20
bd_shs,23
bd_shs,42
bd_shs,44
bd_shs,60
bd_shs,101
bd_shs,11
bd_shs,14
bd_shs,95
bd_shs,26
bd_shs,208
bd_shs,18
bd_shs,11
bd_shs,22
bd_shs,13
bd_shs,24
bd_shs,38
bd_shs,32
bd_shs,41
bd_shs,20
bd_shs,15
bd_shs,19
bd_shs,22
bd_shs,17
bd_shs,13
bd_shs,25
bd_shs,40
bd_shs,44
bd_shs,17
bd_shs,104
bd_shs,41
bd_shs,25
bd_shs,21
bd_shs,92
bd_shs,4
bd_shs,55
bd_shs,21
bd_shs,141
bd_shs,80
bd_shs,64
bd_shs,102
bd_shs,161
bd_shs,63
bd_shs,19
bd_shs,142
bd_shs,32
bd_shs,45
bd_shs,154
bd_shs,23
bd_shs,55
bd_shs,24
bd_shs,6
bd_shs,30
bd_shs,22
bd_shs,13
bd_shs,21
bd_shs,25
bd_shs,43
bd_shs,19
bd_shs,24
bd_shs,10
bd_shs,144
bd_shs,5
bd_shs,81
bd_shs,21
bd_shs,35
bd_shs,17
bd_shs,27
bd_shs,10
bd_shs,13
bd_shs,22
bd_shs,19
bd_shs,89
bd_shs,39
bd_shs,212
bd_shs,45
bd_shs,5
bd_shs,189
bd_shs,36
bd_shs,74
bd_shs,11
bd_shs,282
bd_shs,88
bd_shs,16
bd_shs,26
bd_shs,24
bd_shs,31
bd_shs,37
bd_shs,35
bd_shs,391
bd_shs,30
bd_shs,58
bd_shs,116
bd_shs,15
bd_shs,19
bd_shs,129
bd_shs,22
bd_shs,76
bd_shs,37
bd_shs,7
bd_shs,27
bd_shs,97
bd_shs,21
bd_shs,14
bd_shs,204
bd_shs,79
bd_shs,24
bd_shs,6
bd_shs,24
bd_shs,159
bd_shs,23
bd_shs,1182
bd_shs,59
bd_shs,50
bd_shs,31
bd_shs,13
bd_shs,32
bd_shs,31
bd_shs,34
bd_shs,67
bd_shs,41
bd_shs,24
bd_shs,39
bd_shs,23
bd_shs,46
bd_shs,16
bd_shs,42
bd_shs,21
bd_shs,18
bd_shs,23
bd_shs,26
bd_shs,15
bd_shs,18
bd_shs,51
bd_shs,10
bd_shs,111
bd_shs,39
bd_shs,57
bd_shs,48
bd_shs,19
bd_shs,83
bd_shs,59
bd_shs,205
bd_shs,33
bd_shs,21
bd_shs,20
bd_shs,12
bd_shs,34
bd_shs,31
bd_shs,83
bd_shs,299
bd_shs,82
bd_shs,24
bd_shs,21
bd_shs,18
bd_shs,49
bd_shs,34
bd_shs,63
bd_shs,22
bd_shs,131
bd_shs,48
bd_shs,671
bd_shs,26
bd_shs,257
bd_shs,17
bd_shs,30
bd_shs,57
bd_shs,66
bd_shs,72
bd_shs,103
bd_shs,41
bd_shs,22
bd_shs,8
bd_shs,19
bd_shs,11
bd_shs,12
bd_shs,125
bd_shs,36
bd_shs,94
bd_shs,21
bd_shs,14
bd_shs,130
bd_shs,74
bd_shs,16
bd_shs,39
bd_shs,16
bd_shs,88
bd_shs,98
bd_shs,26
bd_shs,15
bd_shs,86
bd_shs,18
bd_shs,12
bd_shs,17
bd_shs,18
bd_shs,69
bd_shs,18
bd_shs,54
bd_shs,28
bd_shs,12
bd_shs,24
bd_shs,13
bd_shs,18
bd_shs,24
bd_shs,25
bd_shs,11
bd_shs,10
bd_shs,26
bd_shs,281
bd_shs,195
bd_shs,114
bd_shs,33
bd_shs,346
bd_shs,20
bd_shs,38
bd_shs,32
bd_shs,69
bd_shs,21
bd_shs,22
bd_shs,52
bd_shs,31
bd_shs,49
bd_shs,21
bd_shs,10
bd_shs,55
bd_shs,50
bd_shs,30
bd_shs,7
bd_shs,17
bd_shs,18
bd_shs,22
bd_shs,98
bd_shs,23
bd_shs,17
bd_shs,19
bd_shs,78
bd_shs,66
bd_shs,74
bd_shs,48
bd_shs,175
bd_shs,23
bd_shs,554
bd_shs,25
bd_shs,30
bd_shs,12
bd_shs,16
bd_shs,21
bd_shs,68
bd_shs,16
bd_shs,11
bd_shs,36
bd_shs,105
bd_shs,90
bd_shs,9
bd_shs,12
bd_shs,131
bd_shs,164
bd_shs,47
bd_shs,50
bd_shs,26
bd_shs,37
bd_shs,18
bd_shs,35
bd_shs,21
bd_shs,22
bd_shs,18
bd_shs,17
bd_shs,43
bd_shs,28
bd_shs,37
bd_shs,58
bd_shs,59
bd_shs,15
bd_shs,42
bd_shs,27
bd_shs,141
bd_shs,21
bd_shs,584
bd_shs,66
bd_shs,37
bd_shs,23
bd_shs,20
bd_shs,122
bd_shs,10
bd_shs,11
bd_shs,36
bd_shs,34
bd_shs,5
bd_shs,197
bd_shs,156
bd_shs,27
bd_shs,19
bd_shs,65
bd_shs,12
bd_shs,45
bd_shs,21
bd_shs,11
bd_shs,86
bd_shs,40
bd_shs,69
bd_shs,49
bd_shs,38
bd_shs,59
bd_shs,87
bd_shs,7
bd_shs,28
bd_shs,343
bd_shs,276
bd_shs,14
bd_shs,24
bd_shs,129
bd_shs,39
bd_shs,21
bd_shs,42
bd_shs,34
bd_shs,10
bd_shs,77
bd_shs,24
bd_shs,51
bd_shs,31
bd_shs,57
bd_shs,20
bd_shs,13
bd_shs,44
bd_shs,13
bd_shs,40
bd_shs,29
bd_shs,50
bd_shs,53
bd_shs,8
bd_shs,112
bd_shs,51
bd_shs,65
bd_shs,50
bd_shs,26
bd_shs,38
bd_shs,20
bd_shs,66
bd_shs,7
bd_shs,38
bd_shs,31
bd_shs,22
bd_shs,37
bd_shs,32
bd_shs,14
bd_shs,21
bd_shs,23
bd_shs,98
bd_shs,50
bd_shs,11
bd_shs,37
bd_shs,50
bd_shs,52
bd_shs,246
bd_shs,132
bd_shs,12
bd_shs,36
bd_shs,8
bd_shs,61
bd_shs,28
bd_shs,55
bd_shs,266
bd_shs,73
bd_shs,94
bd_shs,12
bd_shs,51
bd_shs,139
bd_shs,22
bd_shs,20
bd_shs,19
bd_shs,15
bd_shs,62
bd_shs,28
bd_shs,34
bd_shs,29
bd_shs,80
bd_shs,9
bd_shs,9
bd_shs,50
bd_shs,49
bd_shs,81
bd_shs,78
bd_shs,39
bd_shs,13
bd_shs,87
bd_shs,8
bd_shs,13
bd_shs,27
bd_shs,83
bd_shs,35
bd_shs,24
bd_shs,84
bd_shs,112
bd_shs,31
bd_shs,29
bd_shs,16
bd_shs,11
bd_shs,38
bd_shs,24
bd_shs,13
bd_shs,12
bd_shs,21
bd_shs,32
bd_shs,18
bd_shs,21
bd_shs,20
bd_shs,46
bd_shs,21
bd_shs,27
bd_shs,7
bd_shs,98
bd_shs,12
bd_shs,8
bd_shs,74
bd_shs,182
bd_shs,47
bd_shs,62
bd_shs,30
bd_shs,17
bd_shs,81
bd_shs,36
bd_shs,54
bd_shs,58
bd_shs,10
bd_shs,156
bd_shs,6
bd_shs,88
bd_shs,23
bd_shs,46
bd_shs,10
bd_shs,22
bd_shs,37
bd_shs,9
bd_shs,9
bd_shs,23
bd_shs,11
bd_shs,29
bd_shs,18
bd_shs,26
bd_shs,14
bd_shs,13
bd_shs,50
bd_shs,37
bd_shs,22
bd_shs,18
bd_shs,40
bd_shs,14
bd_shs,144
bd_shs,5
bd_shs,37
bd_shs,17
bd_shs,18
bd_shs,122
bd_shs,5
bd_shs,104
bd_shs,24
bd_shs,3
bd_shs,15
bd_shs,46
bd_shs,6
bd_shs,30
bd_shs,47
bd_shs,12
bd_shs,1638
bd_shs,85
bd_shs,20
bd_shs,27
bd_shs,37
bd_shs,54
bd_shs,141
bd_shs,36
bd_shs,26
bd_shs,24
bd_shs,45
bd_shs,87
bd_shs,70
bd_shs,41
bd_shs,46
bd_shs,106
bd_shs,27
bd_shs,5
bd_shs,23
bd_shs,30
bd_shs,111
bd_shs,19
bd_shs,12
bd_shs,20
bd_shs,29
bd_shs,27
bd_shs,38
bd_shs,191
bd_shs,10
bd_shs,8
bd_shs,27
bd_shs,22
bd_shs,16
bd_shs,11
bd_shs,19
bd_shs,45
bd_shs,48
bd_shs,62
bd_shs,16
bd_shs,438
bd_shs,77
bd_shs,20
bd_shs,32
bd_shs,41
bd_shs,26
bd_shs,32
bd_shs,11
bd_shs,54
bd_shs,8
bd_shs,43
bd_shs,12
bd_shs,4
bd_shs,49
bd_shs,34
bd_shs,18
bd_shs,20
bd_shs,29
bd_shs,38
bd_shs,81
bd_shs,38
bd_shs,119
bd_shs,32
bd_shs,21
bd_shs,31
bd_shs,3
bd_shs,40
bd_shs,48
bd_shs,11
bd_shs,27
bd_shs,21
bd_shs,23
bd_shs,17
bd_shs,59
bd_shs,36
bd_shs,87
bd_shs,41
bd_shs,25
bd_shs,5
bd_shs,53
bd_shs,28
bd_shs,94
bd_shs,247
bd_shs,86
bd_shs,85
bd_shs,14
bd_shs,17
bd_shs,14
bd_shs,34
bd_shs,91
bd_shs,19
bd_shs,15
bd_shs,100
bd_shs,33
bd_shs,53
bd_shs,14
bd_shs,16
bd_shs,28
bd_shs,59
bd_shs,30
bd_shs,18
bd_shs,29
bd_shs,22
bd_shs,15
bd_shs,79
bd_shs,13
bd_shs,35
bd_shs,18
bd_shs,55
bd_shs,14
bd_shs,23
bd_shs,56
bd_shs,21
bd_shs,36
bd_shs,20
bd_shs,23
bd_shs,73
bd_shs,29
bd_shs,122
bd_shs,21
bd_shs,20
bd_shs,62
bd_shs,140
bd_shs,104
bd_shs,103
bd_shs,139
bd_shs,118
bd_shs,39
bd_shs,26
bd_shs,31
bd_shs,25
bd_shs,29
bd_shs,24
bd_shs,43
bd_shs,8
bd_shs,26
bd_shs,43
bd_shs,36
bd_shs,31
bd_shs,25
bd_shs,34
bd_shs,24
bd_shs,19
bd_shs,19
bd_shs,61
bd_shs,81
bd_shs,13
bd_shs,68
bd_shs,104
bd_shs,28
bd_shs,15
bd_shs,80
bd_shs,18
bd_shs,66
bd_shs,22
bd_shs,28
bd_shs,34
bd_shs,9
bd_shs,24
bd_shs,25
bd_shs,12
bd_shs,24
bd_shs,9
bd_shs,32
bd_shs,89
bd_shs,60
bd_shs,16
bd_shs,23
bd_shs,26
bd_shs,15
bd_shs,26
bd_shs,47
bd_shs,21
bd_shs,211
bd_shs,6
bd_shs,29
bd_shs,9
bd_shs,39
bd_shs,30
bd_shs,5
bd_shs,19
bd_shs,83
bd_shs,7
bd_shs,86
bd_shs,6
bd_shs,21
bd_shs,8
bd_shs,7
bd_shs,68
bd_shs,23
bd_shs,73
bd_shs,52
bd_shs,19
bd_shs,11
bd_shs,40
bd_shs,122
bd_shs,28
bd_shs,35
bd_shs,289
bd_shs,54
bd_shs,22
bd_shs,20
bd_shs,32
bd_shs,36
bd_shs,11
bd_shs,52
bd_shs,129
bd_shs,23
bd_shs,50
bd_shs,211
bd_shs,16
bd_shs,34
bd_shs,123
bd_shs,14
bd_shs,14
bd_shs,19
bd_shs,40
bd_shs,14
bd_shs,38
bd_shs,39
bd_shs,26
bd_shs,18
bd_shs,55
bd_shs,81
bd_shs,195
bd_shs,44
bd_shs,66
bd_shs,22
bd_shs,20
bd_shs,127
bd_shs,10
bd_shs,18
bd_shs,27
bd_shs,321
bd_shs,13
bd_shs,37
bd_shs,15
bd_shs,100
bd_shs,19
bd_shs,17
bd_shs,16
bd_shs,234
bd_shs,13
bd_shs,10
bd_shs,10
bd_shs,25
bd_shs,42
bd_shs,13
bd_shs,37
bd_shs,15
bd_shs,41
bd_shs,29
bd_shs,18
bd_shs,19
bd_shs,53
bd_shs,114
bd_shs,33
bd_shs,26
bd_shs,12
bd_shs,45
bd_shs,25
bd_shs,196
bd_shs,122
bd_shs,81
bd_shs,67
bd_shs,73
bd_shs,7
bd_shs,11
bd_shs,9
bd_shs,28
bd_shs,41
bd_shs,31
bd_shs,16
bd_shs,15
bd_shs,24
bd_shs,6
bd_shs,12
bd_shs,9
bd_shs,13
bd_shs,32
bd_shs,45
bd_shs,5
bd_shs,12
bd_shs,14
bd_shs,19
bd_shs,42
bd_shs,20
bd_shs,106
bd_shs,181
bd_shs,73
bd_shs,11
bd_shs,20
bd_shs,35
bd_shs,28
bd_shs,31
bd_shs,67
bd_shs,35
bd_shs,51
bd_shs,28
bd_shs,14
bd_shs,23
bd_shs,57
bd_shs,45
bd_shs,18
bd_shs,29
bd_shs,8
bd_shs,107
bd_shs,27
bd_shs,177
bd_shs,39
bd_shs,26
bd_shs,25
bd_shs,31
bd_shs,23
bd_shs,38
bd_shs,24
bd_shs,49
bd_shs,31
bd_shs,41
bd_shs,26
bd_shs,6
bd_shs,58
bd_shs,24
bd_shs,65
bd_shs,5
bd_shs,7
bd_shs,25
bd_shs,26
bd_shs,303
bd_shs,94
bd_shs,11
bd_shs,5
bd_shs,18
bd_shs,48
bd_shs,14
bd_shs,21
bd_shs,20
bd_shs,12
bd_shs,8
bd_shs,15
bd_shs,108
bd_shs,8
bd_shs,21
bd_shs,18
bd_shs,11
bd_shs,83
bd_shs,14
bd_shs,74
bd_shs,20
bd_shs,30
bd_shs,29
bd_shs,57
bd_shs,66
bd_shs,31
bd_shs,14
bd_shs,15
bd_shs,37
bd_shs,109
bd_shs,58
bd_shs,29
bd_shs,7
bd_shs,47
bd_shs,79
bd_shs,3
bd_shs,24
bd_shs,67
bd_shs,72
bd_shs,71
bd_shs,13
bd_shs,58
bd_shs,40
bd_shs,28
bd_shs,111
bd_shs,12
bd_shs,16
bd_shs,17
bd_shs,132
bd_shs,6
bd_shs,93
bd_shs,71
bd_shs,142
bd_shs,23
bd_shs,10
bd_shs,22
bd_shs,40
bd_shs,30
bd_shs,28
bd_shs,22
bd_shs,34
bd_shs,15
bd_shs,56
bd_shs,11
bd_shs,17
bd_shs,39
bd_shs,89
bd_shs,9
bd_shs,110
bd_shs,16
bd_shs,24
bd_shs,6
bd_shs,17
bd_shs,61
bd_shs,21
bd_shs,31
bd_shs,42
bd_shs,71
bd_shs,19
bd_shs,26
bd_shs,15
bd_shs,17
bd_shs,72
bd_shs,142
bd_shs,191
bd_shs,15
bd_shs,13
bd_shs,17
bd_shs,25
bd_shs,26
bd_shs,30
bd_shs,98
bd_shs,22
bd_shs,14
bd_shs,53
bd_shs,55
bd_shs,10
bd_shs,15
bd_shs,24
bd_shs,10
bd_shs,42
bd_shs,15
bd_shs,114
bd_shs,27
bd_shs,22
bd_shs,43
bd_shs,20
bd_shs,9
bd_shs,62
bd_shs,62
bd_shs,33
bd_shs,43
bd_shs,16
bd_shs,31
bd_shs,56
bd_shs,76
bd_shs,15
bd_shs,18
bd_shs,94
bd_shs,22
bd_shs,138
bd_shs,9
bd_shs,66
bd_shs,33
bd_shs,24
bd_shs,37
bd_shs,45
bd_shs,14
bd_shs,32
bd_shs,36
bd_shs,118
bd_shs,69
bd_shs,54
bd_shs,32
bd_shs,38
bd_shs,9
bd_shs,35
bd_shs,32
bd_shs,34
bd_shs,54
bd_shs,21
bd_shs,16
bd_shs,16
bd_shs,26
bd_shs,24
bd_shs,19
bd_shs,13
bd_shs,28
bd_shs,26
bd_shs,12
bd_shs,290
bd_shs,31
bd_shs,6
bd_shs,204
bd_shs,60
bd_shs,5
bd_shs,38
bd_shs,52
bd_shs,7
bd_shs,174
bd_shs,63
bd_shs,25
bd_shs,5
bd_shs,17
bd_shs,37
bd_shs,56
bd_shs,22
bd_shs,44
bd_shs,12
bd_shs,27
bd_shs,16
bd_shs,19
bd_shs,14
bd_shs,24
bd_shs,26
bd_shs,66
bd_shs,24
bd_shs,129
bd_shs,18
bd_shs,12
bd_shs,23
bd_shs,25
bd_shs,27
bd_shs,15
bd_shs,35
bd_shs,40
bd_shs,7
bd_shs,30
bd_shs,115
bd_shs,60
bd_shs,11
bd_shs,42
bd_shs,28
bd_shs,17
bd_shs,45
bd_shs,22
bd_shs,45
bd_shs,59
bd_shs,94
bd_shs,33
bd_shs,91
bd_shs,31
bd_shs,37
bd_shs,19
bd_shs,16
bd_shs,36
bd_shs,48
bd_shs,10
bd_shs,9
bd_shs,59
bd_shs,18
bd_shs,15
bd_shs,86
bd_shs,35
bd_shs,13
bd_shs,41
bd_shs,12
bd_shs,34
bd_shs,82
bd_shs,22
bd_shs,48
bd_shs,58
bd_shs,69
bd_shs,46
bd_shs,22
bd_shs,43
bd_shs,7
bd_shs,44
bd_shs,31
bd_shs,26
bd_shs,26
bd_shs,22
bd_shs,119
bd_shs,29
bd_shs,47
bd_shs,16
bd_shs,28
bd_shs,27
bd_shs,29
bd_shs,56
bd_shs,82
bd_shs,49
bd_shs,39
bd_shs,551
bd_shs,19
bd_shs,20
bd_shs,20
bd_shs,18
bd_shs,19
bd_shs,72
bd_shs,12
bd_shs,29
bd_shs,14
bd_shs,24
bd_shs,62
bd_shs,311
bd_shs,107
bd_shs,17
bd_shs,13
bd_shs,23
bd_shs,43
bd_shs,6
bd_shs,11
bd_shs,16
bd_shs,112
bd_shs,12
bd_shs,59
bd_shs,17
bd_shs,12
bd_shs,11
bd_shs,6
bd_shs,34
bd_shs,14
bd_shs,24
bd_shs,15
bd_shs,21
bd_shs,81
bd_shs,67
bd_shs,18
bd_shs,10
bd_shs,16
bd_shs,15
bd_shs,36
bd_shs,73
bd_shs,21
bd_shs,24
bd_shs,84
bd_shs,37
bd_shs,41
bd_shs,102
bd_shs,125
bd_shs,107
bd_shs,61
bd_shs,10
bd_shs,10
bd_shs,89
bd_shs,13
bd_shs,18
bd_shs,26
bd_shs,62
bd_shs,74
bd_shs,16
bd_shs,21
bd_shs,13
bd_shs,66
bd_shs,19
bd_shs,16
bd_shs,61
bd_shs,52
bd_shs,52
bd_shs,16
bd_shs,29
bd_shs,8
bd_shs,116
bd_shs,12
bd_shs,43
bd_shs,15
bd_shs,123
bd_shs,39
bd_shs,11
bd_shs,8
bd_shs,30
bd_shs,65
bd_shs,21
bd_shs,15
bd_shs,30
bd_shs,18
bd_shs,23
bd_shs,19
bd_shs,27
bd_shs,64
bd_shs,66
bd_shs,13
bd_shs,15
bd_shs,30
bd_shs,237
bd_shs,87
bd_shs,12
bd_shs,154
bd_shs,57
bd_shs,7
bd_shs,12
bd_shs,42
bd_shs,9
bd_shs,22
bd_shs,17
bd_shs,17
bd_shs,159
bd_shs,28
bd_shs,129
bd_shs,17
bd_shs,11
bd_shs,24
bd_shs,31
bd_shs,41
bd_shs,34
bd_shs,26
bd_shs,60
bd_shs,15
bd_shs,21
bd_shs,8
bd_shs,17
bd_shs,25
bd_shs,39
bd_shs,94
bd_shs,44
bd_shs,20
bd_shs,97
bd_shs,52
bd_shs,65
bd_shs,23
bd_shs,21
bd_shs,27
bd_shs,56
bd_shs,17
bd_shs,14
bd_shs,25
bd_shs,87
bd_shs,21
bd_shs,40
bd_shs,25
bd_shs,9
bd_shs,57
bd_shs,82
bd_shs,9
bd_shs,139
bd_shs,64
bd_shs,34
bd_shs,13
bd_shs,18
bd_shs,17
bd_shs,6
bd_shs,22
bd_shs,63
bd_shs,8
bd_shs,36
bd_shs,22
bd_shs,55
bd_shs,5
bd_shs,42
bd_shs,301
bd_shs,210
bd_shs,11
bd_shs,45
bd_shs,57
bd_shs,38
bd_shs,27
bd_shs,15
bd_shs,7
bd_shs,49
bd_shs,30
bd_shs,28
bd_shs,5
bd_shs,144
bd_shs,89
bd_shs,10
bd_shs,21
bd_shs,25
bd_shs,23
bd_shs,82
bd_shs,35
bd_shs,45
bd_shs,20
bd_shs,21
bd_shs,133
bd_shs,22
bd_shs,30
bd_shs,26
bd_shs,11
bd_shs,93
bd_shs,16
bd_shs,40
bd_shs,72
bd_shs,14
bd_shs,309
bd_shs,207
bd_shs,18
bd_shs,6
bd_shs,34
bd_shs,61
bd_shs,14
bd_shs,126
bd_shs,44
bd_shs,104
bd_shs,27
bd_shs,12
bd_shs,39
bd_shs,24
bd_shs,18
bd_shs,9
bd_shs,23
bd_shs,13
bd_shs,23
bd_shs,16
bd_shs,37
bd_shs,192
bd_shs,80
bd_shs,35
bd_shs,97
bd_shs,12
bd_shs,48
bd_shs,70
bd_shs,33
bd_shs,6
bd_shs,23
bd_shs,22
bd_shs,30
bd_shs,40
bd_shs,140
bd_shs,25
bd_shs,16
bd_shs,51
bd_shs,51
bd_shs,28
bd_shs,31
bd_shs,20
bd_shs,54
bd_shs,103
bd_shs,13
bd_shs,46
bd_shs,152
bd_shs,20
bd_shs,14
bd_shs,116
bd_shs,63
bd_shs,85
bd_shs,22
bd_shs,71
bd_shs,54
bd_shs,73
bd_shs,35
bd_shs,162
bd_shs,20
bd_shs,66
bd_shs,12
bd_shs,16
bd_shs,55
bd_shs,18
bd_shs,9
bd_shs,151
bd_shs,57
bd_shs,104
bd_shs,28
bd_shs,141
bd_shs,40
bd_shs,128
bd_shs,71
bd_shs,19
bd_shs,38
bd_shs,245
bd_shs,35
bd_shs,54
bd_shs,187
bd_shs,41
bd_shs,46
bd_shs,60
bd_shs,45
bd_shs,14
bd_shs,22
bd_shs,51
bd_shs,11
bd_shs,104
bd_shs,26
bd_shs,49
bd_shs,55
bd_shs,21
bd_shs,99
bd_shs,264
bd_shs,42
bd_shs,26
bd_shs,123
bd_shs,33
bd_shs,22
bd_shs,48
bd_shs,24
bd_shs,256
bd_shs,23
bd_shs,18
bd_shs,44
bd_shs,31
bd_shs,23
bd_shs,14
bd_shs,15
bd_shs,131
bd_shs,27
bd_shs,44
bd_shs,26
bd_shs,84
bd_shs,32
bd_shs,18
bd_shs,23
bd_shs,21
bd_shs,70
bd_shs,56
bd_shs,6
bd_shs,68
bd_shs,124
bd_shs,16
bd_shs,14
bd_shs,6
bd_shs,176
bd_shs,35
bd_shs,10
bd_shs,56
bd_shs,50
bd_shs,30
bd_shs,53
bd_shs,57
bd_shs,12
bd_shs,51
bd_shs,35
bd_shs,26
bd_shs,89
bd_shs,68
bd_shs,11
bd_shs,44
bd_shs,113
bd_shs,39
bd_shs,64
bd_shs,73
bd_shs,8
bd_shs,26
bd_shs,14
bd_shs,1442
bd_shs,33
bd_shs,173
bd_shs,32
bd_shs,21
bd_shs,36
bd_shs,26
bd_shs,67
bd_shs,84
bd_shs,32
bd_shs,27
bd_shs,48
bd_shs,14
bd_shs,40
bd_shs,13
bd_shs,16
bd_shs,62
bd_shs,248
bd_shs,40
bd_shs,157
bd_shs,12
bd_shs,24
bd_shs,167
bd_shs,7
bd_shs,9
bd_shs,13
bd_shs,16
bd_shs,21
bd_shs,73
bd_shs,75
bd_shs,131
bd_shs,21
bd_shs,55
bd_shs,17
bd_shs,5
bd_shs,107
bd_shs,56
bd_shs,39
bd_shs,53
bd_shs,72
bd_shs,19
bd_shs,26
bd_shs,93
bd_shs,132
bd_shs,43
bd_shs,23
bd_shs,44
bd_shs,22
bd_shs,71
bd_shs,28
bd_shs,37
bd_shs,30
bd_shs,76
bd_shs,18
bd_shs,47
bd_shs,18
bd_shs,6
bd_shs,53
bd_shs,9
bd_shs,13
bd_shs,15
bd_shs,19
bd_shs,11
bd_shs,151
bd_shs,7
bd_shs,32
bd_shs,116
bd_shs,15
bd_shs,66
bd_shs,37
bd_shs,12
bd_shs,44
bd_shs,15
bd_shs,58
bd_shs,61
bd_shs,80
bd_shs,37
bd_shs,578
bd_shs,17
bd_shs,29
bd_shs,10
bd_shs,185
bd_shs,38
bd_shs,12
bd_shs,22
bd_shs,197
bd_shs,74
bd_shs,21
bd_shs,83
bd_shs,25
bd_shs,64
bd_shs,33
bd_shs,53
bd_shs,18
bd_shs,7
bd_shs,29
bd_shs,48
bd_shs,105
bd_shs,12
bd_shs,47
bd_shs,3
bd_shs,26
bd_shs,14
bd_shs,34
bd_shs,14
bd_shs,149
bd_shs,30
bd_shs,78
bd_shs,34
bd_shs,26
bd_shs,78
bd_shs,24
bd_shs,32
bd_shs,19
bd_shs,20
bd_shs,8
bd_shs,19
bd_shs,5
bd_shs,34
bd_shs,30
bd_shs,19
bd_shs,11
bd_shs,37
bd_shs,22
bd_shs,33
bd_shs,23
bd_shs,58
bd_shs,76
bd_shs,11
bd_shs,26
bd_shs,8
bd_shs,9
bd_shs,35
bd_shs,131
bd_shs,10
bd_shs,60
bd_shs,94
bd_shs,75
bd_shs,101
bd_shs,52
bd_shs,42
bd_shs,9
bd_shs,39
bd_shs,16
bd_shs,10
bd_shs,45
bd_shs,17
bd_shs,57
bd_shs,7
bd_shs,52
bd_shs,18
bd_shs,18
bd_shs,13
bd_shs,163
bd_shs,19
bd_shs,38
bd_shs,16
bd_shs,104
bd_shs,10
bd_shs,15
bd_shs,11
bd_shs,101
bd_shs,16
bd_shs,20
bd_shs,19
bd_shs,8
bd_shs,93
bd_shs,6
bd_shs,11
bd_shs,31
bd_shs,27
bd_shs,9
bd_shs,51
bd_shs,14
bd_shs,31
bd_shs,20
bd_shs,23
bd_shs,70
bd_shs,79
bd_shs,22
bd_shs,25
bd_shs,21
bd_shs,71
bd_shs,6
bd_shs,69
bd_shs,11
bd_shs,38
bd_shs,12
bd_shs,30
bd_shs,20
bd_shs,22
bd_shs,33
bd_shs,56
bd_shs,11
bd_shs,48
bd_shs,26
bd_shs,39
bd_shs,30
bd_shs,60
bd_shs,16
bd_shs,11
bd_shs,28
bd_shs,40
bd_shs,20
bd_shs,10
bd_shs,58
bd_shs,22
bd_shs,19
bd_shs,18
bd_shs,6
bd_shs,13
bd_shs,30
bd_shs,50
bd_shs,58
bd_shs,44
bd_shs,29
bd_shs,25
bd_shs,48
bd_shs,50
bd_shs,52
bd_shs,39
bd_shs,52
bd_shs,42
bd_shs,15
bd_shs,16
bd_shs,51
bd_shs,63
bd_shs,81
bd_shs,40
bd_shs,34
bd_shs,13
bd_shs,6
bd_shs,5
bd_shs,15
bd_shs,23
bd_shs,35
bd_shs,14
bd_shs,66
bd_shs,246
bd_shs,16
bd_shs,10
bd_shs,51
bd_shs,22
bd_shs,48
bd_shs,47
bd_shs,14
bd_shs,28
bd_shs,9
bd_shs,22
bd_shs,87
bd_shs,24
bd_shs,22
bd_shs,15
bd_shs,33
bd_shs,14
bd_shs,18
bd_shs,111
bd_shs,17
bd_shs,8
bd_shs,17
bd_shs,9
bd_shs,26
bd_shs,5
bd_shs,12
bd_shs,14
bd_shs,34
bd_shs,57
bd_shs,70
bd_shs,26
bd_shs,13
bd_shs,196
bd_shs,33
bd_shs,129
bd_shs,20
bd_shs,23
bd_shs,7
bd_shs,63
bd_shs,38
bd_shs,105
bd_shs,9
bd_shs,30
bd_shs,25
bd_shs,29
bd_shs,16
bd_shs,16
bd_shs,64
bd_shs,12
bd_shs,39
bd_shs,31
bd_shs,115
bd_shs,47
bd_shs,29
bd_shs,72
bd_shs,13
bd_shs,235
bd_shs,6
bd_shs,10
bd_shs,52
bd_shs,52
bd_shs,45
bd_shs,26
bd_shs,158
bd_shs,67
bd_shs,27
bd_shs,36
bd_shs,18
bd_shs,16
bd_shs,50
bd_shs,7
bd_shs,95
bd_shs,30
bd_shs,3
bd_shs,21
bd_shs,27
bd_shs,107
bd_shs,12
bd_shs,9
bd_shs,44
bd_shs,51
bd_shs,61
bd_shs,12
bd_shs,24
bd_shs,29
bd_shs,29
bd_shs,6
bd_shs,41
bd_shs,12
bd_shs,17
bd_shs,11
bd_shs,17
bd_shs,43
bd_shs,44
bd_shs,44
bd_shs,15
bd_shs,21
bd_shs,11
bd_shs,37
bd_shs,132
bd_shs,22
bd_shs,127
bd_shs,50
bd_shs,66
bd_shs,31
bd_shs,52
bd_shs,68
bd_shs,20
bd_shs,41
bd_shs,17
bd_shs,5
bd_shs,26
bd_shs,13
bd_shs,11
bd_shs,39
bd_shs,27
bd_shs,26
bd_shs,91
bd_shs,17
bd_shs,38
bd_shs,103
bd_shs,130
bd_shs,85
bd_shs,63
bd_shs,14
bd_shs,14
bd_shs,8
bd_shs,38
bd_shs,18
bd_shs,17
bd_shs,88
bd_shs,23
bd_shs,37
bd_shs,42
bd_shs,37
bd_shs,17
bd_shs,46
bd_shs,48
bd_shs,21
bd_shs,39
bd_shs,38
bd_shs,10
bd_shs,36
bd_shs,96
bd_shs,39
bd_shs,149
bd_shs,45
bd_shs,57
bd_shs,31
bd_shs,45
bd_shs,21
bd_shs,36
bd_shs,15
bd_shs,80
bd_shs,27
bd_shs,215
bd_shs,273
bd_shs,23
bd_shs,39
bd_shs,14
bd_shs,13
bd_shs,14
bd_shs,40
bd_shs,23
bd_shs,31
bd_shs,41
bd_shs,17
bd_shs,16
bd_shs,125
bd_shs,58
bd_shs,67
bd_shs,177
bd_shs,21
bd_shs,14
bd_shs,105
bd_shs,17
bd_shs,18
bd_shs,15
bd_shs,52
bd_shs,31
bd_shs,74
bd_shs,17
bd_shs,78
bd_shs,17
bd_shs,119
bd_shs,93
bd_shs,98
bd_shs,30
bd_shs,64
bd_shs,15
bd_shs,32
bd_shs,76
bd_shs,8
bd_shs,33
bd_shs,24
bd_shs,34
bd_shs,16
bd_shs,46
bd_shs,15
bd_shs,15
bd_shs,24
bd_shs,19
bd_shs,11
bd_shs,42
bd_shs,9
bd_shs,57
bd_shs,8
bd_shs,158
bd_shs,23
bd_shs,52
bd_shs,13
bd_shs,33
bd_shs,30
bd_shs,20
bd_shs,19
bd_shs,47
bd_shs,21
bd_shs,30
bd_shs,723
bd_shs,31
bd_shs,98
bd_shs,24
bd_shs,13
bd_shs,71
bd_shs,26
bd_shs,46
bd_shs,62
bd_shs,85
bd_shs,26
bd_shs,17
bd_shs,64
bd_shs,20
bd_shs,41
bd_shs,130
bd_shs,11
bd_shs,10
bd_shs,11
bd_shs,29
bd_shs,34
bd_shs,27
bd_shs,70
bd_shs,35
bd_shs,100
bd_shs,33
bd_shs,99
bd_shs,21
bd_shs,74
bd_shs,92
bd_shs,5
bd_shs,15
bd_shs,110
bd_shs,13
bd_shs,17
bd_shs,40
bd_shs,20
bd_shs,40
bd_shs,54
bd_shs,5
bd_shs,29
bd_shs,27
bd_shs,90
bd_shs,13
bd_shs,23
bd_shs,115
bd_shs,83
bd_shs,35
bd_shs,56
bd_shs,13
bd_shs,28
bd_shs,60
bd_shs,45
bd_shs,111
bd_shs,18
bd_shs,37
bd_shs,70
bd_shs,7
bd_shs,9
bd_shs,18
bd_shs,7
bd_shs,17
bd_shs,176
bd_shs,151
bd_shs,83
bd_shs,43
bd_shs,17
bd_shs,58
bd_shs,9
bd_shs,11
bd_shs,7
bd_shs,24
bd_shs,24
bd_shs,42
bd_shs,156
bd_shs,98
bd_shs,48
bd_shs,10
bd_shs,44
bd_shs,22
bd_shs,11
bd_shs,62
bd_shs,24
bd_shs,16
bd_shs,36
bd_shs,46
bd_shs,38
bd_shs,10
bd_shs,13
bd_shs,17
bd_shs,47
bd_shs,29
bd_shs,11
bd_shs,22
bd_shs,16
bd_shs,25
bd_shs,12
bd_shs,37
bd_shs,11
bd_shs,21
bd_shs,33
bd_shs,26
bd_shs,69
bd_shs,20
bd_shs,14
bd_shs,25
bd_shs,6
bd_shs,52
bd_shs,11
bd_shs,18
bd_shs,19
bd_shs,128
bd_shs,15
bd_shs,15
bd_shs,21
bd_shs,8
bd_shs,14
bd_shs,180
bd_shs,12
bd_shs,33
bd_shs,23
bd_shs,21
bd_shs,20
bd_shs,21
bd_shs,153
bd_shs,64
bd_shs,43
bd_shs,28
bd_shs,14
bd_shs,138
bd_shs,152
bd_shs,282
bd_shs,44
bd_shs,62
bd_shs,46
bd_shs,83
bd_shs,59
bd_shs,41
bd_shs,51
bd_shs,29
bd_shs,25
bd_shs,35
bd_shs,9
bd_shs,18
bd_shs,29
bd_shs,61
bd_shs,111
bd_shs,5
bd_shs,19
bd_shs,27
bd_shs,13
bd_shs,30
bd_shs,57
bd_shs,47
bd_shs,14
bd_shs,53
bd_shs,18
bd_shs,126
bd_shs,11
bd_shs,27
bd_shs,16
bd_shs,33
bd_shs,38
bd_shs,11
bd_shs,61
bd_shs,39
bd_shs,137
bd_shs,21
bd_shs,66
bd_shs,76
bd_shs,66
bd_shs,89
bd_shs,61
bd_shs,121
bd_shs,30
bd_shs,11
bd_shs,14
bd_shs,21
bd_shs,24
bd_shs,102
bd_shs,41
bd_shs,29
bd_shs,15
bd_shs,99
bd_shs,29
bd_shs,21
bd_shs,134
bd_shs,100
bd_shs,18
bd_shs,6
bd_shs,24
bd_shs,35
bd_shs,12
bd_shs,8
bd_shs,43
bd_shs,40
bd_shs,93
bd_shs,28
bd_shs,29
bd_shs,18
bd_shs,7
bd_shs,24
bd_shs,230
bd_shs,45
bd_shs,16
bd_shs,27
bd_shs,43
bd_shs,66
bd_shs,5
bd_shs,12
bd_shs,39
bd_shs,16
bd_shs,36
bd_shs,28
bd_shs,45
bd_shs,13
bd_shs,87
bd_shs,94
bd_shs,29
bd_shs,25
bd_shs,27
bd_shs,41
bd_shs,25
bd_shs,45
bd_shs,93
bd_shs,106
bd_shs,19
bd_shs,42
bd_shs,218
bd_shs,23
bd_shs,30
bd_shs,48
bd_shs,23
bd_shs,242
bd_shs,14
bd_shs,105
bd_shs,6
bd_shs,46
bd_shs,19
bd_shs,47
bd_shs,21
bd_shs,23
bd_shs,10
bd_shs,70
bd_shs,12
bd_shs,3
bd_shs,35
bd_shs,15
bd_shs,27
bd_shs,12
bd_shs,5
bd_shs,63
bd_shs,143
bd_shs,61
bd_shs,73
bd_shs,14
bd_shs,12
bd_shs,11
bd_shs,401
bd_shs,152
bd_shs,15
bd_shs,9
bd_shs,92
bd_shs,27
bd_shs,471
bd_shs,11
bd_shs,21
bd_shs,32
bd_shs,81
bd_shs,36
bd_shs,23
bd_shs,78
bd_shs,52
bd_shs,25
bd_shs,12
bd_shs,21
bd_shs,15
bd_shs,67
bd_shs,71
bd_shs,68
bd_shs,18
bd_shs,34
bd_shs,39
bd_shs,14
bd_shs,43
bd_shs,33
bd_shs,31
bd_shs,40
bd_shs,11
bd_shs,17
bd_shs,26
bd_shs,10
bd_shs,20
bd_shs,143
bd_shs,21
bd_shs,54
bd_shs,59
bd_shs,22
bd_shs,71
bd_shs,55
bd_shs,79
bd_shs,11
bd_shs,50
bd_shs,16
bd_shs,45
bd_shs,195
bd_shs,43
bd_shs,8
bd_shs,23
bd_shs,32
bd_shs,22
bd_shs,26
bd_shs,19
bd_shs,57
bd_shs,13
bd_shs,56
bd_shs,50
bd_shs,11
bd_shs,21
bd_shs,483
bd_shs,92
bd_shs,21
bd_shs,25
bd_shs,17
bd_shs,11
bd_shs,43
bd_shs,52
bd_shs,7
bd_shs,20
bd_shs,43
bd_shs,62
bd_shs,24
bd_shs,21
bd_shs,136
bd_shs,193
bd_shs,52
bd_shs,36
bd_shs,18
bd_shs,125
bd_shs,39
bd_shs,32
bd_shs,16
bd_shs,29
bd_shs,56
bd_shs,12
bd_shs,8
bd_shs,115
bd_shs,64
bd_shs,30
bd_shs,80
bd_shs,43
bd_shs,77
bd_shs,21
bd_shs,98
bd_shs,87
bd_shs,83
bd_shs,9
bd_shs,5
bd_shs,44
bd_shs,54
bd_shs,64
bd_shs,13
bd_shs,6
bd_shs,18
bd_shs,10
bd_shs,27
bd_shs,7
bd_shs,40
bd_shs,41
bd_shs,35
bd_shs,96
bd_shs,35
bd_shs,29
bd_shs,95
bd_shs,74
bd_shs,34
bd_shs,63
bd_shs,15
bd_shs,59
bd_shs,16
bd_shs,88
bd_shs,48
bd_shs,26
bd_shs,405
bd_shs,76
bd_shs,25
bd_shs,56
bd_shs,39
bd_shs,39
bd_shs,107
bd_shs,13
bd_shs,20
bd_shs,18
bd_shs,86
bd_shs,5
bd_shs,16
bd_shs,19
bd_shs,141
bd_shs,18
bd_shs,50
bd_shs,7
bd_shs,27
bd_shs,18
bd_shs,95
bd_shs,14
bd_shs,79
bd_shs,183
bd_shs,19
bd_shs,55
bd_shs,25
bd_shs,19
bd_shs,18
bd_shs,8
bd_shs,26
bd_shs,33
bd_shs,85
bd_shs,37
bd_shs,22
bd_shs,6
bd_shs,24
bd_shs,61
bd_shs,45
bd_shs,25
bd_shs,61
bd_shs,94
bd_shs,50
bd_shs,26
bd_shs,7
bd_shs,19
bd_shs,54
bd_shs,17
bd_shs,53
bd_shs,35
bd_shs,47
bd_shs,17
bd_shs,221
bd_shs,15
bd_shs,75
bd_shs,115
bd_shs,63
bd_shs,17
bd_shs,7
bd_shs,55
bd_shs,31
bd_shs,35
bd_shs,11
bd_shs,11
bd_shs,17
bd_shs,15
bd_shs,26
bd_shs,11
bd_shs,24
bd_shs,32
bd_shs,20
bd_shs,39
bd_shs,11
bd_shs,21
bd_shs,16
bd_shs,82
bd_shs,38
bd_shs,10
bd_shs,14
bd_shs,21
bd_shs,15
bd_shs,107
bd_shs,6
bd_shs,143
bd_shs,72
bd_shs,22
bd_shs,60
bd_shs,95
bd_shs,39
bd_shs,16
bd_shs,31
bd_shs,13
bd_shs,21
bd_shs,15
bd_shs,28
bd_shs,19
bd_shs,25
bd_shs,251
bd_shs,16
bd_shs,16
bd_shs,22
bd_shs,10
bd_shs,51
bd_shs,99
bd_shs,35
bd_shs,53
bd_shs,15
bd_shs,72
bd_shs,9
bd_shs,12
bd_shs,1002
bd_shs,10
bd_shs,47
bd_shs,27
bd_shs,8
bd_shs,32
bd_shs,36
bd_shs,17
bd_shs,40
bd_shs,20
bd_shs,119
bd_shs,201
bd_shs,10
bd_shs,28
bd_shs,161
bd_shs,19
bd_shs,261
bd_shs,18
bd_shs,3
bd_shs,9
bd_shs,47
bd_shs,17
bd_shs,6
bd_shs,18
bd_shs,9
bd_shs,14
bd_shs,10
bd_shs,19
bd_shs,11
bd_shs,16
bd_shs,27
bd_shs,15
bd_shs,27
bd_shs,24
bd_shs,135
bd_shs,30
bd_shs,24
bd_shs,33
bd_shs,31
bd_shs,66
bd_shs,52
bd_shs,34
bd_shs,17
bd_shs,46
bd_shs,29
bd_shs,75
bd_shs,38
bd_shs,67
bd_shs,11
bd_shs,5
bd_shs,23
bd_shs,134
bd_shs,32
bd_shs,39
bd_shs,93
bd_shs,43
bd_shs,40
bd_shs,57
bd_shs,6
bd_shs,42
bd_shs,14
bd_shs,54
bd_shs,104
bd_shs,17
bd_shs,28
bd_shs,26
bd_shs,22
bd_shs,34
bd_shs,12
bd_shs,14
bd_shs,28
bd_shs,79
bd_shs,36
bd_shs,22
bd_shs,11
bd_shs,46
bd_shs,34
bd_shs,58
bd_shs,8
bd_shs,153
bd_shs,30
bd_shs,36
bd_shs,46
bd_shs,29
bd_shs,46
bd_shs,19
bd_shs,64
bd_shs,19
bd_shs,18
bd_shs,93
bd_shs,31
bd_shs,18
bd_shs,43
bd_shs,197
bd_shs,140
bd_shs,35
bd_shs,29
bd_shs,12
bd_shs,6
bd_shs,46
bd_shs,108
bd_shs,19
bd_shs,25
bd_shs,39
bd_shs,19
bd_shs,263
bd_shs,10
bd_shs,40
bd_shs,23
bd_shs,23
bd_shs,16
bd_shs,152
bd_shs,43
bd_shs,30
bd_shs,24
bd_shs,71
bd_shs,26
bd_shs,23
bd_shs,81
bd_shs,24
bd_shs,50
bd_shs,38
bd_shs,13
bd_shs,224
bd_shs,9
bd_shs,98
bd_shs,62
bd_shs,36
bd_shs,51
bd_shs,183
bd_shs,22
bd_shs,8
bd_shs,3
bd_shs,32
bd_shs,86
bd_shs,29
bd_shs,19
bd_shs,13
bd_shs,6
bd_shs,12
bd_shs,9
bd_shs,24
bd_shs,28
bd_shs,47
bd_shs,36
bd_shs,14
bd_shs,29
bd_shs,13
bd_shs,41
bd_shs,10
bd_shs,129
bd_shs,47
bd_shs,226
bd_shs,25
bd_shs,24
bd_shs,12
bd_shs,14
bd_shs,18
bd_shs,1098
bd_shs,44
bd_shs,106
bd_shs,21
bd_shs,18
bd_shs,27
bd_shs,27
bd_shs,29
bd_shs,13
bd_shs,313
bd_shs,56
bd_shs,11
bd_shs,50
bd_shs,6
bd_shs,44
bd_shs,78
bd_shs,19
bd_shs,116
bd_shs,28
bd_shs,27
bd_shs,61
bd_shs,23
bd_shs,30
bd_shs,21
bd_shs,11
bd_shs,6
bd_shs,17
bd_shs,11
bd_shs,70
bd_shs,90
bd_shs,113
bd_shs,62
bd_shs,12
bd_shs,40
bd_shs,33
bd_shs,39
bd_shs,41
bd_shs,21
bd_shs,34
bd_shs,32
bd_shs,27
bd_shs,48
bd_shs,178
bd_shs,60
bd_shs,32
bd_shs,28
bd_shs,60
bd_shs,35
bd_shs,36
bd_shs,85
bd_shs,20
bd_shs,27
bd_shs,50
bd_shs,34
bd_shs,18
bd_shs,160
bd_shs,126
bd_shs,25
bd_shs,20
bd_shs,18
bd_shs,10
bd_shs,290
bd_shs,34
bd_shs,58
bd_shs,182
bd_shs,14
bd_shs,25
bd_shs,28
bd_shs,11
bd_shs,57
bd_shs,62
bd_shs,78
bd_shs,13
bd_shs,15
bd_shs,16
bd_shs,36
bd_shs,304
bd_shs,37
bd_shs,36
bd_shs,33
bd_shs,141
bd_shs,5
bd_shs,21
bd_shs,16
bd_shs,19
bd_shs,127
bd_shs,8
bd_shs,23
bd_shs,261
bd_shs,16
bd_shs,16
bd_shs,53
bd_shs,39
bd_shs,14
bd_shs,34
bd_shs,118
bd_shs,20
bd_shs,3
bd_shs,49
bd_shs,16
bd_shs,106
bd_shs,18
bd_shs,9
bd_shs,86
bd_shs,19
bd_shs,23
bd_shs,21
bd_shs,26
bd_shs,15
bd_shs,72
bd_shs,62
bd_shs,52
bd_shs,30
bd_shs,85
bd_shs,19
bd_shs,17
bd_shs,40
bd_shs,10
bd_shs,11
bd_shs,90
bd_shs,53
bd_shs,18
bd_shs,85
bd_shs,10
bd_shs,27
bd_shs,28
bd_shs,41
bd_shs,38
bd_shs,109
bd_shs,87
bd_shs,42
bd_shs,5
bd_shs,12
bd_shs,21
bd_shs,15
bd_shs,46
bd_shs,11
bd_shs,25
bd_shs,57
bd_shs,126
bd_shs,17
bd_shs,32
bd_shs,136
bd_shs,18
bd_shs,170
bd_shs,40
bd_shs,15
bd_shs,12
bd_shs,105
bd_shs,51
bd_shs,37
bd_shs,94
bd_shs,250
bd_shs,48
bd_shs,14
bd_shs,7
bd_shs,40
bd_shs,27
bd_shs,14
bd_shs,110
bd_shs,53
bd_shs,21
bd_shs,20
bd_shs,28
bd_shs,93
bd_shs,99
bd_shs,9
bd_shs,25
bd_shs,34
bd_shs,116
bd_shs,16
bd_shs,31
bd_shs,19
bd_shs,39
bd_shs,227
bd_shs,9
bd_shs,138
bd_shs,17
bd_shs,13
bd_shs,41
bd_shs,353
bd_shs,4
bd_shs,36
bd_shs,3
bd_shs,20
bd_shs,58
bd_shs,10
bd_shs,121
bd_shs,275
bd_shs,27
bd_shs,18
bd_shs,31
bd_shs,57
bd_shs,13
bd_shs,21
bd_shs,10
bd_shs,34
bd_shs,17
bd_shs,33
bd_shs,64
bd_shs,16
bd_shs,8
bd_shs,35
bd_shs,22
bd_shs,14
bd_shs,52
bd_shs,38
bd_shs,26
bd_shs,9
bd_shs,9
bd_shs,25
bd_shs,7
bd_shs,7
bd_shs,63
bd_shs,23
bd_shs,124
bd_shs,17
bd_shs,79
bd_shs,12
bd_shs,52
bd_shs,52
bd_shs,15
bd_shs,6
bd_shs,38
bd_shs,58
bd_shs,16
bd_shs,14
bd_shs,13
bd_shs,36
bd_shs,40
bd_shs,26
bd_shs,50
bd_shs,10
bd_shs,24
bd_shs,39
bd_shs,37
bd_shs,25
bd_shs,33
bd_shs,93
bd_shs,42
bd_shs,63
bd_shs,30
bd_shs,41
bd_shs,31
bd_shs,105
bd_shs,15
bd_shs,9
bd_shs,23
bd_shs,121
bd_shs,40
bd_shs,26
bd_shs,31
bd_shs,47
bd_shs,17
bd_shs,9
bd_shs,145
bd_shs,22
bd_shs,33
bd_shs,18
bd_shs,41
bd_shs,44
bd_shs,32
bd_shs,56
bd_shs,286
bd_shs,88
bd_shs,69
bd_shs,30
bd_shs,36
bd_shs,67
bd_shs,71
bd_shs,46
bd_shs,50
bd_shs,52
bd_shs,114
bd_shs,148
bd_shs,68
bd_shs,38
bd_shs,15
bd_shs,31
bd_shs,16
bd_shs,55
bd_shs,106
bd_shs,8
bd_shs,14
bd_shs,19
bd_shs,83
bd_shs,7
bd_shs,188
bd_shs,47
bd_shs,37
bd_shs,14
bd_shs,25
bd_shs,45
bd_shs,50
bd_shs,7
bd_shs,15
bd_shs,35
bd_shs,21
bd_shs,310
bd_shs,66
bd_shs,32
bd_shs,16
bd_shs,123
bd_shs,8
bd_shs,8
bd_shs,40
bd_shs,12
bd_shs,54
bd_shs,12
bd_shs,86
bd_shs,55
bd_shs,22
bd_shs,24
bd_shs,45
bd_shs,71
bd_shs,11
bd_shs,76
bd_shs,36
bd_shs,11
bd_shs,29
bd_shs,51
bd_shs,59
bd_shs,44
bd_shs,12
bd_shs,137
bd_shs,39
bd_shs,39
bd_shs,22
bd_shs,42
bd_shs,186
bd_shs,63
bd_shs,105
bd_shs,12
bd_shs,26
bd_shs,144
bd_shs,5
bd_shs,17
bd_shs,19
bd_shs,105
bd_shs,229
bd_shs,10
bd_shs,14
bd_shs,9
bd_shs,25
bd_shs,34
bd_shs,85
bd_shs,16
bd_shs,37
bd_shs,60
bd_shs,47
bd_shs,170
bd_shs,45
bd_shs,12
bd_shs,108
bd_shs,19
bd_shs,11
bd_shs,58
bd_shs,26
bd_shs,20
bd_shs,32
bd_shs,23
bd_shs,77
bd_shs,78
bd_shs,50
bd_shs,20
bd_shs,17
bd_shs,10
bd_shs,123
bd_shs,56
bd_shs,13
bd_shs,56
bd_shs,14
bd_shs,47
bd_shs,42
bd_shs,129
bd_shs,82
bd_shs,62
bd_shs,5
bd_shs,23
bd_shs,7
bd_shs,32
bd_shs,39
bd_shs,23
bd_shs,14
bd_shs,646
bd_shs,24
bd_shs,8
bd_shs,334
bd_shs,14
bd_shs,21
bd_shs,76
bd_shs,64
bd_shs,18
bd_shs,20
bd_shs,34
bd_shs,405
bd_shs,97
bd_shs,31
bd_shs,36
bd_shs,39
bd_shs,11
bd_shs,59
bd_shs,18
bd_shs,103
bd_shs,13
bd_shs,116
bd_shs,9
bd_shs,43
bd_shs,14
bd_shs,31
bd_shs,103
bd_shs,7
bd_shs,86
bd_shs,24
bd_shs,16
bd_shs,33
bd_shs,25
bd_shs,219
bd_shs,17
bd_shs,28
bd_shs,20
bd_shs,30
bd_shs,118
bd_shs,93
bd_shs,37
bd_shs,38
bd_shs,27
bd_shs,35
bd_shs,51
bd_shs,90
bd_shs,12
bd_shs,12
bd_shs,25
bd_shs,70
bd_shs,22
bd_shs,7
bd_shs,23
bd_shs,195
bd_shs,48
bd_shs,12
bd_shs,71
bd_shs,65
bd_shs,27
bd_shs,77
bd_shs,28
bd_shs,18
bd_shs,213
bd_shs,51
bd_shs,98
bd_shs,26
bd_shs,142
bd_shs,19
bd_shs,117
bd_shs,69
bd_shs,22
bd_shs,18
bd_shs,18
bd_shs,37
bd_shs,18
bd_shs,47
bd_shs,18
bd_shs,10
bd_shs,33
bd_shs,20
bd_shs,63
bd_shs,13
bd_shs,49
bd_shs,32
bd_shs,19
bd_shs,25
bd_shs,21
bd_shs,12
bd_shs,33
bd_shs,6
bd_shs,14
bd_shs,34
bd_shs,41
bd_shs,36
bd_shs,22
bd_shs,6
bd_shs,23
bd_shs,44
bd_shs,13
bd_shs,23
bd_shs,16
bd_shs,13
bd_shs,39
bd_shs,60
bd_shs,37
bd_shs,163
bd_shs,60
bd_shs,42
bd_shs,79
bd_shs,29
bd_shs,35
bd_shs,81
bd_shs,73
bd_shs,76
bd_shs,5
bd_shs,87
bd_shs,65
bd_shs,23
bd_shs,45
bd_shs,40
bd_shs,33
bd_shs,21
bd_shs,153
bd_shs,18
bd_shs,60
bd_shs,35
bd_shs,22
bd_shs,6
bd_shs,7
bd_shs,60
bd_shs,61
bd_shs,52
bd_shs,18
bd_shs,13
bd_shs,79
bd_shs,41
bd_shs,48
bd_shs,16
bd_shs,143
bd_shs,8
bd_shs,44
bd_shs,37
bd_shs,189
bd_shs,1145
bd_shs,27
bd_shs,25
bd_shs,9
bd_shs,59
bd_shs,11
bd_shs,124
bd_shs,57
bd_shs,15
bd_shs,34
bd_shs,10
bd_shs,10
bd_shs,47
bd_shs,25
bd_shs,198
bd_shs,95
bd_shs,22
bd_shs,18
bd_shs,20
bd_shs,11
bd_shs,27
bd_shs,27
bd_shs,24
bd_shs,23
bd_shs,21
bd_shs,48
bd_shs,95
bd_shs,284
bd_shs,42
bd_shs,61
bd_shs,21
bd_shs,9
bd_shs,71
bd_shs,28
bd_shs,43
bd_shs,29
bd_shs,69
bd_shs,15
bd_shs,9
bd_shs,32
bd_shs,10
bd_shs,15
bd_shs,63
bd_shs,47
bd_shs,19
bd_shs,18
bd_shs,19
bd_shs,29
bd_shs,30
bd_shs,12
bd_shs,27
bd_shs,83
bd_shs,9
bd_shs,17
bd_shs,25
bd_shs,25
bd_shs,55
bd_shs,144
bd_shs,17
bd_shs,95
bd_shs,62
bd_shs,22
bd_shs,37
bd_shs,28
bd_shs,20
bd_shs,12
bd_shs,25
bd_shs,22
bd_shs,28
bd_shs,30
bd_shs,52
bd_shs,106
bd_shs,31
bd_shs,22
bd_shs,29
bd_shs,29
bd_shs,122
bd_shs,46
bd_shs,39
bd_shs,16
bd_shs,31
bd_shs,84
bd_shs,204
bd_shs,49
bd_shs,94
bd_shs,24
bd_shs,22
bd_shs,53
bd_shs,18
bd_shs,33
bd_shs,43
bd_shs,40
bd_shs,24
bd_shs,47
bd_shs,47
bd_shs,80
bd_shs,50
bd_shs,42
bd_shs,36
bd_shs,16
bd_shs,58
bd_shs,32
bd_shs,12
bd_shs,33
bd_shs,36
bd_shs,19
bd_shs,9
bd_shs,50
bd_shs,221
bd_shs,133
bd_shs,49
bd_shs,14
bd_shs,17
bd_shs,9
bd_shs,13
bd_shs,6
bd_shs,12
bd_shs,102
bd_shs,61
bd_shs,266
bd_shs,17
bd_shs,14
bd_shs,23
bd_shs,77
bd_shs,29
bd_shs,79
bd_shs,15
bd_shs,23
bd_shs,12
bd_shs,14
bd_shs,18
bd_shs,24
bd_shs,18
bd_shs,13
bd_shs,49
bd_shs,27
bd_shs,10
bd_shs,16
bd_shs,69
bd_shs,6
bd_shs,51
bd_shs,17
bd_shs,222
bd_shs,66
bd_shs,14
bd_shs,30
bd_shs,28
bd_shs,58
bd_shs,21
bd_shs,36
bd_shs,38
bd_shs,23
bd_shs,28
bd_shs,7
bd_shs,90
bd_shs,17
bd_shs,46
bd_shs,7
bd_shs,18
bd_shs,10
bd_shs,14
bd_shs,15
bd_shs,66
bd_shs,36
bd_shs,20
bd_shs,14
bd_shs,13
bd_shs,138
bd_shs,59
bd_shs,42
bd_shs,37
bd_shs,50
bd_shs,24
bd_shs,37
bd_shs,32
bd_shs,95
bd_shs,68
bd_shs,41
bd_shs,8
bd_shs,47
bd_shs,128
bd_shs,26
bd_shs,20
bd_shs,53
bd_shs,19
bd_shs,43
bd_shs,45
bd_shs,26
bd_shs,70
bd_shs,32
bd_shs,23
bd_shs,19
bd_shs,5
bd_shs,18
bd_shs,36
bd_shs,58
bd_shs,46
bd_shs,42
bd_shs,76
bd_shs,77
bd_shs,42
bd_shs,28
bd_shs,15
bd_shs,24
bd_shs,29
bd_shs,82
bd_shs,94
bd_shs,27
bd_shs,16
bd_shs,24
bd_shs,17
bd_shs,67
bd_shs,22
bd_shs,62
bd_shs,12
bd_shs,16
bd_shs,57
bd_shs,36
bd_shs,41
bd_shs,20
bd_shs,23
bd_shs,32
bd_shs,12
bd_shs,14
bd_shs,19
bd_shs,25
bd_shs,20
bd_shs,37
bd_shs,10
bd_shs,21
bd_shs,15
bd_shs,49
bd_shs,17
bd_shs,56
bd_shs,17
bd_shs,15
bd_shs,265
bd_shs,20
bd_shs,19
bd_shs,75
bd_shs,63
bd_shs,25
bd_shs,21
bd_shs,20
bd_shs,42
bd_shs,7
bd_shs,87
bd_shs,24
bd_shs,50
bd_shs,17
bd_shs,24
bd_shs,16
bd_shs,14
bd_shs,8
bd_shs,44
bd_shs,12
bd_shs,82
bd_shs,18
bd_shs,66
bd_shs,9
bd_shs,23
bd_shs,24
bd_shs,27
bd_shs,283
bd_shs,13
bd_shs,22
bd_shs,87
bd_shs,63
bd_shs,11
bd_shs,38
bd_shs,95
bd_shs,80
bd_shs,9
bd_shs,23
bd_shs,10
bd_shs,37
bd_shs,13
bd_shs,18
bd_shs,20
bd_shs,6
bd_shs,26
bd_shs,76
bd_shs,11
bd_shs,23
bd_shs,27
bd_shs,82
bd_shs,8
bd_shs,4
bd_shs,149
bd_shs,7
bd_shs,24
bd_shs,18
bd_shs,26
bd_shs,23
bd_shs,8
bd_shs,53
bd_shs,17
bd_shs,3
bd_shs,754
bd_shs,72
bd_shs,56
bd_shs,27
bd_shs,44
bd_shs,19
bd_shs,44
bd_shs,19
bd_shs,11
bd_shs,17
bd_shs,20
bd_shs,86
bd_shs,23
bd_shs,38
bd_shs,9
bd_shs,7
bd_shs,9
bd_shs,90
bd_shs,18
bd_shs,29
bd_shs,14
bd_shs,26
bd_shs,29
bd_shs,41
bd_shs,15
bd_shs,11
bd_shs,66
bd_shs,74
bd_shs,25
bd_shs,35
bd_shs,58
bd_shs,14
bd_shs,21
bd_shs,51
bd_shs,119
bd_shs,55
bd_shs,7
bd_shs,22
bd_shs,184
bd_shs,177
bd_shs,144
bd_shs,27
bd_shs,8
bd_shs,80
bd_shs,60
bd_shs,61
bd_shs,33
bd_shs,32
bd_shs,13
bd_shs,13
bd_shs,74
bd_shs,130
bd_shs,23
bd_shs,12
bd_shs,8
bd_shs,37
bd_shs,18
bd_shs,12
bd_shs,48
bd_shs,13
bd_shs,219
bd_shs,32
bd_shs,164
bd_shs,29
bd_shs,11
bd_shs,14
bd_shs,95
bd_shs,98
bd_shs,9
bd_shs,4
bd_shs,118
bd_shs,20
bd_shs,58
bd_shs,190
bd_shs,32
bd_shs,36
bd_shs,39
bd_shs,11
bd_shs,31
bd_shs,22
bd_shs,7
bd_shs,27
bd_shs,8
bd_shs,53
bd_shs,16
bd_shs,29
bd_shs,15
bd_shs,50
bd_shs,45
bd_shs,16
bd_shs,4
bd_shs,7
bd_shs,79
bd_shs,19
bd_shs,39
bd_shs,24
bd_shs,18
bd_shs,36
bd_shs,23
bd_shs,49
bd_shs,14
bd_shs,13
bd_shs,18
bd_shs,7
bd_shs,43
bd_shs,6
bd_shs,30
bd_shs,13
bd_shs,170
bd_shs,21
bd_shs,25
bd_shs,15
bd_shs,47
bd_shs,48
bd_shs,5
bd_shs,41
bd_shs,105
bd_shs,47
bd_shs,49
bd_shs,13
bd_shs,14
bd_shs,11
bd_shs,18
bd_shs,43
bd_shs,14
bd_shs,23
bd_shs,21
bd_shs,66
bd_shs,45
bd_shs,10
bd_shs,59
bd_shs,23
bd_shs,39
bd_shs,13
bd_shs,192
bd_shs,36
bd_shs,23
bd_shs,43
bd_shs,16
bd_shs,18
bd_shs,85
bd_shs,70
bd_shs,33
bd_shs,45
bd_shs,65
bd_shs,80
bd_shs,50
bd_shs,47
bd_shs,12
bd_shs,43
bd_shs,19
bd_shs,73
bd_shs,26
bd_shs,33
bd_shs,95
bd_shs,31
bd_shs,16
bd_shs,59
bd_shs,10
bd_shs,105
bd_shs,30
bd_shs,42
bd_shs,94
bd_shs,25
bd_shs,35
bd_shs,64
bd_shs,12
bd_shs,36
bd_shs,16
bd_shs,8
bd_shs,8
bd_shs,67
bd_shs,93
bd_shs,7
bd_shs,65
bd_shs,13
bd_shs,50
bd_shs,238
bd_shs,47
bd_shs,76
bd_shs,23
bd_shs,16
bd_shs,93
bd_shs,14
bd_shs,90
bd_shs,39
bd_shs,13
bd_shs,35
bd_shs,17
bd_shs,17
bd_shs,18
bd_shs,16
bd_shs,7
bd_shs,37
bd_shs,6
bd_shs,39
bd_shs,39
bd_shs,39
bd_shs,25
bd_shs,61
bd_shs,36
bd_shs,20
bd_shs,32
bd_shs,18
bd_shs,15
bd_shs,22
bd_shs,72
bd_shs,17
bd_shs,50
bd_shs,11
bd_shs,61
bd_shs,8
bd_shs,66
bd_shs,23
bd_shs,15
bd_shs,24
bd_shs,27
bd_shs,52
bd_shs,6
bd_shs,48
bd_shs,47
bd_shs,24
bd_shs,34
bd_shs,12
bd_shs,10
bd_shs,20
bd_shs,14
bd_shs,7
bd_shs,43
bd_shs,9
bd_shs,11
bd_shs,32
bd_shs,47
bd_shs,92
bd_shs,6
bd_shs,20
bd_shs,69
bd_shs,41
bd_shs,9
bd_shs,27
bd_shs,23
bd_shs,21
bd_shs,23
bd_shs,17
bd_shs,9
bd_shs,26
bd_shs,110
bd_shs,125
bd_shs,15
bd_shs,9
bd_shs,17
bd_shs,11
bd_shs,8
bd_shs,152
bd_shs,24
bd_shs,54
bd_shs,39
bd_shs,34
bd_shs,30
bd_shs,25
bd_shs,15
bd_shs,39
bd_shs,39
bd_shs,33
bd_shs,31
bd_shs,82
bd_shs,9
bd_shs,90
bd_shs,8
bd_shs,38
bd_shs,3
bd_shs,12
bd_shs,39
bd_shs,6
bd_shs,15
bd_shs,29
bd_shs,39
bd_shs,59
bd_shs,15
bd_shs,10
bd_shs,21
bd_shs,70
bd_shs,103
bd_shs,9
bd_shs,52
bd_shs,19
bd_shs,39
bd_shs,14
bd_shs,20
bd_shs,46
bd_shs,53
bd_shs,34
bd_shs,57
bd_shs,179
bd_shs,139
bd_shs,24
bd_shs,47
bd_shs,40
bd_shs,7
bd_shs,15
bd_shs,49
bd_shs,17
bd_shs,527
bd_shs,34
bd_shs,120
bd_shs,21
bd_shs,13
bd_shs,31
bd_shs,93
bd_shs,20
bd_shs,24
bd_shs,146
bd_shs,24
bd_shs,30
bd_shs,15
bd_shs,46
bd_shs,14
bd_shs,34
bd_shs,29
bd_shs,23
bd_shs,41
bd_shs,15
bd_shs,9
bd_shs,9
bd_shs,57
bd_shs,25
bd_shs,44
bd_shs,34
bd_shs,64
bd_shs,58
bd_shs,17
bd_shs,35
bd_shs,24
bd_shs,173
bd_shs,18
bd_shs,11
bd_shs,268
bd_shs,45
bd_shs,74
bd_shs,16
bd_shs,30
bd_shs,33
bd_shs,19
bd_shs,29
bd_shs,27
bd_shs,12
bd_shs,15
bd_shs,19
bd_shs,17
bd_shs,11
bd_shs,8
bd_shs,15
bd_shs,28
bd_shs,41
bd_shs,19
bd_shs,19
bd_shs,43
bd_shs,43
bd_shs,53
bd_shs,10
bd_shs,17
bd_shs,8
bd_shs,18
bd_shs,17
bd_shs,3
bd_shs,23
bd_shs,7
bd_shs,56
bd_shs,87
bd_shs,13
bd_shs,49
bd_shs,49
bd_shs,117
bd_shs,37
bd_shs,61
bd_shs,11
bd_shs,47
bd_shs,5
bd_shs,20
bd_shs,18
bd_shs,141
bd_shs,34
bd_shs,28
bd_shs,59
bd_shs,94
bd_shs,33
bd_shs,68
bd_shs,24
bd_shs,357
bd_shs,69
bd_shs,43
bd_shs,55
bd_shs,37
bd_shs,62
bd_shs,63
bd_shs,196
bd_shs,87
bd_shs,52
bd_shs,14
bd_shs,24
bd_shs,36
bd_shs,8
bd_shs,18
bd_shs,7
bd_shs,39
bd_shs,13
bd_shs,39
bd_shs,30
bd_shs,41
bd_shs,21
bd_shs,18
bd_shs,25
bd_shs,50
bd_shs,46
bd_shs,119
bd_shs,37
bd_shs,12
bd_shs,12
bd_shs,58
bd_shs,13
bd_shs,41
bd_shs,57
bd_shs,18
bd_shs,40
bd_shs,7
bd_shs,23
bd_shs,10
bd_shs,172
bd_shs,16
bd_shs,171
bd_shs,22
bd_shs,135
bd_shs,51
bd_shs,22
bd_shs,23
bd_shs,33
bd_shs,16
bd_shs,68
bd_shs,65
bd_shs,23
bd_shs,127
bd_shs,11
bd_shs,38
bd_shs,28
bd_shs,45
bd_shs,42
bd_shs,97
bd_shs,27
bd_shs,42
bd_shs,126
bd_shs,6
bd_shs,82
bd_shs,14
bd_shs,20
bd_shs,47
bd_shs,6
bd_shs,63
bd_shs,198
bd_shs,18
bd_shs,657
bd_shs,111
bd_shs,27
bd_shs,11
bd_shs,14
bd_shs,21
bd_shs,17
bd_shs,309
bd_shs,21
bd_shs,140
bd_shs,71
bd_shs,49
bd_shs,18
bd_shs,21
bd_shs,74
bd_shs,77
bd_shs,94
bd_shs,6
bd_shs,10
bd_shs,23
bd_shs,21
bd_shs,13
bd_shs,76
bd_shs,10
bd_shs,67
bd_shs,19
bd_shs,21
bd_shs,55
bd_shs,15
bd_shs,60
bd_shs,44
bd_shs,17
bd_shs,30
bd_shs,279
bd_shs,12
bd_shs,69
bd_shs,10
bd_shs,11
bd_shs,37
bd_shs,44
bd_shs,44
bd_shs,12
bd_shs,39
bd_shs,44
bd_shs,21
bd_shs,231
bd_shs,49
bd_shs,22
bd_shs,197
bd_shs,14
bd_shs,156
bd_shs,19
bd_shs,21
bd_shs,20
bd_shs,48
bd_shs,12
bd_shs,167
bd_shs,28
bd_shs,11
bd_shs,68
bd_shs,64
bd_shs,16
bd_shs,33
bd_shs,19
bd_shs,38
bd_shs,37
bd_shs,10
bd_shs,22
bd_shs,31
bd_shs,79
bd_shs,62
bd_shs,59
bd_shs,48
bd_shs,11
bd_shs,29
bd_shs,23
bd_shs,15
bd_shs,40
bd_shs,35
bd_shs,39
bd_shs,37
bd_shs,316
bd_shs,53
bd_shs,12
bd_shs,49
bd_shs,17
bd_shs,43
bd_shs,32
bd_shs,22
bd_shs,15
bd_shs,29
bd_shs,291
bd_shs,32
bd_shs,61
bd_shs,15
bd_shs,15
bd_shs,26
bd_shs,53
bd_shs,40
bd_shs,50
bd_shs,95
bd_shs,21
bd_shs,6
bd_shs,7
bd_shs,21
bd_shs,58
bd_shs,12
bd_shs,34
bd_shs,195
bd_shs,127
bd_shs,6
bd_shs,20
bd_shs,44
bd_shs,25
bd_shs,23
bd_shs,32
bd_shs,8
bd_shs,34
bd_shs,92
bd_shs,24
bd_shs,8
bd_shs,21
bd_shs,12
bd_shs,70
bd_shs,10
bd_shs,50
bd_shs,18
bd_shs,30
bd_shs,54
bd_shs,12
bd_shs,9
bd_shs,27
bd_shs,34
bd_shs,5
bd_shs,23
bd_shs,197
bd_shs,132
bd_shs,24
bd_shs,61
bd_shs,13
bd_shs,11
bd_shs,524
bd_shs,25
bd_shs,25
bd_shs,26
bd_shs,215
bd_shs,13
bd_shs,52
bd_shs,24
bd_shs,27
bd_shs,19
bd_shs,154
bd_shs,20
bd_shs,13
bd_shs,8
bd_shs,11
bd_shs,70
bd_shs,87
bd_shs,27
bd_shs,15
bd_shs,19
bd_shs,26
bd_shs,40
bd_shs,20
bd_shs,19
bd_shs,15
bd_shs,10
bd_shs,25
bd_shs,19
bd_shs,30
bd_shs,12
bd_shs,69
bd_shs,45
bd_shs,57
bd_shs,52
bd_shs,13
bd_shs,76
bd_shs,20
bd_shs,22
bd_shs,23
bd_shs,36
bd_shs,99
bd_shs,76
bd_shs,22
bd_shs,10
bd_shs,51
bd_shs,32
bd_shs,10
bd_shs,18
bd_shs,298
bd_shs,19
bd_shs,26
bd_shs,30
bd_shs,19
bd_shs,22
bd_shs,15
bd_shs,52
bd_shs,40
bd_shs,22
bd_shs,130
bd_shs,55
bd_shs,30
bd_shs,50
bd_shs,49
bd_shs,22
bd_shs,20
bd_shs,33
bd_shs,74
bd_shs,17
bd_shs,18
bd_shs,8
bd_shs,70
bd_shs,46
bd_shs,27
bd_shs,31
bd_shs,37
bd_shs,5
bd_shs,22
bd_shs,61
bd_shs,18
bd_shs,71
bd_shs,10
bd_shs,22
bd_shs,33
bd_shs,30
bd_shs,6
bd_shs,18
bd_shs,44
bd_shs,57
bd_shs,278
bd_shs,24
bd_shs,54
bd_shs,6
bd_shs,6
bd_shs,25
bd_shs,110
bd_shs,34
bd_shs,38
bd_shs,19
bd_shs,22
bd_shs,34
bd_shs,147
bd_shs,33
bd_shs,47
bd_shs,38
bd_shs,84
bd_shs,15
bd_shs,18
bd_shs,18
bd_shs,38
bd_shs,28
bd_shs,41
bd_shs,34
bd_shs,118
bd_shs,80
bd_shs,32
bd_shs,49
bd_shs,131
bd_shs,46
bd_shs,80
bd_shs,61
bd_shs,71
bd_shs,9
bd_shs,38
bd_shs,81
bd_shs,6
bd_shs,98
bd_shs,70
bd_shs,17
bd_shs,22
bd_shs,204
bd_shs,49
bd_shs,24
bd_shs,32
bd_shs,75
bd_shs,72
bd_shs,38
bd_shs,17
bd_shs,50
bd_shs,15
bd_shs,5
bd_shs,56
bd_shs,10
bd_shs,41
bd_shs,21
bd_shs,33
bd_shs,15
bd_shs,23
bd_shs,123
bd_shs,32
bd_shs,34
bd_shs,21
bd_shs,16
bd_shs,29
bd_shs,21
bd_shs,16
bd_shs,96
bd_shs,80
bd_shs,116
bd_shs,49
bd_shs,146
bd_shs,44
bd_shs,38
bd_shs,60
bd_shs,24
bd_shs,25
bd_shs,25
bd_shs,40
bd_shs,10
bd_shs,32
bd_shs,24
bd_shs,72
bd_shs,24
bd_shs,30
bd_shs,194
bd_shs,22
bd_shs,150
bd_shs,22
bd_shs,29
bd_shs,190
bd_shs,44
bd_shs,15
bd_shs,39
bd_shs,31
bd_shs,122
bd_shs,23
bd_shs,55
bd_shs,8
bd_shs,15
bd_shs,58
bd_shs,14
bd_shs,30
bd_shs,10
bd_shs,37
bd_shs,12
bd_shs,28
bd_shs,17
bd_shs,99
bd_shs,17
bd_shs,20
bd_shs,91
bd_shs,8
bd_shs,26
bd_shs,144
bd_shs,60
bd_shs,21
bd_shs,44
bd_shs,32
bd_shs,10
bd_shs,102
bd_shs,37
bd_shs,33
bd_shs,27
bd_shs,14
bd_shs,38
bd_shs,8
bd_shs,13
bd_shs,40
bd_shs,18
bd_shs,93
bd_shs,64
bd_shs,9
bd_shs,107
bd_shs,54
bd_shs,59
bd_shs,32
bd_shs,87
bd_shs,11
bd_shs,52
bd_shs,111
bd_shs,24
bd_shs,86
bd_shs,22
bd_shs,13
bd_shs,14
bd_shs,17
bd_shs,15
bd_shs,45
bd_shs,11
bd_shs,17
bd_shs,15
bd_shs,39
bd_shs,67
bd_shs,23
bd_shs,161
bd_shs,93
bd_shs,35
bd_shs,28
bd_shs,8
bd_shs,91
bd_shs,92
bd_shs,74
bd_shs,23
bd_shs,46
bd_shs,20
bd_shs,18
bd_shs,21
bd_shs,8
bd_shs,52
bd_shs,60
bd_shs,26
bd_shs,99
bd_shs,58
bd_shs,13
bd_shs,30
bd_shs,79
bd_shs,48
bd_shs,76
bd_shs,40
bd_shs,56
bd_shs,18
bd_shs,29
bd_shs,16
bd_shs,29
bd_shs,34
bd_shs,18
bd_shs,23
bd_shs,60
bd_shs,23
bd_shs,12
bd_shs,24
bd_shs,17
bd_shs,34
bd_shs,24
bd_shs,26
bd_shs,41
bd_shs,26
bd_shs,16
bd_shs,43
bd_shs,97
bd_shs,17
bd_shs,18
bd_shs,140
bd_shs,7
bd_shs,22
bd_shs,114
bd_shs,46
bd_shs,16
bd_shs,101
bd_shs,35
bd_shs,17
bd_shs,7
bd_shs,82
bd_shs,58
bd_shs,6
bd_shs,74
bd_shs,18
bd_shs,67
bd_shs,11
bd_shs,46
bd_shs,27
bd_shs,39
bd_shs,18
bd_shs,44
bd_shs,133
bd_shs,22
bd_shs,23
bd_shs,47
bd_shs,36
bd_shs,57
bd_shs,18
bd_shs,90
bd_shs,12
bd_shs,28
bd_shs,35
bd_shs,40
bd_shs,12
bd_shs,59
bd_shs,29
bd_shs,5
bd_shs,40
bd_shs,18
bd_shs,44
bd_shs,84
bd_shs,16
bd_shs,48
bd_shs,50
bd_shs,57
bd_shs,23
bd_shs,24
bd_shs,44
bd_shs,12
bd_shs,43
bd_shs,16
bd_shs,40
bd_shs,16
bd_shs,101
bd_shs,56
bd_shs,12
bd_shs,116
bd_shs,19
bd_shs,61
bd_shs,16
bd_shs,34
bd_shs,25
bd_shs,62
bd_shs,79
bd_shs,132
bd_shs,11
bd_shs,48
bd_shs,115
bd_shs,14
bd_shs,29
bd_shs,16
bd_shs,33
bd_shs,39
bd_shs,12
bd_shs,13
bd_shs,55
bd_shs,41
bd_shs,95
bd_shs,12
bd_shs,89
bd_shs,74
bd_shs,11
bd_shs,16
bd_shs,42
bd_shs,7
bd_shs,107
bd_shs,105
bd_shs,10
bd_shs,11
bd_shs,16
bd_shs,5
bd_shs,29
bd_shs,48
bd_shs,32
bd_shs,106
bd_shs,28
bd_shs,39
bd_shs,24
bd_shs,49
bd_shs,91
bd_shs,21
bd_shs,47
bd_shs,69
bd_shs,17
bd_shs,20
bd_shs,9
bd_shs,13
bd_shs,10
bd_shs,147
bd_shs,20
bd_shs,19
bd_shs,9
bd_shs,14
bd_shs,12
bd_shs,55
bd_shs,20
bd_shs,6
bd_shs,23
bd_shs,15
bd_shs,48
bd_shs,12
bd_shs,47
bd_shs,40
bd_shs,34
bd_shs,52
bd_shs,10
bd_shs,19
bd_shs,29
bd_shs,47
bd_shs,31
bd_shs,5
bd_shs,51
bd_shs,46
bd_shs,12
bd_shs,45
bd_shs,8
bd_shs,42
bd_shs,25
bd_shs,9
bd_shs,36
bd_shs,12
bd_shs,6
bd_shs,79
bd_shs,15
bd_shs,35
bd_shs,27
bd_shs,38
bd_shs,17
bd_shs,48
bd_shs,27
bd_shs,56
bd_shs,48
bd_shs,45
bd_shs,11
bd_shs,304
bd_shs,54
bd_shs,13
bd_shs,204
bd_shs,17
bd_shs,44
bd_shs,19
bd_shs,12
bd_shs,17
bd_shs,40
bd_shs,107
bd_shs,18
bd_shs,17
bd_shs,69
bd_shs,114
bd_shs,79
bd_shs,19
bd_shs,74
bd_shs,16
bd_shs,25
bd_shs,40
bd_shs,56
bd_shs,30
bd_shs,41
bd_shs,20
bd_shs,27
bd_shs,15
bd_shs,16
bd_shs,86
bd_shs,110
bd_shs,40
bd_shs,3
bd_shs,32
bd_shs,42
bd_shs,15
bd_shs,40
bd_shs,301
bd_shs,14
bd_shs,24
bd_shs,22
bd_shs,14
bd_shs,16
bd_shs,26
bd_shs,74
bd_shs,23
bd_shs,15
bd_shs,32
bd_shs,34
bd_shs,7
bd_shs,9
bd_shs,20
bd_shs,38
bd_shs,12
bd_shs,8
bd_shs,7
bd_shs,31
bd_shs,13
bd_shs,39
bd_shs,11
bd_shs,7
bd_shs,14
bd_shs,220
bd_shs,14
bd_shs,15
bd_shs,12
bd_shs,102
bd_shs,95
bd_shs,86
bd_shs,12
bd_shs,29
bd_shs,9
bd_shs,63
bd_shs,39
bd_shs,37
bd_shs,30
bd_shs,113
bd_shs,9
bd_shs,20
bd_shs,5
bd_shs,76
bd_shs,50
bd_shs,30
bd_shs,16
bd_shs,20
bd_shs,45
bd_shs,16
bd_shs,26
bd_shs,40
bd_shs,10
bd_shs,99
bd_shs,103
bd_shs,57
bd_shs,39
bd_shs,192
bd_shs,20
bd_shs,25
bd_shs,10
bd_shs,21
bd_shs,29
bd_shs,184
bd_shs,100
bd_shs,16
bd_shs,18
bd_shs,57
bd_shs,167
bd_shs,16
bd_shs,92
bd_shs,7
bd_shs,26
bd_shs,160
bd_shs,18
bd_shs,15
bd_shs,17
bd_shs,49
bd_shs,31
bd_shs,49
bd_shs,14
bd_shs,9
bd_shs,38
bd_shs,20
bd_shs,24
bd_shs,56
bd_shs,44
bd_shs,22
bd_shs,31
bd_shs,21
bd_shs,105
bd_shs,129
bd_shs,66
bd_shs,10
bd_shs,114
bd_shs,117
bd_shs,29
bd_shs,211
bd_shs,36
bd_shs,21
bd_shs,18
bd_shs,81
bd_shs,14
bd_shs,37
bd_shs,139
bd_shs,70
bd_shs,54
bd_shs,117
bd_shs,28
bd_shs,24
bd_shs,36
bd_shs,48
bd_shs,52
bd_shs,17
bd_shs,20
bd_shs,44
bd_shs,40
bd_shs,150
bd_shs,7
bd_shs,16
bd_shs,21
bd_shs,70
bd_shs,251
bd_shs,31
bd_shs,130
bd_shs,70
bd_shs,27
bd_shs,22
bd_shs,25
bd_shs,14
bd_shs,32
bd_shs,11
bd_shs,9
bd_shs,55
bd_shs,20
bd_shs,36
bd_shs,17
bd_shs,37
bd_shs,19
bd_shs,180
bd_shs,17
bd_shs,18
bd_shs,89
bd_shs,40
bd_shs,31
bd_shs,34
bd_shs,29
bd_shs,80
bd_shs,25
bd_shs,36
bd_shs,12
bd_shs,8
bd_shs,46
bd_shs,13
bd_shs,11
bd_shs,68
bd_shs,148
bd_shs,20
bd_shs,7
bd_shs,69
bd_shs,19
bd_shs,37
bd_shs,32
bd_shs,124
bd_shs,42
bd_shs,62
bd_shs,52
bd_shs,3
bd_shs,48
bd_shs,9
bd_shs,31
bd_shs,10
bd_shs,17
bd_shs,48
bd_shs,18
bd_shs,25
bd_shs,92
bd_shs,15
bd_shs,69
bd_shs,36
bd_shs,7
bd_shs,58
bd_shs,5
bd_shs,37
bd_shs,14
bd_shs,19
bd_shs,20
bd_shs,151
bd_shs,46
bd_shs,89
bd_shs,19
bd_shs,118
bd_shs,17
bd_shs,35
bd_shs,16
bd_shs,131
bd_shs,22
bd_shs,11
bd_shs,32
bd_shs,13
bd_shs,43
bd_shs,148
bd_shs,97
bd_shs,13
bd_shs,13
bd_shs,17
bd_shs,41
bd_shs,5
bd_shs,11
bd_shs,63
bd_shs,15
bd_shs,76
bd_shs,18
bd_shs,14
bd_shs,77
bd_shs,187
bd_shs,100
bd_shs,129
bd_shs,18
bd_shs,64
bd_shs,11
bd_shs,22
bd_shs,25
bd_shs,20
bd_shs,59
bd_shs,83
bd_shs,51
bd_shs,27
bd_shs,241
bd_shs,26
bd_shs,37
bd_shs,4
bd_shs,49
bd_shs,14
bd_shs,29
bd_shs,128
bd_shs,84
bd_shs,70
bd_shs,17
bd_shs,8
bd_shs,10
bd_shs,18
bd_shs,169
bd_shs,68
bd_shs,15
bd_shs,45
bd_shs,46
bd_shs,23
bd_shs,22
bd_shs,56
bd_shs,29
bd_shs,164
bd_shs,11
bd_shs,29
bd_shs,42
bd_shs,24
bd_shs,13
bd_shs,131
bd_shs,19
bd_shs,20
bd_shs,49
bd_shs,5
bd_shs,8
bd_shs,82
bd_shs,23
bd_shs,58
bd_shs,195
bd_shs,60
bd_shs,27
bd_shs,77
bd_shs,45
bd_shs,20
bd_shs,20
bd_shs,23
bd_shs,43
bd_shs,127
bd_shs,36
bd_shs,69
bd_shs,25
bd_shs,12
bd_shs,81
bd_shs,20
bd_shs,20
bd_shs,39
bd_shs,109
bd_shs,38
bd_shs,11
bd_shs,17
bd_shs,21
bd_shs,31
bd_shs,27
bd_shs,24
bd_shs,16
bd_shs,21
bd_shs,75
bd_shs,76
bd_shs,31
bd_shs,353
bd_shs,8
bd_shs,48
bd_shs,326
bd_shs,23
bd_shs,23
bd_shs,39
bd_shs,23
bd_shs,11
bd_shs,29
bd_shs,65
bd_shs,25
bd_shs,33
bd_shs,26
bd_shs,71
bd_shs,6
bd_shs,38
bd_shs,15
bd_shs,13
bd_shs,36
bd_shs,23
bd_shs,39
bd_shs,47
bd_shs,65
bd_shs,33
bd_shs,11
bd_shs,10
bd_shs,25
bd_shs,307
bd_shs,13
bd_shs,19
bd_shs,105
bd_shs,12
bd_shs,31
bd_shs,6
bd_shs,36
bd_shs,8
bd_shs,55
bd_shs,27
bd_shs,16
bd_shs,12
bd_shs,5
bd_shs,19
bd_shs,80
bd_shs,70
bd_shs,27
bd_shs,20
bd_shs,54
bd_shs,43
bd_shs,40
bd_shs,94
bd_shs,25
bd_shs,21
bd_shs,23
bd_shs,29
bd_shs,17
bd_shs,50
bd_shs,28
bd_shs,141
bd_shs,22
bd_shs,22
bd_shs,14
bd_shs,42
bd_shs,53
bd_shs,8
bd_shs,12
bd_shs,68
bd_shs,11
bd_shs,49
bd_shs,19
bd_shs,12
bd_shs,159
bd_shs,17
bd_shs,22
bd_shs,27
bd_shs,44
bd_shs,27
bd_shs,15
bd_shs,14
bd_shs,26
bd_shs,19
bd_shs,80
bd_shs,30
bd_shs,17
bd_shs,11
bd_shs,57
bd_shs,8
bd_shs,260
bd_shs,9
bd_shs,23
bd_shs,20
bd_shs,36
bd_shs,86
bd_shs,9
bd_shs,29
bd_shs,43
bd_shs,27
bd_shs,26
bd_shs,93
bd_shs,15
bd_shs,10
bd_shs,74
bd_shs,17
bd_shs,71
bd_shs,11
bd_shs,58
bd_shs,12
bd_shs,11
bd_shs,182
bd_shs,72
bd_shs,10
bd_shs,14
bd_shs,37
bd_shs,19
bd_shs,12
bd_shs,14
bd_shs,13
bd_shs,16
bd_shs,22
bd_shs,24
bd_shs,8
bd_shs,98
bd_shs,12
bd_shs,86
bd_shs,69
bd_shs,31
bd_shs,28
bd_shs,55
bd_shs,46
bd_shs,8
bd_shs,10
bd_shs,27
bd_shs,63
bd_shs,18
bd_shs,22
bd_shs,38
bd_shs,10
bd_shs,146
bd_shs,15
bd_shs,16
bd_shs,20
bd_shs,23
bd_shs,28
bd_shs,19
bd_shs,30
bd_shs,9
bd_shs,47
bd_shs,13
bd_shs,21
bd_shs,15
bd_shs,66
bd_shs,25
bd_shs,87
bd_shs,20
bd_shs,67
bd_shs,8
bd_shs,5
bd_shs,53
bd_shs,29
bd_shs,83
bd_shs,60
bd_shs,28
bd_shs,57
bd_shs,33
bd_shs,98
bd_shs,24
bd_shs,24
bd_shs,58
bd_shs,17
bd_shs,76
bd_shs,46
bd_shs,10
bd_shs,30
bd_shs,31
bd_shs,6
bd_shs,13
bd_shs,23
bd_shs,35
bd_shs,36
bd_shs,58
bd_shs,11
bd_shs,18
bd_shs,40
bd_shs,32
bd_shs,33
bd_shs,89
bd_shs,4
bd_shs,31
bd_shs,11
bd_shs,15
bd_shs,28
bd_shs,32
bd_shs,15
bd_shs,33
bd_shs,26
bd_shs,167
bd_shs,10
bd_shs,77
bd_shs,22
bd_shs,13
bd_shs,18
bd_shs,55
bd_shs,18
bd_shs,64
bd_shs,13
bd_shs,51
bd_shs,15
bd_shs,20
bd_shs,17
bd_shs,8
bd_shs,15
bd_shs,29
bd_shs,21
bd_shs,172
bd_shs,31
bd_shs,12
bd_shs,13
bd_shs,53
bd_shs,26
bd_shs,17
bd_shs,44
bd_shs,23
bd_shs,14
bd_shs,10
bd_shs,12
bd_shs,170
bd_shs,119
bd_shs,114
bd_shs,34
bd_shs,44
bd_shs,22
bd_shs,19
bd_shs,46
bd_shs,116
bd_shs,32
bd_shs,73
bd_shs,23
bd_shs,45
bd_shs,7
bd_shs,18
bd_shs,23
bd_shs,18
bd_shs,26
bd_shs,26
bd_shs,60
bd_shs,49
bd_shs,16
bd_shs,69
bd_shs,42
bd_shs,48
bd_shs,77
bd_shs,24
bd_shs,121
bd_shs,91
bd_shs,27
bd_shs,20
bd_shs,68
bd_shs,32
bd_shs,48
bd_shs,85
bd_shs,10
bd_shs,45
bd_shs,20
bd_shs,52
bd_shs,26
bd_shs,25
bd_shs,668
bd_shs,33
bd_shs,30
bd_shs,32
bd_shs,20
bd_shs,96
bd_shs,62
bd_shs,35
bd_shs,34
bd_shs,17
bd_shs,160
bd_shs,62
bd_shs,22
bd_shs,29
bd_shs,11
bd_shs,41
bd_shs,44
bd_shs,15
bd_shs,22
bd_shs,16
bd_shs,40
bd_shs,13
bd_shs,21
bd_shs,22
bd_shs,79
bd_shs,25
bd_shs,27
bd_shs,33
bd_shs,58
bd_shs,15
bd_shs,100
bd_shs,29
bd_shs,112
bd_shs,58
bd_shs,84
bd_shs,30
bd_shs,8
bd_shs,10
bd_shs,17
bd_shs,115
bd_shs,13
bd_shs,366
bd_shs,20
bd_shs,19
bd_shs,17
bd_shs,9
bd_shs,28
bd_shs,30
bd_shs,6
bd_shs,20
bd_shs,11
bd_shs,13
bd_shs,54
bd_shs,26
bd_shs,145
bd_shs,102
bd_shs,6
bd_shs,161
bd_shs,19
bd_shs,86
bd_shs,52
bd_shs,49
bd_shs,17
bd_shs,7
bd_shs,98
bd_shs,29
bd_shs,16
bd_shs,30
bd_shs,24
bd_shs,42
bd_shs,15
bd_shs,21
bd_shs,15
bd_shs,13
bd_shs,22
bd_shs,61
bd_shs,7
bd_shs,11
bd_shs,36
bd_shs,120
bd_shs,71
bd_shs,56
bd_shs,50
bd_shs,8
bd_shs,21
bd_shs,29
bd_shs,64
bd_shs,8
bd_shs,77
bd_shs,59
bd_shs,46
bd_shs,26
bd_shs,27
bd_shs,53
bd_shs,16
bd_shs,16
bd_shs,29
bd_shs,44
bd_shs,29
bd_shs,90
bd_shs,24
bd_shs,22
bd_shs,51
bd_shs,25
bd_shs,61
bd_shs,42
bd_shs,73
bd_shs,25
bd_shs,31
bd_shs,36
bd_shs,9
bd_shs,9
bd_shs,62
bd_shs,41
bd_shs,26
bd_shs,33
bd_shs,12
bd_shs,11
bd_shs,32
bd_shs,16
bd_shs,21
bd_shs,15
bd_shs,13
bd_shs,96
bd_shs,37
bd_shs,60
bd_shs,26
bd_shs,177
bd_shs,64
bd_shs,83
bd_shs,19
bd_shs,37
bd_shs,31
bd_shs,21
bd_shs,125
bd_shs,50
bd_shs,17
bd_shs,118
bd_shs,161
bd_shs,28
bd_shs,18
bd_shs,36
bd_shs,54
bd_shs,13
bd_shs,3
bd_shs,10
bd_shs,16
bd_shs,10
bd_shs,56
bd_shs,45
bd_shs,25
bd_shs,21
bd_shs,64
bd_shs,15
bd_shs,23
bd_shs,75
bd_shs,3
bd_shs,105
bd_shs,9
bd_shs,27
bd_shs,39
bd_shs,12
bd_shs,9
bd_shs,9
bd_shs,16
bd_shs,13
bd_shs,8
bd_shs,12
bd_shs,48
bd_shs,22
bd_shs,24
bd_shs,93
bd_shs,43
bd_shs,11
bd_shs,35
bd_shs,21
bd_shs,41
bd_shs,478
bd_shs,80
bd_shs,141
bd_shs,20
bd_shs,24
bd_shs,56
bd_shs,20
bd_shs,3
bd_shs,39
bd_shs,18
bd_shs,28
bd_shs,107
bd_shs,59
bd_shs,15
bd_shs,26
bd_shs,42
bd_shs,22
bd_shs,94
bd_shs,28
bd_shs,31
bd_shs,46
bd_shs,44
bd_shs,18
bd_shs,108
bd_shs,35
bd_shs,5
bd_shs,14
bd_shs,38
bd_shs,75
bd_shs,85
bd_shs,70
bd_shs,34
bd_shs,40
bd_shs,12
bd_shs,97
bd_shs,16
bd_shs,316
bd_shs,33
bd_shs,21
bd_shs,18
bd_shs,11
bd_shs,15
bd_shs,17
bd_shs,17
bd_shs,228
bd_shs,14
bd_shs,21
bd_shs,69
bd_shs,66
bd_shs,76
bd_shs,25
bd_shs,10
bd_shs,32
bd_shs,14
bd_shs,10
bd_shs,34
bd_shs,37
bd_shs,15
bd_shs,11
bd_shs,35
bd_shs,67
bd_shs,9
bd_shs,18
bd_shs,5
bd_shs,60
bd_shs,7
bd_shs,9
bd_shs,4
bd_shs,18
bd_shs,44
bd_shs,42
bd_shs,56
bd_shs,132
bd_shs,100
bd_shs,21
bd_shs,146
bd_shs,75
bd_shs,22
bd_shs,118
bd_shs,68
bd_shs,45
bd_shs,44
bd_shs,128
bd_shs,53
bd_shs,227
bd_shs,6
bd_shs,81
bd_shs,19
bd_shs,19
bd_shs,30
bd_shs,147
bd_shs,16
bd_shs,112
bd_shs,19
bd_shs,7
bd_shs,13
bd_shs,48
bd_shs,14
bd_shs,63
bd_shs,9
bd_shs,14
bd_shs,31
bd_shs,3
bd_shs,79
bd_shs,31
bd_shs,128
bd_shs,25
bd_shs,74
bd_shs,24
bd_shs,28
bd_shs,6
bd_shs,32
bd_shs,16
bd_shs,65
bd_shs,23
bd_shs,37
bd_shs,120
bd_shs,28
bd_shs,41
bd_shs,57
bd_shs,18
bd_shs,8
bd_shs,53
bd_shs,60
bd_shs,19
bd_shs,7
bd_shs,28
bd_shs,61
bd_shs,49
bd_shs,25
bd_shs,19
bd_shs,40
bd_shs,63
bd_shs,27
bd_shs,28
bd_shs,15
bd_shs,35
bd_shs,74
bd_shs,45
bd_shs,12
bd_shs,39
bd_shs,29
bd_shs,28
bd_shs,59
bd_shs,4
bd_shs,31
bd_shs,57
bd_shs,20
bd_shs,23
bd_shs,11
bd_shs,14
bd_shs,25
bd_shs,16
bd_shs,20
bd_shs,36
bd_shs,31
bd_shs,16
bd_shs,74
bd_shs,239
bd_shs,274
bd_shs,50
bd_shs,17
bd_shs,16
bd_shs,54
bd_shs,369
bd_shs,35
bd_shs,12
bd_shs,10
bd_shs,56
bd_shs,14
bd_shs,67
bd_shs,19
bd_shs,15
bd_shs,30
bd_shs,6
bd_shs,25
bd_shs,7
bd_shs,15
bd_shs,20
bd_shs,9
bd_shs,104
bd_shs,68
bd_shs,14
bd_shs,18
bd_shs,20
bd_shs,45
bd_shs,36
bd_shs,12
bd_shs,18
bd_shs,19
bd_shs,13
bd_shs,87
bd_shs,16
bd_shs,16
bd_shs,56
bd_shs,23
bd_shs,14
bd_shs,21
bd_shs,12
bd_shs,46
bd_shs,19
bd_shs,11
bd_shs,18
bd_shs,145
bd_shs,58
bd_shs,6
bd_shs,11
bd_shs,135
bd_shs,23
bd_shs,529
bd_shs,11
bd_shs,39
bd_shs,27
bd_shs,19
bd_shs,85
bd_shs,17
bd_shs,33
bd_shs,48
bd_shs,93
bd_shs,146
bd_shs,16
bd_shs,35
bd_shs,33
bd_shs,20
bd_shs,71
bd_shs,86
bd_shs,13
bd_shs,18
bd_shs,17
bd_shs,12
bd_shs,9
bd_shs,22
bd_shs,13
bd_shs,84
bd_shs,9
bd_shs,27
bd_shs,30
bd_shs,21
bd_shs,12
bd_shs,65
bd_shs,19
bd_shs,35
bd_shs,95
bd_shs,25
bd_shs,58
bd_shs,13
bd_shs,13
bd_shs,18
bd_shs,12
bd_shs,56
bd_shs,29
bd_shs,61
bd_shs,16
bd_shs,26
bd_shs,7
bd_shs,10
bd_shs,58
bd_shs,15
bd_shs,19
bd_shs,11
bd_shs,24
bd_shs,15
bd_shs,21
bd_shs,50
bd_shs,21
bd_shs,22
bd_shs,45
bd_shs,50
bd_shs,93
bd_shs,38
bd_shs,21
bd_shs,40
bd_shs,211
bd_shs,11
bd_shs,31
bd_shs,88
bd_shs,55
bd_shs,47
bd_shs,56
bd_shs,70
bd_shs,9
bd_shs,42
bd_shs,19
bd_shs,6
bd_shs,24
bd_shs,158
bd_shs,23
bd_shs,144
bd_shs,11
bd_shs,24
bd_shs,67
bd_shs,5
bd_shs,110
bd_shs,115
bd_shs,232
bd_shs,17
bd_shs,22
bd_shs,9
bd_shs,36
bd_shs,34
bd_shs,22
bd_shs,12
bd_shs,18
bd_shs,267
bd_shs,25
bd_shs,32
bd_shs,21
bd_shs,27
bd_shs,10
bd_shs,34
bd_shs,5
bd_shs,15
bd_shs,26
bd_shs,62
bd_shs,23
bd_shs,35
bd_shs,23
bd_shs,9
bd_shs,59
bd_shs,14
bd_shs,40
bd_shs,41
bd_shs,8
bd_shs,55
bd_shs,36
bd_shs,104
bd_shs,20
bd_shs,14
bd_shs,59
bd_shs,21
bd_shs,50
bd_shs,63
bd_shs,12
bd_shs,98
bd_shs,4
bd_shs,25
bd_shs,45
bd_shs,13
bd_shs,38
bd_shs,26
bd_shs,12
bd_shs,13
bd_shs,18
bd_shs,18
bd_shs,7
bd_shs,9
bd_shs,23
bd_shs,27
bd_shs,57
bd_shs,29
bd_shs,11
bd_shs,36
bd_shs,13
bd_shs,66
bd_shs,11
bd_shs,52
bd_shs,32
bd_shs,20
bd_shs,20
bd_shs,17
bd_shs,7
bd_shs,55
bd_shs,22
bd_shs,214
bd_shs,60
bd_shs,10
bd_shs,134
bd_shs,14
bd_shs,12
bd_shs,7
bd_shs,33
bd_shs,65
bd_shs,13
bd_shs,172
bd_shs,20
bd_shs,21
bd_shs,77
bd_shs,52
bd_shs,82
bd_shs,49
bd_shs,300
bd_shs,80
bd_shs,8
bd_shs,10
bd_shs,41
bd_shs,81
bd_shs,23
bd_shs,107
bd_shs,53
bd_shs,32
bd_shs,144
bd_shs,36
bd_shs,15
bd_shs,150
bd_shs,64
bd_shs,22
bd_shs,394
bd_shs,9
bd_shs,44
bd_shs,30
bd_shs,39
bd_shs,128
bd_shs,10
bd_shs,37
bd_shs,81
bd_shs,33
bd_shs,28
bd_shs,24
bd_shs,8
bd_shs,25
bd_shs,188
bd_shs,16
bd_shs,15
bd_shs,38
bd_shs,32
bd_shs,8
bd_shs,48
bd_shs,11
bd_shs,8
bd_shs,41
bd_shs,97
bd_shs,82
bd_shs,57
bd_shs,12
bd_shs,11
bd_shs,223
bd_shs,12
bd_shs,46
bd_shs,31
bd_shs,36
bd_shs,12
bd_shs,14
bd_shs,42
bd_shs,135
bd_shs,27
bd_shs,33
bd_shs,29
bd_shs,86
bd_shs,13
bd_shs,100
bd_shs,10
bd_shs,36
bd_shs,91
bd_shs,17
bd_shs,560
bd_shs,32
bd_shs,45
bd_shs,10
bd_shs,27
bd_shs,15
bd_shs,67
bd_shs,37
bd_shs,13
bd_shs,8
bd_shs,18
bd_shs,38
bd_shs,40
bd_shs,109
bd_shs,15
bd_shs,54
bd_shs,23
bd_shs,67
bd_shs,137
bd_shs,88
bd_shs,15
bd_shs,15
bd_shs,49
bd_shs,30
bd_shs,23
bd_shs,23
bd_shs,58
bd_shs,133
bd_shs,26
bd_shs,40
bd_shs,16
bd_shs,15
bd_shs,66
bd_shs,81
bd_shs,9
bd_shs,16
bd_shs,903
bd_shs,41
bd_shs,53
bd_shs,29
bd_shs,29
bd_shs,27
bd_shs,15
bd_shs,61
bd_shs,11
bd_shs,16
bd_shs,51
bd_shs,15
bd_shs,21
bd_shs,29
bd_shs,25
bd_shs,26
bd_shs,239
bd_shs,13
bd_shs,48
bd_shs,55
bd_shs,21
bd_shs,73
bd_shs,21
bd_shs,31
bd_shs,29
bd_shs,13
bd_shs,45
bd_shs,30
bd_shs,51
bd_shs,38
bd_shs,23
bd_shs,77
bd_shs,38
bd_shs,62
bd_shs,31
bd_shs,50
bd_shs,14
bd_shs,31
bd_shs,20
bd_shs,47
bd_shs,4
bd_shs,13
bd_shs,22
bd_shs,23
bd_shs,24
bd_shs,91
bd_shs,75
bd_shs,47
bd_shs,16
bd_shs,14
bd_shs,13
bd_shs,27
bd_shs,88
bd_shs,33
bd_shs,48
bd_shs,53
bd_shs,64
bd_shs,5
bd_shs,21
bd_shs,12
bd_shs,24
bd_shs,42
bd_shs,28
bd_shs,70
bd_shs,37
bd_shs,9
bd_shs,14
bd_shs,8
bd_shs,65
bd_shs,94
bd_shs,8
bd_shs,72
bd_shs,48
bd_shs,32
bd_shs,55
bd_shs,9
bd_shs,75
bd_shs,89
bd_shs,20
bd_shs,23
bd_shs,23
bd_shs,15
bd_shs,68
bd_shs,12
bd_shs,11
bd_shs,52
bd_shs,86
bd_shs,18
bd_shs,81
bd_shs,54
bd_shs,52
bd_shs,37
bd_shs,15
bd_shs,8
bd_shs,94
bd_shs,34
bd_shs,11
bd_shs,9
bd_shs,34
bd_shs,38
bd_shs,21
bd_shs,15
bd_shs,28
bd_shs,63
bd_shs,61
bd_shs,83
bd_shs,22
bd_shs,134
bd_shs,37
bd_shs,63
bd_shs,56
bd_shs,43
bd_shs,14
bd_shs,30
bd_shs,21
bd_shs,48
bd_shs,15
bd_shs,19
bd_shs,18
bd_shs,26
bd_shs,277
bd_shs,22
bd_shs,39
bd_shs,117
bd_shs,33
bd_shs,32
bd_shs,46
bd_shs,23
bd_shs,107
bd_shs,46
bd_shs,20
bd_shs,24
bd_shs,20
bd_shs,11
bd_shs,67
bd_shs,33
bd_shs,104
bd_shs,23
bd_shs,12
bd_shs,48
bd_shs,141
bd_shs,19
bd_shs,58
bd_shs,41
bd_shs,31
bd_shs,16
bd_shs,22
bd_shs,39
bd_shs,76
bd_shs,27
bd_shs,92
bd_shs,27
bd_shs,20
bd_shs,24
bd_shs,60
bd_shs,23
bd_shs,3
bd_shs,40
bd_shs,15
bd_shs,9
bd_shs,20
bd_shs,355
bd_shs,28
bd_shs,39
bd_shs,8
bd_shs,32
bd_shs,19
bd_shs,62
bd_shs,14
bd_shs,6
bd_shs,29
bd_shs,48
bd_shs,15
bd_shs,51
bd_shs,31
bd_shs,29
bd_shs,9
bd_shs,29
bd_shs,10
bd_shs,37
bd_shs,69
bd_shs,254
bd_shs,12
bd_shs,59
bd_shs,30
bd_shs,22
bd_shs,29
bd_shs,8
bd_shs,14
bd_shs,21
bd_shs,27
bd_shs,34
bd_shs,330
bd_shs,77
bd_shs,41
bd_shs,30
bd_shs,13
bd_shs,22
bd_shs,12
bd_shs,55
bd_shs,60
bd_shs,78
bd_shs,13
bd_shs,22
bd_shs,30
bd_shs,12
bd_shs,4
bd_shs,56
bd_shs,59
bd_shs,39
bd_shs,39
bd_shs,27
bd_shs,51
bd_shs,16
bd_shs,19
bd_shs,32
bd_shs,60
bd_shs,272
bd_shs,21
bd_shs,392
bd_shs,18
bd_shs,24
bd_shs,18
bd_shs,31
bd_shs,48
bd_shs,99
bd_shs,15
bd_shs,65
bd_shs,28
bd_shs,31
bd_shs,27
bd_shs,43
bd_shs,116
bd_shs,47
bd_shs,27
bd_shs,85
bd_shs,69
bd_shs,12
bd_shs,13
bd_shs,184
bd_shs,20
bd_shs,95
bd_shs,16
bd_shs,11
bd_shs,7
bd_shs,67
bd_shs,76
bd_shs,98
bd_shs,83
bd_shs,55
bd_shs,44
bd_shs,4
bd_shs,28
bd_shs,16
bd_shs,86
bd_shs,17
bd_shs,17
bd_shs,76
bd_shs,9
bd_shs,7
bd_shs,37
bd_shs,15
bd_shs,57
bd_shs,38
bd_shs,36
bd_shs,29
bd_shs,10
bd_shs,36
bd_shs,41
bd_shs,158
bd_shs,25
bd_shs,16
bd_shs,40
bd_shs,8
bd_shs,26
bd_shs,17
bd_shs,38
bd_shs,46
bd_shs,13
bd_shs,13
bd_shs,39
bd_shs,47
bd_shs,26
bd_shs,17
bd_shs,203
bd_shs,33
bd_shs,33
bd_shs,16
bd_shs,9
bd_shs,32
bd_shs,12
bd_shs,47
bd_shs,10
bd_shs,52
bd_shs,64
bd_shs,119
bd_shs,12
bd_shs,26
bd_shs,41
bd_shs,54
bd_shs,59
bd_shs,19
bd_shs,14
bd_shs,18
bd_shs,97
bd_shs,41
bd_shs,12
bd_shs,9
bd_shs,651
bd_shs,175
bd_shs,49
bd_shs,161
bd_shs,30
bd_shs,68
bd_shs,36
bd_shs,445
bd_shs,59
bd_shs,28
bd_shs,13
bd_shs,50
bd_shs,142
bd_shs,19
bd_shs,51
bd_shs,16
bd_shs,30
bd_shs,27
bd_shs,199
bd_shs,95
bd_shs,157
bd_shs,15
bd_shs,12
bd_shs,48
bd_shs,25
bd_shs,9
bd_shs,149
bd_shs,248
bd_shs,26
bd_shs,14
bd_shs,14
bd_shs,44
bd_shs,15
bd_shs,60
bd_shs,62
bd_shs,64
bd_shs,21
bd_shs,25
bd_shs,49
bd_shs,21
bd_shs,22
bd_shs,44
bd_shs,280
bd_shs,199
bd_shs,52
bd_shs,18
bd_shs,37
bd_shs,53
bd_shs,25
bd_shs,43
bd_shs,35
bd_shs,12
bd_shs,62
bd_shs,39
bd_shs,22
bd_shs,20
bd_shs,10
bd_shs,106
bd_shs,52
bd_shs,100
bd_shs,93
bd_shs,12
bd_shs,21
bd_shs,63
bd_shs,34
bd_shs,15
bd_shs,26
bd_shs,80
bd_shs,91
bd_shs,29
bd_shs,76
bd_shs,33
bd_shs,7
bd_shs,16
bd_shs,22
bd_shs,122
bd_shs,49
bd_shs,48
bd_shs,13
bd_shs,31
bd_shs,19
bd_shs,76
bd_shs,51
bd_shs,96
bd_shs,9
bd_shs,26
bd_shs,14
bd_shs,12
bd_shs,27
bd_shs,52
bd_shs,26
bd_shs,35
bd_shs,32
bd_shs,68
bd_shs,14
bd_shs,21
bd_shs,20
bd_shs,52
bd_shs,33
bd_shs,199
bd_shs,17
bd_shs,3
bd_shs,9
bd_shs,30
bd_shs,23
bd_shs,65
bd_shs,52
bd_shs,34
bd_shs,37
bd_shs,5
bd_shs,11
bd_shs,39
bd_shs,16
bd_shs,198
bd_shs,30
bd_shs,15
bd_shs,27
bd_shs,16
bd_shs,56
bd_shs,27
bd_shs,169
bd_shs,131
bd_shs,264
bd_shs,38
bd_shs,68
bd_shs,94
bd_shs,23
bd_shs,44
bd_shs,11
bd_shs,56
bd_shs,9
bd_shs,29
bd_shs,53
bd_shs,11
bd_shs,14
bd_shs,24
bd_shs,51
bd_shs,59
bd_shs,18
bd_shs,45
bd_shs,6
bd_shs,7
bd_shs,53
bd_shs,17
bd_shs,27
bd_shs,53
bd_shs,17
bd_shs,43
bd_shs,23
bd_shs,53
bd_shs,99
bd_shs,101
bd_shs,59
bd_shs,28
bd_shs,10
bd_shs,15
bd_shs,93
bd_shs,21
bd_shs,60
bd_shs,10
bd_shs,18
bd_shs,36
bd_shs,104
bd_shs,48
bd_shs,185
bd_shs,44
bd_shs,30
bd_shs,13
bd_shs,27
bd_shs,27
bd_shs,23
bd_shs,57
bd_shs,70
bd_shs,65
bd_shs,22
bd_shs,26
bd_shs,46
bd_shs,63
bd_shs,20
bd_shs,34
bd_shs,78
bd_shs,71
bd_shs,24
bd_shs,38
bd_shs,26
bd_shs,8
bd_shs,17
bd_shs,58
bd_shs,25
bd_shs,3
bd_shs,102
bd_shs,175
bd_shs,15
bd_shs,34
bd_shs,10
bd_shs,181
bd_shs,17
bd_shs,17
bd_shs,89
bd_shs,18
bd_shs,22
bd_shs,29
bd_shs,43
bd_shs,17
bd_shs,66
bd_shs,14
bd_shs,35
bd_shs,11
bd_shs,9
bd_shs,39
bd_shs,89
bd_shs,29
bd_shs,20
bd_shs,16
bd_shs,43
bd_shs,42
bd_shs,8
bd_shs,41
bd_shs,30
bd_shs,20
bd_shs,48
bd_shs,69
bd_shs,26
bd_shs,17
bd_shs,14
bd_shs,45
bd_shs,11
bd_shs,17
bd_shs,21
bd_shs,26
bd_shs,5
bd_shs,27
bd_shs,36
bd_shs,43
bd_shs,31
bd_shs,9
bd_shs,146
bd_shs,165
bd_shs,207
bd_shs,44
bd_shs,95
bd_shs,38
bd_shs,28
bd_shs,9
bd_shs,17
bd_shs,10
bd_shs,27
bd_shs,19
bd_shs,102
bd_shs,11
bd_shs,21
bd_shs,26
bd_shs,60
bd_shs,140
bd_shs,51
bd_shs,16
bd_shs,25
bd_shs,64
bd_shs,17
bd_shs,27
bd_shs,31
bd_shs,38
bd_shs,12
bd_shs,57
bd_shs,58
bd_shs,12
bd_shs,45
bd_shs,37
bd_shs,67
bd_shs,13
bd_shs,142
bd_shs,67
bd_shs,13
bd_shs,21
bd_shs,387
bd_shs,115
bd_shs,18
bd_shs,42
bd_shs,44
bd_shs,42
bd_shs,19
bd_shs,23
bd_shs,63
bd_shs,28
bd_shs,12
bd_shs,47
bd_shs,52
bd_shs,47
bd_shs,16
bd_shs,32
bd_shs,13
bd_shs,50
bd_shs,19
bd_shs,33
bd_shs,19
bd_shs,43
bd_shs,22
bd_shs,96
bd_shs,43
bd_shs,30
bd_shs,32
bd_shs,40
bd_shs,44
bd_shs,95
bd_shs,13
bd_shs,26
bd_shs,13
bd_shs,11
bd_shs,7
bd_shs,54
bd_shs,28
bd_shs,29
bd_shs,25
bd_shs,206
bd_shs,67
bd_shs,20
bd_shs,51
bd_shs,18
bd_shs,31
bd_shs,82
bd_shs,48
bd_shs,28
bd_shs,46
bd_shs,69
bd_shs,48
bd_shs,11
bd_shs,13
bd_shs,7
bd_shs,56
bd_shs,13
bd_shs,18
bd_shs,60
bd_shs,12
bd_shs,13
bd_shs,25
bd_shs,10
bd_shs,19
bd_shs,120
bd_shs,29
bd_shs,9
bd_shs,19
bd_shs,9
bd_shs,14
bd_shs,15
bd_shs,100
bd_shs,12
bd_shs,15
bd_shs,247
bd_shs,74
bd_shs,16
bd_shs,41
bd_shs,13
bd_shs,14
bd_shs,58
bd_shs,7
bd_shs,13
bd_shs,113
bd_shs,29
bd_shs,8
bd_shs,47
bd_shs,10
bd_shs,36
bd_shs,12
bd_shs,82
bd_shs,16
bd_shs,83
bd_shs,13
bd_shs,81
bd_shs,33
bd_shs,42
bd_shs,36
bd_shs,13
bd_shs,87
bd_shs,161
bd_shs,18
bd_shs,33
bd_shs,54
bd_shs,84
bd_shs,339
bd_shs,196
bd_shs,15
bd_shs,19
bd_shs,29
bd_shs,36
bd_shs,47
bd_shs,108
bd_shs,114
bd_shs,28
bd_shs,155
bd_shs,38
bd_shs,38
bd_shs,32
bd_shs,13
bd_shs,28
bd_shs,24
bd_shs,12
bd_shs,7
bd_shs,12
bd_shs,36
bd_shs,40
bd_shs,27
bd_shs,37
bd_shs,86
bd_shs,29
bd_shs,52
bd_shs,37
bd_shs,43
bd_shs,40
bd_shs,12
bd_shs,20
bd_shs,73
bd_shs,67
bd_shs,54
bd_shs,6
bd_shs,9
bd_shs,10
bd_shs,24
bd_shs,43
bd_shs,34
bd_shs,159
bd_shs,72
bd_shs,15
bd_shs,32
bd_shs,10
bd_shs,13
bd_shs,13
bd_shs,13
bd_shs,31
bd_shs,136
bd_shs,16
bd_shs,6
bd_shs,17
bd_shs,18
bd_shs,107
bd_shs,15
bd_shs,20
bd_shs,14
bd_shs,21
bd_shs,11
bd_shs,8
bd_shs,44
bd_shs,143
bd_shs,9
bd_shs,21
bd_shs,22
bd_shs,22
bd_shs,20
bd_shs,73
bd_shs,17
bd_shs,12
bd_shs,20
bd_shs,63
bd_shs,87
bd_shs,28
bd_shs,17
bd_shs,64
bd_shs,9
bd_shs,7
bd_shs,67
bd_shs,12
bd_shs,23
bd_shs,45
bd_shs,17
bd_shs,16
bd_shs,44
bd_shs,34
bd_shs,19
bd_shs,7
bd_shs,25
bd_shs,3
bd_shs,17
bd_shs,31
bd_shs,1211
bd_shs,15
bd_shs,105
bd_shs,22
bd_shs,125
bd_shs,6
bd_shs,10
bd_shs,32
bd_shs,9
bd_shs,355
bd_shs,12
bd_shs,19
bd_shs,62
bd_shs,148
bd_shs,54
bd_shs,25
bd_shs,69
bd_shs,25
bd_shs,32
bd_shs,17
bd_shs,13
bd_shs,33
bd_shs,11
bd_shs,44
bd_shs,4
bd_shs,34
bd_shs,52
bd_shs,11
bd_shs,78
bd_shs,16
bd_shs,23
bd_shs,35
bd_shs,251
bd_shs,43
bd_shs,343
bd_shs,12
bd_shs,27
bd_shs,23
bd_shs,14
bd_shs,34
bd_shs,41
bd_shs,9
bd_shs,39
bd_shs,44
bd_shs,27
bd_shs,4
bd_shs,12
bd_shs,16
bd_shs,86
bd_shs,42
bd_shs,47
bd_shs,20
bd_shs,338
bd_shs,50
bd_shs,59
bd_shs,44
bd_shs,16
bd_shs,14
bd_shs,92
bd_shs,55
bd_shs,16
bd_shs,107
bd_shs,61
bd_shs,44
bd_shs,222
bd_shs,42
bd_shs,16
bd_shs,15
bd_shs,21
bd_shs,69
bd_shs,25
bd_shs,145
bd_shs,63
bd_shs,12
bd_shs,39
bd_shs,17
bd_shs,35
bd_shs,30
bd_shs,23
bd_shs,69
bd_shs,47
bd_shs,60
bd_shs,15
bd_shs,7
bd_shs,13
bd_shs,11
bd_shs,37
bd_shs,10
bd_shs,30
bd_shs,48
bd_shs,6
bd_shs,50
bd_shs,42
bd_shs,36
bd_shs,24
bd_shs,384
bd_shs,207
bd_shs,50
bd_shs,24
bd_shs,44
bd_shs,31
bd_shs,864
bd_shs,68
bd_shs,15
bd_shs,65
bd_shs,25
bd_shs,161
bd_shs,158
bd_shs,36
bd_shs,9
bd_shs,74
bd_shs,71
bd_shs,30
bd_shs,8
bd_shs,24
bd_shs,15
bd_shs,20
bd_shs,33
bd_shs,11
bd_shs,32
bd_shs,44
bd_shs,102
bd_shs,69
bd_shs,6
bd_shs,16
bd_shs,165
bd_shs,94
bd_shs,24
bd_shs,7
bd_shs,42
bd_shs,24
bd_shs,14
bd_shs,4
bd_shs,31
bd_shs,53
bd_shs,11
bd_shs,6
bd_shs,27
bd_shs,55
bd_shs,37
bd_shs,8
bd_shs,71
bd_shs,23
bd_shs,167
bd_shs,13
bd_shs,116
bd_shs,45
bd_shs,21
bd_shs,20
bd_shs,60
bd_shs,52
bd_shs,9
bd_shs,12
bd_shs,64
bd_shs,52
bd_shs,24
bd_shs,84
bd_shs,18
bd_shs,29
bd_shs,6
bd_shs,214
bd_shs,30
bd_shs,59
bd_shs,17
bd_shs,24
bd_shs,20
bd_shs,6
bd_shs,8
bd_shs,5
bd_shs,110
bd_shs,14
bd_shs,117
bd_shs,27
bd_shs,43
bd_shs,101
bd_shs,21
bd_shs,21
bd_shs,52
bd_shs,74
bd_shs,38
bd_shs,33
bd_shs,22
bd_shs,160
bd_shs,19
bd_shs,15
bd_shs,39
bd_shs,14
bd_shs,46
bd_shs,18
bd_shs,17
bd_shs,9
bd_shs,15
bd_shs,24
bd_shs,188
bd_shs,24
bd_shs,115
bd_shs,11
bd_shs,19
bd_shs,9
bd_shs,102
bd_shs,66
bd_shs,70
bd_shs,7
bd_shs,172
bd_shs,193
bd_shs,44
bd_shs,29
bd_shs,46
bd_shs,68
bd_shs,62
bd_shs,7
bd_shs,51
bd_shs,9
bd_shs,117
bd_shs,11
bd_shs,23
bd_shs,15
bd_shs,25
bd_shs,25
bd_shs,32
bd_shs,12
bd_shs,26
bd_shs,69
bd_shs,89
bd_shs,35
bd_shs,118
bd_shs,14
bd_shs,16
bd_shs,35
bd_shs,82
bd_shs,58
bd_shs,175
bd_shs,14
bd_shs,28
bd_shs,28
bd_shs,32
bd_shs,82
bd_shs,28
bd_shs,42
bd_shs,11
bd_shs,11
bd_shs,5
bd_shs,31
bd_shs,11
bd_shs,26
bd_shs,9
bd_shs,178
bd_shs,18
bd_shs,25
bd_shs,91
bd_shs,72
bd_shs,14
bd_shs,40
bd_shs,106
bd_shs,11
bd_shs,51
bd_shs,45
bd_shs,26
bd_shs,6
bd_shs,49
bd_shs,35
bd_shs,37
bd_shs,24
bd_shs,83
bd_shs,37
bd_shs,11
bd_shs,10
bd_shs,6
bd_shs,15
bd_shs,33
bd_shs,39
bd_shs,15
bd_shs,40
bd_shs,19
bd_shs,31
bd_shs,30
bd_shs,51
bd_shs,12
bd_shs,12
bd_shs,8
bd_shs,11
bd_shs,112
bd_shs,56
bd_shs,48
bd_shs,50
bd_shs,13
bd_shs,26
bd_shs,116
bd_shs,32
bd_shs,41
bd_shs,47
bd_shs,49
bd_shs,20
bd_shs,7
bd_shs,9
bd_shs,47
bd_shs,76
bd_shs,31
bd_shs,21
bd_shs,18
bd_shs,84
bd_shs,18
bd_shs,6
bd_shs,14
bd_shs,12
bd_shs,57
bd_shs,56
bd_shs,59
bd_shs,91
bd_shs,68
bd_shs,63
bd_shs,42
bd_shs,18
bd_shs,13
bd_shs,18
bd_shs,166
bd_shs,14
bd_shs,22
bd_shs,18
bd_shs,506
bd_shs,18
bd_shs,106
bd_shs,46
bd_shs,29
bd_shs,13
bd_shs,8
bd_shs,20
bd_shs,9
bd_shs,24
bd_shs,35
bd_shs,30
bd_shs,63
bd_shs,42
bd_shs,133
bd_shs,5
bd_shs,20
bd_shs,29
bd_shs,84
bd_shs,38
bd_shs,65
bd_shs,91
bd_shs,20
bd_shs,33
bd_shs,30
bd_shs,43
bd_shs,72
bd_shs,84
bd_shs,17
bd_shs,12
bd_shs,113
bd_shs,91
bd_shs,41
bd_shs,34
bd_shs,118
bd_shs,45
bd_shs,20
bd_shs,9
bd_shs,60
bd_shs,12
bd_shs,68
bd_shs,11
bd_shs,49
bd_shs,17
bd_shs,24
bd_shs,13
bd_shs,13
bd_shs,12
bd_shs,9
bd_shs,25
bd_shs,12
bd_shs,17
bd_shs,17
bd_shs,24
bd_shs,32
bd_shs,33
bd_shs,53
bd_shs,38
bd_shs,153
bd_shs,9
bd_shs,44
bd_shs,34
bd_shs,15
bd_shs,53
bd_shs,48
bd_shs,35
bd_shs,39
bd_shs,32
bd_shs,13
bd_shs,84
bd_shs,9
bd_shs,52
bd_shs,57
bd_shs,35
bd_shs,75
bd_shs,38
bd_shs,15
bd_shs,19
bd_shs,88
bd_shs,9
bd_shs,12
bd_shs,41
bd_shs,26
bd_shs,25
bd_shs,10
bd_shs,148
bd_shs,91
bd_shs,36
bd_shs,138
bd_shs,32
bd_shs,22
bd_shs,25
bd_shs,55
bd_shs,39
bd_shs,31
bd_shs,42
bd_shs,77
bd_shs,31
bd_shs,6
bd_shs,17
bd_shs,95
bd_shs,9
bd_shs,18
bd_shs,18
bd_shs,27
bd_shs,85
bd_shs,61
bd_shs,3
bd_shs,22
bd_shs,24
bd_shs,54
bd_shs,12
bd_shs,13
bd_shs,26
bd_shs,5
bd_shs,15
bd_shs,30
bd_shs,23
bd_shs,109
bd_shs,8
bd_shs,35
bd_shs,68
bd_shs,6
bd_shs,36
bd_shs,82
bd_shs,46
bd_shs,40
bd_shs,58
bd_shs,32
bd_shs,4
bd_shs,47
bd_shs,70
bd_shs,19
bd_shs,20
bd_shs,36
bd_shs,10
bd_shs,37
bd_shs,47
bd_shs,119
bd_shs,6
bd_shs,82
bd_shs,50
bd_shs,8
bd_shs,27
bd_shs,12
bd_shs,23
bd_shs,44
bd_shs,16
bd_shs,8
bd_shs,13
bd_shs,17
bd_shs,45
bd_shs,44
bd_shs,105
bd_shs,44
bd_shs,50
bd_shs,21
bd_shs,15
bd_shs,7
bd_shs,9
bd_shs,17
bd_shs,28
bd_shs,14
bd_shs,24
bd_shs,102
bd_shs,40
bd_shs,25
bd_shs,9
bd_shs,152
bd_shs,13
bd_shs,13
bd_shs,23
bd_shs,25
bd_shs,27
bd_shs,157
bd_shs,11
bd_shs,6
bd_shs,16
bd_shs,24
bd_shs,77
bd_shs,27
bd_shs,6
bd_shs,10
bd_shs,30
bd_shs,9
bd_shs,13
bd_shs,34
bd_shs,18
bd_shs,14
bd_shs,25
bd_shs,141
bd_shs,44
bd_shs,22
bd_shs,14
bd_shs,9
bd_shs,90
bd_shs,6
bd_shs,83
bd_shs,24
bd_shs,13
bd_shs,29
bd_shs,39
bd_shs,51
bd_shs,61
bd_shs,95
bd_shs,65
bd_shs,33
bd_shs,88
bd_shs,18
bd_shs,20
bd_shs,40
bd_shs,34
bd_shs,12
bd_shs,16
bd_shs,18
bd_shs,22
bd_shs,47
bd_shs,76
bd_shs,54
bd_shs,25
bd_shs,28
bd_shs,29
bd_shs,29
bd_shs,20
bd_shs,42
bd_shs,97
bd_shs,11
bd_shs,22
bd_shs,36
bd_shs,48
bd_shs,20
bd_shs,26
bd_shs,47
bd_shs,57
bd_shs,8
bd_shs,23
bd_shs,18
bd_shs,20
bd_shs,90
bd_shs,22
bd_shs,14
bd_shs,23
bd_shs,21
bd_shs,10
bd_shs,10
bd_shs,14
bd_shs,14
bd_shs,25
bd_shs,11
bd_shs,27
bd_shs,20
bd_shs,37
bd_shs,15
bd_shs,34
bd_shs,6
bd_shs,6
bd_shs,23
bd_shs,19
bd_shs,57
bd_shs,20
bd_shs,23
bd_shs,10
bd_shs,34
bd_shs,48
bd_shs,109
bd_shs,28
bd_shs,39
bd_shs,30
bd_shs,62
bd_shs,35
bd_shs,6
bd_shs,31
bd_shs,22
bd_shs,11
bd_shs,39
bd_shs,157
bd_shs,51
bd_shs,20
bd_shs,24
bd_shs,25
bd_shs,40
bd_shs,8
bd_shs,18
bd_shs,8
bd_shs,11
bd_shs,120
bd_shs,39
bd_shs,154
bd_shs,18
bd_shs,60
bd_shs,23
bd_shs,48
bd_shs,60
bd_shs,47
bd_shs,79
bd_shs,11
bd_shs,30
bd_shs,20
bd_shs,32
bd_shs,22
bd_shs,30
bd_shs,21
bd_shs,6
bd_shs,50
bd_shs,39
bd_shs,16
bd_shs,19
bd_shs,16
bd_shs,66
bd_shs,22
bd_shs,392
bd_shs,8
bd_shs,9
bd_shs,34
bd_shs,35
bd_shs,39
bd_shs,34
bd_shs,87
bd_shs,13
bd_shs,53
bd_shs,41
bd_shs,15
bd_shs,46
bd_shs,933
bd_shs,49
bd_shs,112
bd_shs,93
bd_shs,36
bd_shs,21
bd_shs,54
bd_shs,12
bd_shs,28
bd_shs,21
bd_shs,47
bd_shs,21
bd_shs,32
bd_shs,27
bd_shs,62
bd_shs,12
bd_shs,24
bd_shs,34
bd_shs,12
bd_shs,9
bd_shs,12
bd_shs,39
bd_shs,15
bd_shs,42
bd_shs,16
bd_shs,37
bd_shs,140
bd_shs,9
bd_shs,20
bd_shs,27
bd_shs,21
bd_shs,17
bd_shs,158
bd_shs,146
bd_shs,24
bd_shs,10
bd_shs,47
bd_shs,69
bd_shs,124
bd_shs,13
bd_shs,16
bd_shs,8
bd_shs,45
bd_shs,20
bd_shs,20
bd_shs,19
bd_shs,20
bd_shs,9
bd_shs,18
bd_shs,11
bd_shs,15
bd_shs,49
bd_shs,17
bd_shs,40
bd_shs,17
bd_shs,101
bd_shs,30
bd_shs,11
bd_shs,51
bd_shs,103
bd_shs,13
bd_shs,13
bd_shs,32
bd_shs,30
bd_shs,22
bd_shs,21
bd_shs,48
bd_shs,37
bd_shs,47
bd_shs,42
bd_shs,24
bd_shs,43
bd_shs,37
bd_shs,23
bd_shs,40
bd_shs,29
bd_shs,31
bd_shs,104
bd_shs,22
bd_shs,60
bd_shs,42
bd_shs,40
bd_shs,96
bd_shs,8
bd_shs,263
bd_shs,26
bd_shs,64
bd_shs,31
bd_shs,50
bd_shs,11
bd_shs,15
bd_shs,34
bd_shs,15
bd_shs,66
bd_shs,7
bd_shs,17
bd_shs,41
bd_shs,50
bd_shs,150
bd_shs,107
bd_shs,79
bd_shs,11
bd_shs,16
bd_shs,19
bd_shs,64
bd_shs,18
bd_shs,77
bd_shs,43
bd_shs,23
bd_shs,13
bd_shs,4
bd_shs,12
bd_shs,22
bd_shs,28
bd_shs,15
bd_shs,104
bd_shs,36
bd_shs,89
bd_shs,25
bd_shs,9
bd_shs,128
bd_shs,62
bd_shs,18
bd_shs,18
bd_shs,18
bd_shs,11
bd_shs,166
bd_shs,30
bd_shs,28
bd_shs,20
bd_shs,36
bd_shs,21
bd_shs,25
bd_shs,26
bd_shs,6
bd_shs,49
bd_shs,47
bd_shs,19
bd_shs,48
bd_shs,68
bd_shs,9
bd_shs,14
bd_shs,74
bd_shs,5
bd_shs,14
bd_shs,15
bd_shs,20
bd_shs,93
bd_shs,16
bd_shs,17
bd_shs,61
bd_shs,11
bd_shs,5
bd_shs,22
bd_shs,97
bd_shs,98
bd_shs,21
bd_shs,59
bd_shs,57
bd_shs,48
bd_shs,130
bd_shs,16
bd_shs,30
bd_shs,19
bd_shs,13
bd_shs,57
bd_shs,20
bd_shs,43
bd_shs,40
bd_shs,62
bd_shs,25
bd_shs,54
bd_shs,61
bd_shs,31
bd_shs,23
bd_shs,317
bd_shs,63
bd_shs,38
bd_shs,41
bd_shs,17
bd_shs,30
bd_shs,12
bd_shs,23
bd_shs,91
bd_shs,8
bd_shs,63
bd_shs,10
bd_shs,75
bd_shs,23
bd_shs,27
bd_shs,90
bd_shs,23
bd_shs,261
bd_shs,24
bd_shs,72
bd_shs,130
bd_shs,49
bd_shs,22
bd_shs,17
bd_shs,19
bd_shs,7
bd_shs,34
bd_shs,27
bd_shs,107
bd_shs,24
bd_shs,38
bd_shs,17
bd_shs,90
bd_shs,19
bd_shs,18
bd_shs,6
bd_shs,71
bd_shs,32
bd_shs,29
bd_shs,9
bd_shs,142
bd_shs,62
bd_shs,15
bd_shs,10
bd_shs,44
bd_shs,118
bd_shs,54
bd_shs,21
bd_shs,62
bd_shs,14
bd_shs,220
bd_shs,27
bd_shs,22
bd_shs,175
bd_shs,43
bd_shs,26
bd_shs,92
bd_shs,124
bd_shs,55
bd_shs,46
bd_shs,25
bd_shs,123
bd_shs,24
bd_shs,83
bd_shs,10
bd_shs,29
bd_shs,22
bd_shs,188
bd_shs,77
bd_shs,44
bd_shs,20
bd_shs,21
bd_shs,8
bd_shs,31
bd_shs,28
bd_shs,20
bd_shs,94
bd_shs,54
bd_shs,11
bd_shs,42
bd_shs,9
bd_shs,31
bd_shs,29
bd_shs,12
bd_shs,40
bd_shs,73
bd_shs,41
bd_shs,35
bd_shs,38
bd_shs,118
bd_shs,8
bd_shs,12
bd_shs,52
bd_shs,13
bd_shs,55
bd_shs,21
bd_shs,32
bd_shs,17
bd_shs,9
bd_shs,29
bd_shs,130
bd_shs,32
bd_shs,72
bd_shs,31
bd_shs,56
bd_shs,6
bd_shs,8
bd_shs,18
bd_shs,40
bd_shs,34
bd_shs,98
bd_shs,15
bd_shs,19
bd_shs,71
bd_shs,11
bd_shs,74
bd_shs,17
bd_shs,6
bd_shs,27
bd_shs,106
bd_shs,61
bd_shs,80
bd_shs,12
bd_shs,21
bd_shs,28
bd_shs,50
bd_shs,19
bd_shs,11
bd_shs,30
bd_shs,6
bd_shs,28
bd_shs,55
bd_shs,20
bd_shs,8
bd_shs,44
bd_shs,44
bd_shs,25
bd_shs,27
bd_shs,62
bd_shs,7
bd_shs,12
bd_shs,13
bd_shs,33
bd_shs,19
bd_shs,20
bd_shs,161
bd_shs,18
bd_shs,12
bd_shs,217
bd_shs,41
bd_shs,29
bd_shs,23
bd_shs,22
bd_shs,73
bd_shs,38
bd_shs,14
bd_shs,58
bd_shs,95
bd_shs,15
bd_shs,32
bd_shs,13
bd_shs,12
bd_shs,99
bd_shs,25
bd_shs,42
bd_shs,46
bd_shs,29
bd_shs,14
bd_shs,12
bd_shs,10
bd_shs,23
bd_shs,37
bd_shs,95
bd_shs,79
bd_shs,25
bd_shs,9
bd_shs,15
bd_shs,317
bd_shs,13
bd_shs,27
bd_shs,98
bd_shs,40
bd_shs,58
bd_shs,51
bd_shs,103
bd_shs,40
bd_shs,34
bd_shs,50
bd_shs,13
bd_shs,34
bd_shs,12
bd_shs,11
bd_shs,254
bd_shs,26
bd_shs,25
bd_shs,12
bd_shs,32
bd_shs,33
bd_shs,12
bd_shs,95
bd_shs,8
bd_shs,13
bd_shs,9
bd_shs,35
bd_shs,127
bd_shs,61
bd_shs,26
bd_shs,6
bd_shs,8
bd_shs,24
bd_shs,26
bd_shs,54
bd_shs,12
bd_shs,21
bd_shs,88
bd_shs,24
bd_shs,17
bd_shs,15
bd_shs,33
bd_shs,70
bd_shs,65
bd_shs,21
bd_shs,19
bd_shs,17
bd_shs,72
bd_shs,127
bd_shs,29
bd_shs,61
bd_shs,34
bd_shs,64
bd_shs,33
bd_shs,26
bd_shs,16
bd_shs,22
bd_shs,76
bd_shs,51
bd_shs,37
bd_shs,11
bd_shs,124
bd_shs,19
bd_shs,14
bd_shs,63
bd_shs,18
bd_shs,53
bd_shs,43
bd_shs,13
bd_shs,15
bd_shs,16
bd_shs,15
bd_shs,115
bd_shs,22
bd_shs,136
bd_shs,115
bd_shs,46
bd_shs,15
bd_shs,14
bd_shs,30
bd_shs,19
bd_shs,47
bd_shs,70
bd_shs,50
bd_shs,63
bd_shs,18
bd_shs,30
bd_shs,380
bd_shs,26
bd_shs,27
bd_shs,49
bd_shs,311
bd_shs,21
bd_shs,9
bd_shs,15
bd_shs,44
bd_shs,19
bd_shs,24
bd_shs,76
bd_shs,15
bd_shs,42
bd_shs,33
bd_shs,23
bd_shs,96
bd_shs,37
bd_shs,44
bd_shs,61
bd_shs,49
bd_shs,6
bd_shs,18
bd_shs,43
bd_shs,17
bd_shs,77
bd_shs,33
bd_shs,63
bd_shs,35
bd_shs,27
bd_shs,16
bd_shs,18
bd_shs,30
bd_shs,77
bd_shs,68
bd_shs,58
bd_shs,55
bd_shs,26
bd_shs,58
bd_shs,142
bd_shs,179
bd_shs,40
bd_shs,24
bd_shs,15
bd_shs,20
bd_shs,45
bd_shs,17
bd_shs,92
bd_shs,39
bd_shs,53
bd_shs,60
bd_shs,29
bd_shs,13
bd_shs,19
bd_shs,33
bd_shs,39
bd_shs,18
bd_shs,31
bd_shs,25
bd_shs,15
bd_shs,37
bd_shs,11
bd_shs,25
bd_shs,13
bd_shs,14
bd_shs,150
bd_shs,23
bd_shs,83
bd_shs,24
bd_shs,33
bd_shs,63
bd_shs,24
bd_shs,17
bd_shs,22
bd_shs,22
bd_shs,69
bd_shs,124
bd_shs,21
bd_shs,370
bd_shs,5
bd_shs,91
bd_shs,18
bd_shs,23
bd_shs,36
bd_shs,41
bd_shs,68
bd_shs,50
bd_shs,76
bd_shs,61
bd_shs,37
bd_shs,67
bd_shs,51
bd_shs,42
bd_shs,14
bd_shs,31
bd_shs,9
bd_shs,42
bd_shs,147
bd_shs,120
bd_shs,106
bd_shs,21
bd_shs,10
bd_shs,27
bd_shs,7
bd_shs,44
bd_shs,91
bd_shs,32
bd_shs,22
bd_shs,21
bd_shs,39
bd_shs,46
bd_shs,34
bd_shs,14
bd_shs,30
bd_shs,37
bd_shs,77
bd_shs,88
bd_shs,62
bd_shs,45
bd_shs,29
bd_shs,14
bd_shs,18
bd_shs,14
bd_shs,49
bd_shs,47
bd_shs,86
bd_shs,6
bd_shs,26
bd_shs,27
bd_shs,54
bd_shs,28
bd_shs,145
bd_shs,145
bd_shs,19
bd_shs,12
bd_shs,20
bd_shs,105
bd_shs,158
bd_shs,18
bd_shs,14
bd_shs,97
bd_shs,9
bd_shs,33
bd_shs,65
bd_shs,20
bd_shs,58
bd_shs,57
bd_shs,11
bd_shs,17
bd_shs,37
bd_shs,48
bd_shs,12
bd_shs,267
bd_shs,9
bd_shs,57
bd_shs,11
bd_shs,27
bd_shs,15
bd_shs,343
bd_shs,9
bd_shs,47
bd_shs,37
bd_shs,7
bd_shs,21
bd_shs,13
bd_shs,217
bd_shs,3
bd_shs,22
bd_shs,106
bd_shs,48
bd_shs,21
bd_shs,57
bd_shs,7
bd_shs,14
bd_shs,35
bd_shs,14
bd_shs,22
bd_shs,20
bd_shs,65
bd_shs,37
bd_shs,33
bd_shs,33
bd_shs,24
bd_shs,41
bd_shs,28
bd_shs,17
bd_shs,18
bd_shs,72
bd_shs,51
bd_shs,13
bd_shs,7
bd_shs,120
bd_shs,98
bd_shs,75
bd_shs,15
bd_shs,12
bd_shs,37
bd_shs,91
bd_shs,45
bd_shs,23
bd_shs,48
bd_shs,28
bd_shs,88
bd_shs,78
bd_shs,7
bd_shs,39
bd_shs,180
bd_shs,27
bd_shs,28
bd_shs,46
bd_shs,33
bd_shs,69
bd_shs,133
bd_shs,8
bd_shs,10
bd_shs,9
bd_shs,29
bd_shs,23
bd_shs,118
bd_shs,52
bd_shs,53
bd_shs,19
bd_shs,114
bd_shs,15
bd_shs,28
bd_shs,50
bd_shs,17
bd_shs,61
bd_shs,5
bd_shs,62
bd_shs,48
bd_shs,24
bd_shs,42
bd_shs,13
bd_shs,15
bd_shs,13
bd_shs,49
bd_shs,37
bd_shs,243
bd_shs,14
bd_shs,14
bd_shs,39
bd_shs,19
bd_shs,24
bd_shs,24
bd_shs,19
bd_shs,6
bd_shs,25
bd_shs,5
bd_shs,21
bd_shs,38
bd_shs,33
bd_shs,18
bd_shs,12
bd_shs,28
bd_shs,36
bd_shs,10
bd_shs,12
bd_shs,19
bd_shs,14
bd_shs,89
bd_shs,13
bd_shs,48
bd_shs,54
bd_shs,23
bd_shs,55
bd_shs,3
bd_shs,21
bd_shs,24
bd_shs,37
bd_shs,69
bd_shs,17
bd_shs,23
bd_shs,41
bd_shs,7
bd_shs,16
bd_shs,14
bd_shs,24
bd_shs,55
bd_shs,23
bd_shs,69
bd_shs,8
bd_shs,31
bd_shs,13
bd_shs,35
bd_shs,25
bd_shs,57
bd_shs,13
bd_shs,70
bd_shs,16
bd_shs,22
bd_shs,37
bd_shs,30
bd_shs,399
bd_shs,48
bd_shs,37
bd_shs,23
bd_shs,38
bd_shs,8
bd_shs,121
bd_shs,175
bd_shs,85
bd_shs,11
bd_shs,47
bd_shs,56
bd_shs,31
bd_shs,116
bd_shs,24
bd_shs,50
bd_shs,30
bd_shs,103
bd_shs,111
bd_shs,35
bd_shs,125
bd_shs,14
bd_shs,55
bd_shs,60
bd_shs,81
bd_shs,62
bd_shs,95
bd_shs,10
bd_shs,17
bd_shs,18
bd_shs,80
bd_shs,31
bd_shs,25
bd_shs,25
bd_shs,14
bd_shs,21
bd_shs,15
bd_shs,118
bd_shs,59
bd_shs,77
bd_shs,32
bd_shs,17
bd_shs,126
bd_shs,40
bd_shs,11
bd_shs,19
bd_shs,23
bd_shs,9
bd_shs,168
bd_shs,18
bd_shs,14
bd_shs,12
bd_shs,21
bd_shs,11
bd_shs,63
bd_shs,29
bd_shs,13
bd_shs,25
bd_shs,40
bd_shs,97
bd_shs,45
bd_shs,14
bd_shs,8
bd_shs,197
bd_shs,16
bd_shs,27
bd_shs,8
bd_shs,7
bd_shs,123
bd_shs,24
bd_shs,16
bd_shs,100
bd_shs,9
bd_shs,15
bd_shs,29
bd_shs,17
bd_shs,18
bd_shs,16
bd_shs,19
bd_shs,17
bd_shs,11
bd_shs,100
bd_shs,30
bd_shs,52
bd_shs,31
bd_shs,20
bd_shs,35
bd_shs,10
bd_shs,49
bd_shs,21
bd_shs,7
bd_shs,34
bd_shs,131
bd_shs,25
bd_shs,53
bd_shs,61
bd_shs,48
bd_shs,17
bd_shs,16
bd_shs,34
bd_shs,63
bd_shs,25
bd_shs,58
bd_shs,20
bd_shs,40
bd_shs,37
bd_shs,49
bd_shs,256
bd_shs,24
bd_shs,31
bd_shs,58
bd_shs,28
bd_shs,9
bd_shs,185
bd_shs,63
bd_shs,26
bd_shs,13
bd_shs,18
bd_shs,31
bd_shs,16
bd_shs,19
bd_shs,57
bd_shs,58
bd_shs,55
bd_shs,16
bd_shs,16
bd_shs,23
bd_shs,28
bd_shs,38
bd_shs,56
bd_shs,25
bd_shs,7
bd_shs,4
bd_shs,30
bd_shs,57
bd_shs,15
bd_shs,14
bd_shs,73
bd_shs,24
bd_shs,6
bd_shs,20
bd_shs,33
bd_shs,25
bd_shs,17
bd_shs,14
bd_shs,37
bd_shs,61
bd_shs,26
bd_shs,23
bd_shs,99
bd_shs,90
bd_shs,25
bd_shs,9
bd_shs,63
bd_shs,42
bd_shs,614
bd_shs,45
bd_shs,27
bd_shs,20
bd_shs,43
bd_shs,27
bd_shs,76
bd_shs,27
bd_shs,8
bd_shs,13
bd_shs,12
bd_shs,46
bd_shs,36
bd_shs,26
bd_shs,11
bd_shs,17
bd_shs,65
bd_shs,27
bd_shs,67
bd_shs,115
bd_shs,13
bd_shs,15
bd_shs,41
bd_shs,51
bd_shs,110
bd_shs,13
bd_shs,8
bd_shs,52
bd_shs,30
bd_shs,36
bd_shs,36
bd_shs,32
bd_shs,18
bd_shs,16
bd_shs,37
bd_shs,15
bd_shs,50
bd_shs,122
bd_shs,89
bd_shs,19
bd_shs,47
bd_shs,3
bd_shs,83
bd_shs,42
bd_shs,34
bd_shs,43
bd_shs,19
bd_shs,17
bd_shs,55
bd_shs,123
bd_shs,22
bd_shs,13
bd_shs,77
bd_shs,43
bd_shs,64
bd_shs,20
bd_shs,12
bd_shs,38
bd_shs,23
bd_shs,35
bd_shs,51
bd_shs,126
bd_shs,48
bd_shs,77
bd_shs,42
bd_shs,9
bd_shs,21
bd_shs,94
bd_shs,84
bd_shs,16
bd_shs,36
bd_shs,37
bd_shs,55
bd_shs,24
bd_shs,38
bd_shs,19
bd_shs,44
bd_shs,65
bd_shs,15
bd_shs,34
bd_shs,45
bd_shs,53
bd_shs,41
bd_shs,6
bd_shs,49
bd_shs,34
bd_shs,379
bd_shs,28
bd_shs,22
bd_shs,271
bd_shs,10
bd_shs,14
bd_shs,97
bd_shs,42
bd_shs,105
bd_shs,37
bd_shs,216
bd_shs,31
bd_shs,124
bd_shs,16
bd_shs,33
bd_shs,29
bd_shs,27
bd_shs,15
bd_shs,14
bd_shs,16
bd_shs,16
bd_shs,27
bd_shs,7
bd_shs,26
bd_shs,69
bd_shs,20
bd_shs,72
bd_shs,12
bd_shs,95
bd_shs,48
bd_shs,137
bd_shs,43
bd_shs,53
bd_shs,11
bd_shs,72
bd_shs,25
bd_shs,85
bd_shs,12
bd_shs,8
bd_shs,30
bd_shs,23
bd_shs,100
bd_shs,32
bd_shs,56
bd_shs,23
bd_shs,21
bd_shs,17
bd_shs,14
bd_shs,32
bd_shs,6
bd_shs,20
bd_shs,20
bd_shs,55
bd_shs,36
bd_shs,55
bd_shs,15
bd_shs,31
bd_shs,48
bd_shs,46
bd_shs,150
bd_shs,163
bd_shs,39
bd_shs,20
bd_shs,22
bd_shs,45
bd_shs,15
bd_shs,88
bd_shs,6
bd_shs,28
bd_shs,19
bd_shs,82
bd_shs,84
bd_shs,25
bd_shs,330
bd_shs,11
bd_shs,10
bd_shs,19
bd_shs,9
bd_shs,113
bd_shs,33
bd_shs,33
bd_shs,27
bd_shs,46
bd_shs,16
bd_shs,23
bd_shs,22
bd_shs,34
bd_shs,42
bd_shs,43
bd_shs,76
bd_shs,255
bd_shs,23
bd_shs,33
bd_shs,58
bd_shs,40
bd_shs,12
bd_shs,33
bd_shs,15
bd_shs,14
bd_shs,10
bd_shs,37
bd_shs,115
bd_shs,19
bd_shs,12
bd_shs,50
bd_shs,14
bd_shs,40
bd_shs,14
bd_shs,35
bd_shs,25
bd_shs,35
bd_shs,16
bd_shs,23
bd_shs,17
bd_shs,9
bd_shs,20
bd_shs,8
bd_shs,25
bd_shs,11
bd_shs,49
bd_shs,21
bd_shs,48
bd_shs,68
bd_shs,44
bd_shs,43
bd_shs,6
bd_shs,19
bd_shs,10
bd_shs,18
bd_shs,13
bd_shs,155
bd_shs,30
bd_shs,14
bd_shs,66
bd_shs,156
bd_shs,32
bd_shs,89
bd_shs,19
bd_shs,24
bd_shs,19
bd_shs,35
bd_shs,28
bd_shs,26
bd_shs,247
bd_shs,114
bd_shs,36
bd_shs,13
bd_shs,101
bd_shs,27
bd_shs,85
bd_shs,19
bd_shs,22
bd_shs,41
bd_shs,43
bd_shs,46
bd_shs,6
bd_shs,7
bd_shs,16
bd_shs,14
bd_shs,54
bd_shs,23
bd_shs,23
bd_shs,39
bd_shs,18
bd_shs,21
bd_shs,72
bd_shs,21
bd_shs,6
bd_shs,48
bd_shs,62
bd_shs,21
bd_shs,17
bd_shs,7
bd_shs,25
bd_shs,23
bd_shs,78
bd_shs,11
bd_shs,9
bd_shs,57
bd_shs,12
bd_shs,19
bd_shs,3
bd_shs,54
bd_shs,67
bd_shs,18
bd_shs,13
bd_shs,29
bd_shs,37
bd_shs,95
bd_shs,38
bd_shs,16
bd_shs,12
bd_shs,90
bd_shs,20
bd_shs,54
bd_shs,39
bd_shs,90
bd_shs,15
bd_shs,177
bd_shs,15
bd_shs,7
bd_shs,21
bd_shs,8
bd_shs,23
bd_shs,93
bd_shs,56
bd_shs,21
bd_shs,83
bd_shs,80
bd_shs,6
bd_shs,21
bd_shs,28
bd_shs,15
bd_shs,43
bd_shs,74
bd_shs,107
bd_shs,46
bd_shs,18
bd_shs,40
bd_shs,39
bd_shs,8
bd_shs,6
bd_shs,15
bd_shs,54
bd_shs,12
bd_shs,62
bd_shs,7
bd_shs,34
bd_shs,80
bd_shs,28
bd_shs,17
bd_shs,78
bd_shs,39
bd_shs,30
bd_shs,11
bd_shs,10
bd_shs,12
bd_shs,24
bd_shs,41
bd_shs,55
bd_shs,12
bd_shs,16
bd_shs,15
bd_shs,29
bd_shs,65
bd_shs,89
bd_shs,30
bd_shs,19
bd_shs,52
bd_shs,11
bd_shs,36
bd_shs,146
bd_shs,33
bd_shs,16
bd_shs,34
bd_shs,200
bd_shs,30
bd_shs,12
bd_shs,267
bd_shs,27
bd_shs,89
bd_shs,54
bd_shs,53
bd_shs,30
bd_shs,12
bd_shs,17
bd_shs,11
bd_shs,20
bd_shs,33
bd_shs,22
bd_shs,21
bd_shs,35
bd_shs,142
bd_shs,12
bd_shs,36
bd_shs,84
bd_shs,12
bd_shs,8
bd_shs,269
bd_shs,99
bd_shs,19
bd_shs,22
bd_shs,106
bd_shs,10
bd_shs,37
bd_shs,26
bd_shs,38
bd_shs,7
bd_shs,53
bd_shs,8
bd_shs,41
bd_shs,33
bd_shs,32
bd_shs,125
bd_shs,33
bd_shs,20
bd_shs,37
bd_shs,55
bd_shs,37
bd_shs,102
bd_shs,39
bd_shs,77
bd_shs,31
bd_shs,24
bd_shs,11
bd_shs,26
bd_shs,17
bd_shs,47
bd_shs,83
bd_shs,40
bd_shs,49
bd_shs,19
bd_shs,39
bd_shs,22
bd_shs,17
bd_shs,116
bd_shs,15
bd_shs,74
bd_shs,27
bd_shs,150
bd_shs,18
bd_shs,18
bd_shs,16
bd_shs,15
bd_shs,58
bd_shs,35
bd_shs,22
bd_shs,74
bd_shs,79
bd_shs,9
bd_shs,21
bd_shs,10
bd_shs,60
bd_shs,8
bd_shs,17
bd_shs,149
bd_shs,49
bd_shs,19
bd_shs,38
bd_shs,105
bd_shs,38
bd_shs,10
bd_shs,50
bd_shs,22
bd_shs,63
bd_shs,21
bd_shs,11
bd_shs,17
bd_shs,23
bd_shs,22
bd_shs,31
bd_shs,45
bd_shs,14
bd_shs,10
bd_shs,331
bd_shs,32
bd_shs,37
bd_shs,8
bd_shs,21
bd_shs,15
bd_shs,7
bd_shs,60
bd_shs,92
bd_shs,26
bd_shs,6
bd_shs,9
bd_shs,33
bd_shs,35
bd_shs,39
bd_shs,26
bd_shs,83
bd_shs,142
bd_shs,39
bd_shs,23
bd_shs,34
bd_shs,100
bd_shs,26
bd_shs,18
bd_shs,73
bd_shs,13
bd_shs,33
bd_shs,63
bd_shs,32
bd_shs,60
bd_shs,9
bd_shs,12
bd_shs,311
bd_shs,47
bd_shs,98
bd_shs,11
bd_shs,42
bd_shs,21
bd_shs,9
bd_shs,14
bd_shs,29
bd_shs,14
bd_shs,50
bd_shs,49
bd_shs,52
bd_shs,84
bd_shs,15
bd_shs,55
bd_shs,12
bd_shs,16
bd_shs,9
bd_shs,11
bd_shs,10
bd_shs,12
bd_shs,56
bd_shs,35
bd_shs,34
bd_shs,20
bd_shs,16
bd_shs,27
bd_shs,13
bd_shs,94
bd_shs,126
bd_shs,23
bd_shs,5
bd_shs,42
bd_shs,25
bd_shs,8
bd_shs,31
bd_shs,24
bd_shs,13
bd_shs,65
bd_shs,137
bd_shs,23
bd_shs,44
bd_shs,23
bd_shs,324
bd_shs,6
bd_shs,43
bd_shs,82
bd_shs,20
bd_shs,52
bd_shs,33
bd_shs,12
bd_shs,48
bd_shs,103
bd_shs,63
bd_shs,21
bd_shs,44
bd_shs,38
bd_shs,6
bd_shs,23
bd_shs,8
bd_shs,10
bd_shs,27
bd_shs,23
bd_shs,32
bd_shs,111
bd_shs,22
bd_shs,47
bd_shs,58
bd_shs,8
bd_shs,17
bd_shs,25
bd_shs,57
bd_shs,18
bd_shs,25
bd_shs,27
bd_shs,34
bd_shs,76
bd_shs,62
bd_shs,19
bd_shs,39
bd_shs,65
bd_shs,142
bd_shs,30
bd_shs,38
bd_shs,100
bd_shs,19
bd_shs,366
bd_shs,17
bd_shs,40
bd_shs,41
bd_shs,21
bd_shs,19
bd_shs,16
bd_shs,15
bd_shs,53
bd_shs,45
bd_shs,70
bd_shs,351
bd_shs,260
bd_shs,156
bd_shs,26
bd_shs,27
bd_shs,64
bd_shs,5
bd_shs,49
bd_shs,15
bd_shs,47
bd_shs,129
bd_shs,64
bd_shs,16
bd_shs,18
bd_shs,14
bd_shs,39
bd_shs,12
bd_shs,43
bd_shs,27
bd_shs,21
bd_shs,20
bd_shs,61
bd_shs,19
bd_shs,33
bd_shs,153
bd_shs,25
bd_shs,20
bd_shs,49
bd_shs,34
bd_shs,55
bd_shs,43
bd_shs,22
bd_shs,52
bd_shs,18
bd_shs,45
bd_shs,23
bd_shs,31
bd_shs,11
bd_shs,7
bd_shs,81
bd_shs,15
bd_shs,13
bd_shs,52
bd_shs,113
bd_shs,29
bd_shs,21
bd_shs,69
bd_shs,33
bd_shs,46
bd_shs,52
bd_shs,20
bd_shs,45
bd_shs,47
bd_shs,14
bd_shs,16
bd_shs,66
bd_shs,72
bd_shs,23
bd_shs,37
bd_shs,65
bd_shs,60
bd_shs,49
bd_shs,43
bd_shs,20
bd_shs,89
bd_shs,23
bd_shs,28
bd_shs,29
bd_shs,54
bd_shs,65
bd_shs,50
bd_shs,17
bd_shs,8
bd_shs,34
bd_shs,23
bd_shs,144
bd_shs,144
bd_shs,25
bd_shs,23
bd_shs,85
bd_shs,48
bd_shs,21
bd_shs,10
bd_shs,184
bd_shs,21
bd_shs,10
bd_shs,33
bd_shs,71
bd_shs,30
bd_shs,16
bd_shs,37
bd_shs,104
bd_shs,44
bd_shs,78
bd_shs,9
bd_shs,54
bd_shs,38
bd_shs,15
bd_shs,21
bd_shs,43
bd_shs,80
bd_shs,27
bd_shs,759
bd_shs,19
bd_shs,244
bd_shs,25
bd_shs,97
bd_shs,32
bd_shs,25
bd_shs,30
bd_shs,84
bd_shs,66
bd_shs,78
bd_shs,68
bd_shs,20
bd_shs,28
bd_shs,14
bd_shs,71
bd_shs,132
bd_shs,36
bd_shs,372
bd_shs,9
bd_shs,122
bd_shs,54
bd_shs,10
bd_shs,56
bd_shs,68
bd_shs,18
bd_shs,37
bd_shs,26
bd_shs,25
bd_shs,80
bd_shs,21
bd_shs,35
bd_shs,31
bd_shs,26
bd_shs,14
bd_shs,26
bd_shs,13
bd_shs,37
bd_shs,17
bd_shs,15
bd_shs,30
bd_shs,18
bd_shs,34
bd_shs,150
bd_shs,15
bd_shs,10
bd_shs,11
bd_shs,89
bd_shs,8
bd_shs,31
bd_shs,36
bd_shs,23
bd_shs,20
bd_shs,19
bd_shs,74
bd_shs,38
bd_shs,20
bd_shs,17
bd_shs,14
bd_shs,108
bd_shs,8
bd_shs,19
bd_shs,21
bd_shs,5
bd_shs,7
bd_shs,21
bd_shs,20
bd_shs,23
bd_shs,15
bd_shs,38
bd_shs,94
bd_shs,99
bd_shs,10
bd_shs,9
bd_shs,16
bd_shs,38
bd_shs,131
bd_shs,22
bd_shs,19
bd_shs,27
bd_shs,16
bd_shs,72
bd_shs,19
bd_shs,118
bd_shs,54
bd_shs,8
bd_shs,60
bd_shs,9
bd_shs,432
bd_shs,72
bd_shs,9
bd_shs,27
bd_shs,15
bd_shs,112
bd_shs,47
bd_shs,24
bd_shs,165
bd_shs,21
bd_shs,19
bd_shs,9
bd_shs,447
bd_shs,8
bd_shs,8
bd_shs,86
bd_shs,73
bd_shs,11
bd_shs,287
bd_shs,16
bd_shs,110
bd_shs,10
bd_shs,33
bd_shs,100
bd_shs,4
bd_shs,35
bd_shs,77
bd_shs,33
bd_shs,13
bd_shs,33
bd_shs,12
bd_shs,49
bd_shs,21
bd_shs,4
bd_shs,36
bd_shs,246
bd_shs,9
bd_shs,62
bd_shs,59
bd_shs,34
bd_shs,30
bd_shs,14
bd_shs,6
bd_shs,23
bd_shs,15
bd_shs,16
bd_shs,198
bd_shs,57
bd_shs,66
bd_shs,114
bd_shs,87
bd_shs,31
bd_shs,22
bd_shs,20
bd_shs,35
bd_shs,49
bd_shs,12
bd_shs,45
bd_shs,32
bd_shs,18
bd_shs,35
bd_shs,37
bd_shs,11
bd_shs,42
bd_shs,104
bd_shs,54
bd_shs,13
bd_shs,16
bd_shs,44
bd_shs,16
bd_shs,20
bd_shs,89
bd_shs,71
bd_shs,94
bd_shs,11
bd_shs,38
bd_shs,16
bd_shs,6
bd_shs,19
bd_shs,215
bd_shs,71
bd_shs,14
bd_shs,176
bd_shs,83
bd_shs,10
bd_shs,43
bd_shs,7
bd_shs,7
bd_shs,21
bd_shs,27
bd_shs,37
bd_shs,71
bd_shs,20
bd_shs,38
bd_shs,15
bd_shs,106
bd_shs,11
bd_shs,39
bd_shs,38
bd_shs,20
bd_shs,94
bd_shs,24
bd_shs,39
bd_shs,12
bd_shs,10
bd_shs,26
bd_shs,65
bd_shs,43
bd_shs,21
bd_shs,54
bd_shs,254
bd_shs,24
bd_shs,38
bd_shs,23
bd_shs,53
bd_shs,22
bd_shs,29
bd_shs,26
bd_shs,13
bd_shs,30
bd_shs,24
bd_shs,78
bd_shs,250
bd_shs,30
bd_shs,45
bd_shs,17
bd_shs,25
bd_shs,38
bd_shs,297
bd_shs,8
bd_shs,46
bd_shs,74
bd_shs,59
bd_shs,41
bd_shs,106
bd_shs,106
bd_shs,11
bd_shs,59
bd_shs,31
bd_shs,67
bd_shs,13
bd_shs,14
bd_shs,43
bd_shs,36
bd_shs,30
bd_shs,16
bd_shs,26
bd_shs,34
bd_shs,63
bd_shs,55
bd_shs,68
bd_shs,21
bd_shs,129
bd_shs,5
bd_shs,61
bd_shs,42
bd_shs,6
bd_shs,39
bd_shs,50
bd_shs,42
bd_shs,28
bd_shs,12
bd_shs,41
bd_shs,20
bd_shs,88
bd_shs,29
bd_shs,193
bd_shs,39
bd_shs,18
bd_shs,44
bd_shs,117
bd_shs,18
bd_shs,35
bd_shs,46
bd_shs,23
bd_shs,17
bd_shs,18
bd_shs,24
bd_shs,345
bd_shs,38
bd_shs,45
bd_shs,100
bd_shs,16
bd_shs,11
bd_shs,22
bd_shs,18
bd_shs,28
bd_shs,14
bd_shs,38
bd_shs,48
bd_shs,31
bd_shs,21
bd_shs,26
bd_shs,34
bd_shs,20
bd_shs,52
bd_shs,31
bd_shs,6
bd_shs,54
bd_shs,27
bd_shs,104
bd_shs,10
bd_shs,52
bd_shs,14
bd_shs,76
bd_shs,21
bd_shs,16
bd_shs,10
bd_shs,28
bd_shs,73
bd_shs,73
bd_shs,34
bd_shs,40
bd_shs,102
bd_shs,22
bd_shs,31
bd_shs,9
bd_shs,16
bd_shs,75
bd_shs,600
bd_shs,10
bd_shs,8
bd_shs,34
bd_shs,7
bd_shs,211
bd_shs,74
bd_shs,8
bd_shs,48
bd_shs,74
bd_shs,68
bd_shs,11
bd_shs,7
bd_shs,12
bd_shs,6
bd_shs,11
bd_shs,66
bd_shs,19
bd_shs,17
bd_shs,157
bd_shs,39
bd_shs,23
bd_shs,24
bd_shs,95
bd_shs,87
bd_shs,18
bd_shs,279
bd_shs,13
bd_shs,11
bd_shs,22
bd_shs,23
bd_shs,13
bd_shs,8
bd_shs,305
bd_shs,139
bd_shs,79
bd_shs,25
bd_shs,16
bd_shs,36
bd_shs,269
bd_shs,6
bd_shs,13
bd_shs,45
bd_shs,11
bd_shs,48
bd_shs,45
bd_shs,38
bd_shs,18
bd_shs,14
bd_shs,24
bd_shs,82
bd_shs,4
bd_shs,23
bd_shs,93
bd_shs,45
bd_shs,68
bd_shs,5
bd_shs,9
bd_shs,287
bd_shs,37
bd_shs,6
bd_shs,164
bd_shs,24
bd_shs,19
bd_shs,67
bd_shs,44
bd_shs,35
bd_shs,39
bd_shs,14
bd_shs,12
bd_shs,24
bd_shs,25
bd_shs,21
bd_shs,41
bd_shs,100
bd_shs,11
bd_shs,23
bd_shs,46
bd_shs,12
bd_shs,82
bd_shs,34
bd_shs,40
bd_shs,103
bd_shs,19
bd_shs,12
bd_shs,26
bd_shs,42
bd_shs,14
bd_shs,90
bd_shs,133
bd_shs,19
bd_shs,85
bd_shs,15
bd_shs,55
bd_shs,122
bd_shs,17
bd_shs,13
bd_shs,146
bd_shs,23
bd_shs,7
bd_shs,49
bd_shs,14
bd_shs,19
bd_shs,15
bd_shs,34
bd_shs,8
bd_shs,30
bd_shs,74
bd_shs,48
bd_shs,82
bd_shs,79
bd_shs,32
bd_shs,13
bd_shs,59
bd_shs,79
bd_shs,16
bd_shs,7
bd_shs,33
bd_shs,63
bd_shs,36
bd_shs,8
bd_shs,38
bd_shs,27
bd_shs,8
bd_shs,11
bd_shs,13
bd_shs,66
bd_shs,20
bd_shs,19
bd_shs,74
bd_shs,21
bd_shs,10
bd_shs,51
bd_shs,47
bd_shs,73
bd_shs,96
bd_shs,21
bd_shs,6
bd_shs,85
bd_shs,12
bd_shs,24
bd_shs,13
bd_shs,11
bd_shs,77
bd_shs,12
bd_shs,22
bd_shs,58
bd_shs,25
bd_shs,19
bd_shs,25
bd_shs,101
bd_shs,110
bd_shs,3
bd_shs,6
bd_shs,39
bd_shs,17
bd_shs,14
bd_shs,30
bd_shs,35
bd_shs,20
bd_shs,100
bd_shs,67
bd_shs,201
bd_shs,134
bd_shs,30
bd_shs,35
bd_shs,26
bd_shs,15
bd_shs,27
bd_shs,24
bd_shs,14
bd_shs,18
bd_shs,12
bd_shs,9
bd_shs,46
bd_shs,32
bd_shs,20
bd_shs,380
bd_shs,25
bd_shs,15
bd_shs,88
bd_shs,62
bd_shs,12
bd_shs,21
bd_shs,44
bd_shs,13
bd_shs,45
bd_shs,32
bd_shs,18
bd_shs,27
bd_shs,45
bd_shs,42
bd_shs,21
bd_shs,85
bd_shs,11
bd_shs,7
bd_shs,20
bd_shs,22
bd_shs,22
bd_shs,43
bd_shs,37
bd_shs,59
bd_shs,48
bd_shs,27
bd_shs,77
bd_shs,17
bd_shs,8
bd_shs,92
bd_shs,18
bd_shs,13
bd_shs,35
bd_shs,59
bd_shs,55
bd_shs,36
bd_shs,87
bd_shs,14
bd_shs,29
bd_shs,18
bd_shs,22
bd_shs,39
bd_shs,117
bd_shs,10
bd_shs,58
bd_shs,27
bd_shs,183
bd_shs,20
bd_shs,42
bd_shs,81
bd_shs,10
bd_shs,70
bd_shs,10
bd_shs,39
bd_shs,26
bd_shs,26
bd_shs,36
bd_shs,76
bd_shs,18
bd_shs,21
bd_shs,56
bd_shs,46
bd_shs,25
bd_shs,10
bd_shs,10
bd_shs,16
bd_shs,75
bd_shs,20
bd_shs,14
bd_shs,14
bd_shs,10
bd_shs,33
bd_shs,45
bd_shs,27
bd_shs,28
bd_shs,20
bd_shs,17
bd_shs,27
bd_shs,14
bd_shs,11
bd_shs,30
bd_shs,54
bd_shs,60
bd_shs,48
bd_shs,29
bd_shs,80
bd_shs,25
bd_shs,6
bd_shs,245
bd_shs,91
bd_shs,36
bd_shs,19
bd_shs,50
bd_shs,68
bd_shs,14
bd_shs,98
bd_shs,15
bd_shs,27
bd_shs,34
bd_shs,49
bd_shs,43
bd_shs,7
bd_shs,14
bd_shs,19
bd_shs,49
bd_shs,29
bd_shs,11
bd_shs,47
bd_shs,19
bd_shs,21
bd_shs,40
bd_shs,56
bd_shs,47
bd_shs,13
bd_shs,32
bd_shs,36
bd_shs,20
bd_shs,21
bd_shs,30
bd_shs,15
bd_shs,8
bd_shs,10
bd_shs,35
bd_shs,28
bd_shs,27
bd_shs,13
bd_shs,56
bd_shs,97
bd_shs,142
bd_shs,59
bd_shs,23
bd_shs,16
bd_shs,20
bd_shs,30
bd_shs,25
bd_shs,36
bd_shs,20
bd_shs,56
bd_shs,39
bd_shs,334
bd_shs,88
bd_shs,43
bd_shs,184
bd_shs,225
bd_shs,10
bd_shs,83
bd_shs,45
bd_shs,59
bd_shs,51
bd_shs,64
bd_shs,21
bd_shs,163
bd_shs,36
bd_shs,12
bd_shs,20
bd_shs,40
bd_shs,43
bd_shs,59
bd_shs,137
bd_shs,49
bd_shs,35
bd_shs,64
bd_shs,37
bd_shs,21
bd_shs,14
bd_shs,16
bd_shs,13
bd_shs,42
bd_shs,32
bd_shs,23
bd_shs,92
bd_shs,40
bd_shs,106
bd_shs,5
bd_shs,20
bd_shs,40
bd_shs,16
bd_shs,9
bd_shs,12
bd_shs,15
bd_shs,15
bd_shs,18
bd_shs,18
bd_shs,20
bd_shs,191
bd_shs,21
bd_shs,19
bd_shs,29
bd_shs,86
bd_shs,70
bd_shs,66
bd_shs,14
bd_shs,46
bd_shs,31
bd_shs,25
bd_shs,37
bd_shs,22
bd_shs,9
bd_shs,60
bd_shs,25
bd_shs,14
bd_shs,13
bd_shs,7
bd_shs,42
bd_shs,8
bd_shs,97
bd_shs,23
bd_shs,44
bd_shs,18
bd_shs,18
bd_shs,6
bd_shs,31
bd_shs,19
bd_shs,13
bd_shs,22
bd_shs,71
bd_shs,8
bd_shs,27
bd_shs,58
bd_shs,31
bd_shs,133
bd_shs,54
bd_shs,32
bd_shs,98
bd_shs,12
bd_shs,44
bd_shs,11
bd_shs,18
bd_shs,42
bd_shs,165
bd_shs,22
bd_shs,36
bd_shs,18
bd_shs,10
bd_shs,25
bd_shs,40
bd_shs,51
bd_shs,20
bd_shs,18
bd_shs,37
bd_shs,67
bd_shs,30
bd_shs,17
bd_shs,93
bd_shs,18
bd_shs,61
bd_shs,17
bd_shs,57
bd_shs,51
bd_shs,190
bd_shs,67
bd_shs,16
bd_shs,22
bd_shs,14
bd_shs,44
bd_shs,22
bd_shs,11
bd_shs,48
bd_shs,156
bd_shs,7
bd_shs,15
bd_shs,31
bd_shs,31
bd_shs,105
bd_shs,53
bd_shs,13
bd_shs,30
bd_shs,53
bd_shs,130
bd_shs,107
bd_shs,106
bd_shs,44
bd_shs,48
bd_shs,98
bd_shs,30
bd_shs,93
bd_shs,196
bd_shs,15
bd_shs,75
bd_shs,176
bd_shs,23
bd_shs,91
bd_shs,24
bd_shs,58
bd_shs,22
bd_shs,7
bd_shs,42
bd_shs,16
bd_shs,13
bd_shs,37
bd_shs,106
bd_shs,23
bd_shs,24
bd_shs,98
bd_shs,11
bd_shs,38
bd_shs,24
bd_shs,35
bd_shs,31
bd_shs,21
bd_shs,17
bd_shs,49
bd_shs,54
bd_shs,21
bd_shs,25
bd_shs,13
bd_shs,73
bd_shs,30
bd_shs,85
bd_shs,35
bd_shs,13
bd_shs,91
bd_shs,7
bd_shs,55
bd_shs,42
bd_shs,32
bd_shs,52
bd_shs,81
bd_shs,11
bd_shs,10
bd_shs,29
bd_shs,13
bd_shs,23
bd_shs,137
bd_shs,43
bd_shs,58
bd_shs,37
bd_shs,55
bd_shs,20
bd_shs,46
bd_shs,11
bd_shs,64
bd_shs,21
bd_shs,52
bd_shs,12
bd_shs,36
bd_shs,107
bd_shs,84
bd_shs,5
bd_shs,9
bd_shs,24
bd_shs,111
bd_shs,15
bd_shs,39
bd_shs,14
bd_shs,134
bd_shs,136
bd_shs,17
bd_shs,9
bd_shs,29
bd_shs,14
bd_shs,39
bd_shs,182
bd_shs,42
bd_shs,20
bd_shs,121
bd_shs,81
bd_shs,48
bd_shs,14
bd_shs,7
bd_shs,65
bd_shs,60
bd_shs,67
bd_shs,38
bd_shs,22
bd_shs,119
bd_shs,26
bd_shs,32
bd_shs,31
bd_shs,17
bd_shs,15
bd_shs,20
bd_shs,33
bd_shs,43
bd_shs,56
bd_shs,11
bd_shs,232
bd_shs,12
bd_shs,30
bd_shs,28
bd_shs,37
bd_shs,62
bd_shs,10
bd_shs,45
bd_shs,50
bd_shs,22
bd_shs,30
bd_shs,70
bd_shs,30
bd_shs,10
bd_shs,12
bd_shs,11
bd_shs,28
bd_shs,53
bd_shs,220
bd_shs,89
bd_shs,57
bd_shs,31
bd_shs,105
bd_shs,8
bd_shs,115
bd_shs,31
bd_shs,28
bd_shs,154
bd_shs,31
bd_shs,16
bd_shs,46
bd_shs,132
bd_shs,145
bd_shs,27
bd_shs,59
bd_shs,238
bd_shs,74
bd_shs,76
bd_shs,24
bd_shs,23
bd_shs,67
bd_shs,115
bd_shs,31
bd_shs,13
bd_shs,8
bd_shs,26
bd_shs,7
bd_shs,10
bd_shs,27
bd_shs,16
bd_shs,63
bd_shs,160
bd_shs,40
bd_shs,135
bd_shs,37
bd_shs,30
bd_shs,26
bd_shs,18
bd_shs,19
bd_shs,36
bd_shs,16
bd_shs,26
bd_shs,35
bd_shs,27
bd_shs,11
bd_shs,23
bd_shs,12
bd_shs,28
bd_shs,44
bd_shs,50
bd_shs,6
bd_shs,35
bd_shs,16
bd_shs,18
bd_shs,23
bd_shs,30
bd_shs,9
bd_shs,20
bd_shs,13
bd_shs,36
bd_shs,148
bd_shs,13
bd_shs,93
bd_shs,90
bd_shs,14
bd_shs,13
bd_shs,53
bd_shs,63
bd_shs,19
bd_shs,198
bd_shs,14
bd_shs,26
bd_shs,31
bd_shs,22
bd_shs,18
bd_shs,16
bd_shs,16
bd_shs,13
bd_shs,30
bd_shs,6
bd_shs,50
bd_shs,12
bd_shs,21
bd_shs,27
bd_shs,67
bd_shs,30
bd_shs,38
bd_shs,22
bd_shs,52
bd_shs,58
bd_shs,14
bd_shs,17
bd_shs,11
bd_shs,86
bd_shs,24
bd_shs,9
bd_shs,122
bd_shs,12
bd_shs,52
bd_shs,17
bd_shs,159
bd_shs,28
bd_shs,12
bd_shs,41
bd_shs,30
bd_shs,31
bd_shs,9
bd_shs,75
bd_shs,85
bd_shs,20
bd_shs,73
bd_shs,13
bd_shs,8
bd_shs,22
bd_shs,21
bd_shs,69
bd_shs,25
bd_shs,25
bd_shs,18
bd_shs,13
bd_shs,13
bd_shs,13
bd_shs,31
bd_shs,12
bd_shs,18
bd_shs,10
bd_shs,29
bd_shs,64
bd_shs,11
bd_shs,30
bd_shs,86
bd_shs,70
bd_shs,25
bd_shs,47
bd_shs,16
bd_shs,39
bd_shs,104
bd_shs,165
bd_shs,213
bd_shs,94
bd_shs,311
bd_shs,8
bd_shs,18
bd_shs,22
bd_shs,131
bd_shs,7
bd_shs,13
bd_shs,94
bd_shs,71
bd_shs,29
bd_shs,23
bd_shs,11
bd_shs,7
bd_shs,12
bd_shs,9
bd_shs,28
bd_shs,23
bd_shs,39
bd_shs,18
bd_shs,51
bd_shs,46
bd_shs,117
bd_shs,20
bd_shs,55
bd_shs,31
bd_shs,21
bd_shs,242
bd_shs,49
bd_shs,168
bd_shs,50
bd_shs,16
bd_shs,8
bd_shs,67
bd_shs,35
bd_shs,60
bd_shs,107
bd_shs,40
bd_shs,6
bd_shs,16
bd_shs,19
bd_shs,44
bd_shs,50
bd_shs,14
bd_shs,15
bd_shs,15
bd_shs,14
bd_shs,21
bd_shs,57
bd_shs,98
bd_shs,29
bd_shs,99
bd_shs,44
bd_shs,19
bd_shs,170
bd_shs,11
bd_shs,191
bd_shs,18
bd_shs,20
bd_shs,28
bd_shs,46
bd_shs,56
bd_shs,20
bd_shs,16
bd_shs,20
bd_shs,49
bd_shs,138
bd_shs,34
bd_shs,21
bd_shs,32
bd_shs,15
bd_shs,53
bd_shs,30
bd_shs,19
bd_shs,10
bd_shs,64
bd_shs,27
bd_shs,6
bd_shs,78
bd_shs,13
bd_shs,815
bd_shs,17
bd_shs,17
bd_shs,19
bd_shs,227
bd_shs,16
bd_shs,21
bd_shs,11
bd_shs,39
bd_shs,18
bd_shs,14
bd_shs,38
bd_shs,12
bd_shs,17
bd_shs,25
bd_shs,7
bd_shs,69
bd_shs,25
bd_shs,33
bd_shs,29
bd_shs,14
bd_shs,57
bd_shs,63
bd_shs,27
bd_shs,37
bd_shs,6
bd_shs,53
bd_shs,155
bd_shs,33
bd_shs,189
bd_shs,35
bd_shs,81
bd_shs,31
bd_shs,33
bd_shs,29
bd_shs,9
bd_shs,14
bd_shs,323
bd_shs,35
bd_shs,20
bd_shs,90
bd_shs,7
bd_shs,38
bd_shs,14
bd_shs,25
bd_shs,24
bd_shs,12
bd_shs,1404
bd_shs,43
bd_shs,36
bd_shs,67
bd_shs,20
bd_shs,15
bd_shs,10
bd_shs,31
bd_shs,9
bd_shs,44
bd_shs,73
bd_shs,13
bd_shs,14
bd_shs,17
bd_shs,5
bd_shs,90
bd_shs,19
bd_shs,7
bd_shs,34
bd_shs,158
bd_shs,55
bd_shs,35
bd_shs,19
bd_shs,7
bd_shs,98
bd_shs,29
bd_shs,39
bd_shs,73
bd_shs,21
bd_shs,30
bd_shs,34
bd_shs,25
bd_shs,35
bd_shs,60
bd_shs,25
bd_shs,16
bd_shs,82
bd_shs,17
bd_shs,17
bd_shs,10
bd_shs,79
bd_shs,33
bd_shs,20
bd_shs,56
bd_shs,34
bd_shs,23
bd_shs,26
bd_shs,36
bd_shs,16
bd_shs,59
bd_shs,141
bd_shs,10
bd_shs,19
bd_shs,43
bd_shs,12
bd_shs,38
bd_shs,10
bd_shs,23
bd_shs,11
bd_shs,289
bd_shs,58
bd_shs,39
bd_shs,12
bd_shs,42
bd_shs,5
bd_shs,42
bd_shs,36
bd_shs,101
bd_shs,218
bd_shs,34
bd_shs,5
bd_shs,114
bd_shs,15
bd_shs,43
bd_shs,90
bd_shs,19
bd_shs,42
bd_shs,24
bd_shs,71
bd_shs,34
bd_shs,47
bd_shs,66
bd_shs,19
bd_shs,14
bd_shs,12
bd_shs,40
bd_shs,135
bd_shs,64
bd_shs,61
bd_shs,14
bd_shs,26
bd_shs,47
bd_shs,56
bd_shs,69
bd_shs,27
bd_shs,30
bd_shs,38
bd_shs,57
bd_shs,8
bd_shs,33
bd_shs,29
bd_shs,23
bd_shs,23
bd_shs,115
bd_shs,23
bd_shs,34
bd_shs,109
bd_shs,27
bd_shs,25
bd_shs,52
bd_shs,40
bd_shs,94
bd_shs,11
bd_shs,96
bd_shs,163
bd_shs,67
bd_shs,13
bd_shs,311
bd_shs,18
bd_shs,11
bd_shs,37
bd_shs,61
bd_shs,38
bd_shs,25
bd_shs,13
bd_shs,55
bd_shs,98
bd_shs,40
bd_shs,7
bd_shs,15
bd_shs,43
bd_shs,46
bd_shs,51
bd_shs,55
bd_shs,10
bd_shs,7
bd_shs,10
bd_shs,29
bd_shs,117
bd_shs,28
bd_shs,49
bd_shs,206
bd_shs,23
bd_shs,16
bd_shs,19
bd_shs,44
bd_shs,18
bd_shs,16
bd_shs,96
bd_shs,323
bd_shs,27
bd_shs,42
bd_shs,31
bd_shs,17
bd_shs,90
bd_shs,46
bd_shs,19
bd_shs,62
bd_shs,15
bd_shs,19
bd_shs,27
bd_shs,46
bd_shs,104
bd_shs,50
bd_shs,36
bd_shs,29
bd_shs,117
bd_shs,33
bd_shs,21
bd_shs,130
bd_shs,43
bd_shs,157
bd_shs,14
bd_shs,42
bd_shs,57
bd_shs,13
bd_shs,43
bd_shs,25
bd_shs,8
bd_shs,13
bd_shs,42
bd_shs,34
bd_shs,17
bd_shs,26
bd_shs,30
bd_shs,53
bd_shs,25
bd_shs,50
bd_shs,33
bd_shs,57
bd_shs,80
bd_shs,21
bd_shs,495
bd_shs,58
bd_shs,30
bd_shs,31
bd_shs,29
bd_shs,21
bd_shs,69
bd_shs,18
bd_shs,67
bd_shs,156
bd_shs,26
bd_shs,60
bd_shs,33
bd_shs,27
bd_shs,57
bd_shs,18
bd_shs,78
bd_shs,24
bd_shs,48
bd_shs,33
bd_shs,8
bd_shs,141
bd_shs,7
bd_shs,73
bd_shs,30
bd_shs,19
bd_shs,175
bd_shs,14
bd_shs,41
bd_shs,15
bd_shs,14
bd_shs,75
bd_shs,31
bd_shs,23
bd_shs,50
bd_shs,20
bd_shs,20
bd_shs,31
bd_shs,14
bd_shs,8
bd_shs,8
bd_shs,40
bd_shs,35
bd_shs,16
bd_shs,11
bd_shs,30
bd_shs,17
bd_shs,56
bd_shs,78
bd_shs,11
bd_shs,17
bd_shs,11
bd_shs,18
bd_shs,116
bd_shs,11
bd_shs,19
bd_shs,109
bd_shs,45
bd_shs,229
bd_shs,168
bd_shs,24
bd_shs,18
bd_shs,58
bd_shs,13
bd_shs,42
bd_shs,19
bd_shs,43
bd_shs,33
bd_shs,53
bd_shs,6
bd_shs,29
bd_shs,97
bd_shs,34
bd_shs,144
bd_shs,26
bd_shs,29
bd_shs,58
bd_shs,16
bd_shs,25
bd_shs,58
bd_shs,15
bd_shs,12
bd_shs,11
bd_shs,30
bd_shs,18
bd_shs,38
bd_shs,13
bd_shs,87
bd_shs,71
bd_shs,36
bd_shs,9
bd_shs,14
bd_shs,17
bd_shs,36
bd_shs,101
bd_shs,19
bd_shs,41
bd_shs,92
bd_shs,28
bd_shs,23
bd_shs,27
bd_shs,35
bd_shs,135
bd_shs,40
bd_shs,81
bd_shs,11
bd_shs,21
bd_shs,280
bd_shs,7
bd_shs,130
bd_shs,33
bd_shs,19
bd_shs,7
bd_shs,20
bd_shs,12
bd_shs,18
bd_shs,57
bd_shs,162
bd_shs,109
bd_shs,12
bd_shs,174
bd_shs,39
bd_shs,107
bd_shs,980
bd_shs,32
bd_shs,85
bd_shs,59
bd_shs,60
bd_shs,16
bd_shs,14
bd_shs,29
bd_shs,11
bd_shs,37
bd_shs,18
bd_shs,85
bd_shs,21
bd_shs,65
bd_shs,17
bd_shs,15
bd_shs,42
bd_shs,121
bd_shs,101
bd_shs,8
bd_shs,15
bd_shs,649
bd_shs,12
bd_shs,7
bd_shs,52
bd_shs,37
bd_shs,5
bd_shs,54
bd_shs,170
bd_shs,119
bd_shs,33
bd_shs,229
bd_shs,55
bd_shs,25
bd_shs,17
bd_shs,22
bd_shs,73
bd_shs,10
bd_shs,24
bd_shs,10
bd_shs,58
bd_shs,73
bd_shs,110
bd_shs,63
bd_shs,14
bd_shs,71
bd_shs,16
bd_shs,19
bd_shs,26
bd_shs,18
bd_shs,21
bd_shs,36
bd_shs,21
bd_shs,12
bd_shs,31
bd_shs,48
bd_shs,73
bd_shs,68
bd_shs,44
bd_shs,30
bd_shs,18
bd_shs,27
bd_shs,22
bd_shs,59
bd_shs,33
bd_shs,29
bd_shs,36
bd_shs,129
bd_shs,15
bd_shs,47
bd_shs,38
bd_shs,8
bd_shs,22
bd_shs,29
bd_shs,122
bd_shs,27
bd_shs,6
bd_shs,48
bd_shs,43
bd_shs,76
bd_shs,14
bd_shs,12
bd_shs,34
bd_shs,31
bd_shs,57
bd_shs,25
bd_shs,15
bd_shs,17
bd_shs,28
bd_shs,44
bd_shs,20
bd_shs,57
bd_shs,31
bd_shs,13
bd_shs,21
bd_shs,42
bd_shs,14
bd_shs,28
bd_shs,15
bd_shs,16
bd_shs,10
bd_shs,18
bd_shs,241
bd_shs,5
bd_shs,46
bd_shs,11
bd_shs,62
bd_shs,23
bd_shs,8
bd_shs,35
bd_shs,88
bd_shs,41
bd_shs,16
bd_shs,50
bd_shs,14
bd_shs,360
bd_shs,23
bd_shs,19
bd_shs,129
bd_shs,111
bd_shs,13
bd_shs,17
bd_shs,54
bd_shs,65
bd_shs,25
bd_shs,18
bd_shs,242
bd_shs,34
bd_shs,95
bd_shs,53
bd_shs,164
bd_shs,45
bd_shs,32
bd_shs,46
bd_shs,75
bd_shs,26
bd_shs,16
bd_shs,19
bd_shs,13
bd_shs,85
bd_shs,33
bd_shs,34
bd_shs,7
bd_shs,33
bd_shs,11
bd_shs,59
bd_shs,86
bd_shs,30
bd_shs,15
bd_shs,22
bd_shs,17
bd_shs,33
bd_shs,119
bd_shs,40
bd_shs,54
bd_shs,46
bd_shs,26
bd_shs,169
bd_shs,23
bd_shs,11
bd_shs,67
bd_shs,246
bd_shs,51
bd_shs,16
bd_shs,35
bd_shs,40
bd_shs,45
bd_shs,39
bd_shs,22
bd_shs,9
bd_shs,67
bd_shs,58
bd_shs,31
bd_shs,28
bd_shs,46
bd_shs,10
bd_shs,23
bd_shs,23
bd_shs,40
bd_shs,29
bd_shs,16
bd_shs,19
bd_shs,112
bd_shs,24
bd_shs,11
bd_shs,66
bd_shs,23
bd_shs,13
bd_shs,48
bd_shs,25
bd_shs,56
bd_shs,8
bd_shs,8
bd_shs,41
bd_shs,76
bd_shs,21
bd_shs,62
bd_shs,16
bd_shs,11
bd_shs,20
bd_shs,6
bd_shs,8
bd_shs,233
bd_shs,57
bd_shs,15
bd_shs,57
bd_shs,130
bd_shs,71
bd_shs,76
bd_shs,1224
bd_shs,56
bd_shs,19
bd_shs,12
bd_shs,45
bd_shs,33
bd_shs,21
bd_shs,65
bd_shs,25
bd_shs,56
bd_shs,14
bd_shs,57
bd_shs,13
bd_shs,46
bd_shs,71
bd_shs,18
bd_shs,30
bd_shs,25
bd_shs,23
bd_shs,128
bd_shs,13
bd_shs,46
bd_shs,77
bd_shs,106
bd_shs,35
bd_shs,22
bd_shs,18
bd_shs,41
bd_shs,84
bd_shs,83
bd_shs,56
bd_shs,35
bd_shs,18
bd_shs,18
bd_shs,30
bd_shs,23
bd_shs,45
bd_shs,31
bd_shs,20
bd_shs,9
bd_shs,62
bd_shs,76
bd_shs,14
bd_shs,225
bd_shs,30
bd_shs,42
bd_shs,33
bd_shs,64
bd_shs,13
bd_shs,16
bd_shs,63
bd_shs,34
bd_shs,20
bd_shs,70
bd_shs,59
bd_shs,33
bd_shs,9
bd_shs,8
bd_shs,23
bd_shs,45
bd_shs,19
bd_shs,12
bd_shs,103
bd_shs,24
bd_shs,9
bd_shs,23
bd_shs,101
bd_shs,100
bd_shs,10
bd_shs,14
bd_shs,20
bd_shs,18
bd_shs,13
bd_shs,10
bd_shs,30
bd_shs,115
bd_shs,14
bd_shs,50
bd_shs,20
bd_shs,25
bd_shs,98
bd_shs,25
bd_shs,89
bd_shs,31
bd_shs,22
bd_shs,96
bd_shs,17
bd_shs,86
bd_shs,13
bd_shs,88
bd_shs,10
bd_shs,57
bd_shs,18
bd_shs,197
bd_shs,23
bd_shs,25
bd_shs,34
bd_shs,10
bd_shs,31
bd_shs,39
bd_shs,11
bd_shs,17
bd_shs,141
bd_shs,24
bd_shs,56
bd_shs,35
bd_shs,44
bd_shs,15
bd_shs,21
bd_shs,13
bd_shs,35
bd_shs,51
bd_shs,85
bd_shs,19
bd_shs,23
bd_shs,42
bd_shs,48
bd_shs,16
bd_shs,67
bd_shs,46
bd_shs,416
bd_shs,66
bd_shs,29
bd_shs,30
bd_shs,15
bd_shs,15
bd_shs,29
bd_shs,73
bd_shs,16
bd_shs,30
bd_shs,7
bd_shs,39
bd_shs,68
bd_shs,12
bd_shs,31
bd_shs,33
bd_shs,21
bd_shs,206
bd_shs,5
bd_shs,10
bd_shs,28
bd_shs,109
bd_shs,48
bd_shs,12
bd_shs,43
bd_shs,14
bd_shs,16
bd_shs,28
bd_shs,32
bd_shs,49
bd_shs,73
bd_shs,10
bd_shs,53
bd_shs,46
bd_shs,19
bd_shs,41
bd_shs,41
bd_shs,12
bd_shs,431
bd_shs,57
bd_shs,6
bd_shs,49
bd_shs,64
bd_shs,6
bd_shs,52
bd_shs,1277
bd_shs,9
bd_shs,65
bd_shs,63
bd_shs,30
bd_shs,68
bd_shs,149
bd_shs,116
bd_shs,427
bd_shs,92
bd_shs,61
bd_shs,21
bd_shs,45
bd_shs,85
bd_shs,33
bd_shs,64
bd_shs,10
bd_shs,14
bd_shs,19
bd_shs,6
bd_shs,98
bd_shs,20
bd_shs,7
bd_shs,48
bd_shs,102
bd_shs,9
bd_shs,31
bd_shs,75
bd_shs,42
bd_shs,44
bd_shs,31
bd_shs,71
bd_shs,33
bd_shs,33
bd_shs,11
bd_shs,80
bd_shs,24
bd_shs,23
bd_shs,59
bd_shs,26
bd_shs,13
bd_shs,32
bd_shs,102
bd_shs,17
bd_shs,17
bd_shs,8
bd_shs,32
bd_shs,29
bd_shs,9
bd_shs,54
bd_shs,22
bd_shs,16
bd_shs,63
bd_shs,44
bd_shs,36
bd_shs,31
bd_shs,8
bd_shs,34
bd_shs,37
bd_shs,146
bd_shs,20
bd_shs,21
bd_shs,81
bd_shs,111
bd_shs,20
bd_shs,31
bd_shs,20
bd_shs,220
bd_shs,49
bd_shs,21
bd_shs,13
bd_shs,31
bd_shs,14
bd_shs,16
bd_shs,39
bd_shs,293
bd_shs,9
bd_shs,85
bd_shs,12
bd_shs,8
bd_shs,21
bd_shs,48
bd_shs,31
bd_shs,45
bd_shs,19
bd_shs,36
bd_shs,18
bd_shs,8
bd_shs,57
bd_shs,47
bd_shs,58
bd_shs,39
bd_shs,17
bd_shs,29
bd_shs,32
bd_shs,80
bd_shs,48
bd_shs,18
bd_shs,46
bd_shs,4
bd_shs,6
bd_shs,38
bd_shs,13
bd_shs,21
bd_shs,28
bd_shs,23
bd_shs,85
bd_shs,36
bd_shs,27
bd_shs,32
bd_shs,114
bd_shs,5
bd_shs,17
bd_shs,59
bd_shs,74
bd_shs,45
bd_shs,22
bd_shs,108
bd_shs,14
bd_shs,26
bd_shs,67
bd_shs,87
bd_shs,14
bd_shs,161
bd_shs,49
bd_shs,21
bd_shs,11
bd_shs,36
bd_shs,126
bd_shs,93
bd_shs,60
bd_shs,104
bd_shs,48
bd_shs,13
bd_shs,6
bd_shs,63
bd_shs,40
bd_shs,72
bd_shs,12
bd_shs,30
bd_shs,39
bd_shs,96
bd_shs,15
bd_shs,16
bd_shs,66
bd_shs,17
bd_shs,34
bd_shs,20
bd_shs,47
bd_shs,42
bd_shs,80
bd_shs,22
bd_shs,33
bd_shs,73
bd_shs,41
bd_shs,10
bd_shs,30
bd_shs,9
bd_shs,26
bd_shs,14
bd_shs,15
bd_shs,44
bd_shs,26
bd_shs,21
bd_shs,91
bd_shs,133
bd_shs,30
bd_shs,19
bd_shs,20
bd_shs,17
bd_shs,11
bd_shs,17
bd_shs,28
bd_shs,53
bd_shs,87
bd_shs,26
bd_shs,15
bd_shs,18
bd_shs,86
bd_shs,50
bd_shs,58
bd_shs,14
bd_shs,48
bd_shs,21
bd_shs,5
bd_shs,51
bd_shs,59
bd_shs,31
bd_shs,19
bd_shs,49
bd_shs,8
bd_shs,27
bd_shs,25
bd_shs,12
bd_shs,11
bd_shs,31
bd_shs,18
bd_shs,25
bd_shs,148
bd_shs,13
bd_shs,30
bd_shs,46
bd_shs,11
bd_shs,10
bd_shs,14
bd_shs,90
bd_shs,19
bd_shs,15
bd_shs,14
bd_shs,17
bd_shs,122
bd_shs,22
bd_shs,71
bd_shs,79
bd_shs,68
bd_shs,53
bd_shs,98
bd_shs,38
bd_shs,71
bd_shs,17
bd_shs,17
bd_shs,10
bd_shs,25
bd_shs,47
bd_shs,19
bd_shs,9
bd_shs,24
bd_shs,91
bd_shs,12
bd_shs,52
bd_shs,17
bd_shs,75
bd_shs,36
bd_shs,27
bd_shs,75
bd_shs,30
bd_shs,13
bd_shs,18
bd_shs,37
bd_shs,53
bd_shs,19
bd_shs,45
bd_shs,10
bd_shs,29
bd_shs,38
bd_shs,40
bd_shs,37
bd_shs,123
bd_shs,44
bd_shs,49
bd_shs,17
bd_shs,143
bd_shs,121
bd_shs,33
bd_shs,157
bd_shs,95
bd_shs,21
bd_shs,19
bd_shs,11
bd_shs,26
bd_shs,12
bd_shs,17
bd_shs,47
bd_shs,5
bd_shs,5
bd_shs,33
bd_shs,70
bd_shs,23
bd_shs,23
bd_shs,48
bd_shs,49
bd_shs,26
bd_shs,64
bd_shs,27
bd_shs,21
bd_shs,24
bd_shs,35
bd_shs,59
bd_shs,31
bd_shs,6
bd_shs,52
bd_shs,11
bd_shs,55
bd_shs,49
bd_shs,34
bd_shs,38
bd_shs,17
bd_shs,40
bd_shs,15
bd_shs,11
bd_shs,18
bd_shs,13
bd_shs,19
bd_shs,13
bd_shs,15
bd_shs,20
bd_shs,24
bd_shs,104
bd_shs,24
bd_shs,49
bd_shs,53
bd_shs,87
bd_shs,93
bd_shs,20
bd_shs,88
bd_shs,19
bd_shs,25
bd_shs,25
bd_shs,37
bd_shs,15
bd_shs,18
bd_shs,8
bd_shs,15
bd_shs,24
bd_shs,38
bd_shs,5
bd_shs,24
bd_shs,175
bd_shs,17
bd_shs,56
bd_shs,70
bd_shs,47
bd_shs,55
bd_shs,14
bd_shs,12
bd_shs,9
bd_shs,11
bd_shs,12
bd_shs,71
bd_shs,9
bd_shs,6
bd_shs,6
bd_shs,15
bd_shs,18
bd_shs,27
bd_shs,100
bd_shs,24
bd_shs,73
bd_shs,36
bd_shs,7
bd_shs,7
bd_shs,19
bd_shs,83
bd_shs,33
bd_shs,34
bd_shs,24
bd_shs,55
bd_shs,105
bd_shs,62
bd_shs,14
bd_shs,8
bd_shs,139
bd_shs,17
bd_shs,54
bd_shs,23
bd_shs,40
bd_shs,12
bd_shs,47
bd_shs,6
bd_shs,10
bd_shs,53
bd_shs,12
bd_shs,56
bd_shs,44
bd_shs,42
bd_shs,19
bd_shs,24
bd_shs,57
bd_shs,6
bd_shs,22
bd_shs,13
bd_shs,18
bd_shs,70
bd_shs,30
bd_shs,27
bd_shs,268
bd_shs,27
bd_shs,35
bd_shs,37
bd_shs,21
bd_shs,55
bd_shs,6
bd_shs,31
bd_shs,373
bd_shs,56
bd_shs,57
bd_shs,119
bd_shs,11
bd_shs,18
bd_shs,7
bd_shs,22
bd_shs,20
bd_shs,25
bd_shs,20
bd_shs,18
bd_shs,7
bd_shs,7
bd_shs,42
bd_shs,9
bd_shs,104
bd_shs,9
bd_shs,88
bd_shs,10
bd_shs,23
bd_shs,15
bd_shs,13
bd_shs,13
bd_shs,35
bd_shs,30
bd_shs,10
bd_shs,30
bd_shs,50
bd_shs,23
bd_shs,62
bd_shs,25
bd_shs,17
bd_shs,6
bd_shs,12
bd_shs,42
bd_shs,16
bd_shs,18
bd_shs,5
bd_shs,95
bd_shs,49
bd_shs,9
bd_shs,12
bd_shs,169
bd_shs,37
bd_shs,29
bd_shs,24
bd_shs,46
bd_shs,26
bd_shs,21
bd_shs,22
bd_shs,76
bd_shs,11
bd_shs,11
bd_shs,10
bd_shs,30
bd_shs,56
bd_shs,15
bd_shs,144
bd_shs,10
bd_shs,25
bd_shs,19
bd_shs,177
bd_shs,60
bd_shs,27
bd_shs,38
bd_shs,274
bd_shs,265
bd_shs,9
bd_shs,93
bd_shs,9
bd_shs,39
bd_shs,161
bd_shs,28
bd_shs,17
bd_shs,120
bd_shs,15
bd_shs,29
bd_shs,80
bd_shs,56
bd_shs,58
bd_shs,54
bd_shs,35
bd_shs,12
bd_shs,4
bd_shs,74
bd_shs,14
bd_shs,47
bd_shs,18
bd_shs,32
bd_shs,36
bd_shs,72
bd_shs,18
bd_shs,18
bd_shs,153
bd_shs,28
bd_shs,25
bd_shs,27
bd_shs,11
bd_shs,37
bd_shs,49
bd_shs,24
bd_shs,10
bd_shs,22
bd_shs,33
bd_shs,11
bd_shs,61
bd_shs,16
bd_shs,15
bd_shs,23
bd_shs,50
bd_shs,5
bd_shs,13
bd_shs,44
bd_shs,68
bd_shs,58
bd_shs,32
bd_shs,34
bd_shs,42
bd_shs,27
bd_shs,28
bd_shs,115
bd_shs,58
bd_shs,13
bd_shs,23
bd_shs,11
bd_shs,13
bd_shs,50
bd_shs,29
bd_shs,69
bd_shs,136
bd_shs,53
bd_shs,11
bd_shs,62
bd_shs,27
bd_shs,36
bd_shs,20
bd_shs,86
bd_shs,16
bd_shs,35
bd_shs,46
bd_shs,19
bd_shs,85
bd_shs,83
bd_shs,17
bd_shs,165
bd_shs,29
bd_shs,17
bd_shs,27
bd_shs,89
bd_shs,44
bd_shs,29
bd_shs,63
bd_shs,26
bd_shs,43
bd_shs,24
bd_shs,12
bd_shs,77
bd_shs,57
bd_shs,25
bd_shs,42
bd_shs,108
bd_shs,28
bd_shs,49
bd_shs,44
bd_shs,12
bd_shs,31
bd_shs,15
bd_shs,35
bd_shs,69
bd_shs,37
bd_shs,17
bd_shs,54
bd_shs,135
bd_shs,176
bd_shs,10
bd_shs,25
bd_shs,7
bd_shs,21
bd_shs,30
bd_shs,18
bd_shs,44
bd_shs,31
bd_shs,60
bd_shs,59
bd_shs,11
bd_shs,36
bd_shs,68
bd_shs,20
bd_shs,143
bd_shs,26
bd_shs,8
bd_shs,7
bd_shs,7
bd_shs,50
bd_shs,18
bd_shs,38
bd_shs,41
bd_shs,35
bd_shs,9
bd_shs,21
bd_shs,24
bd_shs,25
bd_shs,40
bd_shs,59
bd_shs,6
bd_shs,106
bd_shs,15
bd_shs,14
bd_shs,92
bd_shs,27
bd_shs,9
bd_shs,80
bd_shs,73
bd_shs,6
bd_shs,11
bd_shs,49
bd_shs,53
bd_shs,63
bd_shs,48
bd_shs,9
bd_shs,30
bd_shs,10
bd_shs,130
bd_shs,12
bd_shs,10
bd_shs,23
bd_shs,10
bd_shs,766
bd_shs,18
bd_shs,105
bd_shs,147
bd_shs,332
bd_shs,8
bd_shs,20
bd_shs,15
bd_shs,88
bd_shs,18
bd_shs,94
bd_shs,11
bd_shs,15
bd_shs,264
bd_shs,13
bd_shs,29
bd_shs,16
bd_shs,11
bd_shs,24
bd_shs,26
bd_shs,35
bd_shs,106
bd_shs,68
bd_shs,34
bd_shs,25
bd_shs,43
bd_shs,41
bd_shs,19
bd_shs,6
bd_shs,18
bd_shs,59
bd_shs,56
bd_shs,36
bd_shs,22
bd_shs,52
bd_shs,35
bd_shs,10
bd_shs,60
bd_shs,12
bd_shs,18
bd_shs,171
bd_shs,19
bd_shs,67
bd_shs,40
bd_shs,20
bd_shs,81
bd_shs,59
bd_shs,15
bd_shs,27
bd_shs,22
bd_shs,15
bd_shs,31
bd_shs,34
bd_shs,155
bd_shs,18
bd_shs,71
bd_shs,28
bd_shs,61
bd_shs,22
bd_shs,97
bd_shs,17
bd_shs,12
bd_shs,31
bd_shs,63
bd_shs,10
bd_shs,21
bd_shs,27
bd_shs,11
bd_shs,59
bd_shs,29
bd_shs,27
bd_shs,104
bd_shs,26
bd_shs,18
bd_shs,171
bd_shs,17
bd_shs,69
bd_shs,27
bd_shs,33
bd_shs,15
bd_shs,31
bd_shs,24
bd_shs,19
bd_shs,39
bd_shs,31
bd_shs,48
bd_shs,88
bd_shs,30
bd_shs,11
bd_shs,43
bd_shs,17
bd_shs,55
bd_shs,53
bd_shs,22
bd_shs,303
bd_shs,25
bd_shs,26
bd_shs,19
bd_shs,50
bd_shs,32
bd_shs,30
bd_shs,33
bd_shs,15
bd_shs,18
bd_shs,103
bd_shs,7
bd_shs,82
bd_shs,40
bd_shs,43
bd_shs,41
bd_shs,24
bd_shs,50
bd_shs,15
bd_shs,19
bd_shs,126
bd_shs,23
bd_shs,63
bd_shs,69
bd_shs,22
bd_shs,28
bd_shs,49
bd_shs,70
bd_shs,32
bd_shs,47
bd_shs,44
bd_shs,20
bd_shs,63
bd_shs,424
bd_shs,35
bd_shs,41
bd_shs,27
bd_shs,4
bd_shs,69
bd_shs,317
bd_shs,79
bd_shs,50
bd_shs,52
bd_shs,64
bd_shs,147
bd_shs,8
bd_shs,57
bd_shs,16
bd_shs,14
bd_shs,33
bd_shs,18
bd_shs,212
bd_shs,5
bd_shs,37
bd_shs,21
bd_shs,41
bd_shs,166
bd_shs,45
bd_shs,55
bd_shs,13
bd_shs,11
bd_shs,62
bd_shs,22
bd_shs,33
bd_shs,18
bd_shs,39
bd_shs,34
bd_shs,18
bd_shs,182
bd_shs,34
bd_shs,51
bd_shs,400
bd_shs,184
bd_shs,55
bd_shs,59
bd_shs,4
bd_shs,79
bd_shs,22
bd_shs,19
bd_shs,64
bd_shs,31
bd_shs,16
bd_shs,13
bd_shs,93
bd_shs,29
bd_shs,82
bd_shs,18
bd_shs,133
bd_shs,34
bd_shs,29
bd_shs,118
bd_shs,33
bd_shs,18
bd_shs,8
bd_shs,87
bd_shs,22
bd_shs,33
bd_shs,46
bd_shs,33
bd_shs,21
bd_shs,62
bd_shs,46
bd_shs,73
bd_shs,16
bd_shs,12
bd_shs,52
bd_shs,62
bd_shs,17
bd_shs,13
bd_shs,16
bd_shs,41
bd_shs,29
bd_shs,47
bd_shs,16
bd_shs,13
bd_shs,64
bd_shs,70
bd_shs,19
bd_shs,50
bd_shs,79
bd_shs,21
bd_shs,18
bd_shs,12
bd_shs,39
bd_shs,51
bd_shs,41
bd_shs,16
bd_shs,32
bd_shs,19
bd_shs,42
bd_shs,56
bd_shs,100
bd_shs,16
bd_shs,60
bd_shs,28
bd_shs,42
bd_shs,46
bd_shs,28
bd_shs,6
bd_shs,18
bd_shs,28
bd_shs,33
bd_shs,50
bd_shs,11
bd_shs,74
bd_shs,12
bd_shs,13
bd_shs,61
bd_shs,100
bd_shs,16
bd_shs,18
bd_shs,35
bd_shs,24
bd_shs,20
bd_shs,11
bd_shs,41
bd_shs,6
bd_shs,85
bd_shs,43
bd_shs,91
bd_shs,17
bd_shs,110
bd_shs,19
bd_shs,18
bd_shs,10
bd_shs,17
bd_shs,14
bd_shs,26
bd_shs,16
bd_shs,43
bd_shs,39
bd_shs,11
bd_shs,45
bd_shs,67
bd_shs,34
bd_shs,60
bd_shs,31
bd_shs,6
bd_shs,32
bd_shs,21
bd_shs,39
bd_shs,156
bd_shs,7
bd_shs,23
bd_shs,31
bd_shs,24
bd_shs,75
bd_shs,31
bd_shs,45
bd_shs,57
bd_shs,10
bd_shs,36
bd_shs,34
bd_shs,21
bd_shs,94
bd_shs,83
bd_shs,59
bd_shs,37
bd_shs,13
bd_shs,13
bd_shs,66
bd_shs,129
bd_shs,76
bd_shs,15
bd_shs,78
bd_shs,14
bd_shs,41
bd_shs,29
bd_shs,52
bd_shs,13
bd_shs,34
bd_shs,12
bd_shs,21
bd_shs,8
bd_shs,276
bd_shs,43
bd_shs,28
bd_shs,3
bd_shs,29
bd_shs,37
bd_shs,24
bd_shs,19
bd_shs,17
bd_shs,8
bd_shs,26
bd_shs,137
bd_shs,59
bd_shs,6
bd_shs,156
bd_shs,32
bd_shs,90
bd_shs,86
bd_shs,48
bd_shs,23
bd_shs,47
bd_shs,6
bd_shs,25
bd_shs,60
bd_shs,17
bd_shs,24
bd_shs,12
bd_shs,28
bd_shs,16
bd_shs,92
bd_shs,10
bd_shs,21
bd_shs,17
bd_shs,29
bd_shs,38
bd_shs,5
bd_shs,25
bd_shs,12
bd_shs,29
bd_shs,63
bd_shs,41
bd_shs,46
bd_shs,9
bd_shs,52
bd_shs,22
bd_shs,42
bd_shs,22
bd_shs,47
bd_shs,14
bd_shs,7
bd_shs,31
bd_shs,19
bd_shs,45
bd_shs,27
bd_shs,48
bd_shs,27
bd_shs,15
bd_shs,57
bd_shs,6
bd_shs,7
bd_shs,295
bd_shs,14
bd_shs,27
bd_shs,12
bd_shs,111
bd_shs,25
bd_shs,18
bd_shs,19
bd_shs,39
bd_shs,48
bd_shs,46
bd_shs,36
bd_shs,59
bd_shs,42
bd_shs,99
bd_shs,18
bd_shs,50
bd_shs,144
bd_shs,58
bd_shs,13
bd_shs,22
bd_shs,9
bd_shs,42
bd_shs,27
bd_shs,12
bd_shs,9
bd_shs,27
bd_shs,22
bd_shs,191
bd_shs,19
bd_shs,12
bd_shs,42
bd_shs,21
bd_shs,25
bd_shs,26
bd_shs,22
bd_shs,13
bd_shs,20
bd_shs,8
bd_shs,70
bd_shs,29
bd_shs,24
bd_shs,19
bd_shs,10
bd_shs,8
bd_shs,98
bd_shs,247
bd_shs,65
bd_shs,26
bd_shs,3
bd_shs,53
bd_shs,27
bd_shs,79
bd_shs,19
bd_shs,36
bd_shs,10
bd_shs,95
bd_shs,23
bd_shs,32
bd_shs,42
bd_shs,11
bd_shs,81
bd_shs,72
bd_shs,15
bd_shs,21
bd_shs,62
bd_shs,102
bd_shs,25
bd_shs,20
bd_shs,135
bd_shs,33
bd_shs,54
bd_shs,5
bd_shs,11
bd_shs,59
bd_shs,11
bd_shs,24
bd_shs,279
bd_shs,9
bd_shs,11
bd_shs,17
bd_shs,12
bd_shs,14
bd_shs,42
bd_shs,12
bd_shs,10
bd_shs,47
bd_shs,23
bd_shs,40
bd_shs,18
bd_shs,235
bd_shs,395
bd_shs,81
bd_shs,41
bd_shs,7
bd_shs,50
bd_shs,114
bd_shs,12
bd_shs,28
bd_shs,24
bd_shs,14
bd_shs,15
bd_shs,41
bd_shs,9
bd_shs,54
bd_shs,16
bd_shs,87
bd_shs,86
bd_shs,6
bd_shs,28
bd_shs,5
bd_shs,47
bd_shs,62
bd_shs,20
bd_shs,45
bd_shs,45
bd_shs,40
bd_shs,11
bd_shs,15
bd_shs,23
bd_shs,58
bd_shs,26
bd_shs,16
bd_shs,62
bd_shs,12
bd_shs,44
bd_shs,10
bd_shs,107
bd_shs,9
bd_shs,41
bd_shs,21
bd_shs,33
bd_shs,7
bd_shs,22
bd_shs,38
bd_shs,44
bd_shs,8
bd_shs,95
bd_shs,39
bd_shs,36
bd_shs,20
bd_shs,26
bd_shs,18
bd_shs,11
bd_shs,9
bd_shs,7
bd_shs,13
bd_shs,55
bd_shs,21
bd_shs,81
bd_shs,18
bd_shs,63
bd_shs,30
bd_shs,24
bd_shs,21
bd_shs,70
bd_shs,27
bd_shs,29
bd_shs,46
bd_shs,30
bd_shs,17
bd_shs,48
bd_shs,73
bd_shs,150
bd_shs,35
bd_shs,19
bd_shs,64
bd_shs,289
bd_shs,34
bd_shs,45
bd_shs,34
bd_shs,47
bd_shs,23
bd_shs,25
bd_shs,115
bd_shs,59
bd_shs,15
bd_shs,9
bd_shs,5
bd_shs,51
bd_shs,16
bd_shs,45
bd_shs,32
bd_shs,24
bd_shs,7
bd_shs,23
bd_shs,54
bd_shs,26
bd_shs,9
bd_shs,63
bd_shs,41
bd_shs,136
bd_shs,95
bd_shs,17
bd_shs,56
bd_shs,29
bd_shs,12
bd_shs,81
bd_shs,45
bd_shs,25
bd_shs,48
bd_shs,67
bd_shs,21
bd_shs,15
bd_shs,56
bd_shs,26
bd_shs,81
bd_shs,22
bd_shs,10
bd_shs,47
bd_shs,35
bd_shs,78
bd_shs,17
bd_shs,18
bd_shs,55
bd_shs,51
bd_shs,6
bd_shs,54
bd_shs,55
bd_shs,106
bd_shs,22
bd_shs,22
bd_shs,18
bd_shs,142
bd_shs,12
bd_shs,19
bd_shs,6
bd_shs,7
bd_shs,13
bd_shs,68
bd_shs,75
bd_shs,13
bd_shs,94
bd_shs,12
bd_shs,56
bd_shs,85
bd_shs,59
bd_shs,16
bd_shs,42
bd_shs,18
bd_shs,68
bd_shs,21
bd_shs,20
bd_shs,18
bd_shs,163
bd_shs,18
bd_shs,22
bd_shs,23
bd_shs,71
bd_shs,9
bd_shs,220
bd_shs,26
bd_shs,18
bd_shs,15
bd_shs,5
bd_shs,11
bd_shs,11
bd_shs,48
bd_shs,24
bd_shs,36
bd_shs,137
bd_shs,39
bd_shs,48
bd_shs,29
bd_shs,153
bd_shs,135
bd_shs,35
bd_shs,65
bd_shs,112
bd_shs,24
bd_shs,25
bd_shs,29
bd_shs,58
bd_shs,12
bd_shs,19
bd_shs,13
bd_shs,63
bd_shs,57
bd_shs,9
bd_shs,61
bd_shs,148
bd_shs,42
bd_shs,83
bd_shs,104
bd_shs,16
bd_shs,12
bd_shs,58
bd_shs,29
bd_shs,31
bd_shs,98
bd_shs,25
bd_shs,41
bd_shs,152
bd_shs,28
bd_shs,43
bd_shs,47
bd_shs,213
bd_shs,50
bd_shs,18
bd_shs,12
bd_shs,19
bd_shs,76
bd_shs,88
bd_shs,19
bd_shs,19
bd_shs,11
bd_shs,6
bd_shs,44
bd_shs,58
bd_shs,14
bd_shs,29
bd_shs,9
bd_shs,13
bd_shs,22
bd_shs,25
bd_shs,169
bd_shs,35
bd_shs,61
bd_shs,136
bd_shs,14
bd_shs,15
bd_shs,24
bd_shs,25
bd_shs,17
bd_shs,30
bd_shs,42
bd_shs,10
bd_shs,24
bd_shs,47
bd_shs,22
bd_shs,49
bd_shs,19
bd_shs,3
bd_shs,17
bd_shs,8
bd_shs,21
bd_shs,42
bd_shs,285
bd_shs,26
bd_shs,26
bd_shs,27
bd_shs,7
bd_shs,17
bd_shs,53
bd_shs,21
bd_shs,123
bd_shs,7
bd_shs,44
bd_shs,34
bd_shs,111
bd_shs,163
bd_shs,35
bd_shs,40
bd_shs,31
bd_shs,131
bd_shs,42
bd_shs,8
bd_shs,9
bd_shs,51
bd_shs,21
bd_shs,11
bd_shs,8
bd_shs,12
bd_shs,11
bd_shs,47
bd_shs,123
bd_shs,175
bd_shs,7
bd_shs,95
bd_shs,51
bd_shs,84
bd_shs,51
bd_shs,79
bd_shs,5
bd_shs,47
bd_shs,51
bd_shs,75
bd_shs,126
bd_shs,38
bd_shs,91
bd_shs,24
bd_shs,15
bd_shs,132
bd_shs,114
bd_shs,54
bd_shs,16
bd_shs,37
bd_shs,8
bd_shs,20
bd_shs,45
bd_shs,74
bd_shs,68
bd_shs,32
bd_shs,51
bd_shs,31
bd_shs,63
bd_shs,96
bd_shs,21
bd_shs,9
bd_shs,55
bd_shs,53
bd_shs,37
bd_shs,62
bd_shs,48
bd_shs,50
bd_shs,18
bd_shs,59
bd_shs,86
bd_shs,16
bd_shs,23
bd_shs,55
bd_shs,28
bd_shs,130
bd_shs,36
bd_shs,15
bd_shs,86
bd_shs,16
bd_shs,34
bd_shs,55
bd_shs,15
bd_shs,12
bd_shs,51
bd_shs,49
bd_shs,42
bd_shs,36
bd_shs,19
bd_shs,117
bd_shs,132
bd_shs,13
bd_shs,14
bd_shs,23
bd_shs,21
bd_shs,67
bd_shs,45
bd_shs,17
bd_shs,15
bd_shs,19
bd_shs,86
bd_shs,99
bd_shs,23
bd_shs,40
bd_shs,11
bd_shs,107
bd_shs,25
bd_shs,57
bd_shs,87
bd_shs,309
bd_shs,54
bd_shs,80
bd_shs,12
bd_shs,13
bd_shs,39
bd_shs,110
bd_shs,12
bd_shs,29
bd_shs,5
bd_shs,12
bd_shs,37
bd_shs,25
bd_shs,48
bd_shs,74
bd_shs,18
bd_shs,27
bd_shs,87
bd_shs,10
bd_shs,30
bd_shs,62
bd_shs,22
bd_shs,13
bd_shs,32
bd_shs,8
bd_shs,33
bd_shs,52
bd_shs,56
bd_shs,7
bd_shs,67
bd_shs,31
bd_shs,47
bd_shs,15
bd_shs,51
bd_shs,12
bd_shs,10
bd_shs,28
bd_shs,20
bd_shs,41
bd_shs,45
bd_shs,42
bd_shs,53
bd_shs,33
bd_shs,18
bd_shs,24
bd_shs,15
bd_shs,15
bd_shs,12
bd_shs,28
bd_shs,8
bd_shs,298
bd_shs,192
bd_shs,19
bd_shs,54
bd_shs,40
bd_shs,45
bd_shs,32
bd_shs,152
bd_shs,7
bd_shs,14
bd_shs,33
bd_shs,24
bd_shs,22
bd_shs,21
bd_shs,29
bd_shs,68
bd_shs,16
bd_shs,18
bd_shs,67
bd_shs,81
bd_shs,18
bd_shs,37
bd_shs,201
bd_shs,28
bd_shs,23
bd_shs,30
bd_shs,58
bd_shs,10
bd_shs,58
bd_shs,58
bd_shs,58
bd_shs,15
bd_shs,43
bd_shs,15
bd_shs,18
bd_shs,8
bd_shs,15
bd_shs,17
bd_shs,23
bd_shs,38
bd_shs,34
bd_shs,46
bd_shs,44
bd_shs,6
bd_shs,21
bd_shs,47
bd_shs,11
bd_shs,65
bd_shs,25
bd_shs,156
bd_shs,30
bd_shs,127
bd_shs,22
bd_shs,65
bd_shs,33
bd_shs,22
bd_shs,39
bd_shs,57
bd_shs,66
bd_shs,18
bd_shs,9
bd_shs,56
bd_shs,9
bd_shs,38
bd_shs,58
bd_shs,11
bd_shs,13
bd_shs,11
bd_shs,106
bd_shs,9
bd_shs,10
bd_shs,22
bd_shs,24
bd_shs,12
bd_shs,78
bd_shs,26
bd_shs,29
bd_shs,74
bd_shs,198
bd_shs,35
bd_shs,4
bd_shs,22
bd_shs,80
bd_shs,24
bd_shs,54
bd_shs,197
bd_shs,16
bd_shs,23
bd_shs,21
bd_shs,15
bd_shs,62
bd_shs,55
bd_shs,28
bd_shs,8
bd_shs,18
bd_shs,41
bd_shs,11
bd_shs,27
bd_shs,61
bd_shs,30
bd_shs,30
bd_shs,18
bd_shs,77
bd_shs,164
bd_shs,18
bd_shs,22
bd_shs,13
bd_shs,18
bd_shs,273
bd_shs,75
bd_shs,20
bd_shs,48
bd_shs,45
bd_shs,41
bd_shs,46
bd_shs,17
bd_shs,23
bd_shs,56
bd_shs,43
bd_shs,7
bd_shs,31
bd_shs,13
bd_shs,23
bd_shs,40
bd_shs,21
bd_shs,11
bd_shs,50
bd_shs,125
bd_shs,202
bd_shs,49
bd_shs,60
bd_shs,93
bd_shs,10
bd_shs,199
bd_shs,9
bd_shs,10
bd_shs,18
bd_shs,30
bd_shs,16
bd_shs,33
bd_shs,28
bd_shs,55
bd_shs,56
bd_shs,86
bd_shs,28
bd_shs,56
bd_shs,23
bd_shs,26
bd_shs,55
bd_shs,38
bd_shs,43
bd_shs,49
bd_shs,10
bd_shs,13
bd_shs,17
bd_shs,21
bd_shs,10
bd_shs,22
bd_shs,70
bd_shs,36
bd_shs,158
bd_shs,113
bd_shs,14
bd_shs,14
bd_shs,52
bd_shs,18
bd_shs,37
bd_shs,33
bd_shs,35
bd_shs,23
bd_shs,33
bd_shs,50
bd_shs,29
bd_shs,70
bd_shs,38
bd_shs,45
bd_shs,73
bd_shs,65
bd_shs,122
bd_shs,14
bd_shs,25
bd_shs,15
bd_shs,41
bd_shs,10
bd_shs,31
bd_shs,14
bd_shs,16
bd_shs,66
bd_shs,21
bd_shs,113
bd_shs,262
bd_shs,23
bd_shs,63
bd_shs,167
bd_shs,11
bd_shs,254
bd_shs,23
bd_shs,19
bd_shs,37
bd_shs,25
bd_shs,168
bd_shs,44
bd_shs,56
bd_shs,7
bd_shs,43
bd_shs,67
bd_shs,213
bd_shs,45
bd_shs,172
bd_shs,68
bd_shs,28
bd_shs,9
bd_shs,25
bd_shs,13
bd_shs,39
bd_shs,63
bd_shs,40
bd_shs,111
bd_shs,8
bd_shs,32
bd_shs,7
bd_shs,24
bd_shs,66
bd_shs,18
bd_shs,23
bd_shs,269
bd_shs,291
bd_shs,67
bd_shs,30
bd_shs,64
bd_shs,10
bd_shs,16
bd_shs,49
bd_shs,47
bd_shs,60
bd_shs,29
bd_shs,11
bd_shs,27
bd_shs,6
bd_shs,27
bd_shs,39
bd_shs,30
bd_shs,125
bd_shs,142
bd_shs,6
bd_shs,47
bd_shs,79
bd_shs,89
bd_shs,25
bd_shs,10
bd_shs,19
bd_shs,20
bd_shs,9
bd_shs,28
bd_shs,33
bd_shs,13
bd_shs,16
bd_shs,30
bd_shs,8
bd_shs,31
bd_shs,52
bd_shs,160
bd_shs,13
bd_shs,13
bd_shs,59
bd_shs,15
bd_shs,22
bd_shs,18
bd_shs,10
bd_shs,83
bd_shs,71
bd_shs,24
bd_shs,32
bd_shs,42
bd_shs,28
bd_shs,133
bd_shs,20
bd_shs,30
bd_shs,24
bd_shs,46
bd_shs,81
bd_shs,38
bd_shs,18
bd_shs,15
bd_shs,24
bd_shs,212
bd_shs,60
bd_shs,28
bd_shs,86
bd_shs,38
bd_shs,46
bd_shs,9
bd_shs,110
bd_shs,17
bd_shs,164
bd_shs,97
bd_shs,46
bd_shs,69
bd_shs,24
bd_shs,5
bd_shs,9
bd_shs,28
bd_shs,22
bd_shs,374
bd_shs,55
bd_shs,29
bd_shs,150
bd_shs,24
bd_shs,37
bd_shs,35
bd_shs,52
bd_shs,17
bd_shs,56
bd_shs,59
bd_shs,21
bd_shs,74
bd_shs,27
bd_shs,58
bd_shs,22
bd_shs,21
bd_shs,19
bd_shs,10
bd_shs,23
bd_shs,53
bd_shs,135
bd_shs,11
bd_shs,13
bd_shs,80
bd_shs,20
bd_shs,21
bd_shs,54
bd_shs,20
bd_shs,20
bd_shs,15
bd_shs,23
bd_shs,19
bd_shs,83
bd_shs,21
bd_shs,29
bd_shs,88
bd_shs,14
bd_shs,14
bd_shs,94
bd_shs,14
bd_shs,84
bd_shs,13
bd_shs,11
bd_shs,11
bd_shs,25
bd_shs,23
bd_shs,12
bd_shs,71
bd_shs,17
bd_shs,40
bd_shs,19
bd_shs,7
bd_shs,4
bd_shs,71
bd_shs,29
bd_shs,45
bd_shs,22
bd_shs,309
bd_shs,19
bd_shs,16
bd_shs,42
bd_shs,31
bd_shs,47
bd_shs,14
bd_shs,17
bd_shs,72
bd_shs,39
bd_shs,7
bd_shs,19
bd_shs,10
bd_shs,28
bd_shs,17
bd_shs,94
bd_shs,24
bd_shs,98
bd_shs,70
bd_shs,15
bd_shs,22
bd_shs,35
bd_shs,37
bd_shs,113
bd_shs,53
bd_shs,23
bd_shs,56
bd_shs,42
bd_shs,17
bd_shs,55
bd_shs,13
bd_shs,37
bd_shs,104
bd_shs,41
bd_shs,10
bd_shs,102
bd_shs,114
bd_shs,24
bd_shs,17
bd_shs,8
bd_shs,25
bd_shs,11
bd_shs,14
bd_shs,37
bd_shs,120
bd_shs,105
bd_shs,16
bd_shs,16
bd_shs,16
bd_shs,32
bd_shs,42
bd_shs,9
bd_shs,45
bd_shs,39
bd_shs,60
bd_shs,17
bd_shs,46
bd_shs,21
bd_shs,12
bd_shs,18
bd_shs,10
bd_shs,16
bd_shs,80
bd_shs,40
bd_shs,4
bd_shs,26
bd_shs,54
bd_shs,7
bd_shs,72
bd_shs,733
bd_shs,23
bd_shs,15
bd_shs,26
bd_shs,18
bd_shs,7
bd_shs,39
bd_shs,20
bd_shs,9
bd_shs,211
bd_shs,27
bd_shs,14
bd_shs,10
bd_shs,51
bd_shs,2203
bd_shs,248
bd_shs,39
bd_shs,205
bd_shs,20
bd_shs,14
bd_shs,19
bd_shs,78
bd_shs,39
bd_shs,24
bd_shs,18
bd_shs,10
bd_shs,44
bd_shs,321
bd_shs,57
bd_shs,18
bd_shs,13
bd_shs,63
bd_shs,35
bd_shs,8
bd_shs,291
bd_shs,39
bd_shs,61
bd_shs,25
bd_shs,51
bd_shs,306
bd_shs,212
bd_shs,63
bd_shs,23
bd_shs,31
bd_shs,22
bd_shs,55
bd_shs,91
bd_shs,13
bd_shs,13
bd_shs,44
bd_shs,18
bd_shs,19
bd_shs,8
bd_shs,86
bd_shs,20
bd_shs,48
bd_shs,304
bd_shs,25
bd_shs,16
bd_shs,31
bd_shs,43
bd_shs,60
bd_shs,25
bd_shs,10
bd_shs,66
bd_shs,20
bd_shs,43
bd_shs,13
bd_shs,16
bd_shs,74
bd_shs,71
bd_shs,121
bd_shs,14
bd_shs,10
bd_shs,108
bd_shs,83
bd_shs,23
bd_shs,73
bd_shs,48
bd_shs,39
bd_shs,43
bd_shs,22
bd_shs,32
bd_shs,23
bd_shs,514
bd_shs,14
bd_shs,19
bd_shs,25
bd_shs,60
bd_shs,61
bd_shs,54
bd_shs,34
bd_shs,18
bd_shs,11
bd_shs,65
bd_shs,74
bd_shs,8
bd_shs,39
bd_shs,40
bd_shs,17
bd_shs,10
bd_shs,27
bd_shs,13
bd_shs,361
bd_shs,19
bd_shs,10
bd_shs,41
bd_shs,29
bd_shs,12
bd_shs,31
bd_shs,20
bd_shs,28
bd_shs,23
bd_shs,51
bd_shs,76
bd_shs,108
bd_shs,28
bd_shs,5
bd_shs,5
bd_shs,39
bd_shs,18
bd_shs,25
bd_shs,53
bd_shs,63
bd_shs,15
bd_shs,173
bd_shs,21
bd_shs,98
bd_shs,156
bd_shs,32
bd_shs,19
bd_shs,13
bd_shs,27
bd_shs,121
bd_shs,10
bd_shs,33
bd_shs,47
bd_shs,11
bd_shs,15
bd_shs,15
bd_shs,55
bd_shs,23
bd_shs,19
bd_shs,541
bd_shs,78
bd_shs,92
bd_shs,8
bd_shs,14
bd_shs,32
bd_shs,38
bd_shs,5
bd_shs,19
bd_shs,17
bd_shs,56
bd_shs,130
bd_shs,14
bd_shs,6
bd_shs,111
bd_shs,19
bd_shs,5
bd_shs,54
bd_shs,19
bd_shs,13
bd_shs,65
bd_shs,41
bd_shs,72
bd_shs,11
bd_shs,34
bd_shs,52
bd_shs,32
bd_shs,29
bd_shs,51
bd_shs,100
bd_shs,25
bd_shs,144
bd_shs,7
bd_shs,38
bd_shs,19
bd_shs,26
bd_shs,28
bd_shs,42
bd_shs,8
bd_shs,140
bd_shs,79
bd_shs,26
bd_shs,55
bd_shs,458
bd_shs,40
bd_shs,22
bd_shs,43
bd_shs,41
bd_shs,15
bd_shs,18
bd_shs,22
bd_shs,27
bd_shs,34
bd_shs,26
bd_shs,52
bd_shs,153
bd_shs,66
bd_shs,127
bd_shs,47
bd_shs,46
bd_shs,29
bd_shs,44
bd_shs,56
bd_shs,9
bd_shs,28
bd_shs,7
bd_shs,26
bd_shs,18
bd_shs,195
bd_shs,39
bd_shs,20
bd_shs,70
bd_shs,13
bd_shs,32
bd_shs,15
bd_shs,30
bd_shs,36
bd_shs,37
bd_shs,20
bd_shs,18
bd_shs,25
bd_shs,17
bd_shs,17
bd_shs,5
bd_shs,49
bd_shs,15
bd_shs,18
bd_shs,16
bd_shs,11
bd_shs,15
bd_shs,76
bd_shs,7
bd_shs,5
bd_shs,12
bd_shs,30
bd_shs,69
bd_shs,22
bd_shs,17
bd_shs,70
bd_shs,10
bd_shs,27
bd_shs,35
bd_shs,13
bd_shs,71
bd_shs,3
bd_shs,47
bd_shs,8
bd_shs,58
bd_shs,571
bd_shs,18
bd_shs,28
bd_shs,1212
bd_shs,19
bd_shs,80
bd_shs,50
bd_shs,34
bd_shs,26
bd_shs,54
bd_shs,326
bd_shs,69
bd_shs,34
bd_shs,21
bd_shs,35
bd_shs,27
bd_shs,9
bd_shs,10
bd_shs,18
bd_shs,17
bd_shs,21
bd_shs,34
bd_shs,152
bd_shs,46
bd_shs,88
bd_shs,48
bd_shs,51
bd_shs,105
bd_shs,37
bd_shs,32
bd_shs,21
bd_shs,90
bd_shs,21
bd_shs,42
bd_shs,16
bd_shs,5
bd_shs,18
bd_shs,12
bd_shs,15
bd_shs,54
bd_shs,83
bd_shs,13
bd_shs,25
bd_shs,87
bd_shs,21
bd_shs,10
bd_shs,40
bd_shs,15
bd_shs,28
bd_shs,52
bd_shs,29
bd_shs,9
bd_shs,16
bd_shs,15
bd_shs,22
bd_shs,5
bd_shs,27
bd_shs,6
bd_shs,22
bd_shs,64
bd_shs,7
bd_shs,66
bd_shs,25
bd_shs,52
bd_shs,17
bd_shs,9
bd_shs,71
bd_shs,40
bd_shs,30
bd_shs,20
bd_shs,7
bd_shs,88
bd_shs,44
bd_shs,12
bd_shs,73
bd_shs,28
bd_shs,28
bd_shs,13
bd_shs,29
bd_shs,68
bd_shs,59
bd_shs,24
bd_shs,32
bd_shs,52
bd_shs,10
bd_shs,108
bd_shs,21
bd_shs,22
bd_shs,110
bd_shs,36
bd_shs,13
bd_shs,27
bd_shs,12
bd_shs,58
bd_shs,13
bd_shs,143
bd_shs,64
bd_shs,20
bd_shs,18
bd_shs,52
bd_shs,78
bd_shs,22
bd_shs,9
bd_shs,20
bd_shs,3
bd_shs,31
bd_shs,52
bd_shs,16
bd_shs,27
bd_shs,211
bd_shs,28
bd_shs,39
bd_shs,109
bd_shs,19
bd_shs,21
bd_shs,161
bd_shs,74
bd_shs,60
bd_shs,25
bd_shs,6
bd_shs,170
bd_shs,290
bd_shs,8
bd_shs,18
bd_shs,15
bd_shs,32
bd_shs,40
bd_shs,271
bd_shs,31
bd_shs,150
bd_shs,16
bd_shs,8
bd_shs,40
bd_shs,27
bd_shs,21
bd_shs,55
bd_shs,3
bd_shs,19
bd_shs,29
bd_shs,22
bd_shs,12
bd_shs,50
bd_shs,23
bd_shs,59
bd_shs,25
bd_shs,23
bd_shs,20
bd_shs,7
bd_shs,16
bd_shs,15
bd_shs,14
bd_shs,105
bd_shs,5
bd_shs,32
bd_shs,35
bd_shs,18
bd_shs,33
bd_shs,80
bd_shs,4
bd_shs,28
bd_shs,11
bd_shs,61
bd_shs,64
bd_shs,73
bd_shs,28
bd_shs,5
bd_shs,66
bd_shs,47
bd_shs,26
bd_shs,13
bd_shs,39
bd_shs,18
bd_shs,43
bd_shs,24
bd_shs,79
bd_shs,51
bd_shs,18
bd_shs,28
bd_shs,46
bd_shs,23
bd_shs,32
bd_shs,17
bd_shs,104
bd_shs,385
bd_shs,24
bd_shs,24
bd_shs,22
bd_shs,46
bd_shs,136
bd_shs,10
bd_shs,109
bd_shs,68
bd_shs,39
bd_shs,24
bd_shs,7
bd_shs,36
bd_shs,58
bd_shs,17
bd_shs,31
bd_shs,22
bd_shs,16
bd_shs,22
bd_shs,28
bd_shs,62
bd_shs,58
bd_shs,22
bd_shs,25
bd_shs,25
bd_shs,36
bd_shs,15
bd_shs,19
bd_shs,16
bd_shs,120
bd_shs,44
bd_shs,17
bd_shs,20
bd_shs,167
bd_shs,51
bd_shs,53
bd_shs,76
bd_shs,87
bd_shs,258
bd_shs,32
bd_shs,25
bd_shs,20
bd_shs,22
bd_shs,26
bd_shs,19
bd_shs,28
bd_shs,12
bd_shs,41
bd_shs,21
bd_shs,31
bd_shs,51
bd_shs,23
bd_shs,29
bd_shs,106
bd_shs,14
bd_shs,16
bd_shs,27
bd_shs,49
bd_shs,21
bd_shs,54
bd_shs,19
bd_shs,14
bd_shs,138
bd_shs,10
bd_shs,48
bd_shs,108
bd_shs,4
bd_shs,34
bd_shs,395
bd_shs,73
bd_shs,17
bd_shs,83
bd_shs,150
bd_shs,84
bd_shs,44
bd_shs,38
bd_shs,20
bd_shs,56
bd_shs,9
bd_shs,53
bd_shs,93
bd_shs,19
bd_shs,65
bd_shs,16
bd_shs,8
bd_shs,58
bd_shs,23
bd_shs,46
bd_shs,29
bd_shs,19
bd_shs,37
bd_shs,22
bd_shs,251
bd_shs,8
bd_shs,46
bd_shs,47
bd_shs,44
bd_shs,20
bd_shs,22
bd_shs,19
bd_shs,41
bd_shs,14
bd_shs,26
bd_shs,43
bd_shs,36
bd_shs,37
bd_shs,25
bd_shs,23
bd_shs,58
bd_shs,18
bd_shs,85
bd_shs,32
bd_shs,46
bd_shs,202
bd_shs,80
bd_shs,18
bd_shs,19
bd_shs,28
bd_shs,59
bd_shs,18
bd_shs,92
bd_shs,69
bd_shs,93
bd_shs,16
bd_shs,301
bd_shs,56
bd_shs,16
bd_shs,15
bd_shs,29
bd_shs,10
bd_shs,117
bd_shs,31
bd_shs,8
bd_shs,90
bd_shs,94
bd_shs,30
bd_shs,450
bd_shs,122
bd_shs,150
bd_shs,218
bd_shs,10
bd_shs,8
bd_shs,15
bd_shs,22
bd_shs,320
bd_shs,165
bd_shs,23
bd_shs,51
bd_shs,11
bd_shs,38
bd_shs,16
bd_shs,28
bd_shs,33
bd_shs,24
bd_shs,32
bd_shs,25
bd_shs,29
bd_shs,50
bd_shs,117
bd_shs,14
bd_shs,67
bd_shs,25
bd_shs,93
bd_shs,14
bd_shs,170
bd_shs,30
bd_shs,78
bd_shs,18
bd_shs,35
bd_shs,21
bd_shs,156
bd_shs,25
bd_shs,24
bd_shs,32
bd_shs,42
bd_shs,58
bd_shs,26
bd_shs,57
bd_shs,52
bd_shs,29
bd_shs,35
bd_shs,75
bd_shs,70
bd_shs,34
bd_shs,22
bd_shs,8
bd_shs,32
bd_shs,105
bd_shs,31
bd_shs,48
bd_shs,25
bd_shs,34
bd_shs,26
bd_shs,28
bd_shs,28
bd_shs,23
bd_shs,12
bd_shs,23
bd_shs,104
bd_shs,9
bd_shs,47
bd_shs,12
bd_shs,22
bd_shs,27
bd_shs,49
bd_shs,46
bd_shs,18
bd_shs,31
bd_shs,442
bd_shs,11
bd_shs,19
bd_shs,8
bd_shs,23
bd_shs,26
bd_shs,11
bd_shs,8
bd_shs,75
bd_shs,75
bd_shs,8
bd_shs,10
bd_shs,24
bd_shs,9
bd_shs,15
bd_shs,26
bd_shs,24
bd_shs,38
bd_shs,18
bd_shs,23
bd_shs,5
bd_shs,474
bd_shs,42
bd_shs,9
bd_shs,28
bd_shs,53
bd_shs,49
bd_shs,68
bd_shs,56
bd_shs,156
bd_shs,31
bd_shs,25
bd_shs,100
bd_shs,34
bd_shs,16
bd_shs,23
bd_shs,10
bd_shs,82
bd_shs,15
bd_shs,32
bd_shs,53
bd_shs,16
bd_shs,88
bd_shs,11
bd_shs,14
bd_shs,21
bd_shs,18
bd_shs,20
bd_shs,69
bd_shs,25
bd_shs,41
bd_shs,15
bd_shs,63
bd_shs,9
bd_shs,65
bd_shs,18
bd_shs,18
bd_shs,109
bd_shs,23
bd_shs,65
bd_shs,12
bd_shs,35
bd_shs,36
bd_shs,14
bd_shs,5
bd_shs,12
bd_shs,18
bd_shs,67
bd_shs,140
bd_shs,6
bd_shs,16
bd_shs,21
bd_shs,14
bd_shs,10
bd_shs,77
bd_shs,21
bd_shs,30
bd_shs,87
bd_shs,31
bd_shs,36
bd_shs,40
bd_shs,9
bd_shs,23
bd_shs,51
bd_shs,10
bd_shs,141
bd_shs,13
bd_shs,36
bd_shs,31
bd_shs,24
bd_shs,27
bd_shs,42
bd_shs,128
bd_shs,20
bd_shs,32
bd_shs,40
bd_shs,20
bd_shs,17
bd_shs,13
bd_shs,30
bd_shs,73
bd_shs,16
bd_shs,39
bd_shs,14
bd_shs,104
bd_shs,146
bd_shs,19
bd_shs,14
bd_shs,14
bd_shs,7
bd_shs,94
bd_shs,12
bd_shs,21
bd_shs,15
bd_shs,19
bd_shs,5
bd_shs,35
bd_shs,3
bd_shs,48
bd_shs,90
bd_shs,62
bd_shs,22
bd_shs,17
bd_shs,41
bd_shs,17
bd_shs,11
bd_shs,41
bd_shs,13
bd_shs,22
bd_shs,9
bd_shs,47
bd_shs,27
bd_shs,31
bd_shs,12
bd_shs,30
bd_shs,174
bd_shs,17
bd_shs,70
bd_shs,17
bd_shs,34
bd_shs,41
bd_shs,40
bd_shs,22
bd_shs,41
bd_shs,28
bd_shs,61
bd_shs,191
bd_shs,73
bd_shs,26
bd_shs,32
bd_shs,142
bd_shs,35
bd_shs,9
bd_shs,68
bd_shs,26
bd_shs,165
bd_shs,22
bd_shs,48
bd_shs,38
bd_shs,28
bd_shs,192
bd_shs,20
bd_shs,31
bd_shs,26
bd_shs,9
bd_shs,18
bd_shs,30
bd_shs,75
bd_shs,209
bd_shs,27
bd_shs,46
bd_shs,79
bd_shs,11
bd_shs,113
bd_shs,180
bd_shs,55
bd_shs,31
bd_shs,48
bd_shs,27
bd_shs,64
bd_shs,32
bd_shs,43
bd_shs,16
bd_shs,44
bd_shs,55
bd_shs,6
bd_shs,21
bd_shs,68
bd_shs,85
bd_shs,12
bd_shs,81
bd_shs,19
bd_shs,20
bd_shs,30
bd_shs,27
bd_shs,17
bd_shs,34
bd_shs,35
bd_shs,206
bd_shs,26
bd_shs,37
bd_shs,13
bd_shs,9
bd_shs,9
bd_shs,92
bd_shs,8
bd_shs,44
bd_shs,37
bd_shs,34
bd_shs,108
bd_shs,16
bd_shs,48
bd_shs,23
bd_shs,35
bd_shs,9
bd_shs,36
bd_shs,24
bd_shs,48
bd_shs,18
bd_shs,18
bd_shs,73
bd_shs,25
bd_shs,38
bd_shs,189
bd_shs,31
bd_shs,17
bd_shs,83
bd_shs,8
bd_shs,222
bd_shs,35
bd_shs,7
bd_shs,6
bd_shs,27
bd_shs,36
bd_shs,41
bd_shs,104
bd_shs,13
bd_shs,65
bd_shs,34
bd_shs,26
bd_shs,22
bd_shs,28
bd_shs,10
bd_shs,23
bd_shs,13
bd_shs,42
bd_shs,28
bd_shs,378
bd_shs,44
bd_shs,12
bd_shs,24
bd_shs,35
bd_shs,13
bd_shs,10
bd_shs,19
bd_shs,28
bd_shs,284
bd_shs,33
bd_shs,37
bd_shs,38
bd_shs,36
bd_shs,60
bd_shs,122
bd_shs,23
bd_shs,18
bd_shs,140
bd_shs,21
bd_shs,45
bd_shs,42
bd_shs,58
bd_shs,49
bd_shs,37
bd_shs,24
bd_shs,16
bd_shs,19
bd_shs,39
bd_shs,31
bd_shs,78
bd_shs,56
bd_shs,8
bd_shs,15
bd_shs,36
bd_shs,10
bd_shs,73
bd_shs,17
bd_shs,71
bd_shs,18
bd_shs,15
bd_shs,32
bd_shs,37
bd_shs,15
bd_shs,35
bd_shs,107
bd_shs,11
bd_shs,137
bd_shs,19
bd_shs,73
bd_shs,26
bd_shs,65
bd_shs,40
bd_shs,28
bd_shs,25
bd_shs,28
bd_shs,8
bd_shs,153
bd_shs,33
bd_shs,35
bd_shs,29
bd_shs,36
bd_shs,11
bd_shs,71
bd_shs,17
bd_shs,8
bd_shs,8
bd_shs,13
bd_shs,88
bd_shs,45
bd_shs,26
bd_shs,63
bd_shs,19
bd_shs,124
bd_shs,34
bd_shs,42
bd_shs,65
bd_shs,24
bd_shs,28
bd_shs,21
bd_shs,16
bd_shs,9
bd_shs,10
bd_shs,65
bd_shs,9
bd_shs,13
bd_shs,37
bd_shs,47
bd_shs,33
bd_shs,7
bd_shs,11
bd_shs,169
bd_shs,26
bd_shs,50
bd_shs,28
bd_shs,17
bd_shs,47
bd_shs,18
bd_shs,17
bd_shs,27
bd_shs,9
bd_shs,17
bd_shs,102
bd_shs,19
bd_shs,104
bd_shs,109
bd_shs,44
bd_shs,36
bd_shs,154
bd_shs,10
bd_shs,22
bd_shs,24
bd_shs,39
bd_shs,26
bd_shs,20
bd_shs,29
bd_shs,64
bd_shs,15
bd_shs,114
bd_shs,110
bd_shs,35
bd_shs,12
bd_shs,21
bd_shs,15
bd_shs,68
bd_shs,6
bd_shs,46
bd_shs,89
bd_shs,17
bd_shs,22
bd_shs,64
bd_shs,24
bd_shs,15
bd_shs,19
bd_shs,18
bd_shs,17
bd_shs,21
bd_shs,46
bd_shs,77
bd_shs,62
bd_shs,6
bd_shs,49
bd_shs,22
bd_shs,39
bd_shs,69
bd_shs,30
bd_shs,20
bd_shs,50
bd_shs,16
bd_shs,12
bd_shs,148
bd_shs,5
bd_shs,7
bd_shs,55
bd_shs,24
bd_shs,10
bd_shs,6
bd_shs,10
bd_shs,43
bd_shs,19
bd_shs,43
bd_shs,14
bd_shs,35
bd_shs,19
bd_shs,16
bd_shs,12
bd_shs,75
bd_shs,42
bd_shs,11
bd_shs,12
bd_shs,104
bd_shs,15
bd_shs,157
bd_shs,51
bd_shs,172
bd_shs,19
bd_shs,453
bd_shs,7
bd_shs,158
bd_shs,30
bd_shs,21
bd_shs,14
bd_shs,17
bd_shs,20
bd_shs,6
bd_shs,49
bd_shs,6
bd_shs,25
bd_shs,32
bd_shs,15
bd_shs,111
bd_shs,92
bd_shs,103
bd_shs,103
bd_shs,31
bd_shs,36
bd_shs,84
bd_shs,44
bd_shs,18
bd_shs,93
bd_shs,184
bd_shs,13
bd_shs,92
bd_shs,55
bd_shs,37
bd_shs,19
bd_shs,53
bd_shs,36
bd_shs,38
bd_shs,8
bd_shs,40
bd_shs,84
bd_shs,50
bd_shs,17
bd_shs,44
bd_shs,21
bd_shs,6
bd_shs,65
bd_shs,15
bd_shs,55
bd_shs,52
bd_shs,56
bd_shs,23
bd_shs,13
bd_shs,8
bd_shs,6
bd_shs,33
bd_shs,44
bd_shs,41
bd_shs,223
bd_shs,356
bd_shs,345
bd_shs,23
bd_shs,10
bd_shs,30
bd_shs,214
bd_shs,50
bd_shs,43
bd_shs,30
bd_shs,22
bd_shs,25
bd_shs,31
bd_shs,1588
bd_shs,18
bd_shs,50
bd_shs,57
bd_shs,9
bd_shs,57
bd_shs,27
bd_shs,6
bd_shs,19
bd_shs,24
bd_shs,10
bd_shs,117
bd_shs,41
bd_shs,51
bd_shs,45
bd_shs,20
bd_shs,51
bd_shs,12
bd_shs,141
bd_shs,51
bd_shs,54
bd_shs,9
bd_shs,10
bd_shs,56
bd_shs,62
bd_shs,151
bd_shs,91
bd_shs,25
bd_shs,46
bd_shs,42
bd_shs,24
bd_shs,20
bd_shs,19
bd_shs,17
bd_shs,115
bd_shs,23
bd_shs,15
bd_shs,14
bd_shs,47
bd_shs,7
bd_shs,19
bd_shs,50
bd_shs,57
bd_shs,17
bd_shs,26
bd_shs,154
bd_shs,17
bd_shs,13
bd_shs,23
bd_shs,33
bd_shs,14
bd_shs,9
bd_shs,33
bd_shs,15
bd_shs,66
bd_shs,25
bd_shs,5
bd_shs,34
bd_shs,66
bd_shs,7
bd_shs,29
bd_shs,23
bd_shs,10
bd_shs,36
bd_shs,46
bd_shs,55
bd_shs,17
bd_shs,17
bd_shs,88
bd_shs,5
bd_shs,24
bd_shs,46
bd_shs,42
bd_shs,56
bd_shs,24
bd_shs,66
bd_shs,80
bd_shs,44
bd_shs,81
bd_shs,16
bd_shs,47
bd_shs,9
bd_shs,19
bd_shs,121
bd_shs,8
bd_shs,58
bd_shs,33
bd_shs,7
bd_shs,24
bd_shs,23
bd_shs,24
bd_shs,43
bd_shs,20
bd_shs,37
bd_shs,12
bd_shs,132
bd_shs,27
bd_shs,144
bd_shs,63
bd_shs,52
bd_shs,10
bd_shs,6
bd_shs,124
bd_shs,21
bd_shs,26
bd_shs,57
bd_shs,6
bd_shs,88
bd_shs,7
bd_shs,31
bd_shs,33
bd_shs,14
bd_shs,23
bd_shs,26
bd_shs,18
bd_shs,29
bd_shs,25
bd_shs,18
bd_shs,149
bd_shs,15
bd_shs,135
bd_shs,47
bd_shs,14
bd_shs,30
bd_shs,54
bd_shs,87
bd_shs,48
bd_shs,36
bd_shs,56
bd_shs,72
bd_shs,24
bd_shs,8
bd_shs,37
bd_shs,20
bd_shs,27
bd_shs,11
bd_shs,32
bd_shs,120
bd_shs,42
bd_shs,18
bd_shs,93
bd_shs,57
bd_shs,45
bd_shs,22
bd_shs,45
bd_shs,68
bd_shs,30
bd_shs,17
bd_shs,21
bd_shs,23
bd_shs,13
bd_shs,71
bd_shs,38
bd_shs,13
bd_shs,53
bd_shs,34
bd_shs,54
bd_shs,8
bd_shs,43
bd_shs,89
bd_shs,19
bd_shs,23
bd_shs,93
bd_shs,15
bd_shs,20
bd_shs,10
bd_shs,12
bd_shs,19
bd_shs,181
bd_shs,21
bd_shs,6
bd_shs,27
bd_shs,13
bd_shs,19
bd_shs,27
bd_shs,17
bd_shs,79
bd_shs,38
bd_shs,11
bd_shs,45
bd_shs,33
bd_shs,17
bd_shs,26
bd_shs,46
bd_shs,107
bd_shs,9
bd_shs,8
bd_shs,25
bd_shs,15
bd_shs,76
bd_shs,9
bd_shs,242
bd_shs,47
bd_shs,101
bd_shs,33
bd_shs,22
bd_shs,28
bd_shs,45
bd_shs,86
bd_shs,11
bd_shs,18
bd_shs,40
bd_shs,24
bd_shs,244
bd_shs,14
bd_shs,17
bd_shs,77
bd_shs,42
bd_shs,20
bd_shs,23
bd_shs,11
bd_shs,73
bd_shs,36
bd_shs,187
bd_shs,39
bd_shs,13
bd_shs,37
bd_shs,28
bd_shs,60
bd_shs,40
bd_shs,47
bd_shs,87
bd_shs,54
bd_shs,297
bd_shs,51
bd_shs,46
bd_shs,19
bd_shs,41
bd_shs,12
bd_shs,24
bd_shs,23
bd_shs,22
bd_shs,24
bd_shs,109
bd_shs,12
bd_shs,33
bd_shs,66
bd_shs,10
bd_shs,51
bd_shs,16
bd_shs,14
bd_shs,74
bd_shs,35
bd_shs,10
bd_shs,25
bd_shs,98
bd_shs,120
bd_shs,43
bd_shs,66
bd_shs,26
bd_shs,16
bd_shs,44
bd_shs,44
bd_shs,29
bd_shs,30
bd_shs,43
bd_shs,41
bd_shs,30
bd_shs,14
bd_shs,39
bd_shs,184
bd_shs,21
bd_shs,15
bd_shs,10
bd_shs,82
bd_shs,7
bd_shs,10
bd_shs,78
bd_shs,402
bd_shs,52
bd_shs,39
bd_shs,65
bd_shs,10
bd_shs,24
bd_shs,59
bd_shs,25
bd_shs,37
bd_shs,36
bd_shs,50
bd_shs,12
bd_shs,20
bd_shs,10
bd_shs,42
bd_shs,15
bd_shs,8
bd_shs,58
bd_shs,14
bd_shs,103
bd_shs,77
bd_shs,16
bd_shs,10
bd_shs,16
bd_shs,48
bd_shs,151
bd_shs,96
bd_shs,25
bd_shs,250
bd_shs,55
bd_shs,54
bd_shs,23
bd_shs,85
bd_shs,17
bd_shs,15
bd_shs,25
bd_shs,50
bd_shs,25
bd_shs,61
bd_shs,219
bd_shs,18
bd_shs,23
bd_shs,23
bd_shs,24
bd_shs,11
bd_shs,22
bd_shs,42
bd_shs,13
bd_shs,49
bd_shs,10
bd_shs,16
bd_shs,96
bd_shs,62
bd_shs,22
bd_shs,7
bd_shs,36
bd_shs,22
bd_shs,30
bd_shs,57
bd_shs,45
bd_shs,82
bd_shs,13
bd_shs,39
bd_shs,25
bd_shs,43
bd_shs,32
bd_shs,23
bd_shs,17
bd_shs,38
bd_shs,753
bd_shs,26
bd_shs,30
bd_shs,247
bd_shs,36
bd_shs,30
bd_shs,10
bd_shs,22
bd_shs,127
bd_shs,23
bd_shs,26
bd_shs,19
bd_shs,103
bd_shs,40
bd_shs,48
bd_shs,66
bd_shs,30
bd_shs,45
bd_shs,150
bd_shs,92
bd_shs,26
bd_shs,87
bd_shs,4
bd_shs,105
bd_shs,5
bd_shs,261
bd_shs,8
bd_shs,25
bd_shs,9
bd_shs,28
bd_shs,37
bd_shs,24
bd_shs,57
bd_shs,6
bd_shs,17
bd_shs,20
bd_shs,12
bd_shs,23
bd_shs,31
bd_shs,65
bd_shs,26
bd_shs,18
bd_shs,121
bd_shs,16
bd_shs,27
bd_shs,16
bd_shs,5
bd_shs,5
bd_shs,105
bd_shs,168
bd_shs,26
bd_shs,21
bd_shs,4
bd_shs,21
bd_shs,62
bd_shs,17
bd_shs,17
bd_shs,14
bd_shs,28
bd_shs,7
bd_shs,68
bd_shs,53
bd_shs,44
bd_shs,18
bd_shs,17
bd_shs,23
bd_shs,51
bd_shs,42
bd_shs,34
bd_shs,24
bd_shs,12
bd_shs,41
bd_shs,70
bd_shs,26
bd_shs,38
bd_shs,13
bd_shs,43
bd_shs,95
bd_shs,13
bd_shs,83
bd_shs,52
bd_shs,20
bd_shs,8
bd_shs,43
bd_shs,65
bd_shs,13
bd_shs,71
bd_shs,48
bd_shs,19
bd_shs,12
bd_shs,8
bd_shs,9
bd_shs,4
bd_shs,37
bd_shs,104
bd_shs,21
bd_shs,131
bd_shs,13
bd_shs,14
bd_shs,18
bd_shs,20
bd_shs,19
bd_shs,279
bd_shs,11
bd_shs,22
bd_shs,37
bd_shs,3
bd_shs,38
bd_shs,14
bd_shs,67
bd_shs,28
bd_shs,30
bd_shs,30
bd_shs,25
bd_shs,36
bd_shs,123
bd_shs,24
bd_shs,79
bd_shs,16
bd_shs,48
bd_shs,32
bd_shs,7
bd_shs,18
bd_shs,27
bd_shs,18
bd_shs,74
bd_shs,12
bd_shs,72
bd_shs,1203
bd_shs,104
bd_shs,49
bd_shs,9
bd_shs,24
bd_shs,35
bd_shs,98
bd_shs,14
bd_shs,18
bd_shs,11
bd_shs,602
bd_shs,16
bd_shs,25
bd_shs,55
bd_shs,45
bd_shs,43
bd_shs,11
bd_shs,20
bd_shs,14
bd_shs,50
bd_shs,6
bd_shs,22
bd_shs,16
bd_shs,70
bd_shs,11
bd_shs,14
bd_shs,11
bd_shs,19
bd_shs,111
bd_shs,11
bd_shs,19
bd_shs,25
bd_shs,61
bd_shs,76
bd_shs,91
bd_shs,20
bd_shs,17
bd_shs,66
bd_shs,27
bd_shs,109
bd_shs,14
bd_shs,10
bd_shs,40
bd_shs,63
bd_shs,19
bd_shs,19
bd_shs,31
bd_shs,23
bd_shs,26
bd_shs,12
bd_shs,40
bd_shs,84
bd_shs,33
bd_shs,26
bd_shs,26
bd_shs,79
bd_shs,84
bd_shs,103
bd_shs,40
bd_shs,34
bd_shs,17
bd_shs,15
bd_shs,13
bd_shs,13
bd_shs,146
bd_shs,83
bd_shs,21
bd_shs,30
bd_shs,22
bd_shs,99
bd_shs,10
bd_shs,57
bd_shs,47
bd_shs,42
bd_shs,5
bd_shs,21
bd_shs,10
bd_shs,9
bd_shs,50
bd_shs,33
bd_shs,16
bd_shs,83
bd_shs,190
bd_shs,22
bd_shs,12
bd_shs,11
bd_shs,34
bd_shs,265
bd_shs,12
bd_shs,20
bd_shs,75
bd_shs,16
bd_shs,97
bd_shs,21
bd_shs,458
bd_shs,32
bd_shs,50
bd_shs,76
bd_shs,14
bd_shs,11
bd_shs,22
bd_shs,25
bd_shs,308
bd_shs,109
bd_shs,41
bd_shs,17
bd_shs,55
bd_shs,42
bd_shs,9
bd_shs,24
bd_shs,23
bd_shs,125
bd_shs,10
bd_shs,26
bd_shs,21
bd_shs,43
bd_shs,57
bd_shs,72
bd_shs,9
bd_shs,17
bd_shs,130
bd_shs,17
bd_shs,191
bd_shs,27
bd_shs,30
bd_shs,154
bd_shs,14
bd_shs,77
bd_shs,64
bd_shs,65
bd_shs,81
bd_shs,34
bd_shs,9
bd_shs,50
bd_shs,5
bd_shs,6
bd_shs,39
bd_shs,9
bd_shs,199
bd_shs,53
bd_shs,30
bd_shs,29
bd_shs,42
bd_shs,38
bd_shs,13
bd_shs,6
bd_shs,28
bd_shs,19
bd_shs,36
bd_shs,24
bd_shs,33
bd_shs,52
bd_shs,12
bd_shs,11
bd_shs,3
bd_shs,17
bd_shs,41
bd_shs,70
bd_shs,45
bd_shs,103
bd_shs,382
bd_shs,27
bd_shs,17
bd_shs,26
bd_shs,120
bd_shs,77
bd_shs,475
bd_shs,73
bd_shs,86
bd_shs,36
bd_shs,65
bd_shs,9
bd_shs,27
bd_shs,24
bd_shs,79
bd_shs,33
bd_shs,72
bd_shs,26
bd_shs,43
bd_shs,48
bd_shs,70
bd_shs,38
bd_shs,16
bd_shs,93
bd_shs,22
bd_shs,19
bd_shs,20
bd_shs,43
bd_shs,21
bd_shs,73
bd_shs,72
bd_shs,33
bd_shs,19
bd_shs,35
bd_shs,27
bd_shs,178
bd_shs,44
bd_shs,24
bd_shs,9
bd_shs,42
bd_shs,26
bd_shs,68
bd_shs,12
bd_shs,221
bd_shs,11
bd_shs,21
bd_shs,9
bd_shs,4
bd_shs,29
bd_shs,22
bd_shs,41
bd_shs,31
bd_shs,5
bd_shs,29
bd_shs,25
bd_shs,19
bd_shs,52
bd_shs,14
bd_shs,43
bd_shs,18
bd_shs,41
bd_shs,73
bd_shs,22
bd_shs,9
bd_shs,8
bd_shs,19
bd_shs,73
bd_shs,48
bd_shs,50
bd_shs,46
bd_shs,76
bd_shs,17
bd_shs,55
bd_shs,19
bd_shs,11
bd_shs,49
bd_shs,45
bd_shs,15
bd_shs,56
bd_shs,104
bd_shs,50
bd_shs,14
bd_shs,72
bd_shs,25
bd_shs,66
bd_shs,35
bd_shs,21
bd_shs,26
bd_shs,20
bd_shs,59
bd_shs,203
bd_shs,48
bd_shs,21
bd_shs,76
bd_shs,27
bd_shs,37
bd_shs,21
bd_shs,45
bd_shs,24
bd_shs,101
bd_shs,16
bd_shs,15
bd_shs,21
bd_shs,63
bd_shs,17
bd_shs,71
bd_shs,234
bd_shs,51
bd_shs,21
bd_shs,29
bd_shs,61
bd_shs,31
bd_shs,18
bd_shs,14
bd_shs,48
bd_shs,46
bd_shs,426
bd_shs,81
bd_shs,40
bd_shs,93
bd_shs,41
bd_shs,8
bd_shs,6
bd_shs,95
bd_shs,5
bd_shs,68
bd_shs,40
bd_shs,15
bd_shs,20
bd_shs,14
bd_shs,25
bd_shs,34
bd_shs,30
bd_shs,53
bd_shs,12
bd_shs,26
bd_shs,34
bd_shs,13
bd_shs,9
bd_shs,68
bd_shs,31
bd_shs,25
bd_shs,35
bd_shs,22
bd_shs,14
bd_shs,33
bd_shs,61
bd_shs,17
bd_shs,25
bd_shs,140
bd_shs,129
bd_shs,6
bd_shs,11
bd_shs,25
bd_shs,17
bd_shs,34
bd_shs,7
bd_shs,12
bd_shs,22
bd_shs,41
bd_shs,13
bd_shs,17
bd_shs,86
bd_shs,70
bd_shs,110
bd_shs,30
bd_shs,35
bd_shs,20
bd_shs,17
bd_shs,15
bd_shs,12
bd_shs,36
bd_shs,25
bd_shs,57
bd_shs,53
bd_shs,6
bd_shs,24
bd_shs,32
bd_shs,14
bd_shs,5
bd_shs,42
bd_shs,58
bd_shs,21
bd_shs,22
bd_shs,47
bd_shs,103
bd_shs,29
bd_shs,27
bd_shs,10
bd_shs,23
bd_shs,64
bd_shs,30
bd_shs,115
bd_shs,6
bd_shs,105
bd_shs,209
bd_shs,39
bd_shs,36
bd_shs,15
bd_shs,41
bd_shs,32
bd_shs,40
bd_shs,34
bd_shs,57
bd_shs,60
bd_shs,35
bd_shs,21
bd_shs,22
bd_shs,32
bd_shs,13
bd_shs,75
bd_shs,18
bd_shs,79
bd_shs,98
bd_shs,87
bd_shs,37
bd_shs,18
bd_shs,38
bd_shs,46
bd_shs,16
bd_shs,21
bd_shs,100
bd_shs,25
bd_shs,47
bd_shs,15
bd_shs,7
bd_shs,60
bd_shs,19
bd_shs,16
bd_shs,18
bd_shs,49
bd_shs,20
bd_shs,49
bd_shs,10
bd_shs,20
bd_shs,13
bd_shs,646
bd_shs,40
bd_shs,25
bd_shs,22
bd_shs,54
bd_shs,64
bd_shs,110
bd_shs,29
bd_shs,7
bd_shs,16
bd_shs,123
bd_shs,30
bd_shs,188
bd_shs,92
bd_shs,90
bd_shs,30
bd_shs,9
bd_shs,30
bd_shs,38
bd_shs,116
bd_shs,93
bd_shs,29
bd_shs,112
bd_shs,168
bd_shs,17
bd_shs,63
bd_shs,262
bd_shs,31
bd_shs,19
bd_shs,43
bd_shs,39
bd_shs,34
bd_shs,10
bd_shs,47
bd_shs,26
bd_shs,93
bd_shs,167
bd_shs,53
bd_shs,59
bd_shs,15
bd_shs,15
bd_shs,206
bd_shs,25
bd_shs,49
bd_shs,111
bd_shs,21
bd_shs,96
bd_shs,14
bd_shs,139
bd_shs,20
bd_shs,35
bd_shs,6
bd_shs,41
bd_shs,26
bd_shs,37
bd_shs,31
bd_shs,25
bd_shs,16
bd_shs,7
bd_shs,27
bd_shs,29
bd_shs,61
bd_shs,8
bd_shs,80
bd_shs,109
bd_shs,37
bd_shs,31
bd_shs,15
bd_shs,29
bd_shs,12
bd_shs,16
bd_shs,14
bd_shs,21
bd_shs,28
bd_shs,27
bd_shs,21
bd_shs,51
bd_shs,7
bd_shs,26
bd_shs,15
bd_shs,9
bd_shs,58
bd_shs,12
bd_shs,43
bd_shs,22
bd_shs,74
bd_shs,57
bd_shs,15
bd_shs,82
bd_shs,49
bd_shs,113
bd_shs,50
bd_shs,26
bd_shs,9
bd_shs,6
bd_shs,11
bd_shs,64
bd_shs,21
bd_shs,37
bd_shs,25
bd_shs,45
bd_shs,12
bd_shs,12
bd_shs,32
bd_shs,10
bd_shs,6
bd_shs,53
bd_shs,25
bd_shs,14
bd_shs,12
bd_shs,27
bd_shs,10
bd_shs,26
bd_shs,101
bd_shs,6
bd_shs,25
bd_shs,11
bd_shs,67
bd_shs,64
bd_shs,29
bd_shs,6
bd_shs,16
bd_shs,35
bd_shs,17
bd_shs,44
bd_shs,58
bd_shs,11
bd_shs,25
bd_shs,149
bd_shs,19
bd_shs,20
bd_shs,32
bd_shs,86
bd_shs,38
bd_shs,16
bd_shs,20
bd_shs,37
bd_shs,12
bd_shs,8
bd_shs,30
bd_shs,22
bd_shs,132
bd_shs,11
bd_shs,40
bd_shs,5
bd_shs,12
bd_shs,55
bd_shs,11
bd_shs,14
bd_shs,30
bd_shs,39
bd_shs,45
bd_shs,43
bd_shs,29
bd_shs,10
bd_shs,33
bd_shs,16
bd_shs,207
bd_shs,44
bd_shs,34
bd_shs,61
bd_shs,56
bd_shs,17
bd_shs,31
bd_shs,20
bd_shs,9
bd_shs,37
bd_shs,16
bd_shs,38
bd_shs,68
bd_shs,15
bd_shs,11
bd_shs,8
bd_shs,137
bd_shs,52
bd_shs,15
bd_shs,62
bd_shs,26
bd_shs,39
bd_shs,59
bd_shs,181
bd_shs,159
bd_shs,30
bd_shs,18
bd_shs,23
bd_shs,103
bd_shs,27
bd_shs,53
bd_shs,76
bd_shs,46
bd_shs,11
bd_shs,46
bd_shs,82
bd_shs,7
bd_shs,23
bd_shs,29
bd_shs,18
bd_shs,8
bd_shs,50
bd_shs,18
bd_shs,49
bd_shs,79
bd_shs,19
bd_shs,69
bd_shs,28
bd_shs,47
bd_shs,61
bd_shs,6
bd_shs,69
bd_shs,26
bd_shs,88
bd_shs,31
bd_shs,18
bd_shs,9
bd_shs,49
bd_shs,13
bd_shs,50
bd_shs,17
bd_shs,110
bd_shs,17
bd_shs,62
bd_shs,18
bd_shs,14
bd_shs,23
bd_shs,37
bd_shs,16
bd_shs,52
bd_shs,56
bd_shs,34
bd_shs,28
bd_shs,19
bd_shs,14
bd_shs,33
bd_shs,10
bd_shs,7
bd_shs,9
bd_shs,52
bd_shs,23
bd_shs,21
bd_shs,37
bd_shs,22
bd_shs,13
bd_shs,9
bd_shs,20
bd_shs,36
bd_shs,54
bd_shs,88
bd_shs,17
bd_shs,48
bd_shs,165
bd_shs,14
bd_shs,73
bd_shs,11
bd_shs,115
bd_shs,39
bd_shs,44
bd_shs,23
bd_shs,55
bd_shs,30
bd_shs,28
bd_shs,27
bd_shs,47
bd_shs,67
bd_shs,154
bd_shs,42
bd_shs,17
bd_shs,23
bd_shs,23
bd_shs,11
bd_shs,12
bd_shs,37
bd_shs,6
bd_shs,57
bd_shs,20
bd_shs,191
bd_shs,46
bd_shs,84
bd_shs,56
bd_shs,77
bd_shs,19
bd_shs,12
bd_shs,36
bd_shs,17
bd_shs,12
bd_shs,34
bd_shs,86
bd_shs,122
bd_shs,159
bd_shs,43
bd_shs,29
bd_shs,44
bd_shs,45
bd_shs,23
bd_shs,32
bd_shs,7
bd_shs,19
bd_shs,15
bd_shs,17
bd_shs,24
bd_shs,21
bd_shs,24
bd_shs,24
bd_shs,24
bd_shs,21
bd_shs,26
bd_shs,44
bd_shs,11
bd_shs,90
bd_shs,28
bd_shs,25
bd_shs,17
bd_shs,11
bd_shs,169
bd_shs,12
bd_shs,7
bd_shs,66
bd_shs,5
bd_shs,91
bd_shs,37
bd_shs,61
bd_shs,48
bd_shs,15
bd_shs,45
bd_shs,22
bd_shs,40
bd_shs,25
bd_shs,36
bd_shs,127
bd_shs,35
bd_shs,33
bd_shs,38
bd_shs,16
bd_shs,21
bd_shs,6
bd_shs,28
bd_shs,29
bd_shs,54
bd_shs,19
bd_shs,14
bd_shs,27
bd_shs,19
bd_shs,17
bd_shs,71
bd_shs,7
bd_shs,14
bd_shs,19
bd_shs,34
bd_shs,102
bd_shs,41
bd_shs,75
bd_shs,34
bd_shs,12
bd_shs,14
bd_shs,9
bd_shs,16
bd_shs,55
bd_shs,163
bd_shs,27
bd_shs,24
bd_shs,95
bd_shs,20
bd_shs,10
bd_shs,15
bd_shs,21
bd_shs,15
bd_shs,46
bd_shs,20
bd_shs,8
bd_shs,15
bd_shs,43
bd_shs,34
bd_shs,10
bd_shs,12
bd_shs,9
bd_shs,25
bd_shs,62
bd_shs,30
bd_shs,37
bd_shs,249
bd_shs,33
bd_shs,23
bd_shs,17
bd_shs,24
bd_shs,25
bd_shs,35
bd_shs,58
bd_shs,17
bd_shs,79
bd_shs,92
bd_shs,120
bd_shs,37
bd_shs,47
bd_shs,285
bd_shs,27
bd_shs,45
bd_shs,61
bd_shs,51
bd_shs,140
bd_shs,49
bd_shs,42
bd_shs,99
bd_shs,20
bd_shs,20
bd_shs,21
bd_shs,156
bd_shs,13
bd_shs,18
bd_shs,145
bd_shs,85
bd_shs,54
bd_shs,24
bd_shs,27
bd_shs,28
bd_shs,15
bd_shs,24
bd_shs,56
bd_shs,44
bd_shs,47
bd_shs,90
bd_shs,47
bd_shs,107
bd_shs,61
bd_shs,8
bd_shs,58
bd_shs,14
bd_shs,7
bd_shs,8
bd_shs,18
bd_shs,198
bd_shs,22
bd_shs,30
bd_shs,42
bd_shs,60
bd_shs,12
bd_shs,45
bd_shs,18
bd_shs,22
bd_shs,10
bd_shs,29
bd_shs,20
bd_shs,45
bd_shs,174
bd_shs,24
bd_shs,33
bd_shs,19
bd_shs,38
bd_shs,23
bd_shs,8
bd_shs,6
bd_shs,65
bd_shs,41
bd_shs,73
bd_shs,57
bd_shs,10
bd_shs,58
bd_shs,43
bd_shs,9
bd_shs,18
bd_shs,37
bd_shs,4
bd_shs,21
bd_shs,27
bd_shs,53
bd_shs,50
bd_shs,61
bd_shs,154
bd_shs,31
bd_shs,26
bd_shs,49
bd_shs,12
bd_shs,6
bd_shs,14
bd_shs,51
bd_shs,19
bd_shs,70
bd_shs,26
bd_shs,55
bd_shs,22
bd_shs,33
bd_shs,33
bd_shs,14
bd_shs,35
bd_shs,16
bd_shs,7
bd_shs,19
bd_shs,40
bd_shs,81
bd_shs,84
bd_shs,22
bd_shs,28
bd_shs,86
bd_shs,36
bd_shs,18
bd_shs,10
bd_shs,44
bd_shs,65
bd_shs,7
bd_shs,42
bd_shs,111
bd_shs,9
bd_shs,53
bd_shs,58
bd_shs,22
bd_shs,14
bd_shs,29
bd_shs,29
bd_shs,22
bd_shs,39
bd_shs,20
bd_shs,30
bd_shs,22
bd_shs,18
bd_shs,63
bd_shs,30
bd_shs,28
bd_shs,37
bd_shs,83
bd_shs,26
bd_shs,60
bd_shs,11
bd_shs,32
bd_shs,12
bd_shs,27
bd_shs,52
bd_shs,46
bd_shs,47
bd_shs,10
bd_shs,49
bd_shs,28
bd_shs,103
bd_shs,6
bd_shs,23
bd_shs,60
bd_shs,12
bd_shs,21
bd_shs,14
bd_shs,24
bd_shs,17
bd_shs,22
bd_shs,55
bd_shs,110
bd_shs,28
bd_shs,31
bd_shs,19
bd_shs,35
bd_shs,46
bd_shs,29
bd_shs,147
bd_shs,38
bd_shs,108
bd_shs,20
bd_shs,28
bd_shs,8
bd_shs,26
bd_shs,101
bd_shs,50
bd_shs,13
bd_shs,71
bd_shs,18
bd_shs,28
bd_shs,34
bd_shs,573
bd_shs,341
bd_shs,18
bd_shs,100
bd_shs,4
bd_shs,46
bd_shs,22
bd_shs,51
bd_shs,62
bd_shs,36
bd_shs,25
bd_shs,92
bd_shs,9
bd_shs,26
bd_shs,20
bd_shs,23
bd_shs,39
bd_shs,80
bd_shs,11
bd_shs,9
bd_shs,130
bd_shs,11
bd_shs,9
bd_shs,13
bd_shs,64
bd_shs,25
bd_shs,52
bd_shs,19
bd_shs,37
bd_shs,62
bd_shs,11
bd_shs,11
bd_shs,16
bd_shs,7
bd_shs,54
bd_shs,13
bd_shs,17
bd_shs,19
bd_shs,13
bd_shs,83
bd_shs,25
bd_shs,7
bd_shs,25
bd_shs,30
bd_shs,160
bd_shs,14
bd_shs,16
bd_shs,59
bd_shs,42
bd_shs,69
bd_shs,36
bd_shs,45
bd_shs,22
bd_shs,29
bd_shs,27
bd_shs,139
bd_shs,21
bd_shs,45
bd_shs,58
bd_shs,9
bd_shs,47
bd_shs,18
bd_shs,15
bd_shs,20
bd_shs,14
bd_shs,47
bd_shs,15
bd_shs,21
bd_shs,13
bd_shs,76
bd_shs,13
bd_shs,143
bd_shs,50
bd_shs,71
bd_shs,94
bd_shs,21
bd_shs,17
bd_shs,30
bd_shs,66
bd_shs,28
bd_shs,15
bd_shs,30
bd_shs,20
bd_shs,64
bd_shs,13
bd_shs,18
bd_shs,38
bd_shs,27
bd_shs,186
bd_shs,34
bd_shs,52
bd_shs,31
bd_shs,20
bd_shs,36
bd_shs,13
bd_shs,18
bd_shs,16
bd_shs,43
bd_shs,27
bd_shs,7
bd_shs,46
bd_shs,15
bd_shs,25
bd_shs,30
bd_shs,157
bd_shs,12
bd_shs,36
bd_shs,22
bd_shs,37
bd_shs,21
bd_shs,97
bd_shs,77
bd_shs,85
bd_shs,32
bd_shs,11
bd_shs,47
bd_shs,51
bd_shs,23
bd_shs,74
bd_shs,20
bd_shs,22
bd_shs,44
bd_shs,25
bd_shs,132
bd_shs,24
bd_shs,25
bd_shs,48
bd_shs,24
bd_shs,26
bd_shs,19
bd_shs,76
bd_shs,17
bd_shs,11
bd_shs,48
bd_shs,18
bd_shs,58
bd_shs,5
bd_shs,54
bd_shs,26
bd_shs,40
bd_shs,6
bd_shs,35
bd_shs,25
bd_shs,82
bd_shs,167
bd_shs,24
bd_shs,6
bd_shs,29
bd_shs,19
bd_shs,24
bd_shs,19
bd_shs,26
bd_shs,7
bd_shs,44
bd_shs,66
bd_shs,56
bd_shs,130
bd_shs,19
bd_shs,68
bd_shs,43
bd_shs,78
bd_shs,34
bd_shs,45
bd_shs,122
bd_shs,20
bd_shs,12
bd_shs,39
bd_shs,10
bd_shs,38
bd_shs,25
bd_shs,3
bd_shs,11
bd_shs,40
bd_shs,83
bd_shs,23
bd_shs,72
bd_shs,7
bd_shs,5
bd_shs,41
bd_shs,25
bd_shs,32
bd_shs,87
bd_shs,10
bd_shs,24
bd_shs,122
bd_shs,41
bd_shs,128
bd_shs,60
bd_shs,20
bd_shs,22
bd_shs,68
bd_shs,30
bd_shs,17
bd_shs,14
bd_shs,36
bd_shs,29
bd_shs,45
bd_shs,46
bd_shs,45
bd_shs,17
bd_shs,11
bd_shs,9
bd_shs,33
bd_shs,39
bd_shs,13
bd_shs,21
bd_shs,65
bd_shs,23
bd_shs,5
bd_shs,32
bd_shs,15
bd_shs,14
bd_shs,18
bd_shs,28
bd_shs,60
bd_shs,24
bd_shs,23
bd_shs,21
bd_shs,114
bd_shs,153
bd_shs,216
bd_shs,106
bd_shs,116
bd_shs,15
bd_shs,100
bd_shs,355
bd_shs,26
bd_shs,22
bd_shs,19
bd_shs,27
bd_shs,52
bd_shs,24
bd_shs,26
bd_shs,28
bd_shs,49
bd_shs,104
bd_shs,53
bd_shs,18
bd_shs,9
bd_shs,32
bd_shs,10
bd_shs,39
bd_shs,95
bd_shs,32
bd_shs,13
bd_shs,150
bd_shs,27
bd_shs,14
bd_shs,41
bd_shs,28
bd_shs,38
bd_shs,31
bd_shs,6
bd_shs,39
bd_shs,14
bd_shs,31
bd_shs,100
bd_shs,13
bd_shs,89
bd_shs,13
bd_shs,15
bd_shs,23
bd_shs,71
bd_shs,117
bd_shs,161
bd_shs,37
bd_shs,18
bd_shs,32
bd_shs,40
bd_shs,16
bd_shs,35
bd_shs,39
bd_shs,24
bd_shs,41
bd_shs,83
bd_shs,58
bd_shs,55
bd_shs,23
bd_shs,17
bd_shs,89
bd_shs,11
bd_shs,79
bd_shs,144
bd_shs,57
bd_shs,60
bd_shs,130
bd_shs,35
bd_shs,23
bd_shs,27
bd_shs,45
bd_shs,17
bd_shs,23
bd_shs,45
bd_shs,21
bd_shs,10
bd_shs,20
bd_shs,140
bd_shs,19
bd_shs,50
bd_shs,7
bd_shs,24
bd_shs,38
bd_shs,45
bd_shs,123
bd_shs,31
bd_shs,32
bd_shs,14
bd_shs,25
bd_shs,34
bd_shs,37
bd_shs,12
bd_shs,48
bd_shs,100
bd_shs,54
bd_shs,122
bd_shs,17
bd_shs,38
bd_shs,6
bd_shs,183
bd_shs,24
bd_shs,54
bd_shs,72
bd_shs,7
bd_shs,45
bd_shs,8
bd_shs,23
bd_shs,22
bd_shs,18
bd_shs,63
bd_shs,14
bd_shs,21
bd_shs,8
bd_shs,222
bd_shs,25
bd_shs,23
bd_shs,43
bd_shs,14
bd_shs,6
bd_shs,272
bd_shs,12
bd_shs,21
bd_shs,23
bd_shs,196
bd_shs,17
bd_shs,143
bd_shs,3
bd_shs,30
bd_shs,66
bd_shs,93
bd_shs,11
bd_shs,42
bd_shs,17
bd_shs,8
bd_shs,21
bd_shs,13
bd_shs,35
bd_shs,55
bd_shs,15
bd_shs,81
bd_shs,20
bd_shs,36
bd_shs,37
bd_shs,79
bd_shs,99
bd_shs,13
bd_shs,223
bd_shs,794
bd_shs,10
bd_shs,21
bd_shs,34
bd_shs,74
bd_shs,109
bd_shs,542
bd_shs,175
bd_shs,13
bd_shs,46
bd_shs,23
bd_shs,61
bd_shs,94
bd_shs,78
bd_shs,23
bd_shs,7
bd_shs,19
bd_shs,48
bd_shs,13
bd_shs,17
bd_shs,13
bd_shs,42
bd_shs,20
bd_shs,14
bd_shs,12
bd_shs,20
bd_shs,52
bd_shs,67
bd_shs,48
bd_shs,773
bd_shs,184
bd_shs,8
bd_shs,28
bd_shs,91
bd_shs,65
bd_shs,145
bd_shs,23
bd_shs,64
bd_shs,121
bd_shs,44
bd_shs,53
bd_shs,32
bd_shs,19
bd_shs,90
bd_shs,137
bd_shs,13
bd_shs,44
bd_shs,73
bd_shs,97
bd_shs,27
bd_shs,17
bd_shs,35
bd_shs,23
bd_shs,14
bd_shs,15
bd_shs,10
bd_shs,48
bd_shs,140
bd_shs,64
bd_shs,70
bd_shs,183
bd_shs,9
bd_shs,65
bd_shs,25
bd_shs,19
bd_shs,66
bd_shs,16
bd_shs,113
bd_shs,14
bd_shs,31
bd_shs,38
bd_shs,10
bd_shs,45
bd_shs,56
bd_shs,28
bd_shs,50
bd_shs,51
bd_shs,20
bd_shs,26
bd_shs,51
bd_shs,203
bd_shs,70
bd_shs,46
bd_shs,13
bd_shs,15
bd_shs,15
bd_shs,36
bd_shs,19
bd_shs,53
bd_shs,39
bd_shs,39
bd_shs,40
bd_shs,9
bd_shs,28
bd_shs,65
bd_shs,46
bd_shs,8
bd_shs,18
bd_shs,13
bd_shs,29
bd_shs,32
bd_shs,132
bd_shs,16
bd_shs,84
bd_shs,30
bd_shs,85
bd_shs,40
bd_shs,22
bd_shs,14
bd_shs,95
bd_shs,41
bd_shs,33
bd_shs,21
bd_shs,31
bd_shs,65
bd_shs,6
bd_shs,212
bd_shs,28
bd_shs,58
bd_shs,19
bd_shs,28
bd_shs,10
bd_shs,315
bd_shs,51
bd_shs,49
bd_shs,66
bd_shs,35
bd_shs,20
bd_shs,22
bd_shs,45
bd_shs,36
bd_shs,64
bd_shs,109
bd_shs,37
bd_shs,11
bd_shs,174
bd_shs,124
bd_shs,20
bd_shs,24
bd_shs,16
bd_shs,23
bd_shs,17
bd_shs,71
bd_shs,28
bd_shs,87
bd_shs,48
bd_shs,41
bd_shs,31
bd_shs,29
bd_shs,10
bd_shs,254
bd_shs,18
bd_shs,19
bd_shs,16
bd_shs,342
bd_shs,37
bd_shs,23
bd_shs,21
bd_shs,90
bd_shs,50
bd_shs,25
bd_shs,55
bd_shs,83
bd_shs,28
bd_shs,85
bd_shs,10
bd_shs,22
bd_shs,27
bd_shs,31
bd_shs,398
bd_shs,83
bd_shs,35
bd_shs,19
bd_shs,27
bd_shs,18
bd_shs,8
bd_shs,70
bd_shs,21
bd_shs,8
bd_shs,38
bd_shs,29
bd_shs,10
bd_shs,31
bd_shs,29
bd_shs,11
bd_shs,29
bd_shs,146
bd_shs,21
bd_shs,138
bd_shs,21
bd_shs,15
bd_shs,50
bd_shs,23
bd_shs,32
bd_shs,86
bd_shs,32
bd_shs,10
bd_shs,25
bd_shs,61
bd_shs,74
bd_shs,17
bd_shs,14
bd_shs,9
bd_shs,79
bd_shs,11
bd_shs,24
bd_shs,14
bd_shs,17
bd_shs,37
bd_shs,43
bd_shs,42
bd_shs,115
bd_shs,14
bd_shs,40
bd_shs,17
bd_shs,49
bd_shs,54
bd_shs,33
bd_shs,17
bd_shs,21
bd_shs,66
bd_shs,27
bd_shs,320
bd_shs,85
bd_shs,10
bd_shs,21
bd_shs,58
bd_shs,44
bd_shs,7
bd_shs,65
bd_shs,9
bd_shs,22
bd_shs,20
bd_shs,54
bd_shs,14
bd_shs,22
bd_shs,34
bd_shs,53
bd_shs,21
bd_shs,23
bd_shs,59
bd_shs,12
bd_shs,70
bd_shs,44
bd_shs,16
bd_shs,43
bd_shs,263
bd_shs,17
bd_shs,38
bd_shs,7
bd_shs,42
bd_shs,69
bd_shs,21
bd_shs,35
bd_shs,14
bd_shs,38
bd_shs,69
bd_shs,51
bd_shs,36
bd_shs,36
bd_shs,37
bd_shs,8
bd_shs,13
bd_shs,43
bd_shs,20
bd_shs,16
bd_shs,114
bd_shs,13
bd_shs,6
bd_shs,14
bd_shs,49
bd_shs,512
bd_shs,22
bd_shs,87
bd_shs,31
bd_shs,8
bd_shs,53
bd_shs,19
bd_shs,12
bd_shs,33
bd_shs,39
bd_shs,9
bd_shs,20
bd_shs,204
bd_shs,39
bd_shs,51
bd_shs,35
bd_shs,39
bd_shs,32
bd_shs,83
bd_shs,55
bd_shs,25
bd_shs,15
bd_shs,6
bd_shs,32
bd_shs,13
bd_shs,21
bd_shs,17
bd_shs,32
bd_shs,12
bd_shs,7
bd_shs,21
bd_shs,10
bd_shs,22
bd_shs,70
bd_shs,86
bd_shs,29
bd_shs,33
bd_shs,76
bd_shs,117
bd_shs,38
bd_shs,31
bd_shs,17
bd_shs,22
bd_shs,18
bd_shs,11
bd_shs,18
bd_shs,156
bd_shs,11
bd_shs,32
bd_shs,10
bd_shs,36
bd_shs,101
bd_shs,14
bd_shs,63
bd_shs,15
bd_shs,26
bd_shs,37
bd_shs,3
bd_shs,26
bd_shs,21
bd_shs,53
bd_shs,6
bd_shs,34
bd_shs,41
bd_shs,10
bd_shs,118
bd_shs,22
bd_shs,11
bd_shs,44
bd_shs,20
bd_shs,62
bd_shs,13
bd_shs,24
bd_shs,39
bd_shs,54
bd_shs,24
bd_shs,24
bd_shs,39
bd_shs,14
bd_shs,28
bd_shs,58
bd_shs,14
bd_shs,104
bd_shs,10
bd_shs,141
bd_shs,87
bd_shs,18
bd_shs,37
bd_shs,28
bd_shs,6
bd_shs,23
bd_shs,41
bd_shs,76
bd_shs,22
bd_shs,46
bd_shs,36
bd_shs,149
bd_shs,103
bd_shs,31
bd_shs,11
bd_shs,574
bd_shs,50
bd_shs,30
bd_shs,7
bd_shs,9
bd_shs,7
bd_shs,29
bd_shs,15
bd_shs,25
bd_shs,23
bd_shs,38
bd_shs,11
bd_shs,25
bd_shs,43
bd_shs,52
bd_shs,10
bd_shs,26
bd_shs,10
bd_shs,37
bd_shs,129
bd_shs,121
bd_shs,12
bd_shs,12
bd_shs,150
bd_shs,44
bd_shs,9
bd_shs,42
bd_shs,34
bd_shs,350
bd_shs,19
bd_shs,29
bd_shs,26
bd_shs,40
bd_shs,277
bd_shs,26
bd_shs,134
bd_shs,56
bd_shs,10
bd_shs,49
bd_shs,59
bd_shs,53
bd_shs,14
bd_shs,29
bd_shs,26
bd_shs,17
bd_shs,45
bd_shs,16
bd_shs,28
bd_shs,52
bd_shs,55
bd_shs,12
bd_shs,66
bd_shs,43
bd_shs,89
bd_shs,22
bd_shs,48
bd_shs,10
bd_shs,154
bd_shs,19
bd_shs,39
bd_shs,19
bd_shs,13
bd_shs,54
bd_shs,18
bd_shs,132
bd_shs,38
bd_shs,22
bd_shs,38
bd_shs,25
bd_shs,111
bd_shs,70
bd_shs,16
bd_shs,24
bd_shs,276
bd_shs,1555
bd_shs,40
bd_shs,27
bd_shs,23
bd_shs,14
bd_shs,63
bd_shs,68
bd_shs,52
bd_shs,21
bd_shs,33
bd_shs,30
bd_shs,85
bd_shs,16
bd_shs,127
bd_shs,116
bd_shs,77
bd_shs,27
bd_shs,15
bd_shs,32
bd_shs,38
bd_shs,10
bd_shs,77
bd_shs,7
bd_shs,21
bd_shs,32
bd_shs,62
bd_shs,9
bd_shs,9
bd_shs,7
bd_shs,23
bd_shs,9
bd_shs,289
bd_shs,13
bd_shs,66
bd_shs,12
bd_shs,19
bd_shs,21
bd_shs,73
bd_shs,10
bd_shs,19
bd_shs,28
bd_shs,21
bd_shs,381
bd_shs,10
bd_shs,15
bd_shs,13
bd_shs,29
bd_shs,11
bd_shs,13
bd_shs,38
bd_shs,64
bd_shs,31
bd_shs,132
bd_shs,12
bd_shs,28
bd_shs,197
bd_shs,14
bd_shs,79
bd_shs,30
bd_shs,165
bd_shs,19
bd_shs,33
bd_shs,43
bd_shs,45
bd_shs,30
bd_shs,32
bd_shs,30
bd_shs,28
bd_shs,11
bd_shs,36
bd_shs,22
bd_shs,17
bd_shs,25
bd_shs,9
bd_shs,15
bd_shs,12
bd_shs,6
bd_shs,190
bd_shs,10
bd_shs,20
bd_shs,44
bd_shs,27
bd_shs,48
bd_shs,16
bd_shs,77
bd_shs,44
bd_shs,22
bd_shs,13
bd_shs,6
bd_shs,18
bd_shs,91
bd_shs,49
bd_shs,73
bd_shs,47
bd_shs,19
bd_shs,20
bd_shs,103
bd_shs,11
bd_shs,36
bd_shs,102
bd_shs,72
bd_shs,6
bd_shs,26
bd_shs,68
bd_shs,14
bd_shs,43
bd_shs,21
bd_shs,143
bd_shs,15
bd_shs,21
bd_shs,20
bd_shs,34
bd_shs,4
bd_shs,17
bd_shs,29
bd_shs,30
bd_shs,100
bd_shs,35
bd_shs,375
bd_shs,37
bd_shs,7
bd_shs,60
bd_shs,24
bd_shs,14
bd_shs,54
bd_shs,48
bd_shs,32
bd_shs,24
bd_shs,34
bd_shs,50
bd_shs,75
bd_shs,50
bd_shs,22
bd_shs,18
bd_shs,11
bd_shs,46
bd_shs,151
bd_shs,11
bd_shs,15
bd_shs,102
bd_shs,243
bd_shs,20
bd_shs,194
bd_shs,31
bd_shs,54
bd_shs,98
bd_shs,134
bd_shs,23
bd_shs,30
bd_shs,87
bd_shs,155
bd_shs,30
bd_shs,15
bd_shs,192
bd_shs,14
bd_shs,14
bd_shs,36
bd_shs,32
bd_shs,48
bd_shs,70
bd_shs,24
bd_shs,13
bd_shs,14
bd_shs,9
bd_shs,38
bd_shs,32
bd_shs,24
bd_shs,62
bd_shs,73
bd_shs,104
bd_shs,36
bd_shs,19
bd_shs,36
bd_shs,40
bd_shs,14
bd_shs,38
bd_shs,24
bd_shs,58
bd_shs,7
bd_shs,25
bd_shs,36
bd_shs,47
bd_shs,76
bd_shs,29
bd_shs,22
bd_shs,40
bd_shs,43
bd_shs,73
bd_shs,32
bd_shs,33
bd_shs,48
bd_shs,68
bd_shs,28
bd_shs,12
bd_shs,17
bd_shs,22
bd_shs,11
bd_shs,24
bd_shs,119
bd_shs,15
bd_shs,31
bd_shs,80
bd_shs,78
bd_shs,7
bd_shs,52
bd_shs,8
bd_shs,44
bd_shs,27
bd_shs,19
bd_shs,20
bd_shs,20
bd_shs,21
bd_shs,7
bd_shs,11
bd_shs,96
bd_shs,25
bd_shs,17
bd_shs,22
bd_shs,15
bd_shs,13
bd_shs,127
bd_shs,72
bd_shs,10
bd_shs,43
bd_shs,18
bd_shs,40
bd_shs,19
bd_shs,56
bd_shs,102
bd_shs,12
bd_shs,31
bd_shs,15
bd_shs,25
bd_shs,18
bd_shs,6
bd_shs,72
bd_shs,32
bd_shs,177
bd_shs,26
bd_shs,33
bd_shs,98
bd_shs,22
bd_shs,48
bd_shs,32
bd_shs,14
bd_shs,43
bd_shs,19
bd_shs,19
bd_shs,13
bd_shs,15
bd_shs,35
bd_shs,64
bd_shs,52
bd_shs,158
bd_shs,8
bd_shs,116
bd_shs,20
bd_shs,25
bd_shs,31
bd_shs,67
bd_shs,52
bd_shs,16
bd_shs,31
bd_shs,52
bd_shs,44
bd_shs,11
bd_shs,7
bd_shs,31
bd_shs,112
bd_shs,20
bd_shs,27
bd_shs,48
bd_shs,93
bd_shs,154
bd_shs,21
bd_shs,20
bd_shs,31
bd_shs,16
bd_shs,174
bd_shs,18
bd_shs,93
bd_shs,68
bd_shs,18
bd_shs,15
bd_shs,40
bd_shs,8
bd_shs,7
bd_shs,49
bd_shs,59
bd_shs,10
bd_shs,10
bd_shs,56
bd_shs,24
bd_shs,9
bd_shs,81
bd_shs,6
bd_shs,32
bd_shs,77
bd_shs,46
bd_shs,38
bd_shs,81
bd_shs,66
bd_shs,77
bd_shs,42
bd_shs,116
bd_shs,20
bd_shs,13
bd_shs,40
bd_shs,27
bd_shs,187
bd_shs,14
bd_shs,38
bd_shs,24
bd_shs,6
bd_shs,16
bd_shs,60
bd_shs,66
bd_shs,16
bd_shs,15
bd_shs,92
bd_shs,85
bd_shs,64
bd_shs,23
bd_shs,28
bd_shs,11
bd_shs,17
bd_shs,24
bd_shs,103
bd_shs,54
bd_shs,18
bd_shs,7
bd_shs,13
bd_shs,55
bd_shs,6
bd_shs,40
bd_shs,35
bd_shs,5
bd_shs,25
bd_shs,30
bd_shs,21
bd_shs,49
bd_shs,35
bd_shs,45
bd_shs,97
bd_shs,21
bd_shs,38
bd_shs,51
bd_shs,14
bd_shs,13
bd_shs,11
bd_shs,80
bd_shs,39
bd_shs,17
bd_shs,37
bd_shs,33
bd_shs,43
bd_shs,17
bd_shs,19
bd_shs,43
bd_shs,27
bd_shs,34
bd_shs,85
bd_shs,30
bd_shs,43
bd_shs,24
bd_shs,11
bd_shs,7
bd_shs,87
bd_shs,14
bd_shs,16
bd_shs,117
bd_shs,76
bd_shs,60
bd_shs,10
bd_shs,17
bd_shs,60
bd_shs,31
bd_shs,251
bd_shs,62
bd_shs,8
bd_shs,126
bd_shs,103
bd_shs,46
bd_shs,31
bd_shs,13
bd_shs,29
bd_shs,161
bd_shs,38
bd_shs,39
bd_shs,22
bd_shs,23
bd_shs,44
bd_shs,25
bd_shs,30
bd_shs,24
bd_shs,148
bd_shs,12
bd_shs,11
bd_shs,64
bd_shs,68
bd_shs,7
bd_shs,28
bd_shs,35
bd_shs,25
bd_shs,144
bd_shs,17
bd_shs,160
bd_shs,20
bd_shs,10
bd_shs,37
bd_shs,12
bd_shs,16
bd_shs,58
bd_shs,24
bd_shs,93
bd_shs,30
bd_shs,83
bd_shs,18
bd_shs,25
bd_shs,4
bd_shs,49
bd_shs,79
bd_shs,22
bd_shs,27
bd_shs,38
bd_shs,125
bd_shs,28
bd_shs,51
bd_shs,67
bd_shs,19
bd_shs,74
bd_shs,96
bd_shs,24
bd_shs,8
bd_shs,35
bd_shs,43
bd_shs,19
bd_shs,52
bd_shs,28
bd_shs,16
bd_shs,48
bd_shs,27
bd_shs,52
bd_shs,119
bd_shs,22
bd_shs,31
bd_shs,47
bd_shs,49
bd_shs,102
bd_shs,17
bd_shs,209
bd_shs,21
bd_shs,43
bd_shs,69
bd_shs,70
bd_shs,14
bd_shs,25
bd_shs,15
bd_shs,103
bd_shs,43
bd_shs,10
bd_shs,47
bd_shs,93
bd_shs,50
bd_shs,26
bd_shs,17
bd_shs,6
bd_shs,69
bd_shs,47
bd_shs,45
bd_shs,149
bd_shs,34
bd_shs,155
bd_shs,73
bd_shs,11
bd_shs,12
bd_shs,32
bd_shs,38
bd_shs,32
bd_shs,50
bd_shs,67
bd_shs,58
bd_shs,19
bd_shs,17
bd_shs,113
bd_shs,59
bd_shs,27
bd_shs,122
bd_shs,15
bd_shs,39
bd_shs,71
bd_shs,10
bd_shs,9
bd_shs,10
bd_shs,162
bd_shs,77
bd_shs,70
bd_shs,52
bd_shs,14
bd_shs,26
bd_shs,43
bd_shs,22
bd_shs,28
bd_shs,19
bd_shs,6
bd_shs,84
bd_shs,8
bd_shs,13
bd_shs,13
bd_shs,19
bd_shs,93
bd_shs,31
bd_shs,52
bd_shs,15
bd_shs,6
bd_shs,60
bd_shs,84
bd_shs,19
bd_shs,54
bd_shs,15
bd_shs,14
bd_shs,16
bd_shs,94
bd_shs,171
bd_shs,65
bd_shs,22
bd_shs,67
bd_shs,12
bd_shs,76
bd_shs,42
bd_shs,24
bd_shs,127
bd_shs,45
bd_shs,31
bd_shs,23
bd_shs,91
bd_shs,43
bd_shs,18
bd_shs,16
bd_shs,42
bd_shs,11
bd_shs,29
bd_shs,9
bd_shs,23
bd_shs,28
bd_shs,38
bd_shs,114
bd_shs,39
bd_shs,10
bd_shs,68
bd_shs,71
bd_shs,17
bd_shs,23
bd_shs,27
bd_shs,23
bd_shs,16
bd_shs,34
bd_shs,25
bd_shs,13
bd_shs,19
bd_shs,20
bd_shs,30
bd_shs,30
bd_shs,20
bd_shs,33
bd_shs,7
bd_shs,8
bd_shs,17
bd_shs,46
bd_shs,78
bd_shs,16
bd_shs,153
bd_shs,13
bd_shs,26
bd_shs,88
bd_shs,16
bd_shs,15
bd_shs,43
bd_shs,72
bd_shs,10
bd_shs,32
bd_shs,17
bd_shs,41
bd_shs,11
bd_shs,12
bd_shs,40
bd_shs,211
bd_shs,56
bd_shs,26
bd_shs,29
bd_shs,187
bd_shs,20
bd_shs,23
bd_shs,13
bd_shs,257
bd_shs,54
bd_shs,33
bd_shs,5
bd_shs,21
bd_shs,16
bd_shs,8
bd_shs,24
bd_shs,26
bd_shs,14
bd_shs,58
bd_shs,124
bd_shs,13
bd_shs,96
bd_shs,9
bd_shs,28
bd_shs,28
bd_shs,35
bd_shs,9
bd_shs,55
bd_shs,18
bd_shs,110
bd_shs,56
bd_shs,52
bd_shs,45
bd_shs,58
bd_shs,145
bd_shs,87
bd_shs,62
bd_shs,134
bd_shs,12
bd_shs,36
bd_shs,67
bd_shs,97
bd_shs,105
bd_shs,96
bd_shs,7
bd_shs,14
bd_shs,18
bd_shs,24
bd_shs,159
bd_shs,9
bd_shs,13
bd_shs,84
bd_shs,10
bd_shs,29
bd_shs,42
bd_shs,57
bd_shs,20
bd_shs,62
bd_shs,185
bd_shs,56
bd_shs,26
bd_shs,17
bd_shs,52
bd_shs,11
bd_shs,146
bd_shs,31
bd_shs,16
bd_shs,35
bd_shs,18
bd_shs,74
bd_shs,70
bd_shs,20
bd_shs,27
bd_shs,27
bd_shs,52
bd_shs,20
bd_shs,34
bd_shs,30
bd_shs,8
bd_shs,309
bd_shs,128
bd_shs,9
bd_shs,71
bd_shs,25
bd_shs,20
bd_shs,23
bd_shs,35
bd_shs,73
bd_shs,14
bd_shs,8
bd_shs,36
bd_shs,27
bd_shs,15
bd_shs,14
bd_shs,9
bd_shs,52
bd_shs,103
bd_shs,39
bd_shs,21
bd_shs,28
bd_shs,38
bd_shs,70
bd_shs,122
bd_shs,95
bd_shs,11
bd_shs,18
bd_shs,6
bd_shs,18
bd_shs,6
bd_shs,53
bd_shs,15
bd_shs,169
bd_shs,9
bd_shs,11
bd_shs,25
bd_shs,29
bd_shs,23
bd_shs,15
bd_shs,20
bd_shs,22
bd_shs,46
bd_shs,32
bd_shs,26
bd_shs,11
bd_shs,9
bd_shs,36
bd_shs,75
bd_shs,17
bd_shs,11
bd_shs,12
bd_shs,286
bd_shs,6
bd_shs,46
bd_shs,28
bd_shs,50
bd_shs,187
bd_shs,4
bd_shs,21
bd_shs,37
bd_shs,8
bd_shs,54
bd_shs,18
bd_shs,14
bd_shs,27
bd_shs,49
bd_shs,48
bd_shs,107
bd_shs,19
bd_shs,24
bd_shs,40
bd_shs,43
bd_shs,78
bd_shs,26
bd_shs,29
bd_shs,21
bd_shs,31
bd_shs,12
bd_shs,95
bd_shs,38
bd_shs,36
bd_shs,16
bd_shs,27
bd_shs,47
bd_shs,77
bd_shs,15
bd_shs,19
bd_shs,14
bd_shs,12
bd_shs,26
bd_shs,38
bd_shs,78
bd_shs,17
bd_shs,13
bd_shs,8
bd_shs,52
bd_shs,23
bd_shs,76
bd_shs,56
bd_shs,40
bd_shs,152
bd_shs,25
bd_shs,22
bd_shs,83
bd_shs,18
bd_shs,22
bd_shs,13
bd_shs,53
bd_shs,46
bd_shs,35
bd_shs,36
bd_shs,82
bd_shs,42
bd_shs,23
bd_shs,14
bd_shs,6
bd_shs,43
bd_shs,3
bd_shs,31
bd_shs,22
bd_shs,29
bd_shs,18
bd_shs,9
bd_shs,18
bd_shs,17
bd_shs,14
bd_shs,113
bd_shs,11
bd_shs,54
bd_shs,15
bd_shs,84
bd_shs,15
bd_shs,8
bd_shs,17
bd_shs,55
bd_shs,25
bd_shs,20
bd_shs,15
bd_shs,40
bd_shs,43
bd_shs,57
bd_shs,23
bd_shs,67
bd_shs,23
bd_shs,29
bd_shs,176
bd_shs,27
bd_shs,5
bd_shs,33
bd_shs,26
bd_shs,18
bd_shs,271
bd_shs,24
bd_shs,36
bd_shs,73
bd_shs,65
bd_shs,13
bd_shs,48
bd_shs,77
bd_shs,40
bd_shs,60
bd_shs,4
bd_shs,33
bd_shs,88
bd_shs,259
bd_shs,14
bd_shs,13
bd_shs,84
bd_shs,96
bd_shs,13
bd_shs,48
bd_shs,16
bd_shs,64
bd_shs,107
bd_shs,136
bd_shs,81
bd_shs,39
bd_shs,5
bd_shs,6
bd_shs,30
bd_shs,26
bd_shs,53
bd_shs,49
bd_shs,17
bd_shs,49
bd_shs,139
bd_shs,57
bd_shs,26
bd_shs,61
bd_shs,11
bd_shs,30
bd_shs,19
bd_shs,28
bd_shs,7
bd_shs,40
bd_shs,69
bd_shs,11
bd_shs,22
bd_shs,12
bd_shs,30
bd_shs,24
bd_shs,35
bd_shs,58
bd_shs,20
bd_shs,32
bd_shs,44
bd_shs,6
bd_shs,38
bd_shs,18
bd_shs,32
bd_shs,13
bd_shs,29
bd_shs,25
bd_shs,22
bd_shs,59
bd_shs,7
bd_shs,42
bd_shs,63
bd_shs,57
bd_shs,60
bd_shs,103
bd_shs,20
bd_shs,225
bd_shs,45
bd_shs,43
bd_shs,41
bd_shs,18
bd_shs,162
bd_shs,36
bd_shs,12
bd_shs,5
bd_shs,13
bd_shs,24
bd_shs,124
bd_shs,305
bd_shs,25
bd_shs,12
bd_shs,25
bd_shs,97
bd_shs,21
bd_shs,36
bd_shs,26
bd_shs,512
bd_shs,71
bd_shs,81
bd_shs,24
bd_shs,19
bd_shs,70
bd_shs,14
bd_shs,36
bd_shs,198
bd_shs,41
bd_shs,66
bd_shs,20
bd_shs,11
bd_shs,70
bd_shs,13
bd_shs,16
bd_shs,229
bd_shs,64
bd_shs,69
bd_shs,8
bd_shs,120
bd_shs,20
bd_shs,551
bd_shs,48
bd_shs,29
bd_shs,53
bd_shs,19
bd_shs,19
bd_shs,26
bd_shs,45
bd_shs,116
bd_shs,46
bd_shs,8
bd_shs,33
bd_shs,25
bd_shs,89
bd_shs,14
bd_shs,74
bd_shs,58
bd_shs,15
bd_shs,73
bd_shs,44
bd_shs,38
bd_shs,105
bd_shs,67
bd_shs,27
bd_shs,28
bd_shs,26
bd_shs,26
bd_shs,4
bd_shs,14
bd_shs,16
bd_shs,16
bd_shs,90
bd_shs,40
bd_shs,41
bd_shs,101
bd_shs,54
bd_shs,14
bd_shs,23
bd_shs,15
bd_shs,136
bd_shs,36
bd_shs,129
bd_shs,21
bd_shs,23
bd_shs,16
bd_shs,15
bd_shs,65
bd_shs,20
bd_shs,14
bd_shs,26
bd_shs,18
bd_shs,28
bd_shs,51
bd_shs,95
bd_shs,201
bd_shs,25
bd_shs,130
bd_shs,11
bd_shs,50
bd_shs,90
bd_shs,19
bd_shs,28
bd_shs,5
bd_shs,28
bd_shs,91
bd_shs,40
bd_shs,32
bd_shs,53
bd_shs,31
bd_shs,21
bd_shs,17
bd_shs,208
bd_shs,243
bd_shs,7
bd_shs,28
bd_shs,20
bd_shs,18
bd_shs,284
bd_shs,14
bd_shs,102
bd_shs,17
bd_shs,15
bd_shs,18
bd_shs,56
bd_shs,27
bd_shs,23
bd_shs,74
bd_shs,9
bd_shs,58
bd_shs,187
bd_shs,42
bd_shs,18
bd_shs,27
bd_shs,49
bd_shs,7
bd_shs,33
bd_shs,95
bd_shs,25
bd_shs,11
bd_shs,73
bd_shs,135
bd_shs,48
bd_shs,21
bd_shs,11
bd_shs,19
bd_shs,75
bd_shs,16
bd_shs,56
bd_shs,76
bd_shs,16
bd_shs,19
bd_shs,19
bd_shs,60
bd_shs,90
bd_shs,29
bd_shs,25
bd_shs,50
bd_shs,28
bd_shs,51
bd_shs,10
bd_shs,17
bd_shs,37
bd_shs,60
bd_shs,41
bd_shs,11
bd_shs,1135
bd_shs,105
bd_shs,29
bd_shs,40
bd_shs,51
bd_shs,15
bd_shs,7
bd_shs,60
bd_shs,21
bd_shs,72
bd_shs,41
bd_shs,18
bd_shs,76
bd_shs,16
bd_shs,8
bd_shs,39
bd_shs,74
bd_shs,26
bd_shs,11
bd_shs,73
bd_shs,30
bd_shs,39
bd_shs,18
bd_shs,35
bd_shs,53
bd_shs,37
bd_shs,109
bd_shs,16
bd_shs,19
bd_shs,46
bd_shs,101
bd_shs,13
bd_shs,93
bd_shs,11
bd_shs,86
bd_shs,11
bd_shs,75
bd_shs,10
bd_shs,8
bd_shs,28
bd_shs,44
bd_shs,49
bd_shs,44
bd_shs,20
bd_shs,20
bd_shs,19
bd_shs,30
bd_shs,37
bd_shs,10
bd_shs,11
bd_shs,140
bd_shs,7
bd_shs,126
bd_shs,33
bd_shs,23
bd_shs,55
bd_shs,18
bd_shs,35
bd_shs,21
bd_shs,92
bd_shs,12
bd_shs,61
bd_shs,7
bd_shs,13
bd_shs,35
bd_shs,35
bd_shs,22
bd_shs,9
bd_shs,31
bd_shs,18
bd_shs,135
bd_shs,188
bd_shs,108
bd_shs,21
bd_shs,21
bd_shs,27
bd_shs,340
bd_shs,12
bd_shs,42
bd_shs,23
bd_shs,21
bd_shs,78
bd_shs,9
bd_shs,60
bd_shs,13
bd_shs,50
bd_shs,27
bd_shs,10
bd_shs,20
bd_shs,34
bd_shs,28
bd_shs,11
bd_shs,36
bd_shs,32
bd_shs,199
bd_shs,15
bd_shs,9
bd_shs,58
bd_shs,43
bd_shs,10
bd_shs,46
bd_shs,144
bd_shs,36
bd_shs,91
bd_shs,22
bd_shs,18
bd_shs,10
bd_shs,11
bd_shs,219
bd_shs,29
bd_shs,6
bd_shs,10
bd_shs,23
bd_shs,18
bd_shs,26
bd_shs,39
bd_shs,18
bd_shs,220
bd_shs,42
bd_shs,15
bd_shs,149
bd_shs,25
bd_shs,17
bd_shs,334
bd_shs,58
bd_shs,23
bd_shs,43
bd_shs,103
bd_shs,56
bd_shs,9
bd_shs,12
bd_shs,30
bd_shs,36
bd_shs,33
bd_shs,40
bd_shs,22
bd_shs,6
bd_shs,77
bd_shs,22
bd_shs,36
bd_shs,5
bd_shs,24
bd_shs,30
bd_shs,24
bd_shs,11
bd_shs,12
bd_shs,27
bd_shs,30
bd_shs,36
bd_shs,41
bd_shs,6
bd_shs,28
bd_shs,30
bd_shs,33
bd_shs,34
bd_shs,49
bd_shs,15
bd_shs,12
bd_shs,21
bd_shs,57
bd_shs,18
bd_shs,20
bd_shs,25
bd_shs,65
bd_shs,12
bd_shs,17
bd_shs,31
bd_shs,161
bd_shs,26
bd_shs,14
bd_shs,67
bd_shs,15
bd_shs,489
bd_shs,16
bd_shs,56
bd_shs,32
bd_shs,372
bd_shs,22
bd_shs,29
bd_shs,19
bd_shs,29
bd_shs,30
bd_shs,36
bd_shs,32
bd_shs,17
bd_shs,10
bd_shs,26
bd_shs,56
bd_shs,24
bd_shs,13
bd_shs,18
bd_shs,23
bd_shs,46
bd_shs,17
bd_shs,11
bd_shs,6
bd_shs,13
bd_shs,45
bd_shs,45
bd_shs,16
bd_shs,22
bd_shs,24
bd_shs,47
bd_shs,57
bd_shs,6
bd_shs,11
bd_shs,74
bd_shs,11
bd_shs,13
bd_shs,25
bd_shs,44
bd_shs,16
bd_shs,458
bd_shs,11
bd_shs,69
bd_shs,97
bd_shs,109
bd_shs,11
bd_shs,17
bd_shs,46
bd_shs,8
bd_shs,4
bd_shs,23
bd_shs,66
bd_shs,12
bd_shs,23
bd_shs,54
bd_shs,13
bd_shs,4
bd_shs,56
bd_shs,16
bd_shs,36
bd_shs,7
bd_shs,125
bd_shs,8
bd_shs,52
bd_shs,27
bd_shs,64
bd_shs,83
bd_shs,35
bd_shs,23
bd_shs,16
bd_shs,14
bd_shs,9
bd_shs,6
bd_shs,8
bd_shs,159
bd_shs,31
bd_shs,11
bd_shs,68
bd_shs,12
bd_shs,21
bd_shs,31
bd_shs,59
bd_shs,53
bd_shs,3
bd_shs,193
bd_shs,13
bd_shs,110
bd_shs,10
bd_shs,32
bd_shs,85
bd_shs,57
bd_shs,10
bd_shs,19
bd_shs,22
bd_shs,103
bd_shs,49
bd_shs,17
bd_shs,13
bd_shs,31
bd_shs,28
bd_shs,38
bd_shs,16
bd_shs,56
bd_shs,23
bd_shs,12
bd_shs,122
bd_shs,103
bd_shs,6
bd_shs,55
bd_shs,62
bd_shs,3
bd_shs,16
bd_shs,124
bd_shs,23
bd_shs,92
bd_shs,49
bd_shs,43
bd_shs,10
bd_shs,55
bd_shs,9
bd_shs,88
bd_shs,27
bd_shs,79
bd_shs,10
bd_shs,19
bd_shs,43
bd_shs,21
bd_shs,60
bd_shs,29
bd_shs,35
bd_shs,63
bd_shs,27
bd_shs,30
bd_shs,29
bd_shs,52
bd_shs,8
bd_shs,43
bd_shs,10
bd_shs,32
bd_shs,6
bd_shs,77
bd_shs,15
bd_shs,13
bd_shs,8
bd_shs,24
bd_shs,147
bd_shs,77
bd_shs,33
bd_shs,16
bd_shs,15
bd_shs,34
bd_shs,55
bd_shs,204
bd_shs,64
bd_shs,10
bd_shs,23
bd_shs,40
bd_shs,186
bd_shs,31
bd_shs,40
bd_shs,22
bd_shs,10
bd_shs,56
bd_shs,50
bd_shs,9
bd_shs,16
bd_shs,22
bd_shs,22
bd_shs,93
bd_shs,33
bd_shs,28
bd_shs,50
bd_shs,18
bd_shs,20
bd_shs,37
bd_shs,20
bd_shs,52
bd_shs,33
bd_shs,33
bd_shs,23
bd_shs,26
bd_shs,20
bd_shs,18
bd_shs,29
bd_shs,73
bd_shs,19
bd_shs,140
bd_shs,51
bd_shs,65
bd_shs,42
bd_shs,161
bd_shs,17
bd_shs,101
bd_shs,26
bd_shs,53
bd_shs,27
bd_shs,19
bd_shs,15
bd_shs,11
bd_shs,31
bd_shs,11
bd_shs,21
bd_shs,78
bd_shs,175
bd_shs,17
bd_shs,18
bd_shs,33
bd_shs,6
bd_shs,18
bd_shs,49
bd_shs,28
bd_shs,89
bd_shs,152
bd_shs,89
bd_shs,16
bd_shs,27
bd_shs,16
bd_shs,32
bd_shs,8
bd_shs,7
bd_shs,18
bd_shs,26
bd_shs,86
bd_shs,22
bd_shs,14
bd_shs,14
bd_shs,14
bd_shs,24
bd_shs,14
bd_shs,16
bd_shs,24
bd_shs,55
bd_shs,38
bd_shs,181
bd_shs,10
bd_shs,14
bd_shs,15
bd_shs,24
bd_shs,20
bd_shs,18
bd_shs,45
bd_shs,14
bd_shs,72
bd_shs,54
bd_shs,12
bd_shs,19
bd_shs,35
bd_shs,36
bd_shs,13
bd_shs,123
bd_shs,13
bd_shs,61
bd_shs,11
bd_shs,17
bd_shs,17
bd_shs,10
bd_shs,29
bd_shs,70
bd_shs,56
bd_shs,13
bd_shs,12
bd_shs,4
bd_shs,22
bd_shs,54
bd_shs,32
bd_shs,73
bd_shs,21
bd_shs,44
bd_shs,35
bd_shs,35
bd_shs,19
bd_shs,33
bd_shs,69
bd_shs,22
bd_shs,24
bd_shs,8
bd_shs,42
bd_shs,22
bd_shs,41
bd_shs,96
bd_shs,36
bd_shs,52
bd_shs,5
bd_shs,179
bd_shs,28
bd_shs,77
bd_shs,77
bd_shs,56
bd_shs,96
bd_shs,57
bd_shs,17
bd_shs,19
bd_shs,11
bd_shs,38
bd_shs,95
bd_shs,39
bd_shs,43
bd_shs,62
bd_shs,44
bd_shs,16
bd_shs,28
bd_shs,176
bd_shs,9
bd_shs,43
bd_shs,45
bd_shs,18
bd_shs,31
bd_shs,17
bd_shs,7
bd_shs,160
bd_shs,4
bd_shs,12
bd_shs,17
bd_shs,170
bd_shs,52
bd_shs,28
bd_shs,15
bd_shs,73
bd_shs,31
bd_shs,34
bd_shs,37
bd_shs,13
bd_shs,25
bd_shs,82
bd_shs,45
bd_shs,69
bd_shs,92
bd_shs,14
bd_shs,15
bd_shs,12
bd_shs,26
bd_shs,12
bd_shs,12
bd_shs,51
bd_shs,29
bd_shs,13
bd_shs,73
bd_shs,97
bd_shs,18
bd_shs,16
bd_shs,41
bd_shs,37
bd_shs,40
bd_shs,1299
bd_shs,34
bd_shs,61
bd_shs,125
bd_shs,14
bd_shs,32
bd_shs,18
bd_shs,143
bd_shs,68
bd_shs,59
bd_shs,39
bd_shs,27
bd_shs,49
bd_shs,29
bd_shs,61
bd_shs,30
bd_shs,23
bd_shs,11
bd_shs,18
bd_shs,10
bd_shs,86
bd_shs,234
bd_shs,71
bd_shs,16
bd_shs,11
bd_shs,23
bd_shs,466
bd_shs,5
bd_shs,17
bd_shs,29
bd_shs,82
bd_shs,70
bd_shs,27
bd_shs,21
bd_shs,31
bd_shs,14
bd_shs,103
bd_shs,23
bd_shs,11
bd_shs,12
bd_shs,19
bd_shs,17
bd_shs,21
bd_shs,69
bd_shs,32
bd_shs,52
bd_shs,28
bd_shs,12
bd_shs,14
bd_shs,9
bd_shs,26
bd_shs,8
bd_shs,22
bd_shs,32
bd_shs,35
bd_shs,36
bd_shs,43
bd_shs,17
bd_shs,39
bd_shs,106
bd_shs,20
bd_shs,19
bd_shs,43
bd_shs,12
bd_shs,23
bd_shs,25
bd_shs,76
bd_shs,12
bd_shs,23
bd_shs,55
bd_shs,17
bd_shs,24
bd_shs,93
bd_shs,9
bd_shs,9
bd_shs,67
bd_shs,12
bd_shs,26
bd_shs,85
bd_shs,7
bd_shs,26
bd_shs,63
bd_shs,19
bd_shs,8
bd_shs,37
bd_shs,99
bd_shs,74
bd_shs,15
bd_shs,216
bd_shs,15
bd_shs,11
bd_shs,44
bd_shs,56
bd_shs,13
bd_shs,15
bd_shs,138
bd_shs,75
bd_shs,35
bd_shs,21
bd_shs,12
bd_shs,269
bd_shs,202
bd_shs,214
bd_shs,8
bd_shs,38
bd_shs,11
bd_shs,51
bd_shs,22
bd_shs,8
bd_shs,22
bd_shs,20
bd_shs,3
bd_shs,120
bd_shs,12
bd_shs,12
bd_shs,17
bd_shs,98
bd_shs,13
bd_shs,36
bd_shs,184
bd_shs,25
bd_shs,62
bd_shs,14
bd_shs,43
bd_shs,13
bd_shs,201
bd_shs,14
bd_shs,41
bd_shs,27
bd_shs,66
bd_shs,22
bd_shs,83
bd_shs,35
bd_shs,22
bd_shs,63
bd_shs,20
bd_shs,203
bd_shs,76
bd_shs,10
bd_shs,17
bd_shs,136
bd_shs,28
bd_shs,142
bd_shs,12
bd_shs,70
bd_shs,52
bd_shs,46
bd_shs,22
bd_shs,19
bd_shs,14
bd_shs,58
bd_shs,116
bd_shs,44
bd_shs,348
bd_shs,31
bd_shs,66
bd_shs,24
bd_shs,10
bd_shs,12
bd_shs,50
bd_shs,22
bd_shs,38
bd_shs,101
bd_shs,36
bd_shs,76
bd_shs,115
bd_shs,86
bd_shs,25
bd_shs,28
bd_shs,32
bd_shs,113
bd_shs,13
bd_shs,272
bd_shs,62
bd_shs,31
bd_shs,54
bd_shs,14
bd_shs,28
bd_shs,15
bd_shs,23
bd_shs,35
bd_shs,19
bd_shs,69
bd_shs,33
bd_shs,9
bd_shs,17
bd_shs,34
bd_shs,28
bd_shs,30
bd_shs,33
bd_shs,40
bd_shs,128
bd_shs,161
bd_shs,22
bd_shs,16
bd_shs,8
bd_shs,54
bd_shs,63
bd_shs,25
bd_shs,11
bd_shs,10
bd_shs,15
bd_shs,101
bd_shs,4
bd_shs,46
bd_shs,15
bd_shs,12
bd_shs,130
bd_shs,47
bd_shs,19
bd_shs,17
bd_shs,7
bd_shs,4
bd_shs,110
bd_shs,21
bd_shs,41
bd_shs,25
bd_shs,132
bd_shs,17
bd_shs,21
bd_shs,9
bd_shs,41
bd_shs,23
bd_shs,46
bd_shs,64
bd_shs,7
bd_shs,19
bd_shs,57
bd_shs,273
bd_shs,37
bd_shs,144
bd_shs,10
bd_shs,36
bd_shs,12
bd_shs,74
bd_shs,39
bd_shs,5
bd_shs,41
bd_shs,85
bd_shs,210
bd_shs,55
bd_shs,57
bd_shs,14
bd_shs,31
bd_shs,35
bd_shs,28
bd_shs,9
bd_shs,10
bd_shs,17
bd_shs,43
bd_shs,10
bd_shs,48
bd_shs,10
bd_shs,108
bd_shs,23
bd_shs,38
bd_shs,94
bd_shs,15
bd_shs,22
bd_shs,4
bd_shs,25
bd_shs,34
bd_shs,22
bd_shs,21
bd_shs,69
bd_shs,29
bd_shs,68
bd_shs,14
bd_shs,60
bd_shs,37
bd_shs,23
bd_shs,13
bd_shs,117
bd_shs,6
bd_shs,10
bd_shs,12
bd_shs,26
bd_shs,148
bd_shs,24
bd_shs,38
bd_shs,15
bd_shs,30
bd_shs,17
bd_shs,37
bd_shs,148
bd_shs,13
bd_shs,154
bd_shs,17
bd_shs,5
bd_shs,22
bd_shs,4
bd_shs,47
bd_shs,20
bd_shs,9
bd_shs,49
bd_shs,52
bd_shs,64
bd_shs,61
bd_shs,89
bd_shs,38
bd_shs,57
bd_shs,94
bd_shs,100
bd_shs,34
bd_shs,60
bd_shs,36
bd_shs,5
bd_shs,71
bd_shs,18
bd_shs,60
bd_shs,46
bd_shs,26
bd_shs,64
bd_shs,50
bd_shs,41
bd_shs,19
bd_shs,13
bd_shs,187
bd_shs,24
bd_shs,14
bd_shs,105
bd_shs,11
bd_shs,54
bd_shs,47
bd_shs,61
bd_shs,22
bd_shs,43
bd_shs,39
bd_shs,73
bd_shs,49
bd_shs,78
bd_shs,83
bd_shs,20
bd_shs,22
bd_shs,35
bd_shs,8
bd_shs,132
bd_shs,18
bd_shs,17
bd_shs,56
bd_shs,53
bd_shs,42
bd_shs,225
bd_shs,50
bd_shs,12
bd_shs,7
bd_shs,15
bd_shs,40
bd_shs,46
bd_shs,9
bd_shs,21
bd_shs,30
bd_shs,19
bd_shs,41
bd_shs,16
bd_shs,34
bd_shs,55
bd_shs,24
bd_shs,15
bd_shs,16
bd_shs,13
bd_shs,27
bd_shs,26
bd_shs,50
bd_shs,67
bd_shs,21
bd_shs,60
bd_shs,58
bd_shs,73
bd_shs,17
bd_shs,65
bd_shs,29
bd_shs,18
bd_shs,58
bd_shs,72
bd_shs,38
bd_shs,25
bd_shs,35
bd_shs,7
bd_shs,22
bd_shs,16
bd_shs,67
bd_shs,131
bd_shs,29
bd_shs,46
bd_shs,8
bd_shs,16
bd_shs,22
bd_shs,24
bd_shs,79
bd_shs,56
bd_shs,50
bd_shs,18
bd_shs,27
bd_shs,60
bd_shs,29
bd_shs,93
bd_shs,12
bd_shs,62
bd_shs,56
bd_shs,66
bd_shs,36
bd_shs,172
bd_shs,36
bd_shs,24
bd_shs,38
bd_shs,74
bd_shs,38
bd_shs,102
bd_shs,116
bd_shs,16
bd_shs,15
bd_shs,37
bd_shs,4
bd_shs,101
bd_shs,147
bd_shs,22
bd_shs,26
bd_shs,81
bd_shs,37
bd_shs,9
bd_shs,24
bd_shs,28
bd_shs,28
bd_shs,24
bd_shs,38
bd_shs,17
bd_shs,25
bd_shs,16
bd_shs,18
bd_shs,34
bd_shs,17
bd_shs,22
bd_shs,10
bd_shs,36
bd_shs,30
bd_shs,31
bd_shs,19
bd_shs,31
bd_shs,13
bd_shs,28
bd_shs,29
bd_shs,11
bd_shs,85
bd_shs,19
bd_shs,26
bd_shs,75
bd_shs,58
bd_shs,19
bd_shs,336
bd_shs,56
bd_shs,11
bd_shs,19
bd_shs,124
bd_shs,36
bd_shs,40
bd_shs,43
bd_shs,21
bd_shs,27
bd_shs,16
bd_shs,21
bd_shs,48
bd_shs,67
bd_shs,21
bd_shs,18
bd_shs,31
bd_shs,18
bd_shs,6
bd_shs,77
bd_shs,66
bd_shs,40
bd_shs,22
bd_shs,49
bd_shs,14
bd_shs,21
bd_shs,24
bd_shs,18
bd_shs,116
bd_shs,18
bd_shs,40
bd_shs,162
bd_shs,19
bd_shs,49
bd_shs,77
bd_shs,73
bd_shs,76
bd_shs,54
bd_shs,86
bd_shs,30
bd_shs,21
bd_shs,118
bd_shs,22
bd_shs,58
bd_shs,306
bd_shs,179
bd_shs,15
bd_shs,23
bd_shs,225
bd_shs,144
bd_shs,18
bd_shs,28
bd_shs,126
bd_shs,31
bd_shs,53
bd_shs,22
bd_shs,18
bd_shs,36
bd_shs,13
bd_shs,136
bd_shs,45
bd_shs,22
bd_shs,19
bd_shs,33
bd_shs,10
bd_shs,27
bd_shs,20
bd_shs,143
bd_shs,22
bd_shs,19
bd_shs,16
bd_shs,53
bd_shs,53
bd_shs,15
bd_shs,31
bd_shs,55
bd_shs,36
bd_shs,49
bd_shs,39
bd_shs,53
bd_shs,24
bd_shs,12
bd_shs,43
bd_shs,9
bd_shs,37
bd_shs,102
bd_shs,50
bd_shs,21
bd_shs,160
bd_shs,12
bd_shs,9
bd_shs,24
bd_shs,36
bd_shs,90
bd_shs,155
bd_shs,85
bd_shs,28
bd_shs,23
bd_shs,107
bd_shs,23
bd_shs,35
bd_shs,113
bd_shs,23
bd_shs,21
bd_shs,87
bd_shs,117
bd_shs,16
bd_shs,28
bd_shs,30
bd_shs,35
bd_shs,59
bd_shs,110
bd_shs,31
bd_shs,39
bd_shs,48
bd_shs,21
bd_shs,33
bd_shs,46
bd_shs,64
bd_shs,67
bd_shs,33
bd_shs,22
bd_shs,33
bd_shs,27
bd_shs,60
bd_shs,163
bd_shs,66
bd_shs,15
bd_shs,6
bd_shs,27
bd_shs,64
bd_shs,21
bd_shs,29
bd_shs,28
bd_shs,46
bd_shs,21
bd_shs,17
bd_shs,19
bd_shs,15
bd_shs,26
bd_shs,8
bd_shs,11
bd_shs,8
bd_shs,51
bd_shs,25
bd_shs,122
bd_shs,357
bd_shs,13
bd_shs,50
bd_shs,23
bd_shs,14
bd_shs,102
bd_shs,61
bd_shs,80
bd_shs,22
bd_shs,34
bd_shs,80
bd_shs,13
bd_shs,49
bd_shs,13
bd_shs,19
bd_shs,29
bd_shs,20
bd_shs,66
bd_shs,87
bd_shs,6
bd_shs,74
bd_shs,9
bd_shs,55
bd_shs,47
bd_shs,10
bd_shs,10
bd_shs,72
bd_shs,177
bd_shs,25
bd_shs,12
bd_shs,164
bd_shs,103
bd_shs,87
bd_shs,15
bd_shs,173
bd_shs,10
bd_shs,159
bd_shs,30
bd_shs,9
bd_shs,28
bd_shs,21
bd_shs,23
bd_shs,23
bd_shs,59
bd_shs,15
bd_shs,20
bd_shs,16
bd_shs,14
bd_shs,133
bd_shs,6
bd_shs,74
bd_shs,20
bd_shs,52
bd_shs,12
bd_shs,42
bd_shs,23
bd_shs,20
bd_shs,110
bd_shs,12
bd_shs,11
bd_shs,64
bd_shs,67
bd_shs,48
bd_shs,186
bd_shs,110
bd_shs,80
bd_shs,72
bd_shs,19
bd_shs,63
bd_shs,65
bd_shs,149
bd_shs,38
bd_shs,42
bd_shs,21
bd_shs,13
bd_shs,35
bd_shs,32
bd_shs,39
bd_shs,30
bd_shs,24
bd_shs,29
bd_shs,22
bd_shs,22
bd_shs,41
bd_shs,23
bd_shs,22
bd_shs,31
bd_shs,4
bd_shs,30
bd_shs,30
bd_shs,51
bd_shs,10
bd_shs,10
bd_shs,28
bd_shs,4
bd_shs,119
bd_shs,9
bd_shs,37
bd_shs,51
bd_shs,34
bd_shs,22
bd_shs,240
bd_shs,65
bd_shs,16
bd_shs,10
bd_shs,37
bd_shs,13
bd_shs,14
bd_shs,9
bd_shs,78
bd_shs,125
bd_shs,9
bd_shs,24
bd_shs,22
bd_shs,19
bd_shs,10
bd_shs,15
bd_shs,68
bd_shs,12
bd_shs,68
bd_shs,23
bd_shs,56
bd_shs,12
bd_shs,13
bd_shs,23
bd_shs,50
bd_shs,32
bd_shs,44
bd_shs,6
bd_shs,108
bd_shs,22
bd_shs,24
bd_shs,14
bd_shs,57
bd_shs,190
bd_shs,16
bd_shs,40
bd_shs,30
bd_shs,44
bd_shs,49
bd_shs,16
bd_shs,20
bd_shs,5
bd_shs,85
bd_shs,11
bd_shs,29
bd_shs,10
bd_shs,6
bd_shs,13
bd_shs,26
bd_shs,117
bd_shs,23
bd_shs,40
bd_shs,32
bd_shs,221
bd_shs,17
bd_shs,22
bd_shs,18
bd_shs,140
bd_shs,9
bd_shs,23
bd_shs,37
bd_shs,36
bd_shs,16
bd_shs,12
bd_shs,110
bd_shs,107
bd_shs,96
bd_shs,35
bd_shs,24
bd_shs,52
bd_shs,21
bd_shs,69
bd_shs,74
bd_shs,27
bd_shs,25
bd_shs,26
bd_shs,6
bd_shs,23
bd_shs,13
bd_shs,52
bd_shs,17
bd_shs,15
bd_shs,24
bd_shs,32
bd_shs,27
bd_shs,22
bd_shs,129
bd_shs,21
bd_shs,172
bd_shs,37
bd_shs,20
bd_shs,31
bd_shs,42
bd_shs,18
bd_shs,24
bd_shs,6
bd_shs,41
bd_shs,24
bd_shs,37
bd_shs,178
bd_shs,19
bd_shs,26
bd_shs,40
bd_shs,39
bd_shs,17
bd_shs,10
bd_shs,23
bd_shs,15
bd_shs,13
bd_shs,4
bd_shs,27
bd_shs,1308
bd_shs,17
bd_shs,39
bd_shs,100
bd_shs,61
bd_shs,13
bd_shs,20
bd_shs,10
bd_shs,24
bd_shs,28
bd_shs,34
bd_shs,11
bd_shs,13
bd_shs,21
bd_shs,30
bd_shs,14
bd_shs,20
bd_shs,46
bd_shs,12
bd_shs,12
bd_shs,20
bd_shs,23
bd_shs,24
bd_shs,61
bd_shs,27
bd_shs,20
bd_shs,108
bd_shs,611
bd_shs,58
bd_shs,21
bd_shs,78
bd_shs,24
bd_shs,13
bd_shs,22
bd_shs,56
bd_shs,14
bd_shs,86
bd_shs,18
bd_shs,5
bd_shs,38
bd_shs,29
bd_shs,37
bd_shs,11
bd_shs,23
bd_shs,32
bd_shs,12
bd_shs,90
bd_shs,29
bd_shs,5
bd_shs,11
bd_shs,30
bd_shs,198
bd_shs,21
bd_shs,9
bd_shs,62
bd_shs,53
bd_shs,25
bd_shs,114
bd_shs,30
bd_shs,187
bd_shs,22
bd_shs,16
bd_shs,28
bd_shs,54
bd_shs,125
bd_shs,19
bd_shs,32
bd_shs,21
bd_shs,28
bd_shs,25
bd_shs,51
bd_shs,44
bd_shs,22
bd_shs,32
bd_shs,18
bd_shs,115
bd_shs,182
bd_shs,27
bd_shs,99
bd_shs,19
bd_shs,44
bd_shs,4
bd_shs,22
bd_shs,6
bd_shs,13
bd_shs,10
bd_shs,15
bd_shs,24
bd_shs,20
bd_shs,77
bd_shs,54
bd_shs,22
bd_shs,33
bd_shs,34
bd_shs,174
bd_shs,12
bd_shs,16
bd_shs,8
bd_shs,35
bd_shs,58
bd_shs,164
bd_shs,6
bd_shs,72
bd_shs,44
bd_shs,100
bd_shs,22
bd_shs,9
bd_shs,59
bd_shs,29
bd_shs,15
bd_shs,43
bd_shs,35
bd_shs,30
bd_shs,15
bd_shs,19
bd_shs,65
bd_shs,17
bd_shs,15
bd_shs,69
bd_shs,19
bd_shs,23
bd_shs,72
bd_shs,14
bd_shs,49
bd_shs,30
bd_shs,39
bd_shs,34
bd_shs,21
bd_shs,45
bd_shs,33
bd_shs,8
bd_shs,82
bd_shs,35
bd_shs,119
bd_shs,516
bd_shs,51
bd_shs,24
bd_shs,14
bd_shs,102
bd_shs,23
bd_shs,18
bd_shs,60
bd_shs,23
bd_shs,8
bd_shs,158
bd_shs,78
bd_shs,56
bd_shs,5
bd_shs,26
bd_shs,10
bd_shs,33
bd_shs,11
bd_shs,26
bd_shs,62
bd_shs,16
bd_shs,20
bd_shs,94
bd_shs,25
bd_shs,43
bd_shs,39
bd_shs,36
bd_shs,8
bd_shs,28
bd_shs,31
bd_shs,15
bd_shs,4
bd_shs,23
bd_shs,18
bd_shs,49
bd_shs,40
bd_shs,31
bd_shs,29
bd_shs,15
bd_shs,43
bd_shs,131
bd_shs,24
bd_shs,34
bd_shs,27
bd_shs,20
bd_shs,7
bd_shs,132
bd_shs,44
bd_shs,20
bd_shs,23
bd_shs,23
bd_shs,55
bd_shs,26
bd_shs,35
bd_shs,15
bd_shs,22
bd_shs,13
bd_shs,34
bd_shs,11
bd_shs,99
bd_shs,16
bd_shs,10
bd_shs,63
bd_shs,77
bd_shs,22
bd_shs,57
bd_shs,58
bd_shs,37
bd_shs,25
bd_shs,17
bd_shs,8
bd_shs,29
bd_shs,19
bd_shs,39
bd_shs,48
bd_shs,37
bd_shs,59
bd_shs,71
bd_shs,44
bd_shs,12
bd_shs,29
bd_shs,46
bd_shs,59
bd_shs,20
bd_shs,70
bd_shs,282
bd_shs,354
bd_shs,19
bd_shs,14
bd_shs,20
bd_shs,15
bd_shs,21
bd_shs,74
bd_shs,43
bd_shs,32
bd_shs,20
bd_shs,37
bd_shs,16
bd_shs,20
bd_shs,8
bd_shs,15
bd_shs,16
bd_shs,130
bd_shs,12
bd_shs,131
bd_shs,31
bd_shs,80
bd_shs,30
bd_shs,7
bd_shs,23
bd_shs,20
bd_shs,25
bd_shs,30
bd_shs,60
bd_shs,33
bd_shs,36
bd_shs,19
bd_shs,12
bd_shs,22
bd_shs,17
bd_shs,7
bd_shs,95
bd_shs,54
bd_shs,9
bd_shs,32
bd_shs,44
bd_shs,19
bd_shs,40
bd_shs,18
bd_shs,9
bd_shs,52
bd_shs,17
bd_shs,20
bd_shs,37
bd_shs,21
bd_shs,22
bd_shs,19
bd_shs,37
bd_shs,40
bd_shs,95
bd_shs,10
bd_shs,37
bd_shs,9
bd_shs,45
bd_shs,17
bd_shs,48
bd_shs,17
bd_shs,54
bd_shs,18
bd_shs,23
bd_shs,104
bd_shs,110
bd_shs,392
bd_shs,50
bd_shs,27
bd_shs,140
bd_shs,9
bd_shs,33
bd_shs,18
bd_shs,62
bd_shs,21
bd_shs,54
bd_shs,59
bd_shs,15
bd_shs,23
bd_shs,15
bd_shs,37
bd_shs,64
bd_shs,8
bd_shs,20
bd_shs,23
bd_shs,19
bd_shs,139
bd_shs,17
bd_shs,20
bd_shs,36
bd_shs,46
bd_shs,96
bd_shs,135
bd_shs,35
bd_shs,259
bd_shs,58
bd_shs,27
bd_shs,77
bd_shs,31
bd_shs,25
bd_shs,78
bd_shs,50
bd_shs,18
bd_shs,10
bd_shs,32
bd_shs,11
bd_shs,202
bd_shs,23
bd_shs,81
bd_shs,34
bd_shs,40
bd_shs,38
bd_shs,20
bd_shs,59
bd_shs,43
bd_shs,43
bd_shs,36
bd_shs,18
bd_shs,121
bd_shs,25
bd_shs,19
bd_shs,14
bd_shs,13
bd_shs,170
bd_shs,24
bd_shs,16
bd_shs,23
bd_shs,9
bd_shs,12
bd_shs,16
bd_shs,49
bd_shs,30
bd_shs,17
bd_shs,77
bd_shs,52
bd_shs,5
bd_shs,22
bd_shs,135
bd_shs,15
bd_shs,21
bd_shs,60
bd_shs,19
bd_shs,7
bd_shs,31
bd_shs,76
bd_shs,18
bd_shs,40
bd_shs,14
bd_shs,10
bd_shs,20
bd_shs,15
bd_shs,24
bd_shs,32
bd_shs,40
bd_shs,17
bd_shs,11
bd_shs,264
bd_shs,30
bd_shs,6
bd_shs,9
bd_shs,16
bd_shs,19
bd_shs,79
bd_shs,31
bd_shs,24
bd_shs,85
bd_shs,23
bd_shs,33
bd_shs,49
bd_shs,15
bd_shs,23
bd_shs,62
bd_shs,80
bd_shs,39
bd_shs,72
bd_shs,134
bd_shs,17
bd_shs,28
bd_shs,13
bd_shs,25
bd_shs,69
bd_shs,65
bd_shs,37
bd_shs,27
bd_shs,8
bd_shs,36
bd_shs,74
bd_shs,43
bd_shs,32
bd_shs,9
bd_shs,19
bd_shs,45
bd_shs,28
bd_shs,15
bd_shs,10
bd_shs,94
bd_shs,49
bd_shs,9
bd_shs,65
bd_shs,15
bd_shs,10
bd_shs,17
bd_shs,17
bd_shs,159
bd_shs,52
bd_shs,19
bd_shs,18
bd_shs,108
bd_shs,60
bd_shs,26
bd_shs,9
bd_shs,16
bd_shs,167
bd_shs,49
bd_shs,94
bd_shs,39
bd_shs,28
bd_shs,18
bd_shs,40
bd_shs,30
bd_shs,10
bd_shs,34
bd_shs,13
bd_shs,14
bd_shs,84
bd_shs,99
bd_shs,16
bd_shs,17
bd_shs,55
bd_shs,29
bd_shs,24
bd_shs,18
bd_shs,33
bd_shs,42
bd_shs,31
bd_shs,29
bd_shs,5
bd_shs,25
bd_shs,27
bd_shs,23
bd_shs,64
bd_shs,83
bd_shs,66
bd_shs,32
bd_shs,106
bd_shs,74
bd_shs,58
bd_shs,78
bd_shs,36
bd_shs,45
bd_shs,26
bd_shs,18
bd_shs,147
bd_shs,73
bd_shs,247
bd_shs,13
bd_shs,26
bd_shs,49
bd_shs,29
bd_shs,23
bd_shs,8
bd_shs,19
bd_shs,76
bd_shs,17
bd_shs,45
bd_shs,6
bd_shs,10
bd_shs,166
bd_shs,46
bd_shs,8
bd_shs,40
bd_shs,78
bd_shs,19
bd_shs,19
bd_shs,9
bd_shs,12
bd_shs,67
bd_shs,20
bd_shs,86
bd_shs,10
bd_shs,22
bd_shs,15
bd_shs,44
bd_shs,23
bd_shs,94
bd_shs,49
bd_shs,14
bd_shs,21
bd_shs,319
bd_shs,11
bd_shs,16
bd_shs,51
bd_shs,34
bd_shs,50
bd_shs,69
bd_shs,25
bd_shs,13
bd_shs,11
bd_shs,4
bd_shs,14
bd_shs,105
bd_shs,49
bd_shs,63
bd_shs,665
bd_shs,29
bd_shs,27
bd_shs,9
bd_shs,157
bd_shs,11
bd_shs,55
bd_shs,36
bd_shs,21
bd_shs,114
bd_shs,16
bd_shs,33
bd_shs,82
bd_shs,32
bd_shs,11
bd_shs,13
bd_shs,159
bd_shs,8
bd_shs,35
bd_shs,35
bd_shs,7
bd_shs,44
bd_shs,37
bd_shs,24
bd_shs,32
bd_shs,135
bd_shs,18
bd_shs,44
bd_shs,23
bd_shs,33
bd_shs,52
bd_shs,171
bd_shs,14
bd_shs,98
bd_shs,15
bd_shs,17
bd_shs,30
bd_shs,13
bd_shs,31
bd_shs,14
bd_shs,38
bd_shs,28
bd_shs,19
bd_shs,24
bd_shs,23
bd_shs,34
bd_shs,110
bd_shs,33
bd_shs,18
bd_shs,10
bd_shs,14
bd_shs,17
bd_shs,5
bd_shs,42
bd_shs,38
bd_shs,35
bd_shs,78
bd_shs,41
bd_shs,21
bd_shs,15
bd_shs,32
bd_shs,13
bd_shs,5
bd_shs,41
bd_shs,12
bd_shs,37
bd_shs,9
bd_shs,21
bd_shs,42
bd_shs,28
bd_shs,27
bd_shs,97
bd_shs,12
bd_shs,29
bd_shs,46
bd_shs,18
bd_shs,3
bd_shs,11
bd_shs,79
bd_shs,26
bd_shs,10
bd_shs,49
bd_shs,14
bd_shs,60
bd_shs,23
bd_shs,20
bd_shs,15
bd_shs,38
bd_shs,34
bd_shs,46
bd_shs,45
bd_shs,99
bd_shs,11
bd_shs,78
bd_shs,23
bd_shs,37
bd_shs,14
bd_shs,33
bd_shs,132
bd_shs,23
bd_shs,6
bd_shs,24
bd_shs,51
bd_shs,65
bd_shs,51
bd_shs,5
bd_shs,47
bd_shs,13
bd_shs,25
bd_shs,18
bd_shs,36
bd_shs,51
bd_shs,8
bd_shs,19
bd_shs,102
bd_shs,20
bd_shs,12
bd_shs,16
bd_shs,89
bd_shs,222
bd_shs,69
bd_shs,70
bd_shs,23
bd_shs,12
bd_shs,14
bd_shs,174
bd_shs,26
bd_shs,20
bd_shs,52
bd_shs,29
bd_shs,51
bd_shs,44
bd_shs,28
bd_shs,144
bd_shs,48
bd_shs,98
bd_shs,32
bd_shs,27
bd_shs,16
bd_shs,126
bd_shs,25
bd_shs,44
bd_shs,37
bd_shs,57
bd_shs,18
bd_shs,16
bd_shs,6
bd_shs,96
bd_shs,20
bd_shs,152
bd_shs,6
bd_shs,19
bd_shs,44
bd_shs,34
bd_shs,19
bd_shs,18
bd_shs,37
bd_shs,50
bd_shs,46
bd_shs,59
bd_shs,32
bd_shs,9
bd_shs,60
bd_shs,16
bd_shs,90
bd_shs,16
bd_shs,42
bd_shs,26
bd_shs,53
bd_shs,23
bd_shs,13
bd_shs,54
bd_shs,27
bd_shs,29
bd_shs,15
bd_shs,47
bd_shs,18
bd_shs,6
bd_shs,122
bd_shs,33
bd_shs,94
bd_shs,29
bd_shs,55
bd_shs,40
bd_shs,37
bd_shs,6
bd_shs,69
bd_shs,51
bd_shs,32
bd_shs,75
bd_shs,31
bd_shs,73
bd_shs,30
bd_shs,11
bd_shs,24
bd_shs,43
bd_shs,21
bd_shs,15
bd_shs,99
bd_shs,18
bd_shs,25
bd_shs,11
bd_shs,34
bd_shs,18
bd_shs,153
bd_shs,94
bd_shs,57
bd_shs,189
bd_shs,24
bd_shs,42
bd_shs,52
bd_shs,17
bd_shs,27
bd_shs,42
bd_shs,27
bd_shs,22
bd_shs,9
bd_shs,131
bd_shs,13
bd_shs,25
bd_shs,62
bd_shs,16
bd_shs,338
bd_shs,25
bd_shs,23
bd_shs,35
bd_shs,68
bd_shs,41
bd_shs,71
bd_shs,19
bd_shs,142
bd_shs,67
bd_shs,25
bd_shs,63
bd_shs,17
bd_shs,8
bd_shs,10
bd_shs,47
bd_shs,25
bd_shs,5
bd_shs,13
bd_shs,25
bd_shs,106
bd_shs,193
bd_shs,35
bd_shs,87
bd_shs,9
bd_shs,27
bd_shs,59
bd_shs,106
bd_shs,45
bd_shs,31
bd_shs,114
bd_shs,18
bd_shs,13
bd_shs,44
bd_shs,43
bd_shs,47
bd_shs,9
bd_shs,14
bd_shs,13
bd_shs,26
bd_shs,76
bd_shs,30
bd_shs,48
bd_shs,39
bd_shs,24
bd_shs,21
bd_shs,98
bd_shs,29
bd_shs,5
bd_shs,30
bd_shs,113
bd_shs,26
bd_shs,262
bd_shs,20
bd_shs,43
bd_shs,66
bd_shs,21
bd_shs,11
bd_shs,68
bd_shs,51
bd_shs,70
bd_shs,27
bd_shs,16
bd_shs,67
bd_shs,23
bd_shs,45
bd_shs,24
bd_shs,185
bd_shs,124
bd_shs,24
bd_shs,28
bd_shs,83
bd_shs,8
bd_shs,53
bd_shs,21
bd_shs,69
bd_shs,34
bd_shs,9
bd_shs,40
bd_shs,58
bd_shs,71
bd_shs,20
bd_shs,115
bd_shs,40
bd_shs,122
bd_shs,24
bd_shs,63
bd_shs,91
bd_shs,15
bd_shs,16
bd_shs,42
bd_shs,20
bd_shs,77
bd_shs,55
bd_shs,142
bd_shs,11
bd_shs,21
bd_shs,8
bd_shs,55
bd_shs,13
bd_shs,102
bd_shs,55
bd_shs,35
bd_shs,44
bd_shs,38
bd_shs,28
bd_shs,24
bd_shs,32
bd_shs,29
bd_shs,29
bd_shs,17
bd_shs,95
bd_shs,23
bd_shs,12
bd_shs,134
bd_shs,23
bd_shs,22
bd_shs,77
bd_shs,50
bd_shs,13
bd_shs,35
bd_shs,18
bd_shs,13
bd_shs,21
bd_shs,9
bd_shs,9
bd_shs,19
bd_shs,63
bd_shs,29
bd_shs,30
bd_shs,11
bd_shs,35
bd_shs,69
bd_shs,64
bd_shs,18
bd_shs,16
bd_shs,15
bd_shs,76
bd_shs,32
bd_shs,20
bd_shs,34
bd_shs,42
bd_shs,9
bd_shs,38
bd_shs,22
bd_shs,59
bd_shs,14
bd_shs,84
bd_shs,108
bd_shs,4
bd_shs,38
bd_shs,47
bd_shs,20
bd_shs,18
bd_shs,75
bd_shs,32
bd_shs,54
bd_shs,19
bd_shs,325
bd_shs,11
bd_shs,58
bd_shs,19
bd_shs,23
bd_shs,41
bd_shs,16
bd_shs,21
bd_shs,54
bd_shs,65
bd_shs,24
bd_shs,10
bd_shs,38
bd_shs,114
bd_shs,81
bd_shs,79
bd_shs,10
bd_shs,57
bd_shs,45
bd_shs,7
bd_shs,108
bd_shs,6
bd_shs,19
bd_shs,52
bd_shs,12
bd_shs,33
bd_shs,10
bd_shs,25
bd_shs,15
bd_shs,75
bd_shs,67
bd_shs,66
bd_shs,28
bd_shs,47
bd_shs,35
bd_shs,34
bd_shs,60
bd_shs,43
bd_shs,21
bd_shs,10
bd_shs,147
bd_shs,24
bd_shs,105
bd_shs,49
bd_shs,10
bd_shs,14
bd_shs,99
bd_shs,19
bd_shs,53
bd_shs,85
bd_shs,37
bd_shs,50
bd_shs,25
bd_shs,36
bd_shs,16
bd_shs,14
bd_shs,16
bd_shs,34
bd_shs,8
bd_shs,35
bd_shs,28
bd_shs,86
bd_shs,15
bd_shs,116
bd_shs,10
bd_shs,26
bd_shs,14
bd_shs,6
bd_shs,63
bd_shs,18
bd_shs,22
bd_shs,7
bd_shs,20
bd_shs,13
bd_shs,19
bd_shs,20
bd_shs,71
bd_shs,18
bd_shs,20
bd_shs,64
bd_shs,46
bd_shs,125
bd_shs,35
bd_shs,26
bd_shs,43
bd_shs,30
bd_shs,18
bd_shs,93
bd_shs,138
bd_shs,149
bd_shs,23
bd_shs,29
bd_shs,17
bd_shs,30
bd_shs,21
bd_shs,19
bd_shs,9
bd_shs,33
bd_shs,25
bd_shs,9
bd_shs,92
bd_shs,6
bd_shs,132
bd_shs,19
bd_shs,111
bd_shs,21
bd_shs,55
bd_shs,53
bd_shs,12
bd_shs,22
bd_shs,54
bd_shs,42
bd_shs,79
bd_shs,6
bd_shs,171
bd_shs,61
bd_shs,11
bd_shs,41
bd_shs,86
bd_shs,15
bd_shs,32
bd_shs,23
bd_shs,16
bd_shs,76
bd_shs,20
bd_shs,13
bd_shs,123
bd_shs,162
bd_shs,31
bd_shs,100
bd_shs,16
bd_shs,8
bd_shs,17
bd_shs,32
bd_shs,90
bd_shs,14
bd_shs,19
bd_shs,13
bd_shs,19
bd_shs,30
bd_shs,28
bd_shs,16
bd_shs,6
bd_shs,33
bd_shs,37
bd_shs,15
bd_shs,34
bd_shs,76
bd_shs,15
bd_shs,51
bd_shs,70
bd_shs,17
bd_shs,166
bd_shs,24
bd_shs,62
bd_shs,11
bd_shs,76
bd_shs,156
bd_shs,131
bd_shs,62
bd_shs,54
bd_shs,23
bd_shs,83
bd_shs,10
bd_shs,5
bd_shs,16
bd_shs,11
bd_shs,7
bd_shs,37
bd_shs,470
bd_shs,78
bd_shs,28
bd_shs,14
bd_shs,16
bd_shs,3
bd_shs,20
bd_shs,43
bd_shs,23
bd_shs,16
bd_shs,10
bd_shs,69
bd_shs,57
bd_shs,76
bd_shs,33
bd_shs,14
bd_shs,11
bd_shs,12
bd_shs,30
bd_shs,8
bd_shs,21
bd_shs,37
bd_shs,31
bd_shs,14
bd_shs,25
bd_shs,31
bd_shs,60
bd_shs,36
bd_shs,15
bd_shs,28
bd_shs,12
bd_shs,109
bd_shs,34
bd_shs,17
bd_shs,29
bd_shs,74
bd_shs,14
bd_shs,130
bd_shs,41
bd_shs,23
bd_shs,80
bd_shs,31
bd_shs,21
bd_shs,54
bd_shs,47
bd_shs,17
bd_shs,24
bd_shs,74
bd_shs,77
bd_shs,32
bd_shs,44
bd_shs,23
bd_shs,35
bd_shs,71
bd_shs,31
bd_shs,168
bd_shs,152
bd_shs,37
bd_shs,8
bd_shs,160
bd_shs,49
bd_shs,23
bd_shs,18
bd_shs,155
bd_shs,22
bd_shs,15
bd_shs,16
bd_shs,12
bd_shs,66
bd_shs,31
bd_shs,58
bd_shs,45
bd_shs,43
bd_shs,12
bd_shs,26
bd_shs,34
bd_shs,26
bd_shs,109
bd_shs,93
bd_shs,38
bd_shs,26
bd_shs,26
bd_shs,124
bd_shs,5
bd_shs,53
bd_shs,23
bd_shs,36
bd_shs,37
bd_shs,32
bd_shs,6
bd_shs,25
bd_shs,33
bd_shs,31
bd_shs,84
bd_shs,13
bd_shs,111
bd_shs,6
bd_shs,87
bd_shs,6
bd_shs,52
bd_shs,67
bd_shs,12
bd_shs,64
bd_shs,86
bd_shs,152
bd_shs,26
bd_shs,38
bd_shs,46
bd_shs,53
bd_shs,28
bd_shs,19
bd_shs,10
bd_shs,34
bd_shs,36
bd_shs,37
bd_shs,68
bd_shs,11
bd_shs,77
bd_shs,59
bd_shs,22
bd_shs,50
bd_shs,24
bd_shs,103
bd_shs,19
bd_shs,39
bd_shs,8
bd_shs,6
bd_shs,39
bd_shs,42
bd_shs,26
bd_shs,11
bd_shs,27
bd_shs,68
bd_shs,19
bd_shs,50
bd_shs,11
bd_shs,21
bd_shs,72
bd_shs,73
bd_shs,26
bd_shs,53
bd_shs,73
bd_shs,110
bd_shs,50
bd_shs,23
bd_shs,15
bd_shs,18
bd_shs,10
bd_shs,54
bd_shs,14
bd_shs,43
bd_shs,12
bd_shs,93
bd_shs,10
bd_shs,45
bd_shs,30
bd_shs,6
bd_shs,101
bd_shs,11
bd_shs,19
bd_shs,27
bd_shs,23
bd_shs,8
bd_shs,24
bd_shs,26
bd_shs,18
bd_shs,26
bd_shs,109
bd_shs,25
bd_shs,14
bd_shs,57
bd_shs,31
bd_shs,15
bd_shs,35
bd_shs,139
bd_shs,65
bd_shs,22
bd_shs,124
bd_shs,102
bd_shs,30
bd_shs,22
bd_shs,63
bd_shs,22
bd_shs,23
bd_shs,101
bd_shs,18
bd_shs,18
bd_shs,93
bd_shs,31
bd_shs,12
bd_shs,27
bd_shs,63
bd_shs,24
bd_shs,11
bd_shs,21
bd_shs,16
bd_shs,15
bd_shs,27
bd_shs,20
bd_shs,151
bd_shs,9
bd_shs,25
bd_shs,74
bd_shs,12
bd_shs,23
bd_shs,38
bd_shs,30
bd_shs,13
bd_shs,16
bd_shs,98
bd_shs,22
bd_shs,22
bd_shs,153
bd_shs,38
bd_shs,27
bd_shs,49
bd_shs,33
bd_shs,163
bd_shs,50
bd_shs,101
bd_shs,14
bd_shs,22
bd_shs,6
bd_shs,14
bd_shs,31
bd_shs,111
bd_shs,41
bd_shs,31
bd_shs,3
bd_shs,18
bd_shs,54
bd_shs,17
bd_shs,25
bd_shs,20
bd_shs,16
bd_shs,66
bd_shs,38
bd_shs,18
bd_shs,28
bd_shs,19
bd_shs,12
bd_shs,9
bd_shs,21
bd_shs,27
bd_shs,18
bd_shs,6
bd_shs,21
bd_shs,41
bd_shs,9
bd_shs,28
bd_shs,27
bd_shs,16
bd_shs,29
bd_shs,211
bd_shs,50
bd_shs,21
bd_shs,47
bd_shs,10
bd_shs,47
bd_shs,356
bd_shs,28
bd_shs,29
bd_shs,51
bd_shs,8
bd_shs,42
bd_shs,25
bd_shs,15
bd_shs,14
bd_shs,23
bd_shs,14
bd_shs,17
bd_shs,43
bd_shs,11
bd_shs,26
bd_shs,14
bd_shs,36
bd_shs,67
bd_shs,68
bd_shs,120
bd_shs,52
bd_shs,96
bd_shs,33
bd_shs,72
bd_shs,14
bd_shs,49
bd_shs,48
bd_shs,6
bd_shs,16
bd_shs,26
bd_shs,31
bd_shs,30
bd_shs,32
bd_shs,57
bd_shs,49
bd_shs,6
bd_shs,53
bd_shs,11
bd_shs,34
bd_shs,6
bd_shs,57
bd_shs,101
bd_shs,59
bd_shs,36
bd_shs,17
bd_shs,35
bd_shs,203
bd_shs,63
bd_shs,109
bd_shs,17
bd_shs,28
bd_shs,49
bd_shs,157
bd_shs,382
bd_shs,16
bd_shs,37
bd_shs,56
bd_shs,11
bd_shs,44
bd_shs,29
bd_shs,29
bd_shs,21
bd_shs,25
bd_shs,150
bd_shs,20
bd_shs,30
bd_shs,25
bd_shs,26
bd_shs,21
bd_shs,21
bd_shs,52
bd_shs,15
bd_shs,17
bd_shs,57
bd_shs,17
bd_shs,80
bd_shs,32
bd_shs,85
bd_shs,26
bd_shs,26
bd_shs,22
bd_shs,27
bd_shs,68
bd_shs,64
bd_shs,65
bd_shs,57
bd_shs,24
bd_shs,16
bd_shs,19
bd_shs,31
bd_shs,55
bd_shs,33
bd_shs,179
bd_shs,10
bd_shs,12
bd_shs,3
bd_shs,40
bd_shs,134
bd_shs,29
bd_shs,30
bd_shs,50
bd_shs,37
bd_shs,61
bd_shs,20
bd_shs,34
bd_shs,22
bd_shs,9
bd_shs,105
bd_shs,240
bd_shs,23
bd_shs,24
bd_shs,59
bd_shs,69
bd_shs,17
bd_shs,17
bd_shs,19
bd_shs,24
bd_shs,5
bd_shs,69
bd_shs,105
bd_shs,19
bd_shs,71
bd_shs,23
bd_shs,37
bd_shs,12
bd_shs,48
bd_shs,19
bd_shs,53
bd_shs,20
bd_shs,19
bd_shs,26
bd_shs,26
bd_shs,15
bd_shs,18
bd_shs,68
bd_shs,12
bd_shs,17
bd_shs,31
bd_shs,13
bd_shs,32
bd_shs,62
bd_shs,45
bd_shs,30
bd_shs,5
bd_shs,14
bd_shs,40
bd_shs,49
bd_shs,30
bd_shs,60
bd_shs,19
bd_shs,233
bd_shs,132
bd_shs,70
bd_shs,85
bd_shs,79
bd_shs,70
bd_shs,11
bd_shs,88
bd_shs,49
bd_shs,34
bd_shs,12
bd_shs,98
bd_shs,6
bd_shs,126
bd_shs,27
bd_shs,38
bd_shs,13
bd_shs,16
bd_shs,41
bd_shs,17
bd_shs,5
bd_shs,14
bd_shs,14
bd_shs,18
bd_shs,45
bd_shs,70
bd_shs,17
bd_shs,46
bd_shs,8
bd_shs,8
bd_shs,51
bd_shs,44
bd_shs,134
bd_shs,89
bd_shs,17
bd_shs,11
bd_shs,8
bd_shs,75
bd_shs,13
bd_shs,21
bd_shs,76
bd_shs,14
bd_shs,20
bd_shs,13
bd_shs,16
bd_shs,79
bd_shs,29
bd_shs,26
bd_shs,115
bd_shs,112
bd_shs,22
bd_shs,117
bd_shs,17
bd_shs,7
bd_shs,22
bd_shs,93
bd_shs,67
bd_shs,238
bd_shs,17
bd_shs,41
bd_shs,85
bd_shs,44
bd_shs,13
bd_shs,192
bd_shs,18
bd_shs,28
bd_shs,9
bd_shs,23
bd_shs,10
bd_shs,152
bd_shs,18
bd_shs,40
bd_shs,24
bd_shs,26
bd_shs,49
bd_shs,15
bd_shs,24
bd_shs,21
bd_shs,22
bd_shs,28
bd_shs,43
bd_shs,36
bd_shs,49
bd_shs,20
bd_shs,61
bd_shs,51
bd_shs,24
bd_shs,85
bd_shs,18
bd_shs,35
bd_shs,26
bd_shs,10
bd_shs,26
bd_shs,34
bd_shs,60
bd_shs,53
bd_shs,32
bd_shs,287
bd_shs,23
bd_shs,15
bd_shs,9
bd_shs,27
bd_shs,25
bd_shs,27
bd_shs,358
bd_shs,81
bd_shs,10
bd_shs,20
bd_shs,36
bd_shs,51
bd_shs,51
bd_shs,79
bd_shs,79
bd_shs,9
bd_shs,50
bd_shs,139
bd_shs,68
bd_shs,42
bd_shs,17
bd_shs,25
bd_shs,11
bd_shs,31
bd_shs,7
bd_shs,57
bd_shs,33
bd_shs,11
bd_shs,16
bd_shs,18
bd_shs,14
bd_shs,7
bd_shs,40
bd_shs,28
bd_shs,86
bd_shs,35
bd_shs,82
bd_shs,181
bd_shs,123
bd_shs,37
bd_shs,24
bd_shs,85
bd_shs,51
bd_shs,39
bd_shs,26
bd_shs,30
bd_shs,46
bd_shs,37
bd_shs,14
bd_shs,4
bd_shs,13
bd_shs,29
bd_shs,18
bd_shs,24
bd_shs,49
bd_shs,52
bd_shs,60
bd_shs,38
bd_shs,43
bd_shs,26
bd_shs,174
bd_shs,293
bd_shs,32
bd_shs,30
bd_shs,6
bd_shs,41
bd_shs,41
bd_shs,7
bd_shs,36
bd_shs,18
bd_shs,35
bd_shs,32
bd_shs,16
bd_shs,27
bd_shs,87
bd_shs,19
bd_shs,10
bd_shs,29
bd_shs,24
bd_shs,21
bd_shs,50
bd_shs,37
bd_shs,20
bd_shs,15
bd_shs,108
bd_shs,14
bd_shs,10
bd_shs,8
bd_shs,15
bd_shs,27
bd_shs,20
bd_shs,27
bd_shs,28
bd_shs,134
bd_shs,16
bd_shs,44
bd_shs,14
bd_shs,483
bd_shs,103
bd_shs,19
bd_shs,8
bd_shs,20
bd_shs,89
bd_shs,27
bd_shs,29
bd_shs,37
bd_shs,226
bd_shs,63
bd_shs,15
bd_shs,36
bd_shs,46
bd_shs,43
bd_shs,52
bd_shs,38
bd_shs,46
bd_shs,44
bd_shs,47
bd_shs,30
bd_shs,17
bd_shs,27
bd_shs,42
bd_shs,17
bd_shs,14
bd_shs,21
bd_shs,14
bd_shs,44
bd_shs,82
bd_shs,49
bd_shs,32
bd_shs,38
bd_shs,264
bd_shs,32
bd_shs,7
bd_shs,55
bd_shs,78
bd_shs,6
bd_shs,19
bd_shs,64
bd_shs,25
bd_shs,14
bd_shs,632
bd_shs,33
bd_shs,17
bd_shs,13
bd_shs,67
bd_shs,17
bd_shs,79
bd_shs,27
bd_shs,23
bd_shs,42
bd_shs,32
bd_shs,3
bd_shs,122
bd_shs,33
bd_shs,6
bd_shs,17
bd_shs,10
bd_shs,61
bd_shs,31
bd_shs,93
bd_shs,21
bd_shs,14
bd_shs,26
bd_shs,99
bd_shs,133
bd_shs,12
bd_shs,17
bd_shs,125
bd_shs,16
bd_shs,24
bd_shs,31
bd_shs,7
bd_shs,125
bd_shs,63
bd_shs,5
bd_shs,7
bd_shs,26
bd_shs,40
bd_shs,54
bd_shs,24
bd_shs,28
bd_shs,67
bd_shs,69
bd_shs,8
bd_shs,10
bd_shs,51
bd_shs,29
bd_shs,22
bd_shs,47
bd_shs,11
bd_shs,10
bd_shs,386
bd_shs,16
bd_shs,20
bd_shs,14
bd_shs,382
bd_shs,40
bd_shs,38
bd_shs,18
bd_shs,13
bd_shs,29
bd_shs,99
bd_shs,65
bd_shs,32
bd_shs,9
bd_shs,25
bd_shs,153
bd_shs,86
bd_shs,62
bd_shs,19
bd_shs,35
bd_shs,14
bd_shs,14
bd_shs,7
bd_shs,5
bd_shs,34
bd_shs,12
bd_shs,45
bd_shs,14
bd_shs,140
bd_shs,20
bd_shs,23
bd_shs,32
bd_shs,20
bd_shs,11
bd_shs,36
bd_shs,79
bd_shs,23
bd_shs,22
bd_shs,98
bd_shs,8
bd_shs,27
bd_shs,37
bd_shs,109
bd_shs,17
bd_shs,12
bd_shs,35
bd_shs,57
bd_shs,17
bd_shs,14
bd_shs,33
bd_shs,10
bd_shs,81
bd_shs,39
bd_shs,10
bd_shs,51
bd_shs,16
bd_shs,41
bd_shs,16
bd_shs,42
bd_shs,13
bd_shs,49
bd_shs,47
bd_shs,36
bd_shs,17
bd_shs,24
bd_shs,19
bd_shs,31
bd_shs,37
bd_shs,25
bd_shs,23
bd_shs,29
bd_shs,36
bd_shs,25
bd_shs,7
bd_shs,13
bd_shs,84
bd_shs,206
bd_shs,4
bd_shs,115
bd_shs,32
bd_shs,61
bd_shs,29
bd_shs,44
bd_shs,6
bd_shs,27
bd_shs,115
bd_shs,116
bd_shs,73
bd_shs,41
bd_shs,21
bd_shs,27
bd_shs,75
bd_shs,30
bd_shs,238
bd_shs,11
bd_shs,35
bd_shs,60
bd_shs,64
bd_shs,6
bd_shs,39
bd_shs,250
bd_shs,97
bd_shs,23
bd_shs,6
bd_shs,169
bd_shs,29
bd_shs,52
bd_shs,75
bd_shs,62
bd_shs,8
bd_shs,43
bd_shs,18
bd_shs,15
bd_shs,21
bd_shs,33
bd_shs,5
bd_shs,17
bd_shs,12
bd_shs,22
bd_shs,22
bd_shs,23
bd_shs,25
bd_shs,53
bd_shs,12
bd_shs,26
bd_shs,10
bd_shs,16
bd_shs,67
bd_shs,36
bd_shs,33
bd_shs,24
bd_shs,13
bd_shs,52
bd_shs,63
bd_shs,38
bd_shs,32
bd_shs,17
bd_shs,76
bd_shs,21
bd_shs,138
bd_shs,19
bd_shs,47
bd_shs,32
bd_shs,38
bd_shs,78
bd_shs,70
bd_shs,101
bd_shs,24
bd_shs,13
bd_shs,21
bd_shs,70
bd_shs,12
bd_shs,12
bd_shs,25
bd_shs,19
bd_shs,13
bd_shs,12
bd_shs,40
bd_shs,97
bd_shs,18
bd_shs,12
bd_shs,33
bd_shs,9
bd_shs,89
bd_shs,37
bd_shs,10
bd_shs,13
bd_shs,6
bd_shs,21
bd_shs,29
bd_shs,44
bd_shs,18
bd_shs,26
bd_shs,80
bd_shs,21
bd_shs,69
bd_shs,90
bd_shs,47
bd_shs,40
bd_shs,275
bd_shs,5
bd_shs,53
bd_shs,86
bd_shs,24
bd_shs,31
bd_shs,36
bd_shs,305
bd_shs,29
bd_shs,21
bd_shs,104
bd_shs,68
bd_shs,8
bd_shs,9
bd_shs,29
bd_shs,67
bd_shs,17
bd_shs,37
bd_shs,76
bd_shs,26
bd_shs,12
bd_shs,26
bd_shs,11
bd_shs,15
bd_shs,32
bd_shs,44
bd_shs,15
bd_shs,14
bd_shs,46
bd_shs,21
bd_shs,16
bd_shs,22
bd_shs,13
bd_shs,10
bd_shs,22
bd_shs,283
bd_shs,28
bd_shs,111
bd_shs,100
bd_shs,30
bd_shs,43
bd_shs,26
bd_shs,53
bd_shs,198
bd_shs,215
bd_shs,11
bd_shs,26
bd_shs,36
bd_shs,118
bd_shs,21
bd_shs,32
bd_shs,24
bd_shs,44
bd_shs,37
bd_shs,9
bd_shs,57
bd_shs,61
bd_shs,49
bd_shs,27
bd_shs,57
bd_shs,39
bd_shs,26
bd_shs,9
bd_shs,10
bd_shs,21
bd_shs,17
bd_shs,265
bd_shs,158
bd_shs,12
bd_shs,290
bd_shs,38
bd_shs,19
bd_shs,37
bd_shs,16
bd_shs,26
bd_shs,29
bd_shs,95
bd_shs,103
bd_shs,78
bd_shs,10
bd_shs,255
bd_shs,94
bd_shs,68
bd_shs,36
bd_shs,48
bd_shs,8
bd_shs,23
bd_shs,170
bd_shs,35
bd_shs,52
bd_shs,13
bd_shs,13
bd_shs,22
bd_shs,15
bd_shs,15
bd_shs,82
bd_shs,17
bd_shs,19
bd_shs,18
bd_shs,21
bd_shs,21
bd_shs,67
bd_shs,40
bd_shs,48
bd_shs,27
bd_shs,53
bd_shs,31
bd_shs,20
bd_shs,7
bd_shs,17
bd_shs,35
bd_shs,18
bd_shs,66
bd_shs,27
bd_shs,40
bd_shs,44
bd_shs,12
bd_shs,261
bd_shs,29
bd_shs,86
bd_shs,25
bd_shs,23
bd_shs,13
bd_shs,15
bd_shs,73
bd_shs,42
bd_shs,69
bd_shs,3
bd_shs,162
bd_shs,15
bd_shs,19
bd_shs,31
bd_shs,88
bd_shs,8
bd_shs,21
bd_shs,10
bd_shs,30
bd_shs,29
bd_shs,69
bd_shs,18
bd_shs,5
bd_shs,54
bd_shs,27
bd_shs,17
bd_shs,12
bd_shs,12
bd_shs,39
bd_shs,30
bd_shs,22
bd_shs,46
bd_shs,10
bd_shs,11
bd_shs,27
bd_shs,13
bd_shs,20
bd_shs,20
bd_shs,20
bd_shs,139
bd_shs,56
bd_shs,21
bd_shs,61
bd_shs,77
bd_shs,27
bd_shs,65
bd_shs,60
bd_shs,23
bd_shs,35
bd_shs,13
bd_shs,24
bd_shs,14
bd_shs,60
bd_shs,85
bd_shs,40
bd_shs,22
bd_shs,34
bd_shs,19
bd_shs,32
bd_shs,11
bd_shs,163
bd_shs,30
bd_shs,288
bd_shs,39
bd_shs,25
bd_shs,23
bd_shs,22
bd_shs,33
bd_shs,16
bd_shs,20
bd_shs,11
bd_shs,27
bd_shs,128
bd_shs,235
bd_shs,16
bd_shs,31
bd_shs,28
bd_shs,4
bd_shs,11
bd_shs,52
bd_shs,51
bd_shs,8
bd_shs,58
bd_shs,101
bd_shs,68
bd_shs,438
bd_shs,51
bd_shs,89
bd_shs,12
bd_shs,78
bd_shs,82
bd_shs,9
bd_shs,73
bd_shs,24
bd_shs,15
bd_shs,77
bd_shs,53
bd_shs,58
bd_shs,19
bd_shs,16
bd_shs,8
bd_shs,27
bd_shs,84
bd_shs,7
bd_shs,33
bd_shs,39
bd_shs,6
bd_shs,17
bd_shs,24
bd_shs,20
bd_shs,33
bd_shs,40
bd_shs,17
bd_shs,331
bd_shs,41
bd_shs,60
bd_shs,11
bd_shs,12
bd_shs,41
bd_shs,73
bd_shs,10
bd_shs,51
bd_shs,41
bd_shs,45
bd_shs,30
bd_shs,77
bd_shs,56
bd_shs,6
bd_shs,75
bd_shs,22
bd_shs,36
bd_shs,15
bd_shs,27
bd_shs,63
bd_shs,37
bd_shs,97
bd_shs,11
bd_shs,19
bd_shs,8
bd_shs,122
bd_shs,18
bd_shs,28
bd_shs,9
bd_shs,41
bd_shs,36
bd_shs,172
bd_shs,69
bd_shs,24
bd_shs,60
bd_shs,16
bd_shs,43
bd_shs,14
bd_shs,49
bd_shs,15
bd_shs,28
bd_shs,49
bd_shs,33
bd_shs,27
bd_shs,125
bd_shs,13
bd_shs,30
bd_shs,52
bd_shs,24
bd_shs,381
bd_shs,10
bd_shs,19
bd_shs,27
bd_shs,19
bd_shs,7
bd_shs,48
bd_shs,95
bd_shs,17
bd_shs,92
bd_shs,35
bd_shs,19
bd_shs,20
bd_shs,14
bd_shs,58
bd_shs,19
bd_shs,22
bd_shs,41
bd_shs,70
bd_shs,36
bd_shs,139
bd_shs,7
bd_shs,21
bd_shs,95
bd_shs,114
bd_shs,30
bd_shs,56
bd_shs,10
bd_shs,18
bd_shs,68
bd_shs,130
bd_shs,123
bd_shs,31
bd_shs,20
bd_shs,8
bd_shs,16
bd_shs,23
bd_shs,38
bd_shs,12
bd_shs,186
bd_shs,59
bd_shs,23
bd_shs,46
bd_shs,37
bd_shs,18
bd_shs,19
bd_shs,27
bd_shs,6
bd_shs,24
bd_shs,20
bd_shs,16
bd_shs,15
bd_shs,13
bd_shs,50
bd_shs,18
bd_shs,17
bd_shs,7
bd_shs,160
bd_shs,127
bd_shs,23
bd_shs,21
bd_shs,15
bd_shs,8
bd_shs,67
bd_shs,82
bd_shs,30
bd_shs,30
bd_shs,57
bd_shs,93
bd_shs,43
bd_shs,21
bd_shs,48
bd_shs,30
bd_shs,25
bd_shs,18
bd_shs,64
bd_shs,6
bd_shs,41
bd_shs,34
bd_shs,234
bd_shs,32
bd_shs,116
bd_shs,90
bd_shs,12
bd_shs,23
bd_shs,18
bd_shs,47
bd_shs,21
bd_shs,8
bd_shs,45
bd_shs,35
bd_shs,15
bd_shs,23
bd_shs,22
bd_shs,28
bd_shs,96
bd_shs,10
bd_shs,44
bd_shs,95
bd_shs,70
bd_shs,16
bd_shs,16
bd_shs,17
bd_shs,23
bd_shs,74
bd_shs,38
bd_shs,34
bd_shs,22
bd_shs,144
bd_shs,37
bd_shs,18
bd_shs,12
bd_shs,115
bd_shs,16
bd_shs,505
bd_shs,31
bd_shs,59
bd_shs,34
bd_shs,32
bd_shs,192
bd_shs,12
bd_shs,80
bd_shs,12
bd_shs,12
bd_shs,6
bd_shs,49
bd_shs,32
bd_shs,117
bd_shs,15
bd_shs,19
bd_shs,17
bd_shs,73
bd_shs,8
bd_shs,12
bd_shs,27
bd_shs,20
bd_shs,18
bd_shs,24
bd_shs,21
bd_shs,222
bd_shs,44
bd_shs,32
bd_shs,14
bd_shs,21
bd_shs,83
bd_shs,16
bd_shs,30
bd_shs,30
bd_shs,30
bd_shs,34
bd_shs,22
bd_shs,16
bd_shs,48
bd_shs,25
bd_shs,42
bd_shs,9
bd_shs,111
bd_shs,40
bd_shs,47
bd_shs,56
bd_shs,12
bd_shs,37
bd_shs,7
bd_shs,69
bd_shs,26
bd_shs,16
bd_shs,105
bd_shs,86
bd_shs,35
bd_shs,53
bd_shs,31
bd_shs,127
bd_shs,23
bd_shs,9
bd_shs,75
bd_shs,65
bd_shs,36
bd_shs,63
bd_shs,10
bd_shs,44
bd_shs,6
bd_shs,18
bd_shs,32
bd_shs,153
bd_shs,25
bd_shs,88
bd_shs,443
bd_shs,21
bd_shs,28
bd_shs,36
bd_shs,8
bd_shs,50
bd_shs,47
bd_shs,30
bd_shs,8
bd_shs,8
bd_shs,8
bd_shs,10
bd_shs,58
bd_shs,22
bd_shs,18
bd_shs,34
bd_shs,25
bd_shs,53
bd_shs,45
bd_shs,258
bd_shs,47
bd_shs,166
bd_shs,32
bd_shs,21
bd_shs,105
bd_shs,69
bd_shs,15
bd_shs,187
bd_shs,15
bd_shs,27
bd_shs,35
bd_shs,73
bd_shs,16
bd_shs,29
bd_shs,17
bd_shs,18
bd_shs,31
bd_shs,39
bd_shs,21
bd_shs,20
bd_shs,23
bd_shs,169
bd_shs,29
bd_shs,26
bd_shs,13
bd_shs,28
bd_shs,17
bd_shs,32
bd_shs,24
bd_shs,6
bd_shs,16
bd_shs,22
bd_shs,26
bd_shs,57
bd_shs,9
bd_shs,43
bd_shs,10
bd_shs,45
bd_shs,28
bd_shs,36
bd_shs,13
bd_shs,50
bd_shs,71
bd_shs,22
bd_shs,96
bd_shs,6
bd_shs,85
bd_shs,28
bd_shs,19
bd_shs,13
bd_shs,45
bd_shs,55
bd_shs,13
bd_shs,127
bd_shs,32
bd_shs,18
bd_shs,15
bd_shs,42
bd_shs,86
bd_shs,12
bd_shs,42
bd_shs,7
bd_shs,42
bd_shs,23
bd_shs,16
bd_shs,10
bd_shs,16
bd_shs,15
bd_shs,25
bd_shs,8
bd_shs,29
bd_shs,8
bd_shs,51
bd_shs,35
bd_shs,46
bd_shs,7
bd_shs,19
bd_shs,41
bd_shs,46
bd_shs,36
bd_shs,41
bd_shs,46
bd_shs,21
bd_shs,27
bd_shs,23
bd_shs,31
bd_shs,160
bd_shs,123
bd_shs,9
bd_shs,33
bd_shs,37
bd_shs,50
bd_shs,23
bd_shs,47
bd_shs,22
bd_shs,34
bd_shs,63
bd_shs,39
bd_shs,163
bd_shs,11
bd_shs,47
bd_shs,35
bd_shs,29
bd_shs,55
bd_shs,74
bd_shs,52
bd_shs,88
bd_shs,69
bd_shs,12
bd_shs,32
bd_shs,9
bd_shs,39
bd_shs,71
bd_shs,14
bd_shs,131
bd_shs,25
bd_shs,46
bd_shs,272
bd_shs,9
bd_shs,5
bd_shs,73
bd_shs,40
bd_shs,39
bd_shs,29
bd_shs,17
bd_shs,20
bd_shs,327
bd_shs,6
bd_shs,71
bd_shs,39
bd_shs,5
bd_shs,15
bd_shs,8
bd_shs,33
bd_shs,9
bd_shs,17
bd_shs,280
bd_shs,29
bd_shs,29
bd_shs,31
bd_shs,10
bd_shs,23
bd_shs,7
bd_shs,20
bd_shs,18
bd_shs,189
bd_shs,39
bd_shs,145
bd_shs,25
bd_shs,59
bd_shs,36
bd_shs,23
bd_shs,20
bd_shs,68
bd_shs,30
bd_shs,92
bd_shs,20
bd_shs,32
bd_shs,162
bd_shs,22
bd_shs,5
bd_shs,20
bd_shs,141
bd_shs,16
bd_shs,14
bd_shs,43
bd_shs,23
bd_shs,25
bd_shs,108
bd_shs,12
bd_shs,36
bd_shs,18
bd_shs,26
bd_shs,68
bd_shs,19
bd_shs,46
bd_shs,93
bd_shs,15
bd_shs,50
bd_shs,13
bd_shs,29
bd_shs,18
bd_shs,37
bd_shs,95
bd_shs,13
bd_shs,79
bd_shs,18
bd_shs,9
bd_shs,13
bd_shs,27
bd_shs,24
bd_shs,37
bd_shs,20
bd_shs,9
bd_shs,25
bd_shs,80
bd_shs,5
bd_shs,6
bd_shs,28
bd_shs,45
bd_shs,102
bd_shs,104
bd_shs,9
bd_shs,13
bd_shs,51
bd_shs,19
bd_shs,24
bd_shs,23
bd_shs,12
bd_shs,45
bd_shs,7
bd_shs,102
bd_shs,119
bd_shs,46
bd_shs,15
bd_shs,30
bd_shs,33
bd_shs,150
bd_shs,25
bd_shs,11
bd_shs,68
bd_shs,43
bd_shs,61
bd_shs,151
bd_shs,16
bd_shs,41
bd_shs,17
bd_shs,9
bd_shs,23
bd_shs,19
bd_shs,47
bd_shs,61
bd_shs,343
bd_shs,47
bd_shs,29
bd_shs,36
bd_shs,24
bd_shs,69
bd_shs,122
bd_shs,26
bd_shs,16
bd_shs,47
bd_shs,43
bd_shs,5
bd_shs,104
bd_shs,87
bd_shs,17
bd_shs,25
bd_shs,25
bd_shs,23
bd_shs,77
bd_shs,20
bd_shs,35
bd_shs,23
bd_shs,15
bd_shs,31
bd_shs,78
bd_shs,285
bd_shs,23
bd_shs,17
bd_shs,12
bd_shs,32
bd_shs,29
bd_shs,378
bd_shs,41
bd_shs,28
bd_shs,228
bd_shs,61
bd_shs,27
bd_shs,14
bd_shs,6
bd_shs,41
bd_shs,16
bd_shs,134
bd_shs,29
bd_shs,61
bd_shs,5
bd_shs,25
bd_shs,41
bd_shs,19
bd_shs,78
bd_shs,23
bd_shs,29
bd_shs,35
bd_shs,42
bd_shs,19
bd_shs,24
bd_shs,33
bd_shs,24
bd_shs,75
bd_shs,36
bd_shs,39
bd_shs,13
bd_shs,18
bd_shs,10
bd_shs,21
bd_shs,250
bd_shs,19
bd_shs,28
bd_shs,6
bd_shs,63
bd_shs,98
bd_shs,25
bd_shs,17
bd_shs,54
bd_shs,22
bd_shs,10
bd_shs,44
bd_shs,64
bd_shs,70
bd_shs,33
bd_shs,41
bd_shs,13
bd_shs,51
bd_shs,21
bd_shs,23
bd_shs,28
bd_shs,9
bd_shs,13
bd_shs,53
bd_shs,90
bd_shs,15
bd_shs,12
bd_shs,15
bd_shs,91
bd_shs,11
bd_shs,51
bd_shs,67
bd_shs,19
bd_shs,28
bd_shs,36
bd_shs,71
bd_shs,100
bd_shs,112
bd_shs,85
bd_shs,29
bd_shs,61
bd_shs,72
bd_shs,31
bd_shs,22
bd_shs,18
bd_shs,205
bd_shs,77
bd_shs,16
bd_shs,18
bd_shs,45
bd_shs,46
bd_shs,10
bd_shs,6
bd_shs,35
bd_shs,17
bd_shs,51
bd_shs,65
bd_shs,175
bd_shs,20
bd_shs,35
bd_shs,19
bd_shs,36
bd_shs,73
bd_shs,75
bd_shs,12
bd_shs,18
bd_shs,48
bd_shs,430
bd_shs,26
bd_shs,143
bd_shs,14
bd_shs,8
bd_shs,158
bd_shs,24
bd_shs,17
bd_shs,31
bd_shs,12
bd_shs,12
bd_shs,43
bd_shs,275
bd_shs,14
bd_shs,39
bd_shs,167
bd_shs,23
bd_shs,22
bd_shs,39
bd_shs,22
bd_shs,13
bd_shs,24
bd_shs,26
bd_shs,127
bd_shs,62
bd_shs,236
bd_shs,22
bd_shs,12
bd_shs,84
bd_shs,21
bd_shs,160
bd_shs,27
bd_shs,60
bd_shs,98
bd_shs,22
bd_shs,19
bd_shs,10
bd_shs,24
bd_shs,27
bd_shs,213
bd_shs,19
bd_shs,40
bd_shs,9
bd_shs,11
bd_shs,50
bd_shs,11
bd_shs,6
bd_shs,45
bd_shs,14
bd_shs,36
bd_shs,22
bd_shs,5
bd_shs,34
bd_shs,473
bd_shs,17
bd_shs,62
bd_shs,14
bd_shs,18
bd_shs,74
bd_shs,34
bd_shs,13
bd_shs,24
bd_shs,22
bd_shs,18
bd_shs,12
bd_shs,44
bd_shs,32
bd_shs,36
bd_shs,77
bd_shs,76
bd_shs,67
bd_shs,68
bd_shs,29
bd_shs,113
bd_shs,32
bd_shs,14
bd_shs,92
bd_shs,5
bd_shs,7
bd_shs,36
bd_shs,54
bd_shs,85
bd_shs,46
bd_shs,18
bd_shs,92
bd_shs,243
bd_shs,36
bd_shs,172
bd_shs,64
bd_shs,52
bd_shs,98
bd_shs,30
bd_shs,960
bd_shs,104
bd_shs,26
bd_shs,50
bd_shs,4
bd_shs,47
bd_shs,18
bd_shs,35
bd_shs,186
bd_shs,15
bd_shs,39
bd_shs,7
bd_shs,69
bd_shs,25
bd_shs,24
bd_shs,12
bd_shs,43
bd_shs,33
bd_shs,35
bd_shs,21
bd_shs,68
bd_shs,24
bd_shs,19
bd_shs,102
bd_shs,13
bd_shs,14
bd_shs,74
bd_shs,73
bd_shs,21
bd_shs,18
bd_shs,16
bd_shs,11
bd_shs,33
bd_shs,21
bd_shs,10
bd_shs,110
bd_shs,22
bd_shs,15
bd_shs,36
bd_shs,24
bd_shs,16
bd_shs,6
bd_shs,17
bd_shs,16
bd_shs,104
bd_shs,21
bd_shs,19
bd_shs,150
bd_shs,3
bd_shs,19
bd_shs,32
bd_shs,7
bd_shs,135
bd_shs,19
bd_shs,27
bd_shs,572
bd_shs,19
bd_shs,15
bd_shs,23
bd_shs,25
bd_shs,25
bd_shs,76
bd_shs,16
bd_shs,10
bd_shs,79
bd_shs,35
bd_shs,55
bd_shs,38
bd_shs,22
bd_shs,56
bd_shs,109
bd_shs,18
bd_shs,26
bd_shs,110
bd_shs,43
bd_shs,31
bd_shs,13
bd_shs,45
bd_shs,54
bd_shs,16
bd_shs,125
bd_shs,14
bd_shs,32
bd_shs,9
bd_shs,32
bd_shs,35
bd_shs,23
bd_shs,115
bd_shs,26
bd_shs,24
bd_shs,12
bd_shs,22
bd_shs,26
bd_shs,70
bd_shs,36
bd_shs,35
bd_shs,21
bd_shs,9
bd_shs,18
bd_shs,7
bd_shs,11
bd_shs,24
bd_shs,32
bd_shs,16
bd_shs,68
bd_shs,114
bd_shs,29
bd_shs,54
bd_shs,92
bd_shs,31
bd_shs,14
bd_shs,11
bd_shs,35
bd_shs,39
bd_shs,65
bd_shs,43
bd_shs,202
bd_shs,25
bd_shs,15
bd_shs,20
bd_shs,17
bd_shs,34
bd_shs,196
bd_shs,6
bd_shs,47
bd_shs,17
bd_shs,22
bd_shs,152
bd_shs,29
bd_shs,69
bd_shs,9
bd_shs,43
bd_shs,45
bd_shs,15
bd_shs,18
bd_shs,126
bd_shs,28
bd_shs,26
bd_shs,74
bd_shs,26
bd_shs,532
bd_shs,670
bd_shs,22
bd_shs,28
bd_shs,237
bd_shs,13
bd_shs,79
bd_shs,209
bd_shs,15
bd_shs,83
bd_shs,31
bd_shs,39
bd_shs,51
bd_shs,57
bd_shs,29
bd_shs,7
bd_shs,37
bd_shs,22
bd_shs,54
bd_shs,44
bd_shs,119
bd_shs,29
bd_shs,101
bd_shs,23
bd_shs,15
bd_shs,13
bd_shs,111
bd_shs,86
bd_shs,89
bd_shs,24
bd_shs,77
bd_shs,42
bd_shs,36
bd_shs,139
bd_shs,103
bd_shs,9
bd_shs,28
bd_shs,97
bd_shs,252
bd_shs,142
bd_shs,8
bd_shs,22
bd_shs,144
bd_shs,11
bd_shs,14
bd_shs,44
bd_shs,15
bd_shs,15
bd_shs,55
bd_shs,16
bd_shs,8
bd_shs,9
bd_shs,18
bd_shs,1038
bd_shs,32
bd_shs,66
bd_shs,4
bd_shs,18
bd_shs,21
bd_shs,12
bd_shs,35
bd_shs,19
bd_shs,47
bd_shs,58
bd_shs,29
bd_shs,3
bd_shs,24
bd_shs,14
bd_shs,145
bd_shs,103
bd_shs,33
bd_shs,32
bd_shs,26
bd_shs,26
bd_shs,17
bd_shs,114
bd_shs,378
bd_shs,25
bd_shs,16
bd_shs,8
bd_shs,32
bd_shs,46
bd_shs,66
bd_shs,19
bd_shs,27
bd_shs,65
bd_shs,11
bd_shs,5
bd_shs,73
bd_shs,26
bd_shs,54
bd_shs,56
bd_shs,28
bd_shs,18
bd_shs,11
bd_shs,12
bd_shs,61
bd_shs,36
bd_shs,355
bd_shs,26
bd_shs,73
bd_shs,53
bd_shs,27
bd_shs,23
bd_shs,25
bd_shs,30
bd_shs,37
bd_shs,121
bd_shs,42
bd_shs,24
bd_shs,43
bd_shs,166
bd_shs,14
bd_shs,15
bd_shs,69
bd_shs,120
bd_shs,78
bd_shs,169
bd_shs,15
bd_shs,7
bd_shs,13
bd_shs,21
bd_shs,52
bd_shs,58
bd_shs,47
bd_shs,24
bd_shs,30
bd_shs,21
bd_shs,78
bd_shs,12
bd_shs,13
bd_shs,18
bd_shs,45
bd_shs,10
bd_shs,46
bd_shs,76
bd_shs,79
bd_shs,55
bd_shs,34
bd_shs,18
bd_shs,11
bd_shs,45
bd_shs,14
bd_shs,58
bd_shs,21
bd_shs,34
bd_shs,242
bd_shs,135
bd_shs,24
bd_shs,23
bd_shs,926
bd_shs,9
bd_shs,11
bd_shs,16
bd_shs,11
bd_shs,20
bd_shs,34
bd_shs,41
bd_shs,131
bd_shs,45
bd_shs,58
bd_shs,135
bd_shs,114
bd_shs,30
bd_shs,168
bd_shs,20
bd_shs,24
bd_shs,19
bd_shs,25
bd_shs,128
bd_shs,52
bd_shs,16
bd_shs,62
bd_shs,12
bd_shs,22
bd_shs,10
bd_shs,7
bd_shs,10
bd_shs,36
bd_shs,17
bd_shs,49
bd_shs,53
bd_shs,46
bd_shs,46
bd_shs,9
bd_shs,226
bd_shs,120
bd_shs,104
bd_shs,17
bd_shs,13
bd_shs,11
bd_shs,69
bd_shs,119
bd_shs,43
bd_shs,45
bd_shs,41
bd_shs,26
bd_shs,143
bd_shs,26
bd_shs,8
bd_shs,3
bd_shs,48
bd_shs,12
bd_shs,107
bd_shs,11
bd_shs,13
bd_shs,89
bd_shs,3
bd_shs,81
bd_shs,11
bd_shs,68
bd_shs,18
bd_shs,10
bd_shs,87
bd_shs,23
bd_shs,16
bd_shs,32
bd_shs,109
bd_shs,10
bd_shs,38
bd_shs,20
bd_shs,27
bd_shs,16
bd_shs,45
bd_shs,7
bd_shs,92
bd_shs,40
bd_shs,46
bd_shs,62
bd_shs,41
bd_shs,21
bd_shs,13
bd_shs,18
bd_shs,20
bd_shs,66
bd_shs,46
bd_shs,68
bd_shs,10
bd_shs,48
bd_shs,20
bd_shs,22
bd_shs,13
bd_shs,19
bd_shs,13
bd_shs,24
bd_shs,10
bd_shs,14
bd_shs,9
bd_shs,21
bd_shs,56
bd_shs,83
bd_shs,51
bd_shs,112
bd_shs,38
bd_shs,24
bd_shs,190
bd_shs,16
bd_shs,61
bd_shs,36
bd_shs,31
bd_shs,77
bd_shs,19
bd_shs,14
bd_shs,48
bd_shs,33
bd_shs,78
bd_shs,61
bd_shs,104
bd_shs,32
bd_shs,84
bd_shs,11
bd_shs,42
bd_shs,9
bd_shs,25
bd_shs,20
bd_shs,81
bd_shs,23
bd_shs,260
bd_shs,13
bd_shs,37
bd_shs,46
bd_shs,25
bd_shs,75
bd_shs,63
bd_shs,36
bd_shs,32
bd_shs,17
bd_shs,11
bd_shs,23
bd_shs,24
bd_shs,22
bd_shs,23
bd_shs,19
bd_shs,16
bd_shs,48
bd_shs,35
bd_shs,10
bd_shs,19
bd_shs,47
bd_shs,31
bd_shs,33
bd_shs,54
bd_shs,109
bd_shs,45
bd_shs,6
bd_shs,109
bd_shs,42
bd_shs,21
bd_shs,17
bd_shs,45
bd_shs,28
bd_shs,10
bd_shs,41
bd_shs,19
bd_shs,39
bd_shs,45
bd_shs,25
bd_shs,24
bd_shs,15
bd_shs,9
bd_shs,38
bd_shs,89
bd_shs,6
bd_shs,15
bd_shs,38
bd_shs,93
bd_shs,84
bd_shs,38
bd_shs,20
bd_shs,27
bd_shs,11
bd_shs,26
bd_shs,30
bd_shs,81
bd_shs,30
bd_shs,37
bd_shs,51
bd_shs,173
bd_shs,15
bd_shs,13
bd_shs,7
bd_shs,62
bd_shs,57
bd_shs,46
bd_shs,26
bd_shs,12
bd_shs,70
bd_shs,72
bd_shs,27
bd_shs,22
bd_shs,41
bd_shs,21
bd_shs,13
bd_shs,33
bd_shs,25
bd_shs,36
bd_shs,23
bd_shs,27
bd_shs,14
bd_shs,25
bd_shs,23
bd_shs,76
bd_shs,169
bd_shs,31
bd_shs,18
bd_shs,12
bd_shs,47
bd_shs,51
bd_shs,21
bd_shs,24
bd_shs,22
bd_shs,25
bd_shs,23
bd_shs,60
bd_shs,10
bd_shs,36
bd_shs,114
bd_shs,19
bd_shs,17
bd_shs,13
bd_shs,11
bd_shs,65
bd_shs,30
bd_shs,16
bd_shs,77
bd_shs,59
bd_shs,31
bd_shs,17
bd_shs,23
bd_shs,21
bd_shs,71
bd_shs,109
bd_shs,28
bd_shs,55
bd_shs,140
bd_shs,17
bd_shs,13
bd_shs,23
bd_shs,177
bd_shs,11
bd_shs,70
bd_shs,36
bd_shs,5
bd_shs,22
bd_shs,104
bd_shs,16
bd_shs,42
bd_shs,11
bd_shs,100
bd_shs,20
bd_shs,64
bd_shs,25
bd_shs,91
bd_shs,67
bd_shs,32
bd_shs,9
bd_shs,11
bd_shs,62
bd_shs,178
bd_shs,45
bd_shs,165
bd_shs,10
bd_shs,16
bd_shs,42
bd_shs,75
bd_shs,80
bd_shs,33
bd_shs,9
bd_shs,11
bd_shs,14
bd_shs,37
bd_shs,22
bd_shs,19
bd_shs,40
bd_shs,250
bd_shs,63
bd_shs,6
bd_shs,28
bd_shs,47
bd_shs,35
bd_shs,87
bd_shs,19
bd_shs,13
bd_shs,13
bd_shs,17
bd_shs,26
bd_shs,90
bd_shs,158
bd_shs,9
bd_shs,86
bd_shs,21
bd_shs,29
bd_shs,9
bd_shs,41
bd_shs,13
bd_shs,159
bd_shs,42
bd_shs,176
bd_shs,47
bd_shs,9
bd_shs,9
bd_shs,114
bd_shs,57
bd_shs,19
bd_shs,147
bd_shs,108
bd_shs,33
bd_shs,21
bd_shs,22
bd_shs,75
bd_shs,38
bd_shs,14
bd_shs,145
bd_shs,21
bd_shs,63
bd_shs,26
bd_shs,26
bd_shs,78
bd_shs,17
bd_shs,196
bd_shs,16
bd_shs,93
bd_shs,32
bd_shs,147
bd_shs,16
bd_shs,62
bd_shs,16
bd_shs,6
bd_shs,97
bd_shs,72
bd_shs,9
bd_shs,71
bd_shs,35
bd_shs,39
bd_shs,64
bd_shs,399
bd_shs,34
bd_shs,55
bd_shs,14
bd_shs,37
bd_shs,19
bd_shs,21
bd_shs,33
bd_shs,17
bd_shs,34
bd_shs,49
bd_shs,92
bd_shs,16
bd_shs,361
bd_shs,184
bd_shs,366
bd_shs,65
bd_shs,42
bd_shs,88
bd_shs,52
bd_shs,37
bd_shs,48
bd_shs,22
bd_shs,20
bd_shs,687
bd_shs,507
bd_shs,53
bd_shs,138
bd_shs,16
bd_shs,12
bd_shs,64
bd_shs,51
bd_shs,12
bd_shs,8
bd_shs,42
bd_shs,21
bd_shs,40
bd_shs,7
bd_shs,99
bd_shs,26
bd_shs,24
bd_shs,43
bd_shs,32
bd_shs,426
bd_shs,10
bd_shs,36
bd_shs,8
bd_shs,42
bd_shs,27
bd_shs,33
bd_shs,54
bd_shs,16
bd_shs,11
bd_shs,17
bd_shs,15
bd_shs,18
bd_shs,29
bd_shs,33
bd_shs,99
bd_shs,166
bd_shs,26
bd_shs,14
bd_shs,30
bd_shs,20
bd_shs,12
bd_shs,48
bd_shs,76
bd_shs,20
bd_shs,40
bd_shs,41
bd_shs,15
bd_shs,19
bd_shs,5
bd_shs,27
bd_shs,25
bd_shs,125
bd_shs,70
bd_shs,7
bd_shs,64
bd_shs,10
bd_shs,152
bd_shs,23
bd_shs,140
bd_shs,7
bd_shs,10
bd_shs,76
bd_shs,19
bd_shs,16
bd_shs,170
bd_shs,23
bd_shs,25
bd_shs,26
bd_shs,381
bd_shs,9
bd_shs,75
bd_shs,276
bd_shs,17
bd_shs,13
bd_shs,19
bd_shs,36
bd_shs,20
bd_shs,21
bd_shs,19
bd_shs,168
bd_shs,57
bd_shs,25
bd_shs,10
bd_shs,4
bd_shs,16
bd_shs,100
bd_shs,21
bd_shs,28
bd_shs,7
bd_shs,19
bd_shs,15
bd_shs,32
bd_shs,47
bd_shs,14
bd_shs,13
bd_shs,14
bd_shs,51
bd_shs,51
bd_shs,49
bd_shs,98
bd_shs,45
bd_shs,38
bd_shs,46
bd_shs,9
bd_shs,68
bd_shs,16
bd_shs,25
bd_shs,89
bd_shs,28
bd_shs,60
bd_shs,41
bd_shs,6
bd_shs,18
bd_shs,74
bd_shs,10
bd_shs,19
bd_shs,18
bd_shs,20
bd_shs,44
bd_shs,35
bd_shs,71
bd_shs,79
bd_shs,37
bd_shs,69
bd_shs,9
bd_shs,29
bd_shs,42
bd_shs,31
bd_shs,71
bd_shs,43
bd_shs,11
bd_shs,15
bd_shs,42
bd_shs,78
bd_shs,13
bd_shs,36
bd_shs,86
bd_shs,20
bd_shs,39
bd_shs,25
bd_shs,49
bd_shs,24
bd_shs,13
bd_shs,218
bd_shs,159
bd_shs,211
bd_shs,99
bd_shs,177
bd_shs,14
bd_shs,42
bd_shs,89
bd_shs,32
bd_shs,18
bd_shs,23
bd_shs,33
bd_shs,35
bd_shs,54
bd_shs,67
bd_shs,18
bd_shs,31
bd_shs,18
bd_shs,72
bd_shs,42
bd_shs,21
bd_shs,21
bd_shs,23
bd_shs,24
bd_shs,42
bd_shs,38
bd_shs,15
bd_shs,135
bd_shs,15
bd_shs,47
bd_shs,6
bd_shs,66
bd_shs,26
bd_shs,16
bd_shs,8
bd_shs,12
bd_shs,27
bd_shs,70
bd_shs,32
bd_shs,39
bd_shs,16
bd_shs,33
bd_shs,45
bd_shs,23
bd_shs,41
bd_shs,8
bd_shs,53
bd_shs,12
bd_shs,19
bd_shs,24
bd_shs,89
bd_shs,11
bd_shs,56
bd_shs,48
bd_shs,38
bd_shs,29
bd_shs,55
bd_shs,73
bd_shs,8
bd_shs,44
bd_shs,48
bd_shs,13
bd_shs,263
bd_shs,23
bd_shs,372
bd_shs,36
bd_shs,40
bd_shs,25
bd_shs,27
bd_shs,16
bd_shs,33
bd_shs,44
bd_shs,21
bd_shs,15
bd_shs,26
bd_shs,48
bd_shs,32
bd_shs,49
bd_shs,23
bd_shs,49
bd_shs,10
bd_shs,7
bd_shs,5
bd_shs,47
bd_shs,22
bd_shs,14
bd_shs,22
bd_shs,90
bd_shs,18
bd_shs,80
bd_shs,9
bd_shs,128
bd_shs,64
bd_shs,22
bd_shs,31
bd_shs,35
bd_shs,25
bd_shs,18
bd_shs,21
bd_shs,38
bd_shs,13
bd_shs,21
bd_shs,23
bd_shs,24
bd_shs,12
bd_shs,22
bd_shs,29
bd_shs,7
bd_shs,6
bd_shs,34
bd_shs,49
bd_shs,38
bd_shs,18
bd_shs,40
bd_shs,12
bd_shs,13
bd_shs,35
bd_shs,58
bd_shs,6
bd_shs,15
bd_shs,25
bd_shs,11
bd_shs,31
bd_shs,84
bd_shs,17
bd_shs,32
bd_shs,33
bd_shs,96
bd_shs,15
bd_shs,30
bd_shs,13
bd_shs,22
bd_shs,34
bd_shs,59
bd_shs,44
bd_shs,24
bd_shs,16
bd_shs,223
bd_shs,26
bd_shs,16
bd_shs,18
bd_shs,12
bd_shs,24
bd_shs,20
bd_shs,18
bd_shs,20
bd_shs,77
bd_shs,62
bd_shs,48
bd_shs,81
bd_shs,58
bd_shs,44
bd_shs,11
bd_shs,17
bd_shs,93
bd_shs,241
bd_shs,240
bd_shs,17
bd_shs,160
bd_shs,30
bd_shs,29
bd_shs,25
bd_shs,14
bd_shs,39
bd_shs,23
bd_shs,15
bd_shs,22
bd_shs,24
bd_shs,77
bd_shs,40
bd_shs,114
bd_shs,41
bd_shs,35
bd_shs,55
bd_shs,9
bd_shs,41
bd_shs,64
bd_shs,40
bd_shs,16
bd_shs,64
bd_shs,77
bd_shs,128
bd_shs,39
bd_shs,29
bd_shs,40
bd_shs,11
bd_shs,23
bd_shs,126
bd_shs,31
bd_shs,72
bd_shs,19
bd_shs,43
bd_shs,78
bd_shs,38
bd_shs,55
bd_shs,91
bd_shs,10
bd_shs,132
bd_shs,19
bd_shs,9
bd_shs,21
bd_shs,15
bd_shs,24
bd_shs,22
bd_shs,82
bd_shs,52
bd_shs,9
bd_shs,24
bd_shs,13
bd_shs,41
bd_shs,24
bd_shs,19
bd_shs,32
bd_shs,14
bd_shs,45
bd_shs,35
bd_shs,80
bd_shs,24
bd_shs,146
bd_shs,44
bd_shs,7
bd_shs,19
bd_shs,38
bd_shs,30
bd_shs,8
bd_shs,22
bd_shs,16
bd_shs,27
bd_shs,300
bd_shs,152
bd_shs,75
bd_shs,10
bd_shs,19
bd_shs,47
bd_shs,43
bd_shs,30
bd_shs,29
bd_shs,49
bd_shs,55
bd_shs,50
bd_shs,6
bd_shs,11
bd_shs,129
bd_shs,27
bd_shs,28
bd_shs,117
bd_shs,80
bd_shs,38
bd_shs,22
bd_shs,53
bd_shs,13
bd_shs,9
bd_shs,24
bd_shs,22
bd_shs,14
bd_shs,13
bd_shs,10
bd_shs,23
bd_shs,123
bd_shs,44
bd_shs,98
bd_shs,56
bd_shs,27
bd_shs,97
bd_shs,13
bd_shs,247
bd_shs,56
bd_shs,16
bd_shs,24
bd_shs,80
bd_shs,45
bd_shs,40
bd_shs,23
bd_shs,42
bd_shs,23
bd_shs,26
bd_shs,13
bd_shs,11
bd_shs,25
bd_shs,18
bd_shs,65
bd_shs,24
bd_shs,35
bd_shs,13
bd_shs,5
bd_shs,11
bd_shs,38
bd_shs,25
bd_shs,25
bd_shs,40
bd_shs,47
bd_shs,41
bd_shs,12
bd_shs,48
bd_shs,12
bd_shs,91
bd_shs,17
bd_shs,10
bd_shs,173
bd_shs,69
bd_shs,27
bd_shs,135
bd_shs,9
bd_shs,63
bd_shs,47
bd_shs,15
bd_shs,17
bd_shs,21
bd_shs,60
bd_shs,12
bd_shs,28
bd_shs,17
bd_shs,101
bd_shs,29
bd_shs,24
bd_shs,85
bd_shs,26
bd_shs,38
bd_shs,62
bd_shs,35
bd_shs,30
bd_shs,20
bd_shs,114
bd_shs,13
bd_shs,16
bd_shs,23
bd_shs,142
bd_shs,462
bd_shs,7
bd_shs,35
bd_shs,25
bd_shs,12
bd_shs,25
bd_shs,11
bd_shs,76
bd_shs,39
bd_shs,26
bd_shs,23
bd_shs,9
bd_shs,106
bd_shs,9
bd_shs,13
bd_shs,74
bd_shs,14
bd_shs,54
bd_shs,10
bd_shs,927
bd_shs,33
bd_shs,31
bd_shs,25
bd_shs,48
bd_shs,27
bd_shs,52
bd_shs,71
bd_shs,51
bd_shs,549
bd_shs,90
bd_shs,25
bd_shs,54
bd_shs,24
bd_shs,14
bd_shs,34
bd_shs,174
bd_shs,24
bd_shs,100
bd_shs,26
bd_shs,50
bd_shs,3
bd_shs,52
bd_shs,18
bd_shs,97
bd_shs,51
bd_shs,8
bd_shs,5
bd_shs,54
bd_shs,31
bd_shs,53
bd_shs,24
bd_shs,9
bd_shs,71
bd_shs,121
bd_shs,11
bd_shs,45
bd_shs,16
bd_shs,38
bd_shs,18
bd_shs,22
bd_shs,32
bd_shs,14
bd_shs,78
bd_shs,26
bd_shs,18
bd_shs,4
bd_shs,104
bd_shs,49
bd_shs,50
bd_shs,13
bd_shs,56
bd_shs,9
bd_shs,238
bd_shs,8
bd_shs,11
bd_shs,31
bd_shs,26
bd_shs,40
bd_shs,23
bd_shs,23
bd_shs,70
bd_shs,13
bd_shs,46
bd_shs,3
bd_shs,10
bd_shs,26
bd_shs,6
bd_shs,17
bd_shs,17
bd_shs,12
bd_shs,58
bd_shs,59
bd_shs,41
bd_shs,17
bd_shs,20
bd_shs,46
bd_shs,25
bd_shs,15
bd_shs,208
bd_shs,74
bd_shs,26
bd_shs,13
bd_shs,44
bd_shs,24
bd_shs,14
bd_shs,11
bd_shs,11
bd_shs,32
bd_shs,53
bd_shs,63
bd_shs,36
bd_shs,23
bd_shs,17
bd_shs,32
bd_shs,17
bd_shs,22
bd_shs,18
bd_shs,11
bd_shs,19
bd_shs,25
bd_shs,14
bd_shs,32
bd_shs,75
bd_shs,16
bd_shs,144
bd_shs,179
bd_shs,23
bd_shs,35
bd_shs,95
bd_shs,53
bd_shs,34
bd_shs,22
bd_shs,15
bd_shs,70
bd_shs,52
bd_shs,25
bd_shs,43
bd_shs,14
bd_shs,25
bd_shs,32
bd_shs,109
bd_shs,46
bd_shs,11
bd_shs,39
bd_shs,19
bd_shs,72
bd_shs,7
bd_shs,36
bd_shs,16
bd_shs,103
bd_shs,26
bd_shs,6
bd_shs,40
bd_shs,88
bd_shs,171
bd_shs,53
bd_shs,52
bd_shs,26
bd_shs,12
bd_shs,33
bd_shs,7
bd_shs,116
bd_shs,42
bd_shs,14
bd_shs,7
bd_shs,21
bd_shs,89
bd_shs,534
bd_shs,52
bd_shs,34
bd_shs,3
bd_shs,46
bd_shs,76
bd_shs,8
bd_shs,51
bd_shs,13
bd_shs,41
bd_shs,83
bd_shs,14
bd_shs,45
bd_shs,77
bd_shs,13
bd_shs,7
bd_shs,12
bd_shs,15
bd_shs,112
bd_shs,62
bd_shs,12
bd_shs,8
bd_shs,4
bd_shs,27
bd_shs,23
bd_shs,15
bd_shs,12
bd_shs,13
bd_shs,44
bd_shs,15
bd_shs,44
bd_shs,36
bd_shs,33
bd_shs,145
bd_shs,62
bd_shs,441
bd_shs,11
bd_shs,48
bd_shs,80
bd_shs,26
bd_shs,50
bd_shs,42
bd_shs,689
bd_shs,22
bd_shs,128
bd_shs,6
bd_shs,22
bd_shs,8
bd_shs,14
bd_shs,15
bd_shs,15
bd_shs,34
bd_shs,44
bd_shs,68
bd_shs,53
bd_shs,34
bd_shs,20
bd_shs,17
bd_shs,23
bd_shs,109
bd_shs,13
bd_shs,5
bd_shs,81
bd_shs,45
bd_shs,46
bd_shs,44
bd_shs,22
bd_shs,29
bd_shs,28
bd_shs,17
bd_shs,16
bd_shs,89
bd_shs,15
bd_shs,59
bd_shs,11
bd_shs,25
bd_shs,121
bd_shs,6
bd_shs,11
bd_shs,17
bd_shs,4
bd_shs,44
bd_shs,16
bd_shs,492
bd_shs,7
bd_shs,40
bd_shs,17
bd_shs,19
bd_shs,16
bd_shs,50
bd_shs,31
bd_shs,45
bd_shs,17
bd_shs,43
bd_shs,78
bd_shs,22
bd_shs,23
bd_shs,38
bd_shs,86
bd_shs,12
bd_shs,52
bd_shs,36
bd_shs,16
bd_shs,71
bd_shs,255
bd_shs,22
bd_shs,23
bd_shs,12
bd_shs,152
bd_shs,23
bd_shs,8
bd_shs,35
bd_shs,42
bd_shs,13
bd_shs,46
bd_shs,95
bd_shs,111
bd_shs,11
bd_shs,23
bd_shs,57
bd_shs,42
bd_shs,262
bd_shs,29
bd_shs,192
bd_shs,27
bd_shs,27
bd_shs,58
bd_shs,18
bd_shs,106
bd_shs,40
bd_shs,14
bd_shs,17
bd_shs,38
bd_shs,77
bd_shs,9
bd_shs,28
bd_shs,51
bd_shs,38
bd_shs,42
bd_shs,57
bd_shs,17
bd_shs,20
bd_shs,243
bd_shs,42
bd_shs,41
bd_shs,42
bd_shs,13
bd_shs,130
bd_shs,8
bd_shs,19
bd_shs,23
bd_shs,31
bd_shs,43
bd_shs,48
bd_shs,65
bd_shs,214
bd_shs,17
bd_shs,44
bd_shs,12
bd_shs,7
bd_shs,27
bd_shs,74
bd_shs,659
bd_shs,22
bd_shs,20
bd_shs,57
bd_shs,10
bd_shs,47
bd_shs,198
bd_shs,35
bd_shs,389
bd_shs,26
bd_shs,27
bd_shs,20
bd_shs,42
bd_shs,52
bd_shs,88
bd_shs,25
bd_shs,12
bd_shs,10
bd_shs,10
bd_shs,27
bd_shs,44
bd_shs,44
bd_shs,62
bd_shs,28
bd_shs,22
bd_shs,10
bd_shs,13
bd_shs,67
bd_shs,46
bd_shs,3
bd_shs,36
bd_shs,24
bd_shs,39
bd_shs,27
bd_shs,17
bd_shs,71
bd_shs,40
bd_shs,66
bd_shs,44
bd_shs,52
bd_shs,21
bd_shs,26
bd_shs,37
bd_shs,138
bd_shs,37
bd_shs,23
bd_shs,20
bd_shs,9
bd_shs,9
bd_shs,16
bd_shs,11
bd_shs,51
bd_shs,14
bd_shs,76
bd_shs,20
bd_shs,85
bd_shs,174
bd_shs,23
bd_shs,25
bd_shs,78
bd_shs,19
bd_shs,147
bd_shs,51
bd_shs,23
bd_shs,12
bd_shs,10
bd_shs,22
bd_shs,34
bd_shs,54
bd_shs,25
bd_shs,26
bd_shs,18
bd_shs,9
bd_shs,22
bd_shs,30
bd_shs,16
bd_shs,23
bd_shs,43
bd_shs,108
bd_shs,194
bd_shs,12
bd_shs,6
bd_shs,12
bd_shs,20
bd_shs,17
bd_shs,24
bd_shs,18
bd_shs,52
bd_shs,7
bd_shs,23
bd_shs,282
bd_shs,12
bd_shs,105
bd_shs,152
bd_shs,28
bd_shs,93
bd_shs,102
bd_shs,3
bd_shs,18
bd_shs,33
bd_shs,10
bd_shs,59
bd_shs,72
bd_shs,103
bd_shs,44
bd_shs,9
bd_shs,16
bd_shs,18
bd_shs,84
bd_shs,34
bd_shs,27
bd_shs,24
bd_shs,15
bd_shs,19
bd_shs,37
bd_shs,15
bd_shs,11
bd_shs,28
bd_shs,31
bd_shs,32
bd_shs,89
bd_shs,13
bd_shs,38
bd_shs,54
bd_shs,148
bd_shs,28
bd_shs,155
bd_shs,52
bd_shs,28
bd_shs,7
bd_shs,15
bd_shs,12
bd_shs,33
bd_shs,130
bd_shs,19
bd_shs,136
bd_shs,18
bd_shs,12
bd_shs,14
bd_shs,78
bd_shs,8
bd_shs,47
bd_shs,128
bd_shs,47
bd_shs,31
bd_shs,45
bd_shs,19
bd_shs,31
bd_shs,32
bd_shs,141
bd_shs,19
bd_shs,6
bd_shs,17
bd_shs,13
bd_shs,33
bd_shs,57
bd_shs,84
bd_shs,38
bd_shs,171
bd_shs,15
bd_shs,9
bd_shs,29
bd_shs,25
bd_shs,8
bd_shs,67
bd_shs,19
bd_shs,20
bd_shs,35
bd_shs,81
bd_shs,30
bd_shs,123
bd_shs,31
bd_shs,32
bd_shs,148
bd_shs,20
bd_shs,41
bd_shs,26
bd_shs,22
bd_shs,23
bd_shs,29
bd_shs,72
bd_shs,62
bd_shs,68
bd_shs,170
bd_shs,11
bd_shs,17
bd_shs,27
bd_shs,18
bd_shs,22
bd_shs,23
bd_shs,27
bd_shs,13
bd_shs,22
bd_shs,21
bd_shs,104
bd_shs,212
bd_shs,33
bd_shs,51
bd_shs,12
bd_shs,7
bd_shs,101
bd_shs,10
bd_shs,98
bd_shs,74
bd_shs,25
bd_shs,35
bd_shs,8
bd_shs,49
bd_shs,198
bd_shs,28
bd_shs,9
bd_shs,143
bd_shs,22
bd_shs,31
bd_shs,30
bd_shs,14
bd_shs,20
bd_shs,19
bd_shs,55
bd_shs,29
bd_shs,4
bd_shs,126
bd_shs,19
bd_shs,69
bd_shs,22
bd_shs,198
bd_shs,189
bd_shs,35
bd_shs,71
bd_shs,54
bd_shs,33
bd_shs,79
bd_shs,17
bd_shs,18
bd_shs,97
bd_shs,43
bd_shs,18
bd_shs,23
bd_shs,30
bd_shs,95
bd_shs,48
bd_shs,38
bd_shs,107
bd_shs,36
bd_shs,32
bd_shs,61
bd_shs,64
bd_shs,54
bd_shs,23
bd_shs,40
bd_shs,31
bd_shs,32
bd_shs,34
bd_shs,51
bd_shs,79
bd_shs,11
bd_shs,212
bd_shs,9
bd_shs,44
bd_shs,9
bd_shs,35
bd_shs,55
bd_shs,17
bd_shs,27
bd_shs,60
bd_shs,7
bd_shs,43
bd_shs,43
bd_shs,18
bd_shs,104
bd_shs,24
bd_shs,17
bd_shs,15
bd_shs,111
bd_shs,15
bd_shs,22
bd_shs,20
bd_shs,52
bd_shs,31
bd_shs,26
bd_shs,17
bd_shs,21
bd_shs,38
bd_shs,13
bd_shs,22
bd_shs,14
bd_shs,3
bd_shs,110
bd_shs,38
bd_shs,22
bd_shs,33
bd_shs,26
bd_shs,116
bd_shs,48
bd_shs,48
bd_shs,23
bd_shs,9
bd_shs,148
bd_shs,27
bd_shs,97
bd_shs,52
bd_shs,25
bd_shs,28
bd_shs,42
bd_shs,20
bd_shs,59
bd_shs,12
bd_shs,10
bd_shs,46
bd_shs,47
bd_shs,93
bd_shs,26
bd_shs,28
bd_shs,13
bd_shs,38
bd_shs,12
bd_shs,26
bd_shs,14
bd_shs,17
bd_shs,31
bd_shs,44
bd_shs,14
bd_shs,11
bd_shs,8
bd_shs,50
bd_shs,68
bd_shs,51
bd_shs,34
bd_shs,228
bd_shs,10
bd_shs,15
bd_shs,61
bd_shs,6
bd_shs,43
bd_shs,15
bd_shs,36
bd_shs,60
bd_shs,32
bd_shs,17
bd_shs,45
bd_shs,18
bd_shs,32
bd_shs,127
bd_shs,50
bd_shs,13
bd_shs,22
bd_shs,35
bd_shs,11
bd_shs,159
bd_shs,75
bd_shs,14
bd_shs,15
bd_shs,24
bd_shs,204
bd_shs,88
bd_shs,18
bd_shs,47
bd_shs,30
bd_shs,10
bd_shs,23
bd_shs,11
bd_shs,32
bd_shs,359
bd_shs,62
bd_shs,47
bd_shs,10
bd_shs,46
bd_shs,46
bd_shs,14
bd_shs,232
bd_shs,112
bd_shs,27
bd_shs,203
bd_shs,16
bd_shs,49
bd_shs,6
bd_shs,18
bd_shs,19
bd_shs,65
bd_shs,10
bd_shs,22
bd_shs,16
bd_shs,39
bd_shs,53
bd_shs,61
bd_shs,45
bd_shs,86
bd_shs,49
bd_shs,140
bd_shs,83
bd_shs,97
bd_shs,14
bd_shs,72
bd_shs,55
bd_shs,979
bd_shs,74
bd_shs,27
bd_shs,45
bd_shs,27
bd_shs,23
bd_shs,8
bd_shs,51
bd_shs,78
bd_shs,36
bd_shs,73
bd_shs,49
bd_shs,81
bd_shs,24
bd_shs,22
bd_shs,12
bd_shs,46
bd_shs,16
bd_shs,41
bd_shs,15
bd_shs,24
bd_shs,12
bd_shs,15
bd_shs,22
bd_shs,23
bd_shs,56
bd_shs,10
bd_shs,61
bd_shs,42
bd_shs,12
bd_shs,70
bd_shs,39
bd_shs,29
bd_shs,56
bd_shs,20
bd_shs,25
bd_shs,40
bd_shs,5
bd_shs,26
bd_shs,24
bd_shs,61
bd_shs,25
bd_shs,15
bd_shs,36
bd_shs,8
bd_shs,20
bd_shs,26
bd_shs,7
bd_shs,20
bd_shs,62
bd_shs,70
bd_shs,63
bd_shs,47
bd_shs,24
bd_shs,20
bd_shs,54
bd_shs,46
bd_shs,101
bd_shs,32
bd_shs,50
bd_shs,8
bd_shs,35
bd_shs,24
bd_shs,28
bd_shs,18
bd_shs,25
bd_shs,98
bd_shs,16
bd_shs,18
bd_shs,106
bd_shs,22
bd_shs,20
bd_shs,13
bd_shs,22
bd_shs,32
bd_shs,22
bd_shs,38
bd_shs,40
bd_shs,45
bd_shs,16
bd_shs,12
bd_shs,68
bd_shs,30
bd_shs,21
bd_shs,6
bd_shs,9
bd_shs,15
bd_shs,27
bd_shs,11
bd_shs,61
bd_shs,19
bd_shs,17
bd_shs,33
bd_shs,44
bd_shs,164
bd_shs,64
bd_shs,29
bd_shs,19
bd_shs,18
bd_shs,69
bd_shs,133
bd_shs,12
bd_shs,12
bd_shs,7
bd_shs,12
bd_shs,59
bd_shs,56
bd_shs,9
bd_shs,34
bd_shs,16
bd_shs,30
bd_shs,38
bd_shs,30
bd_shs,115
bd_shs,33
bd_shs,53
bd_shs,34
bd_shs,14
bd_shs,54
bd_shs,42
bd_shs,32
bd_shs,119
bd_shs,60
bd_shs,30
bd_shs,36
bd_shs,23
bd_shs,55
bd_shs,83
bd_shs,15
bd_shs,20
bd_shs,21
bd_shs,55
bd_shs,51
bd_shs,36
bd_shs,85
bd_shs,23
bd_shs,43
bd_shs,40
bd_shs,18
bd_shs,107
bd_shs,5
bd_shs,19
bd_shs,12
bd_shs,14
bd_shs,22
bd_shs,12
bd_shs,18
bd_shs,20
bd_shs,64
bd_shs,73
bd_shs,28
bd_shs,13
bd_shs,21
bd_shs,12
bd_shs,47
bd_shs,34
bd_shs,12
bd_shs,83
bd_shs,51
bd_shs,47
bd_shs,90
bd_shs,83
bd_shs,8
bd_shs,88
bd_shs,42
bd_shs,7
bd_shs,48
bd_shs,6
bd_shs,19
bd_shs,35
bd_shs,23
bd_shs,24
bd_shs,11
bd_shs,59
bd_shs,18
bd_shs,18
bd_shs,7
bd_shs,22
bd_shs,19
bd_shs,44
bd_shs,10
bd_shs,31
bd_shs,19
bd_shs,53
bd_shs,28
bd_shs,7
bd_shs,158
bd_shs,33
bd_shs,36
bd_shs,25
bd_shs,16
bd_shs,37
bd_shs,53
bd_shs,7
bd_shs,185
bd_shs,100
bd_shs,43
bd_shs,94
bd_shs,85
bd_shs,40
bd_shs,20
bd_shs,21
bd_shs,24
bd_shs,10
bd_shs,33
bd_shs,19
bd_shs,14
bd_shs,18
bd_shs,9
bd_shs,83
bd_shs,13
bd_shs,55
bd_shs,121
bd_shs,16
bd_shs,6
bd_shs,16
bd_shs,34
bd_shs,14
bd_shs,13
bd_shs,50
bd_shs,16
bd_shs,39
bd_shs,13
bd_shs,21
bd_shs,120
bd_shs,44
bd_shs,37
bd_shs,47
bd_shs,17
bd_shs,35
bd_shs,38
bd_shs,67
bd_shs,62
bd_shs,23
bd_shs,171
bd_shs,8
bd_shs,19
bd_shs,43
bd_shs,73
bd_shs,21
bd_shs,19
bd_shs,8
bd_shs,35
bd_shs,152
bd_shs,8
bd_shs,55
bd_shs,21
bd_shs,33
bd_shs,56
bd_shs,28
bd_shs,39
bd_shs,7
bd_shs,66
bd_shs,62
bd_shs,57
bd_shs,13
bd_shs,22
bd_shs,9
bd_shs,5
bd_shs,48
bd_shs,14
bd_shs,28
bd_shs,180
bd_shs,14
bd_shs,22
bd_shs,18
bd_shs,9
bd_shs,28
bd_shs,52
bd_shs,44
bd_shs,20
bd_shs,35
bd_shs,13
bd_shs,11
bd_shs,77
bd_shs,27
bd_shs,9
bd_shs,5
bd_shs,43
bd_shs,18
bd_shs,88
bd_shs,64
bd_shs,103
bd_shs,3
bd_shs,24
bd_shs,5
bd_shs,13
bd_shs,17
bd_shs,13
bd_shs,76
bd_shs,45
bd_shs,57
bd_shs,112
bd_shs,52
bd_shs,16
bd_shs,13
bd_shs,5
bd_shs,30
bd_shs,37
bd_shs,27
bd_shs,11
bd_shs,36
bd_shs,15
bd_shs,30
bd_shs,21
bd_shs,11
bd_shs,57
bd_shs,11
bd_shs,7
bd_shs,6
bd_shs,64
bd_shs,16
bd_shs,3
bd_shs,22
bd_shs,38
bd_shs,10
bd_shs,120
bd_shs,30
bd_shs,13
bd_shs,76
bd_shs,25
bd_shs,20
bd_shs,15
bd_shs,139
bd_shs,11
bd_shs,17
bd_shs,211
bd_shs,43
bd_shs,18
bd_shs,48
bd_shs,56
bd_shs,3
bd_shs,84
bd_shs,7
bd_shs,17
bd_shs,11
bd_shs,15
bd_shs,74
bd_shs,15
bd_shs,180
bd_shs,27
bd_shs,521
bd_shs,38
bd_shs,31
bd_shs,13
bd_shs,54
bd_shs,38
bd_shs,20
bd_shs,34
bd_shs,15
bd_shs,16
bd_shs,18
bd_shs,96
bd_shs,79
bd_shs,95
bd_shs,29
bd_shs,20
bd_shs,402
bd_shs,71
bd_shs,77
bd_shs,53
bd_shs,19
bd_shs,18
bd_shs,8
bd_shs,84
bd_shs,9
bd_shs,27
bd_shs,156
bd_shs,16
bd_shs,28
bd_shs,20
bd_shs,48
bd_shs,8
bd_shs,53
bd_shs,137
bd_shs,40
bd_shs,54
bd_shs,10
bd_shs,37
bd_shs,46
bd_shs,112
bd_shs,17
bd_shs,16
bd_shs,93
bd_shs,43
bd_shs,46
bd_shs,58
bd_shs,20
bd_shs,8
bd_shs,148
bd_shs,18
bd_shs,43
bd_shs,22
bd_shs,21
bd_shs,8
bd_shs,39
bd_shs,43
bd_shs,23
bd_shs,15
bd_shs,5
bd_shs,36
bd_shs,21
bd_shs,54
bd_shs,41
bd_shs,81
bd_shs,30
bd_shs,42
bd_shs,23
bd_shs,14
bd_shs,19
bd_shs,19
bd_shs,49
bd_shs,38
bd_shs,36
bd_shs,7
bd_shs,27
bd_shs,6
bd_shs,20
bd_shs,17
bd_shs,103
bd_shs,10
bd_shs,5
bd_shs,90
bd_shs,18
bd_shs,22
bd_shs,34
bd_shs,34
bd_shs,12
bd_shs,49
bd_shs,37
bd_shs,11
bd_shs,31
bd_shs,148
bd_shs,24
bd_shs,11
bd_shs,122
bd_shs,52
bd_shs,5
bd_shs,30
bd_shs,34
bd_shs,57
bd_shs,19
bd_shs,33
bd_shs,11
bd_shs,19
bd_shs,9
bd_shs,35
bd_shs,27
bd_shs,13
bd_shs,32
bd_shs,176
bd_shs,34
bd_shs,50
bd_shs,13
bd_shs,9
bd_shs,32
bd_shs,48
bd_shs,13
bd_shs,376
bd_shs,45
bd_shs,63
bd_shs,20
bd_shs,5
bd_shs,27
bd_shs,19
bd_shs,29
bd_shs,49
bd_shs,29
bd_shs,19
bd_shs,148
bd_shs,21
bd_shs,18
bd_shs,65
bd_shs,366
bd_shs,45
bd_shs,22
bd_shs,47
bd_shs,23
bd_shs,95
bd_shs,65
bd_shs,30
bd_shs,40
bd_shs,14
bd_shs,74
bd_shs,13
bd_shs,32
bd_shs,84
bd_shs,16
bd_shs,21
bd_shs,55
bd_shs,11
bd_shs,45
bd_shs,9
bd_shs,114
bd_shs,67
bd_shs,48
bd_shs,6
bd_shs,21
bd_shs,13
bd_shs,14
bd_shs,42
bd_shs,14
bd_shs,20
bd_shs,58
bd_shs,31
bd_shs,18
bd_shs,43
bd_shs,71
bd_shs,21
bd_shs,68
bd_shs,23
bd_shs,24
bd_shs,306
bd_shs,38
bd_shs,31
bd_shs,23
bd_shs,174
bd_shs,90
bd_shs,60
bd_shs,47
bd_shs,18
bd_shs,24
bd_shs,69
bd_shs,14
bd_shs,14
bd_shs,36
bd_shs,58
bd_shs,73
bd_shs,15
bd_shs,11
bd_shs,35
bd_shs,4
bd_shs,14
bd_shs,28
bd_shs,79
bd_shs,79
bd_shs,1265
bd_shs,43
bd_shs,21
bd_shs,53
bd_shs,20
bd_shs,18
bd_shs,34
bd_shs,6
bd_shs,12
bd_shs,28
bd_shs,114
bd_shs,24
bd_shs,28
bd_shs,12
bd_shs,23
bd_shs,71
bd_shs,207
bd_shs,42
bd_shs,11
bd_shs,21
bd_shs,37
bd_shs,17
bd_shs,189
bd_shs,11
bd_shs,81
bd_shs,58
bd_shs,204
bd_shs,11
bd_shs,64
bd_shs,18
bd_shs,80
bd_shs,180
bd_shs,35
bd_shs,30
bd_shs,51
bd_shs,28
bd_shs,40
bd_shs,81
bd_shs,6
bd_shs,42
bd_shs,65
bd_shs,19
bd_shs,87
bd_shs,125
bd_shs,19
bd_shs,93
bd_shs,26
bd_shs,88
bd_shs,38
bd_shs,13
bd_shs,11
bd_shs,9
bd_shs,27
bd_shs,32
bd_shs,402
bd_shs,37
bd_shs,116
bd_shs,42
bd_shs,24
bd_shs,42
bd_shs,30
bd_shs,140
bd_shs,21
bd_shs,34
bd_shs,43
bd_shs,28
bd_shs,69
bd_shs,47
bd_shs,33
bd_shs,22
bd_shs,20
bd_shs,31
bd_shs,25
bd_shs,50
bd_shs,49
bd_shs,137
bd_shs,53
bd_shs,21
bd_shs,21
bd_shs,56
bd_shs,117
bd_shs,10
bd_shs,25
bd_shs,29
bd_shs,13
bd_shs,110
bd_shs,32
bd_shs,29
bd_shs,47
bd_shs,16
bd_shs,112
bd_shs,38
bd_shs,86
bd_shs,15
bd_shs,135
bd_shs,22
bd_shs,25
bd_shs,42
bd_shs,17
bd_shs,12
bd_shs,469
bd_shs,162
bd_shs,19
bd_shs,15
bd_shs,202
bd_shs,55
bd_shs,66
bd_shs,19
bd_shs,16
bd_shs,50
bd_shs,55
bd_shs,12
bd_shs,65
bd_shs,37
bd_shs,42
bd_shs,185
bd_shs,23
bd_shs,27
bd_shs,138
bd_shs,24
bd_shs,31
bd_shs,32
bd_shs,51
bd_shs,259
bd_shs,43
bd_shs,26
bd_shs,43
bd_shs,11
bd_shs,10
bd_shs,84
bd_shs,10
bd_shs,12
bd_shs,75
bd_shs,63
bd_shs,13
bd_shs,29
bd_shs,123
bd_shs,23
bd_shs,28
bd_shs,8
bd_shs,82
bd_shs,54
bd_shs,21
bd_shs,77
bd_shs,25
bd_shs,14
bd_shs,19
bd_shs,44
bd_shs,42
bd_shs,18
bd_shs,22
bd_shs,39
bd_shs,20
bd_shs,10
bd_shs,45
bd_shs,17
bd_shs,13
bd_shs,32
bd_shs,66
bd_shs,25
bd_shs,19
bd_shs,9
bd_shs,21
bd_shs,53
bd_shs,70
bd_shs,34
bd_shs,51
bd_shs,107
bd_shs,88
bd_shs,263
bd_shs,23
bd_shs,85
bd_shs,35
bd_shs,73
bd_shs,34
bd_shs,20
bd_shs,26
bd_shs,69
bd_shs,3
bd_shs,31
bd_shs,144
bd_shs,37
bd_shs,60
bd_shs,11
bd_shs,19
bd_shs,36
bd_shs,95
bd_shs,58
bd_shs,98
bd_shs,28
bd_shs,59
bd_shs,29
bd_shs,42
bd_shs,8
bd_shs,25
bd_shs,48
bd_shs,87
bd_shs,35
bd_shs,27
bd_shs,36
bd_shs,75
bd_shs,197
bd_shs,102
bd_shs,4
bd_shs,37
bd_shs,94
bd_shs,35
bd_shs,45
bd_shs,47
bd_shs,25
bd_shs,12
bd_shs,37
bd_shs,26
bd_shs,53
bd_shs,42
bd_shs,34
bd_shs,91
bd_shs,81
bd_shs,38
bd_shs,126
bd_shs,55
bd_shs,89
bd_shs,34
bd_shs,27
bd_shs,14
bd_shs,11
bd_shs,10
bd_shs,4
bd_shs,76
bd_shs,5
bd_shs,33
bd_shs,64
bd_shs,46
bd_shs,28
bd_shs,23
bd_shs,42
bd_shs,230
bd_shs,51
bd_shs,57
bd_shs,23
bd_shs,81
bd_shs,46
bd_shs,24
bd_shs,265
bd_shs,308
bd_shs,13
bd_shs,45
bd_shs,8
bd_shs,87
bd_shs,9
bd_shs,20
bd_shs,19
bd_shs,21
bd_shs,12
bd_shs,20
bd_shs,42
bd_shs,10
bd_shs,14
bd_shs,33
bd_shs,34
bd_shs,35
bd_shs,67
bd_shs,23
bd_shs,21
bd_shs,239
bd_shs,66
bd_shs,118
bd_shs,54
bd_shs,115
bd_shs,40
bd_shs,9
bd_shs,20
bd_shs,70
bd_shs,26
bd_shs,123
bd_shs,25
bd_shs,30
bd_shs,16
bd_shs,44
bd_shs,41
bd_shs,199
bd_shs,24
bd_shs,13
bd_shs,44
bd_shs,23
bd_shs,26
bd_shs,45
bd_shs,10
bd_shs,241
bd_shs,12
bd_shs,39
bd_shs,63
bd_shs,43
bd_shs,25
bd_shs,79
bd_shs,26
bd_shs,126
bd_shs,30
bd_shs,69
bd_shs,10
bd_shs,55
bd_shs,14
bd_shs,22
bd_shs,15
bd_shs,10
bd_shs,68
bd_shs,75
bd_shs,20
bd_shs,158
bd_shs,101
bd_shs,32
bd_shs,92
bd_shs,25
bd_shs,49
bd_shs,88
bd_shs,70
bd_shs,41
bd_shs,442
bd_shs,39
bd_shs,48
bd_shs,3
bd_shs,89
bd_shs,21
bd_shs,29
bd_shs,22
bd_shs,62
bd_shs,16
bd_shs,9
bd_shs,33
bd_shs,36
bd_shs,8
bd_shs,27
bd_shs,102
bd_shs,36
bd_shs,38
bd_shs,41
bd_shs,50
bd_shs,37
bd_shs,42
bd_shs,49
bd_shs,35
bd_shs,11
bd_shs,36
bd_shs,182
bd_shs,48
bd_shs,13
bd_shs,48
bd_shs,93
bd_shs,16
bd_shs,11
bd_shs,6
bd_shs,27
bd_shs,25
bd_shs,95
bd_shs,23
bd_shs,32
bd_shs,36
bd_shs,42
bd_shs,71
bd_shs,25
bd_shs,81
bd_shs,13
bd_shs,11
bd_shs,12
bd_shs,38
bd_shs,20
bd_shs,14
bd_shs,26
bd_shs,58
bd_shs,24
bd_shs,8
bd_shs,12
bd_shs,33
bd_shs,37
bd_shs,48
bd_shs,39
bd_shs,15
bd_shs,27
bd_shs,54
bd_shs,13
bd_shs,21
bd_shs,24
bd_shs,22
bd_shs,30
bd_shs,71
bd_shs,24
bd_shs,27
bd_shs,84
bd_shs,48
bd_shs,30
bd_shs,19
bd_shs,36
bd_shs,15
bd_shs,28
bd_shs,82
bd_shs,50
bd_shs,61
bd_shs,81
bd_shs,68
bd_shs,33
bd_shs,16
bd_shs,21
bd_shs,30
bd_shs,29
bd_shs,28
bd_shs,27
bd_shs,131
bd_shs,122
bd_shs,23
bd_shs,10
bd_shs,5
bd_shs,29
bd_shs,56
bd_shs,249
bd_shs,34
bd_shs,6
bd_shs,56
bd_shs,13
bd_shs,40
bd_shs,42
bd_shs,82
bd_shs,26
bd_shs,20
bd_shs,31
bd_shs,60
bd_shs,25
bd_shs,29
bd_shs,25
bd_shs,21
bd_shs,6
bd_shs,36
bd_shs,44
bd_shs,11
bd_shs,11
bd_shs,89
bd_shs,119
bd_shs,87
bd_shs,9
bd_shs,22
bd_shs,23
bd_shs,55
bd_shs,12
bd_shs,41
bd_shs,69
bd_shs,16
bd_shs,23
bd_shs,15
bd_shs,20
bd_shs,25
bd_shs,10
bd_shs,45
bd_shs,33
bd_shs,63
bd_shs,87
bd_shs,9
bd_shs,123
bd_shs,6
bd_shs,31
bd_shs,31
bd_shs,49
bd_shs,36
bd_shs,41
bd_shs,14
bd_shs,106
bd_shs,54
bd_shs,15
bd_shs,7
bd_shs,36
bd_shs,21
bd_shs,22
bd_shs,29
bd_shs,37
bd_shs,12
bd_shs,25
bd_shs,16
bd_shs,10
bd_shs,16
bd_shs,44
bd_shs,5
bd_shs,28
bd_shs,106
bd_shs,70
bd_shs,6
bd_shs,14
bd_shs,16
bd_shs,39
bd_shs,92
bd_shs,17
bd_shs,75
bd_shs,11
bd_shs,12
bd_shs,23
bd_shs,46
bd_shs,152
bd_shs,16
bd_shs,25
bd_shs,30
bd_shs,3
bd_shs,37
bd_shs,40
bd_shs,26
bd_shs,14
bd_shs,47
bd_shs,11
bd_shs,113
bd_shs,30
bd_shs,67
bd_shs,50
bd_shs,10
bd_shs,100
bd_shs,39
bd_shs,36
bd_shs,13
bd_shs,35
bd_shs,31
bd_shs,37
bd_shs,6
bd_shs,16
bd_shs,17
bd_shs,62
bd_shs,7
bd_shs,29
bd_shs,9
bd_shs,19
bd_shs,41
bd_shs,27
bd_shs,14
bd_shs,18
bd_shs,46
bd_shs,157
bd_shs,23
bd_shs,11
bd_shs,185
bd_shs,18
bd_shs,20
bd_shs,72
bd_shs,17
bd_shs,15
bd_shs,23
bd_shs,10
bd_shs,61
bd_shs,24
bd_shs,20
bd_shs,12
bd_shs,21
bd_shs,41
bd_shs,22
bd_shs,12
bd_shs,5
bd_shs,16
bd_shs,13
bd_shs,26
bd_shs,37
bd_shs,23
bd_shs,19
bd_shs,12
bd_shs,55
bd_shs,20
bd_shs,105
bd_shs,47
bd_shs,56
bd_shs,92
bd_shs,12
bd_shs,21
bd_shs,19
bd_shs,98
bd_shs,22
bd_shs,14
bd_shs,12
bd_shs,10
bd_shs,38
bd_shs,57
bd_shs,70
bd_shs,16
bd_shs,28
bd_shs,21
bd_shs,32
bd_shs,48
bd_shs,22
bd_shs,8
bd_shs,30
bd_shs,25
bd_shs,14
bd_shs,624
bd_shs,24
bd_shs,27
bd_shs,79
bd_shs,34
bd_shs,14
bd_shs,9
bd_shs,42
bd_shs,34
bd_shs,36
bd_shs,11
bd_shs,13
bd_shs,66
bd_shs,65
bd_shs,18
bd_shs,20
bd_shs,37
bd_shs,31
bd_shs,26
bd_shs,6
bd_shs,29
bd_shs,63
bd_shs,9
bd_shs,16
bd_shs,87
bd_shs,20
bd_shs,55
bd_shs,251
bd_shs,43
bd_shs,32
bd_shs,33
bd_shs,22
bd_shs,23
bd_shs,30
bd_shs,33
bd_shs,26
bd_shs,39
bd_shs,29
bd_shs,13
bd_shs,30
bd_shs,21
bd_shs,47
bd_shs,98
bd_shs,16
bd_shs,41
bd_shs,18
bd_shs,43
bd_shs,19
bd_shs,24
bd_shs,32
bd_shs,13
bd_shs,30
bd_shs,39
bd_shs,20
bd_shs,35
bd_shs,87
bd_shs,35
bd_shs,20
bd_shs,22
bd_shs,35
bd_shs,138
bd_shs,20
bd_shs,81
bd_shs,8
bd_shs,16
bd_shs,115
bd_shs,25
bd_shs,20
bd_shs,18
bd_shs,3
bd_shs,23
bd_shs,21
bd_shs,11
bd_shs,39
bd_shs,15
bd_shs,44
bd_shs,30
bd_shs,31
bd_shs,22
bd_shs,128
bd_shs,88
bd_shs,30
bd_shs,29
bd_shs,57
bd_shs,33
bd_shs,12
bd_shs,99
bd_shs,27
bd_shs,16
bd_shs,15
bd_shs,42
bd_shs,27
bd_shs,23
bd_shs,55
bd_shs,11
bd_shs,23
bd_shs,52
bd_shs,74
bd_shs,40
bd_shs,39
bd_shs,56
bd_shs,84
bd_shs,219
bd_shs,22
bd_shs,27
bd_shs,20
bd_shs,46
bd_shs,40
bd_shs,15
bd_shs,40
bd_shs,8
bd_shs,17
bd_shs,130
bd_shs,41
bd_shs,32
bd_shs,22
bd_shs,79
bd_shs,22
bd_shs,17
bd_shs,12
bd_shs,18
bd_shs,84
bd_shs,4
bd_shs,10
bd_shs,58
bd_shs,24
bd_shs,15
bd_shs,34
bd_shs,114
bd_shs,48
bd_shs,49
bd_shs,44
bd_shs,9
bd_shs,23
bd_shs,11
bd_shs,103
bd_shs,26
bd_shs,10
bd_shs,50
bd_shs,14
bd_shs,39
bd_shs,38
bd_shs,59
bd_shs,14
bd_shs,23
bd_shs,57
bd_shs,39
bd_shs,67
bd_shs,132
bd_shs,27
bd_shs,17
bd_shs,11
bd_shs,62
bd_shs,31
bd_shs,138
bd_shs,72
bd_shs,41
bd_shs,5
bd_shs,23
bd_shs,35
bd_shs,39
bd_shs,67
bd_shs,116
bd_shs,22
bd_shs,17
bd_shs,38
bd_shs,49
bd_shs,17
bd_shs,39
bd_shs,18
bd_shs,15
bd_shs,82
bd_shs,18
bd_shs,31
bd_shs,41
bd_shs,21
bd_shs,440
bd_shs,32
bd_shs,25
bd_shs,52
bd_shs,12
bd_shs,12
bd_shs,12
bd_shs,23
bd_shs,46
bd_shs,20
bd_shs,23
bd_shs,39
bd_shs,15
bd_shs,33
bd_shs,33
bd_shs,30
bd_shs,22
bd_shs,21
bd_shs,38
bd_shs,13
bd_shs,16
bd_shs,40
bd_shs,65
bd_shs,25
bd_shs,15
bd_shs,98
bd_shs,78
bd_shs,14
bd_shs,24
bd_shs,33
bd_shs,16
bd_shs,32
bd_shs,16
bd_shs,22
bd_shs,18
bd_shs,101
bd_shs,98
bd_shs,29
bd_shs,17
bd_shs,38
bd_shs,31
bd_shs,51
bd_shs,16
bd_shs,6
bd_shs,60
bd_shs,49
bd_shs,10
bd_shs,15
bd_shs,48
bd_shs,23
bd_shs,4
bd_shs,12
bd_shs,38
bd_shs,14
bd_shs,15
bd_shs,10
bd_shs,24
bd_shs,91
bd_shs,9
bd_shs,38
bd_shs,96
bd_shs,11
bd_shs,14
bd_shs,13
bd_shs,38
bd_shs,19
bd_shs,66
bd_shs,14
bd_shs,58
bd_shs,121
bd_shs,11
bd_shs,7
bd_shs,25
bd_shs,1473
bd_shs,105
bd_shs,30
bd_shs,21
bd_shs,64
bd_shs,10
bd_shs,39
bd_shs,93
bd_shs,53
bd_shs,14
bd_shs,12
bd_shs,10
bd_shs,28
bd_shs,21
bd_shs,18
bd_shs,36
bd_shs,19
bd_shs,53
bd_shs,139
bd_shs,15
bd_shs,13
bd_shs,38
bd_shs,53
bd_shs,77
bd_shs,71
bd_shs,14
bd_shs,20
bd_shs,23
bd_shs,445
bd_shs,44
bd_shs,52
bd_shs,67
bd_shs,140
bd_shs,61
bd_shs,12
bd_shs,82
bd_shs,17
bd_shs,16
bd_shs,50
bd_shs,35
bd_shs,18
bd_shs,44
bd_shs,92
bd_shs,72
bd_shs,20
bd_shs,18
bd_shs,39
bd_shs,153
bd_shs,10
bd_shs,15
bd_shs,12
bd_shs,32
bd_shs,119
bd_shs,15
bd_shs,26
bd_shs,8
bd_shs,16
bd_shs,18
bd_shs,69
bd_shs,40
bd_shs,89
bd_shs,42
bd_shs,42
bd_shs,113
bd_shs,36
bd_shs,10
bd_shs,57
bd_shs,37
bd_shs,67
bd_shs,86
bd_shs,93
bd_shs,23
bd_shs,20
bd_shs,19
bd_shs,14
bd_shs,54
bd_shs,76
bd_shs,7
bd_shs,55
bd_shs,52
bd_shs,27
bd_shs,6
bd_shs,21
bd_shs,40
bd_shs,41
bd_shs,14
bd_shs,64
bd_shs,67
bd_shs,24
bd_shs,58
bd_shs,51
bd_shs,13
bd_shs,24
bd_shs,23
bd_shs,28
bd_shs,17
bd_shs,20
bd_shs,16
bd_shs,52
bd_shs,128
bd_shs,47
bd_shs,22
bd_shs,24
bd_shs,7
bd_shs,16
bd_shs,31
bd_shs,24
bd_shs,70
bd_shs,74
bd_shs,74
bd_shs,17
bd_shs,73
bd_shs,14
bd_shs,44
bd_shs,97
bd_shs,56
bd_shs,57
bd_shs,83
bd_shs,11
bd_shs,62
bd_shs,34
bd_shs,28
bd_shs,51
bd_shs,7
bd_shs,23
bd_shs,68
bd_shs,35
bd_shs,29
bd_shs,17
bd_shs,116
bd_shs,19
bd_shs,135
bd_shs,3
bd_shs,55
bd_shs,87
bd_shs,16
bd_shs,30
bd_shs,16
bd_shs,21
bd_shs,13
bd_shs,13
bd_shs,253
bd_shs,31
bd_shs,25
bd_shs,583
bd_shs,127
bd_shs,25
bd_shs,41
bd_shs,10
bd_shs,11
bd_shs,59
bd_shs,9
bd_shs,63
bd_shs,51
bd_shs,59
bd_shs,142
bd_shs,11
bd_shs,22
bd_shs,51
bd_shs,26
bd_shs,13
bd_shs,19
bd_shs,26
bd_shs,30
bd_shs,86
bd_shs,15
bd_shs,29
bd_shs,22
bd_shs,19
bd_shs,164
bd_shs,37
bd_shs,60
bd_shs,13
bd_shs,22
bd_shs,9
bd_shs,69
bd_shs,19
bd_shs,131
bd_shs,10
bd_shs,7
bd_shs,211
bd_shs,32
bd_shs,25
bd_shs,79
bd_shs,30
bd_shs,52
bd_shs,23
bd_shs,62
bd_shs,13
bd_shs,46
bd_shs,232
bd_shs,19
bd_shs,17
bd_shs,32
bd_shs,12
bd_shs,32
bd_shs,23
bd_shs,25
bd_shs,11
bd_shs,16
bd_shs,103
bd_shs,14
bd_shs,20
bd_shs,40
bd_shs,77
bd_shs,67
bd_shs,13
bd_shs,49
bd_shs,63
bd_shs,25
bd_shs,70
bd_shs,58
bd_shs,16
bd_shs,15
bd_shs,46
bd_shs,94
bd_shs,23
bd_shs,10
bd_shs,30
bd_shs,66
bd_shs,48
bd_shs,105
bd_shs,21
bd_shs,71
bd_shs,14
bd_shs,44
bd_shs,21
bd_shs,43
bd_shs,33
bd_shs,328
bd_shs,20
bd_shs,248
bd_shs,89
bd_shs,20
bd_shs,9
bd_shs,100
bd_shs,14
bd_shs,10
bd_shs,5
bd_shs,11
bd_shs,45
bd_shs,30
bd_shs,90
bd_shs,94
bd_shs,37
bd_shs,58
bd_shs,91
bd_shs,72
bd_shs,34
bd_shs,51
bd_shs,75
bd_shs,17
bd_shs,36
bd_shs,35
bd_shs,21
bd_shs,73
bd_shs,29
bd_shs,60
bd_shs,108
bd_shs,55
bd_shs,55
bd_shs,80
bd_shs,30
bd_shs,51
bd_shs,25
bd_shs,48
bd_shs,22
bd_shs,14
bd_shs,78
bd_shs,13
bd_shs,7
bd_shs,27
bd_shs,93
bd_shs,14
bd_shs,23
bd_shs,45
bd_shs,10
bd_shs,50
bd_shs,10
bd_shs,26
bd_shs,48
bd_shs,25
bd_shs,93
bd_shs,12
bd_shs,39
bd_shs,16
bd_shs,28
bd_shs,49
bd_shs,25
bd_shs,20
bd_shs,19
bd_shs,32
bd_shs,10
bd_shs,13
bd_shs,40
bd_shs,64
bd_shs,16
bd_shs,19
bd_shs,37
bd_shs,42
bd_shs,49
bd_shs,25
bd_shs,16
bd_shs,13
bd_shs,19
bd_shs,37
bd_shs,15
bd_shs,24
bd_shs,33
bd_shs,18
bd_shs,9
bd_shs,72
bd_shs,63
bd_shs,54
bd_shs,50
bd_shs,45
bd_shs,8
bd_shs,45
bd_shs,37
bd_shs,249
bd_shs,20
bd_shs,14
bd_shs,18
bd_shs,41
bd_shs,11
bd_shs,40
bd_shs,13
bd_shs,148
bd_shs,16
bd_shs,14
bd_shs,120
bd_shs,42
bd_shs,19
bd_shs,9
bd_shs,7
bd_shs,43
bd_shs,31
bd_shs,116
bd_shs,19
bd_shs,64
bd_shs,71
bd_shs,15
bd_shs,73
bd_shs,41
bd_shs,8
bd_shs,48
bd_shs,40
bd_shs,64
bd_shs,5
bd_shs,13
bd_shs,74
bd_shs,15
bd_shs,66
bd_shs,26
bd_shs,40
bd_shs,20
bd_shs,49
bd_shs,46
bd_shs,22
bd_shs,44
bd_shs,37
bd_shs,94
bd_shs,118
bd_shs,49
bd_shs,63
bd_shs,22
bd_shs,47
bd_shs,73
bd_shs,39
bd_shs,10
bd_shs,13
bd_shs,48
bd_shs,30
bd_shs,11
bd_shs,20
bd_shs,86
bd_shs,20
bd_shs,8
bd_shs,15
bd_shs,41
bd_shs,5
bd_shs,19
bd_shs,43
bd_shs,14
bd_shs,5
bd_shs,14
bd_shs,9
bd_shs,16
bd_shs,30
bd_shs,14
bd_shs,43
bd_shs,65
bd_shs,25
bd_shs,27
bd_shs,18
bd_shs,23
bd_shs,12
bd_shs,53
bd_shs,53
bd_shs,52
bd_shs,32
bd_shs,31
bd_shs,39
bd_shs,21
bd_shs,13
bd_shs,20
bd_shs,6
bd_shs,25
bd_shs,110
bd_shs,19
bd_shs,19
bd_shs,145
bd_shs,77
bd_shs,90
bd_shs,33
bd_shs,24
bd_shs,63
bd_shs,13
bd_shs,8
bd_shs,24
bd_shs,70
bd_shs,409
bd_shs,61
bd_shs,41
bd_shs,22
bd_shs,9
bd_shs,8
bd_shs,96
bd_shs,38
bd_shs,86
bd_shs,10
bd_shs,163
bd_shs,35
bd_shs,47
bd_shs,51
bd_shs,67
bd_shs,19
bd_shs,33
bd_shs,19
bd_shs,13
bd_shs,98
bd_shs,60
bd_shs,35
bd_shs,180
bd_shs,14
bd_shs,55
bd_shs,21
bd_shs,29
bd_shs,13
bd_shs,14
bd_shs,147
bd_shs,7
bd_shs,19
bd_shs,8
bd_shs,20
bd_shs,72
bd_shs,31
bd_shs,23
bd_shs,52
bd_shs,30
bd_shs,81
bd_shs,13
bd_shs,66
bd_shs,9
bd_shs,23
bd_shs,22
bd_shs,30
bd_shs,22
bd_shs,11
bd_shs,37
bd_shs,27
bd_shs,97
bd_shs,15
bd_shs,22
bd_shs,41
bd_shs,48
bd_shs,181
bd_shs,115
bd_shs,35
bd_shs,6
bd_shs,42
bd_shs,17
bd_shs,52
bd_shs,71
bd_shs,26
bd_shs,65
bd_shs,138
bd_shs,42
bd_shs,31
bd_shs,23
bd_shs,123
bd_shs,175
bd_shs,52
bd_shs,24
bd_shs,30
bd_shs,6
bd_shs,122
bd_shs,28
bd_shs,16
bd_shs,48
bd_shs,29
bd_shs,15
bd_shs,19
bd_shs,16
bd_shs,26
bd_shs,46
bd_shs,14
bd_shs,37
bd_shs,17
bd_shs,13
bd_shs,10
bd_shs,27
bd_shs,17
bd_shs,78
bd_shs,20
bd_shs,24
bd_shs,40
bd_shs,31
bd_shs,22
bd_shs,155
bd_shs,30
bd_shs,52
bd_shs,16
bd_shs,22
bd_shs,22
bd_shs,10
bd_shs,79
bd_shs,32
bd_shs,39
bd_shs,34
bd_shs,88
bd_shs,77
bd_shs,5
bd_shs,34
bd_shs,17
bd_shs,21
bd_shs,16
bd_shs,122
bd_shs,16
bd_shs,40
bd_shs,40
bd_shs,14
bd_shs,16
bd_shs,15
bd_shs,56
bd_shs,11
bd_shs,35
bd_shs,13
bd_shs,97
bd_shs,69
bd_shs,46
bd_shs,45
bd_shs,51
bd_shs,177
bd_shs,4
bd_shs,122
bd_shs,48
bd_shs,42
bd_shs,134
bd_shs,19
bd_shs,136
bd_shs,38
bd_shs,111
bd_shs,173
bd_shs,6
bd_shs,44
bd_shs,111
bd_shs,23
bd_shs,16
bd_shs,12
bd_shs,34
bd_shs,28
bd_shs,24
bd_shs,66
bd_shs,25
bd_shs,46
bd_shs,120
bd_shs,20
bd_shs,10
bd_shs,41
bd_shs,7
bd_shs,16
bd_shs,39
bd_shs,17
bd_shs,78
bd_shs,28
bd_shs,16
bd_shs,32
bd_shs,36
bd_shs,21
bd_shs,16
bd_shs,32
bd_shs,11
bd_shs,231
bd_shs,20
bd_shs,27
bd_shs,66
bd_shs,19
bd_shs,176
bd_shs,19
bd_shs,117
bd_shs,40
bd_shs,68
bd_shs,12
bd_shs,53
bd_shs,44
bd_shs,85
bd_shs,25
bd_shs,24
bd_shs,26
bd_shs,13
bd_shs,38
bd_shs,49
bd_shs,20
bd_shs,6
bd_shs,59
bd_shs,39
bd_shs,32
bd_shs,121
bd_shs,43
bd_shs,111
bd_shs,8
bd_shs,16
bd_shs,686
bd_shs,174
bd_shs,18
bd_shs,78
bd_shs,14
bd_shs,14
bd_shs,15
bd_shs,84
bd_shs,25
bd_shs,19
bd_shs,15
bd_shs,74
bd_shs,91
bd_shs,33
bd_shs,22
bd_shs,45
bd_shs,41
bd_shs,225
bd_shs,32
bd_shs,108
bd_shs,15
bd_shs,69
bd_shs,54
bd_shs,36
bd_shs,9
bd_shs,40
bd_shs,10
bd_shs,26
bd_shs,316
bd_shs,51
bd_shs,119
bd_shs,17
bd_shs,7
bd_shs,77
bd_shs,25
bd_shs,58
bd_shs,35
bd_shs,16
bd_shs,34
bd_shs,34
bd_shs,15
bd_shs,35
bd_shs,342
bd_shs,94
bd_shs,23
bd_shs,132
bd_shs,31
bd_shs,40
bd_shs,24
bd_shs,83
bd_shs,242
bd_shs,18
bd_shs,24
bd_shs,113
bd_shs,84
bd_shs,29
bd_shs,22
bd_shs,19
bd_shs,44
bd_shs,19
bd_shs,9
bd_shs,20
bd_shs,25
bd_shs,4
bd_shs,37
bd_shs,45
bd_shs,52
bd_shs,12
bd_shs,24
bd_shs,20
bd_shs,11
bd_shs,12
bd_shs,9
bd_shs,17
bd_shs,29
bd_shs,45
bd_shs,74
bd_shs,12
bd_shs,19
bd_shs,28
bd_shs,88
bd_shs,32
bd_shs,14
bd_shs,68
bd_shs,39
bd_shs,33
bd_shs,69
bd_shs,168
bd_shs,54
bd_shs,88
bd_shs,34
bd_shs,23
bd_shs,44
bd_shs,62
bd_shs,127
bd_shs,11
bd_shs,66
bd_shs,81
bd_shs,35
bd_shs,13
bd_shs,21
bd_shs,20
bd_shs,95
bd_shs,16
bd_shs,40
bd_shs,22
bd_shs,11
bd_shs,9
bd_shs,20
bd_shs,23
bd_shs,35
bd_shs,8
bd_shs,248
bd_shs,13
bd_shs,9
bd_shs,14
bd_shs,19
bd_shs,38
bd_shs,62
bd_shs,48
bd_shs,34
bd_shs,107
bd_shs,31
bd_shs,65
bd_shs,25
bd_shs,15
bd_shs,36
bd_shs,12
bd_shs,37
bd_shs,8
bd_shs,19
bd_shs,35
bd_shs,52
bd_shs,34
bd_shs,71
bd_shs,25
bd_shs,23
bd_shs,26
bd_shs,40
bd_shs,86
bd_shs,5
bd_shs,71
bd_shs,22
bd_shs,19
bd_shs,41
bd_shs,14
bd_shs,16
bd_shs,5
bd_shs,27
bd_shs,158
bd_shs,72
bd_shs,9
bd_shs,25
bd_shs,110
bd_shs,52
bd_shs,19
bd_shs,46
bd_shs,19
bd_shs,22
bd_shs,7
bd_shs,15
bd_shs,385
bd_shs,68
bd_shs,52
bd_shs,34
bd_shs,13
bd_shs,89
bd_shs,86
bd_shs,7
bd_shs,24
bd_shs,8
bd_shs,121
bd_shs,22
bd_shs,69
bd_shs,41
bd_shs,108
bd_shs,12
bd_shs,36
bd_shs,40
bd_shs,8
bd_shs,59
bd_shs,26
bd_shs,39
bd_shs,93
bd_shs,72
bd_shs,20
bd_shs,110
bd_shs,142
bd_shs,18
bd_shs,9
bd_shs,526
bd_shs,16
bd_shs,42
bd_shs,14
bd_shs,78
bd_shs,29
bd_shs,6
bd_shs,24
bd_shs,12
bd_shs,84
bd_shs,13
bd_shs,10
bd_shs,21
bd_shs,50
bd_shs,12
bd_shs,59
bd_shs,29
bd_shs,71
bd_shs,45
bd_shs,61
bd_shs,26
bd_shs,14
bd_shs,70
bd_shs,14
bd_shs,188
bd_shs,24
bd_shs,38
bd_shs,100
bd_shs,20
bd_shs,79
bd_shs,214
bd_shs,13
bd_shs,25
bd_shs,60
bd_shs,13
bd_shs,15
bd_shs,46
bd_shs,51
bd_shs,12
bd_shs,27
bd_shs,48
bd_shs,124
bd_shs,57
bd_shs,45
bd_shs,14
bd_shs,6
bd_shs,24
bd_shs,64
bd_shs,25
bd_shs,48
bd_shs,17
bd_shs,18
bd_shs,6
bd_shs,33
bd_shs,385
bd_shs,32
bd_shs,49
bd_shs,49
bd_shs,22
bd_shs,24
bd_shs,20
bd_shs,15
bd_shs,52
bd_shs,132
bd_shs,9
bd_shs,67
bd_shs,16
bd_shs,90
bd_shs,79
bd_shs,66
bd_shs,8
bd_shs,42
bd_shs,26
bd_shs,120
bd_shs,20
bd_shs,336
bd_shs,16
bd_shs,22
bd_shs,23
bd_shs,15
bd_shs,128
bd_shs,28
bd_shs,30
bd_shs,44
bd_shs,17
bd_shs,31
bd_shs,28
bd_shs,39
bd_shs,32
bd_shs,29
bd_shs,18
bd_shs,28
bd_shs,27
bd_shs,20
bd_shs,18
bd_shs,50
bd_shs,57
bd_shs,28
bd_shs,112
bd_shs,30
bd_shs,7
bd_shs,16
bd_shs,17
bd_shs,11
bd_shs,104
bd_shs,70
bd_shs,45
bd_shs,20
bd_shs,29
bd_shs,51
bd_shs,76
bd_shs,55
bd_shs,28
bd_shs,44
bd_shs,20
bd_shs,32
bd_shs,19
bd_shs,8
bd_shs,48
bd_shs,32
bd_shs,20
bd_shs,13
bd_shs,60
bd_shs,37
bd_shs,46
bd_shs,17
bd_shs,31
bd_shs,72
bd_shs,11
bd_shs,24
bd_shs,108
bd_shs,70
bd_shs,24
bd_shs,25
bd_shs,10
bd_shs,57
bd_shs,23
bd_shs,30
bd_shs,29
bd_shs,24
bd_shs,3
bd_shs,21
bd_shs,90
bd_shs,21
bd_shs,23
bd_shs,17
bd_shs,16
bd_shs,161
bd_shs,13
bd_shs,30
bd_shs,14
bd_shs,56
bd_shs,15
bd_shs,4
bd_shs,22
bd_shs,78
bd_shs,28
bd_shs,23
bd_shs,22
bd_shs,35
bd_shs,53
bd_shs,47
bd_shs,18
bd_shs,58
bd_shs,43
bd_shs,9
bd_shs,95
bd_shs,58
bd_shs,10
bd_shs,22
bd_shs,19
bd_shs,79
bd_shs,27
bd_shs,101
bd_shs,22
bd_shs,40
bd_shs,26
bd_shs,12
bd_shs,28
bd_shs,44
bd_shs,70
bd_shs,11
bd_shs,11
bd_shs,31
bd_shs,10
bd_shs,50
bd_shs,8
bd_shs,29
bd_shs,19
bd_shs,13
bd_shs,118
bd_shs,22
bd_shs,10
bd_shs,36
bd_shs,32
bd_shs,62
bd_shs,36
bd_shs,105
bd_shs,37
bd_shs,410
bd_shs,19
bd_shs,7
bd_shs,33
bd_shs,47
bd_shs,48
bd_shs,93
bd_shs,265
bd_shs,23
bd_shs,7
bd_shs,12
bd_shs,95
bd_shs,89
bd_shs,19
bd_shs,38
bd_shs,36
bd_shs,20
bd_shs,87
bd_shs,3
bd_shs,19
bd_shs,31
bd_shs,30
bd_shs,15
bd_shs,33
bd_shs,21
bd_shs,12
bd_shs,18
bd_shs,33
bd_shs,90
bd_shs,14
bd_shs,55
bd_shs,42
bd_shs,65
bd_shs,20
bd_shs,15
bd_shs,91
bd_shs,11
bd_shs,21
bd_shs,49
bd_shs,19
bd_shs,130
bd_shs,15
bd_shs,31
bd_shs,50
bd_shs,37
bd_shs,15
bd_shs,6
bd_shs,27
bd_shs,41
bd_shs,48
bd_shs,17
bd_shs,17
bd_shs,21
bd_shs,9
bd_shs,31
bd_shs,19
bd_shs,66
bd_shs,106
bd_shs,22
bd_shs,9
bd_shs,63
bd_shs,12
bd_shs,6
bd_shs,47
bd_shs,37
bd_shs,4
bd_shs,59
bd_shs,64
bd_shs,72
bd_shs,26
bd_shs,6
bd_shs,27
bd_shs,32
bd_shs,26
bd_shs,24
bd_shs,45
bd_shs,18
bd_shs,45
bd_shs,20
bd_shs,22
bd_shs,76
bd_shs,17
bd_shs,33
bd_shs,54
bd_shs,11
bd_shs,13
bd_shs,32
bd_shs,92
bd_shs,41
bd_shs,26
bd_shs,55
bd_shs,55
bd_shs,4
bd_shs,13
bd_shs,17
bd_shs,5
bd_shs,68
bd_shs,13
bd_shs,49
bd_shs,110
bd_shs,81
bd_shs,17
bd_shs,22
bd_shs,23
bd_shs,170
bd_shs,15
bd_shs,11
bd_shs,60
bd_shs,63
bd_shs,18
bd_shs,10
bd_shs,12
bd_shs,16
bd_shs,42
bd_shs,20
bd_shs,25
bd_shs,62
bd_shs,39
bd_shs,54
bd_shs,152
bd_shs,68
bd_shs,18
bd_shs,120
bd_shs,32
bd_shs,27
bd_shs,26
bd_shs,49
bd_shs,4
bd_shs,10
bd_shs,23
bd_shs,35
bd_shs,44
bd_shs,5
bd_shs,39
bd_shs,32
bd_shs,43
bd_shs,45
bd_shs,25
bd_shs,29
bd_shs,17
bd_shs,40
bd_shs,31
bd_shs,27
bd_shs,13
bd_shs,11
bd_shs,48
bd_shs,52
bd_shs,73
bd_shs,21
bd_shs,53
bd_shs,22
bd_shs,15
bd_shs,12
bd_shs,17
bd_shs,14
bd_shs,23
bd_shs,18
bd_shs,27
bd_shs,18
bd_shs,9
bd_shs,85
bd_shs,96
bd_shs,38
bd_shs,29
bd_shs,49
bd_shs,55
bd_shs,39
bd_shs,30
bd_shs,13
bd_shs,18
bd_shs,102
bd_shs,59
bd_shs,17
bd_shs,23
bd_shs,89
bd_shs,275
bd_shs,80
bd_shs,18
bd_shs,9
bd_shs,17
bd_shs,38
bd_shs,36
bd_shs,165
bd_shs,45
bd_shs,14
bd_shs,4
bd_shs,11
bd_shs,80
bd_shs,52
bd_shs,21
bd_shs,113
bd_shs,75
bd_shs,24
bd_shs,40
bd_shs,8
bd_shs,14
bd_shs,20
bd_shs,8
bd_shs,6
bd_shs,11
bd_shs,60
bd_shs,27
bd_shs,37
bd_shs,9
bd_shs,25
bd_shs,17
bd_shs,40
bd_shs,119
bd_shs,39
bd_shs,50
bd_shs,34
bd_shs,41
bd_shs,11
bd_shs,134
bd_shs,32
bd_shs,105
bd_shs,52
bd_shs,20
bd_shs,191
bd_shs,18
bd_shs,119
bd_shs,101
bd_shs,16
bd_shs,24
bd_shs,9
bd_shs,98
bd_shs,11
bd_shs,39
bd_shs,18
bd_shs,33
bd_shs,39
bd_shs,75
bd_shs,55
bd_shs,3
bd_shs,23
bd_shs,22
bd_shs,18
bd_shs,19
bd_shs,15
bd_shs,6
bd_shs,79
bd_shs,13
bd_shs,42
bd_shs,46
bd_shs,64
bd_shs,24
bd_shs,153
bd_shs,9
bd_shs,7
bd_shs,26
bd_shs,12
bd_shs,6
bd_shs,25
bd_shs,32
bd_shs,13
bd_shs,40
bd_shs,400
bd_shs,11
bd_shs,12
bd_shs,56
bd_shs,21
bd_shs,29
bd_shs,22
bd_shs,41
bd_shs,16
bd_shs,29
bd_shs,54
bd_shs,18
bd_shs,26
bd_shs,13
bd_shs,48
bd_shs,14
bd_shs,12
bd_shs,10
bd_shs,15
bd_shs,47
bd_shs,70
bd_shs,56
bd_shs,12
bd_shs,36
bd_shs,31
bd_shs,10
bd_shs,20
bd_shs,20
bd_shs,61
bd_shs,15
bd_shs,87
bd_shs,58
bd_shs,96
bd_shs,39
bd_shs,23
bd_shs,11
bd_shs,71
bd_shs,23
bd_shs,49
bd_shs,128
bd_shs,122
bd_shs,16
bd_shs,19
bd_shs,40
bd_shs,18
bd_shs,12
bd_shs,29
bd_shs,24
bd_shs,36
bd_shs,127
bd_shs,42
bd_shs,59
bd_shs,44
bd_shs,46
bd_shs,9
bd_shs,90
bd_shs,45
bd_shs,26
bd_shs,58
bd_shs,15
bd_shs,57
bd_shs,20
bd_shs,48
bd_shs,354
bd_shs,66
bd_shs,64
bd_shs,41
bd_shs,32
bd_shs,18
bd_shs,64
bd_shs,169
bd_shs,32
bd_shs,25
bd_shs,63
bd_shs,81
bd_shs,94
bd_shs,60
bd_shs,39
bd_shs,26
bd_shs,45
bd_shs,62
bd_shs,56
bd_shs,16
bd_shs,31
bd_shs,19
bd_shs,27
bd_shs,53
bd_shs,19
bd_shs,8
bd_shs,29
bd_shs,53
bd_shs,13
bd_shs,18
bd_shs,11
bd_shs,21
bd_shs,19
bd_shs,169
bd_shs,70
bd_shs,96
bd_shs,38
bd_shs,178
bd_shs,45
bd_shs,40
bd_shs,15
bd_shs,8
bd_shs,249
bd_shs,14
bd_shs,55
bd_shs,14
bd_shs,52
bd_shs,38
bd_shs,166
bd_shs,35
bd_shs,9
bd_shs,17
bd_shs,46
bd_shs,108
bd_shs,15
bd_shs,39
bd_shs,91
bd_shs,16
bd_shs,74
bd_shs,5
bd_shs,36
bd_shs,22
bd_shs,11
bd_shs,102
bd_shs,13
bd_shs,15
bd_shs,139
bd_shs,54
bd_shs,16
bd_shs,15
bd_shs,98
bd_shs,12
bd_shs,11
bd_shs,21
bd_shs,15
bd_shs,58
bd_shs,28
bd_shs,15
bd_shs,36
bd_shs,16
bd_shs,52
bd_shs,38
bd_shs,76
bd_shs,15
bd_shs,27
bd_shs,41
bd_shs,51
bd_shs,19
bd_shs,24
bd_shs,64
bd_shs,10
bd_shs,63
bd_shs,43
bd_shs,7
bd_shs,31
bd_shs,43
bd_shs,90
bd_shs,137
bd_shs,22
bd_shs,13
bd_shs,14
bd_shs,13
bd_shs,124
bd_shs,83
bd_shs,26
bd_shs,5
bd_shs,33
bd_shs,6
bd_shs,97
bd_shs,151
bd_shs,45
bd_shs,43
bd_shs,142
bd_shs,196
bd_shs,16
bd_shs,9
bd_shs,20
bd_shs,14
bd_shs,77
bd_shs,223
bd_shs,41
bd_shs,104
bd_shs,7
bd_shs,520
bd_shs,96
bd_shs,32
bd_shs,26
bd_shs,66
bd_shs,101
bd_shs,16
bd_shs,17
bd_shs,20
bd_shs,18
bd_shs,37
bd_shs,56
bd_shs,26
bd_shs,37
bd_shs,54
bd_shs,66
bd_shs,99
bd_shs,27
bd_shs,18
bd_shs,95
bd_shs,131
bd_shs,8
bd_shs,43
bd_shs,83
bd_shs,8
bd_shs,21
bd_shs,33
bd_shs,57
bd_shs,37
bd_shs,13
bd_shs,9
bd_shs,21
bd_shs,53
bd_shs,18
bd_shs,18
bd_shs,28
bd_shs,64
bd_shs,74
bd_shs,20
bd_shs,54
bd_shs,14
bd_shs,60
bd_shs,57
bd_shs,44
bd_shs,15
bd_shs,19
bd_shs,106
bd_shs,13
bd_shs,218
bd_shs,12
bd_shs,7
bd_shs,167
bd_shs,18
bd_shs,37
bd_shs,24
bd_shs,58
bd_shs,34
bd_shs,59
bd_shs,48
bd_shs,27
bd_shs,26
bd_shs,56
bd_shs,7
bd_shs,7
bd_shs,509
bd_shs,5
bd_shs,27
bd_shs,54
bd_shs,10
bd_shs,52
bd_shs,6
bd_shs,30
bd_shs,73
bd_shs,13
bd_shs,64
bd_shs,249
bd_shs,17
bd_shs,46
bd_shs,40
bd_shs,101
bd_shs,25
bd_shs,172
bd_shs,39
bd_shs,98
bd_shs,19
bd_shs,21
bd_shs,30
bd_shs,13
bd_shs,16
bd_shs,28
bd_shs,20
bd_shs,43
bd_shs,7
bd_shs,53
bd_shs,36
bd_shs,81
bd_shs,24
bd_shs,22
bd_shs,19
bd_shs,20
bd_shs,40
bd_shs,25
bd_shs,22
bd_shs,45
bd_shs,30
bd_shs,13
bd_shs,8
bd_shs,109
bd_shs,74
bd_shs,23
bd_shs,235
bd_shs,52
bd_shs,59
bd_shs,43
bd_shs,15
bd_shs,34
bd_shs,15
bd_shs,45
bd_shs,19
bd_shs,64
bd_shs,48
bd_shs,125
bd_shs,31
bd_shs,123
bd_shs,93
bd_shs,7
bd_shs,97
bd_shs,46
bd_shs,21
bd_shs,42
bd_shs,4
bd_shs,14
bd_shs,55
bd_shs,34
bd_shs,36
bd_shs,12
bd_shs,50
bd_shs,15
bd_shs,60
bd_shs,24
bd_shs,243
bd_shs,15
bd_shs,22
bd_shs,99
bd_shs,16
bd_shs,30
bd_shs,15
bd_shs,31
bd_shs,8
bd_shs,22
bd_shs,72
bd_shs,140
bd_shs,3
bd_shs,109
bd_shs,10
bd_shs,30
bd_shs,76
bd_shs,80
bd_shs,12
bd_shs,43
bd_shs,29
bd_shs,52
bd_shs,13
bd_shs,16
bd_shs,11
bd_shs,25
bd_shs,106
bd_shs,64
bd_shs,32
bd_shs,12
bd_shs,27
bd_shs,25
bd_shs,11
bd_shs,69
bd_shs,245
bd_shs,14
bd_shs,57
bd_shs,136
bd_shs,62
bd_shs,11
bd_shs,24
bd_shs,117
bd_shs,27
bd_shs,20
bd_shs,29
bd_shs,24
bd_shs,39
bd_shs,21
bd_shs,15
bd_shs,69
bd_shs,18
bd_shs,106
bd_shs,13
bd_shs,7
bd_shs,42
bd_shs,271
bd_shs,70
bd_shs,27
bd_shs,5
bd_shs,49
bd_shs,165
bd_shs,39
bd_shs,39
bd_shs,48
bd_shs,130
bd_shs,57
bd_shs,23
bd_shs,20
bd_shs,24
bd_shs,36
bd_shs,15
bd_shs,232
bd_shs,15
bd_shs,195
bd_shs,14
bd_shs,39
bd_shs,22
bd_shs,13
bd_shs,28
bd_shs,15
bd_shs,55
bd_shs,21
bd_shs,24
bd_shs,124
bd_shs,35
bd_shs,30
bd_shs,51
bd_shs,22
bd_shs,31
bd_shs,17
bd_shs,26
bd_shs,19
bd_shs,58
bd_shs,14
bd_shs,5
bd_shs,15
bd_shs,49
bd_shs,82
bd_shs,18
bd_shs,11
bd_shs,25
bd_shs,13
bd_shs,12
bd_shs,42
bd_shs,22
bd_shs,20
bd_shs,15
bd_shs,100
bd_shs,71
bd_shs,14
bd_shs,78
bd_shs,162
bd_shs,11
bd_shs,51
bd_shs,136
bd_shs,85
bd_shs,47
bd_shs,78
bd_shs,40
bd_shs,806
bd_shs,22
bd_shs,13
bd_shs,35
bd_shs,33
bd_shs,71
bd_shs,146
bd_shs,72
bd_shs,9
bd_shs,36
bd_shs,30
bd_shs,64
bd_shs,104
bd_shs,64
bd_shs,54
bd_shs,14
bd_shs,8
bd_shs,48
bd_shs,73
bd_shs,17
bd_shs,23
bd_shs,43
bd_shs,27
bd_shs,12
bd_shs,23
bd_shs,43
bd_shs,36
bd_shs,19
bd_shs,23
bd_shs,62
bd_shs,20
bd_shs,16
bd_shs,44
bd_shs,35
bd_shs,12
bd_shs,19
bd_shs,101
bd_shs,98
bd_shs,19
bd_shs,25
bd_shs,16
bd_shs,40
bd_shs,50
bd_shs,49
bd_shs,35
bd_shs,14
bd_shs,22
bd_shs,25
bd_shs,73
bd_shs,39
bd_shs,38
bd_shs,73
bd_shs,111
bd_shs,78
bd_shs,117
bd_shs,107
bd_shs,30
bd_shs,32
bd_shs,24
bd_shs,34
bd_shs,13
bd_shs,25
bd_shs,16
bd_shs,52
bd_shs,74
bd_shs,12
bd_shs,46
bd_shs,52
bd_shs,75
bd_shs,258
bd_shs,39
bd_shs,12
bd_shs,73
bd_shs,19
bd_shs,55
bd_shs,10
bd_shs,20
bd_shs,10
bd_shs,58
bd_shs,3
bd_shs,45
bd_shs,22
bd_shs,62
bd_shs,18
bd_shs,69
bd_shs,41
bd_shs,54
bd_shs,27
bd_shs,92
bd_shs,35
bd_shs,28
bd_shs,29
bd_shs,43
bd_shs,8
bd_shs,50
bd_shs,62
bd_shs,27
bd_shs,50
bd_shs,26
bd_shs,3
bd_shs,10
bd_shs,14
bd_shs,23
bd_shs,41
bd_shs,3
bd_shs,8
bd_shs,12
bd_shs,8
bd_shs,101
bd_shs,125
bd_shs,31
bd_shs,30
bd_shs,56
bd_shs,22
bd_shs,73
bd_shs,107
bd_shs,27
bd_shs,16
bd_shs,41
bd_shs,14
bd_shs,22
bd_shs,37
bd_shs,35
bd_shs,45
bd_shs,19
bd_shs,53
bd_shs,63
bd_shs,96
bd_shs,21
bd_shs,15
bd_shs,29
bd_shs,25
bd_shs,6
bd_shs,34
bd_shs,80
bd_shs,87
bd_shs,85
bd_shs,133
bd_shs,22
bd_shs,44
bd_shs,58
bd_shs,43
bd_shs,25
bd_shs,8
bd_shs,41
bd_shs,17
bd_shs,9
bd_shs,34
bd_shs,13
bd_shs,12
bd_shs,82
bd_shs,29
bd_shs,22
bd_shs,240
bd_shs,31
bd_shs,28
bd_shs,48
bd_shs,9
bd_shs,45
bd_shs,10
bd_shs,26
bd_shs,25
bd_shs,121
bd_shs,221
bd_shs,20
bd_shs,33
bd_shs,37
bd_shs,20
bd_shs,16
bd_shs,25
bd_shs,35
bd_shs,79
bd_shs,69
bd_shs,34
bd_shs,49
bd_shs,39
bd_shs,34
bd_shs,5
bd_shs,27
bd_shs,55
bd_shs,83
bd_shs,10
bd_shs,15
bd_shs,63
bd_shs,130
bd_shs,21
bd_shs,11
bd_shs,15
bd_shs,70
bd_shs,26
bd_shs,45
bd_shs,14
bd_shs,75
bd_shs,63
bd_shs,26
bd_shs,84
bd_shs,8
bd_shs,72
bd_shs,62
bd_shs,72
bd_shs,13
bd_shs,29
bd_shs,19
bd_shs,207
bd_shs,12
bd_shs,57
bd_shs,99
bd_shs,101
bd_shs,90
bd_shs,20
bd_shs,16
bd_shs,8
bd_shs,12
bd_shs,16
bd_shs,229
bd_shs,10
bd_shs,53
bd_shs,27
bd_shs,226
bd_shs,5
bd_shs,25
bd_shs,18
bd_shs,6
bd_shs,66
bd_shs,34
bd_shs,117
bd_shs,31
bd_shs,12
bd_shs,30
bd_shs,8
bd_shs,17
bd_shs,31
bd_shs,15
bd_shs,23
bd_shs,160
bd_shs,34
bd_shs,55
bd_shs,38
bd_shs,54
bd_shs,9
bd_shs,137
bd_shs,22
bd_shs,29
bd_shs,21
bd_shs,125
bd_shs,31
bd_shs,32
bd_shs,14
bd_shs,25
bd_shs,38
bd_shs,38
bd_shs,48
bd_shs,43
bd_shs,113
bd_shs,9
bd_shs,22
bd_shs,52
bd_shs,60
bd_shs,31
bd_shs,1345
bd_shs,27
bd_shs,33
bd_shs,14
bd_shs,181
bd_shs,23
bd_shs,33
bd_shs,11
bd_shs,27
bd_shs,10
bd_shs,8
bd_shs,11
bd_shs,8
bd_shs,53
bd_shs,123
bd_shs,20
bd_shs,40
bd_shs,26
bd_shs,110
bd_shs,35
bd_shs,130
bd_shs,59
bd_shs,105
bd_shs,18
bd_shs,44
bd_shs,22
bd_shs,25
bd_shs,14
bd_shs,9
bd_shs,19
bd_shs,13
bd_shs,25
bd_shs,21
bd_shs,109
bd_shs,28
bd_shs,19
bd_shs,50
bd_shs,28
bd_shs,12
bd_shs,12
bd_shs,24
bd_shs,18
bd_shs,9
bd_shs,3
bd_shs,86
bd_shs,26
bd_shs,57
bd_shs,41
bd_shs,34
bd_shs,21
bd_shs,10
bd_shs,140
bd_shs,16
bd_shs,35
bd_shs,17
bd_shs,70
bd_shs,11
bd_shs,42
bd_shs,23
bd_shs,3
bd_shs,15
bd_shs,168
bd_shs,45
bd_shs,39
bd_shs,50
bd_shs,18
bd_shs,24
bd_shs,65
bd_shs,43
bd_shs,28
bd_shs,177
bd_shs,31
bd_shs,20
bd_shs,10
bd_shs,64
bd_shs,52
bd_shs,125
bd_shs,9
bd_shs,63
bd_shs,72
bd_shs,43
bd_shs,46
bd_shs,65
bd_shs,41
bd_shs,24
bd_shs,97
bd_shs,9
bd_shs,30
bd_shs,35
bd_shs,84
bd_shs,23
bd_shs,28
bd_shs,156
bd_shs,42
bd_shs,23
bd_shs,25
bd_shs,33
bd_shs,23
bd_shs,9
bd_shs,15
bd_shs,21
bd_shs,29
bd_shs,73
bd_shs,19
bd_shs,32
bd_shs,19
bd_shs,10
bd_shs,25
bd_shs,8
bd_shs,6
bd_shs,13
bd_shs,216
bd_shs,42
bd_shs,14
bd_shs,22
bd_shs,25
bd_shs,12
bd_shs,9
bd_shs,111
bd_shs,18
bd_shs,16
bd_shs,45
bd_shs,24
bd_shs,49
bd_shs,17
bd_shs,33
bd_shs,25
bd_shs,18
bd_shs,26
bd_shs,11
bd_shs,39
bd_shs,113
bd_shs,28
bd_shs,51
bd_shs,137
bd_shs,62
bd_shs,26
bd_shs,27
bd_shs,68
bd_shs,36
bd_shs,3
bd_shs,32
bd_shs,32
bd_shs,94
bd_shs,24
bd_shs,29
bd_shs,13
bd_shs,27
bd_shs,85
bd_shs,74
bd_shs,18
bd_shs,52
bd_shs,12
bd_shs,27
bd_shs,12
bd_shs,65
bd_shs,12
bd_shs,24
bd_shs,268
bd_shs,31
bd_shs,73
bd_shs,160
bd_shs,30
bd_shs,77
bd_shs,12
bd_shs,54
bd_shs,111
bd_shs,80
bd_shs,25
bd_shs,40
bd_shs,42
bd_shs,22
bd_shs,18
bd_shs,44
bd_shs,83
bd_shs,12
bd_shs,29
bd_shs,9
bd_shs,33
bd_shs,8
bd_shs,39
bd_shs,29
bd_shs,18
bd_shs,20
bd_shs,33
bd_shs,14
bd_shs,55
bd_shs,25
bd_shs,40
bd_shs,20
bd_shs,71
bd_shs,103
bd_shs,46
bd_shs,96
bd_shs,39
bd_shs,23
bd_shs,39
bd_shs,44
bd_shs,53
bd_shs,56
bd_shs,32
bd_shs,126
bd_shs,28
bd_shs,20
bd_shs,100
bd_shs,62
bd_shs,129
bd_shs,17
bd_shs,26
bd_shs,31
bd_shs,21
bd_shs,35
bd_shs,42
bd_shs,21
bd_shs,20
bd_shs,39
bd_shs,17
bd_shs,21
bd_shs,47
bd_shs,122
bd_shs,7
bd_shs,47
bd_shs,15
bd_shs,26
bd_shs,20
bd_shs,23
bd_shs,38
bd_shs,42
bd_shs,6
bd_shs,36
bd_shs,51
bd_shs,30
bd_shs,150
bd_shs,125
bd_shs,160
bd_shs,124
bd_shs,42
bd_shs,36
bd_shs,61
bd_shs,22
bd_shs,7
bd_shs,14
bd_shs,19
bd_shs,31
bd_shs,68
bd_shs,36
bd_shs,20
bd_shs,54
bd_shs,49
bd_shs,18
bd_shs,7
bd_shs,268
bd_shs,11
bd_shs,29
bd_shs,14
bd_shs,113
bd_shs,242
bd_shs,15
bd_shs,39
bd_shs,15
bd_shs,28
bd_shs,21
bd_shs,20
bd_shs,27
bd_shs,64
bd_shs,12
bd_shs,67
bd_shs,10
bd_shs,20
bd_shs,9
bd_shs,26
bd_shs,36
bd_shs,13
bd_shs,45
bd_shs,27
bd_shs,42
bd_shs,23
bd_shs,33
bd_shs,29
bd_shs,18
bd_shs,33
bd_shs,20
bd_shs,12
bd_shs,22
bd_shs,21
bd_shs,42
bd_shs,177
bd_shs,27
bd_shs,36
bd_shs,28
bd_shs,26
bd_shs,29
bd_shs,22
bd_shs,18
bd_shs,27
bd_shs,27
bd_shs,36
bd_shs,13
bd_shs,143
bd_shs,57
bd_shs,16
bd_shs,18
bd_shs,62
bd_shs,5
bd_shs,56
bd_shs,20
bd_shs,32
bd_shs,12
bd_shs,55
bd_shs,83
bd_shs,41
bd_shs,24
bd_shs,44
bd_shs,14
bd_shs,50
bd_shs,18
bd_shs,32
bd_shs,18
bd_shs,48
bd_shs,10
bd_shs,46
bd_shs,22
bd_shs,77
bd_shs,20
bd_shs,22
bd_shs,78
bd_shs,18
bd_shs,36
bd_shs,26
bd_shs,321
bd_shs,16
bd_shs,36
bd_shs,25
bd_shs,126
bd_shs,14
bd_shs,41
bd_shs,19
bd_shs,46
bd_shs,93
bd_shs,23
bd_shs,17
bd_shs,23
bd_shs,35
bd_shs,12
bd_shs,20
bd_shs,14
bd_shs,16
bd_shs,28
bd_shs,51
bd_shs,12
bd_shs,44
bd_shs,61
bd_shs,44
bd_shs,37
bd_shs,25
bd_shs,28
bd_shs,48
bd_shs,6
bd_shs,3
bd_shs,34
bd_shs,29
bd_shs,14
bd_shs,11
bd_shs,32
bd_shs,247
bd_shs,21
bd_shs,6
bd_shs,8
bd_shs,9
bd_shs,56
bd_shs,29
bd_shs,18
bd_shs,40
bd_shs,47
bd_shs,12
bd_shs,19
bd_shs,47
bd_shs,14
bd_shs,173
bd_shs,9
bd_shs,40
bd_shs,13
bd_shs,28
bd_shs,44
bd_shs,9
bd_shs,51
bd_shs,39
bd_shs,11
bd_shs,106
bd_shs,33
bd_shs,247
bd_shs,20
bd_shs,16
bd_shs,135
bd_shs,35
bd_shs,28
bd_shs,39
bd_shs,15
bd_shs,11
bd_shs,52
bd_shs,28
bd_shs,22
bd_shs,87
bd_shs,27
bd_shs,17
bd_shs,65
bd_shs,9
bd_shs,33
bd_shs,31
bd_shs,17
bd_shs,29
bd_shs,42
bd_shs,11
bd_shs,112
bd_shs,28
bd_shs,38
bd_shs,86
bd_shs,12
bd_shs,25
bd_shs,24
bd_shs,67
bd_shs,6
bd_shs,5
bd_shs,28
bd_shs,10
bd_shs,158
bd_shs,17
bd_shs,14
bd_shs,14
bd_shs,78
bd_shs,10
bd_shs,26
bd_shs,22
bd_shs,37
bd_shs,20
bd_shs,21
bd_shs,18
bd_shs,66
bd_shs,42
bd_shs,17
bd_shs,24
bd_shs,27
bd_shs,33
bd_shs,31
bd_shs,19
bd_shs,62
bd_shs,18
bd_shs,38
bd_shs,9
bd_shs,89
bd_shs,13
bd_shs,15
bd_shs,16
bd_shs,20
bd_shs,5
bd_shs,50
bd_shs,13
bd_shs,32
bd_shs,32
bd_shs,27
bd_shs,28
bd_shs,51
bd_shs,16
bd_shs,140
bd_shs,52
bd_shs,115
bd_shs,32
bd_shs,14
bd_shs,38
bd_shs,10
bd_shs,42
bd_shs,10
bd_shs,21
bd_shs,13
bd_shs,44
bd_shs,11
bd_shs,44
bd_shs,43
bd_shs,28
bd_shs,68
bd_shs,54
bd_shs,42
bd_shs,6
bd_shs,34
bd_shs,34
bd_shs,10
bd_shs,12
bd_shs,79
bd_shs,100
bd_shs,28
bd_shs,40
bd_shs,34
bd_shs,49
bd_shs,32
bd_shs,100
bd_shs,62
bd_shs,25
bd_shs,33
bd_shs,10
bd_shs,27
bd_shs,18
bd_shs,21
bd_shs,15
bd_shs,54
bd_shs,42
bd_shs,89
bd_shs,65
bd_shs,23
bd_shs,34
bd_shs,290
bd_shs,66
bd_shs,75
bd_shs,43
bd_shs,59
bd_shs,14
bd_shs,29
bd_shs,55
bd_shs,74
bd_shs,82
bd_shs,89
bd_shs,22
bd_shs,49
bd_shs,22
bd_shs,22
bd_shs,14
bd_shs,59
bd_shs,36
bd_shs,28
bd_shs,25
bd_shs,23
bd_shs,39
bd_shs,17
bd_shs,9
bd_shs,18
bd_shs,59
bd_shs,13
bd_shs,34
bd_shs,23
bd_shs,28
bd_shs,10
bd_shs,42
bd_shs,170
bd_shs,42
bd_shs,11
bd_shs,74
bd_shs,20
bd_shs,12
bd_shs,13
bd_shs,17
bd_shs,38
bd_shs,35
bd_shs,18
bd_shs,39
bd_shs,50
bd_shs,29
bd_shs,9
bd_shs,14
bd_shs,154
bd_shs,35
bd_shs,62
bd_shs,26
bd_shs,22
bd_shs,3
bd_shs,75
bd_shs,82
bd_shs,15
bd_shs,21
bd_shs,68
bd_shs,16
bd_shs,18
bd_shs,9
bd_shs,27
bd_shs,33
bd_shs,44
bd_shs,70
bd_shs,50
bd_shs,68
bd_shs,14
bd_shs,36
bd_shs,16
bd_shs,56
bd_shs,33
bd_shs,83
bd_shs,28
bd_shs,32
bd_shs,27
bd_shs,11
bd_shs,45
bd_shs,3
bd_shs,11
bd_shs,13
bd_shs,10
bd_shs,17
bd_shs,14
bd_shs,22
bd_shs,64
bd_shs,53
bd_shs,166
bd_shs,20
bd_shs,32
bd_shs,21
bd_shs,81
bd_shs,13
bd_shs,11
bd_shs,24
bd_shs,44
bd_shs,46
bd_shs,40
bd_shs,45
bd_shs,21
bd_shs,57
bd_shs,16
bd_shs,38
bd_shs,25
bd_shs,26
bd_shs,34
bd_shs,28
bd_shs,83
bd_shs,122
bd_shs,62
bd_shs,22
bd_shs,32
bd_shs,18
bd_shs,6
bd_shs,28
bd_shs,134
bd_shs,14
bd_shs,9
bd_shs,97
bd_shs,11
bd_shs,8
bd_shs,38
bd_shs,74
bd_shs,18
bd_shs,44
bd_shs,17
bd_shs,16
bd_shs,17
bd_shs,42
bd_shs,481
bd_shs,14
bd_shs,84
bd_shs,14
bd_shs,18
bd_shs,6
bd_shs,22
bd_shs,29
bd_shs,51
bd_shs,18
bd_shs,47
bd_shs,19
bd_shs,19
bd_shs,5
bd_shs,14
bd_shs,17
bd_shs,44
bd_shs,17
bd_shs,14
bd_shs,28
bd_shs,5
bd_shs,68
bd_shs,11
bd_shs,33
bd_shs,15
bd_shs,10
bd_shs,14
bd_shs,142
bd_shs,171
bd_shs,47
bd_shs,8
bd_shs,52
bd_shs,31
bd_shs,30
bd_shs,97
bd_shs,13
bd_shs,40
bd_shs,52
bd_shs,15
bd_shs,17
bd_shs,55
bd_shs,17
bd_shs,56
bd_shs,28
bd_shs,26
bd_shs,23
bd_shs,29
bd_shs,28
bd_shs,44
bd_shs,45
bd_shs,55
bd_shs,25
bd_shs,27
bd_shs,19
bd_shs,105
bd_shs,41
bd_shs,53
bd_shs,9
bd_shs,18
bd_shs,5
bd_shs,13
bd_shs,39
bd_shs,14
bd_shs,16
bd_shs,22
bd_shs,280
bd_shs,35
bd_shs,157
bd_shs,79
bd_shs,16
bd_shs,154
bd_shs,30
bd_shs,32
bd_shs,44
bd_shs,21
bd_shs,11
bd_shs,33
bd_shs,63
bd_shs,113
bd_shs,11
bd_shs,21
bd_shs,8
bd_shs,102
bd_shs,12
bd_shs,17
bd_shs,14
bd_shs,11
bd_shs,214
bd_shs,34
bd_shs,21
bd_shs,116
bd_shs,15
bd_shs,32
bd_shs,18
bd_shs,10
bd_shs,19
bd_shs,25
bd_shs,22
bd_shs,73
bd_shs,31
bd_shs,11
bd_shs,30
bd_shs,42
bd_shs,19
bd_shs,44
bd_shs,11
bd_shs,84
bd_shs,14
bd_shs,26
bd_shs,18
bd_shs,16
bd_shs,35
bd_shs,57
bd_shs,18
bd_shs,28
bd_shs,51
bd_shs,37
bd_shs,25
bd_shs,23
bd_shs,28
bd_shs,10
bd_shs,30
bd_shs,16
bd_shs,52
bd_shs,20
bd_shs,258
bd_shs,57
bd_shs,19
bd_shs,54
bd_shs,146
bd_shs,28
bd_shs,6
bd_shs,535
bd_shs,57
bd_shs,9
bd_shs,52
bd_shs,49
bd_shs,9
bd_shs,25
bd_shs,84
bd_shs,9
bd_shs,26
bd_shs,16
bd_shs,8
bd_shs,23
bd_shs,22
bd_shs,55
bd_shs,22
bd_shs,24
bd_shs,53
bd_shs,16
bd_shs,44
bd_shs,68
bd_shs,29
bd_shs,62
bd_shs,55
bd_shs,32
bd_shs,52
bd_shs,46
bd_shs,24
bd_shs,7
bd_shs,58
bd_shs,11
bd_shs,20
bd_shs,52
bd_shs,18
bd_shs,56
bd_shs,19
bd_shs,99
bd_shs,609
bd_shs,73
bd_shs,8
bd_shs,24
bd_shs,21
bd_shs,14
bd_shs,27
bd_shs,30
bd_shs,26
bd_shs,34
bd_shs,37
bd_shs,36
bd_shs,591
bd_shs,5
bd_shs,64
bd_shs,26
bd_shs,38
bd_shs,31
bd_shs,68
bd_shs,10
bd_shs,33
bd_shs,63
bd_shs,47
bd_shs,91
bd_shs,17
bd_shs,45
bd_shs,57
bd_shs,32
bd_shs,28
bd_shs,34
bd_shs,33
bd_shs,70
bd_shs,103
bd_shs,39
bd_shs,31
bd_shs,32
bd_shs,22
bd_shs,48
bd_shs,95
bd_shs,17
bd_shs,13
bd_shs,80
bd_shs,111
bd_shs,38
bd_shs,26
bd_shs,18
bd_shs,200
bd_shs,6
bd_shs,9
bd_shs,21
bd_shs,17
bd_shs,14
bd_shs,192
bd_shs,171
bd_shs,82
bd_shs,8
bd_shs,12
bd_shs,286
bd_shs,40
bd_shs,24
bd_shs,20
bd_shs,36
bd_shs,20
bd_shs,148
bd_shs,163
bd_shs,8
bd_shs,6
bd_shs,79
bd_shs,124
bd_shs,7
bd_shs,59
bd_shs,51
bd_shs,92
bd_shs,66
bd_shs,30
bd_shs,31
bd_shs,32
bd_shs,7
bd_shs,37
bd_shs,26
bd_shs,19
bd_shs,37
bd_shs,28
bd_shs,44
bd_shs,89
bd_shs,54
bd_shs,24
bd_shs,29
bd_shs,35
bd_shs,23
bd_shs,26
bd_shs,23
bd_shs,30
bd_shs,46
bd_shs,56
bd_shs,119
bd_shs,17
bd_shs,15
bd_shs,24
bd_shs,41
bd_shs,131
bd_shs,17
bd_shs,25
bd_shs,77
bd_shs,96
bd_shs,86
bd_shs,42
bd_shs,21
bd_shs,45
bd_shs,28
bd_shs,43
bd_shs,80
bd_shs,13
bd_shs,17
bd_shs,75
bd_shs,190
bd_shs,142
bd_shs,19
bd_shs,14
bd_shs,32
bd_shs,60
bd_shs,17
bd_shs,99
bd_shs,16
bd_shs,27
bd_shs,17
bd_shs,95
bd_shs,25
bd_shs,31
bd_shs,33
bd_shs,256
bd_shs,30
bd_shs,30
bd_shs,18
bd_shs,9
bd_shs,26
bd_shs,19
bd_shs,18
bd_shs,186
bd_shs,53
bd_shs,68
bd_shs,174
bd_shs,38
bd_shs,36
bd_shs,15
bd_shs,15
bd_shs,11
bd_shs,5
bd_shs,12
bd_shs,26
bd_shs,20
bd_shs,55
bd_shs,38
bd_shs,13
bd_shs,8
bd_shs,59
bd_shs,77
bd_shs,139
bd_shs,3
bd_shs,30
bd_shs,16
bd_shs,32
bd_shs,8
bd_shs,36
bd_shs,95
bd_shs,31
bd_shs,29
bd_shs,41
bd_shs,50
bd_shs,22
bd_shs,17
bd_shs,26
bd_shs,13
bd_shs,100
bd_shs,48
bd_shs,23
bd_shs,11
bd_shs,9
bd_shs,42
bd_shs,38
bd_shs,22
bd_shs,231
bd_shs,17
bd_shs,6
bd_shs,7
bd_shs,32
bd_shs,202
bd_shs,26
bd_shs,11
bd_shs,32
bd_shs,36
bd_shs,20
bd_shs,18
bd_shs,15
bd_shs,5
bd_shs,129
bd_shs,6
bd_shs,21
bd_shs,13
bd_shs,12
bd_shs,16
bd_shs,14
bd_shs,33
bd_shs,46
bd_shs,14
bd_shs,24
bd_shs,87
bd_shs,79
bd_shs,26
bd_shs,47
bd_shs,12
bd_shs,7
bd_shs,123
bd_shs,59
bd_shs,49
bd_shs,98
bd_shs,45
bd_shs,55
bd_shs,12
bd_shs,16
bd_shs,26
bd_shs,23
bd_shs,12
bd_shs,6
bd_shs,7
bd_shs,11
bd_shs,8
bd_shs,74
bd_shs,87
bd_shs,60
bd_shs,39
bd_shs,16
bd_shs,44
bd_shs,119
bd_shs,278
bd_shs,71
bd_shs,20
bd_shs,158
bd_shs,19
bd_shs,28
bd_shs,127
bd_shs,55
bd_shs,5
bd_shs,6
bd_shs,22
bd_shs,13
bd_shs,130
bd_shs,132
bd_shs,49
bd_shs,34
bd_shs,16
bd_shs,40
bd_shs,19
bd_shs,21
bd_shs,39
bd_shs,121
bd_shs,17
bd_shs,15
bd_shs,14
bd_shs,20
bd_shs,60
bd_shs,74
bd_shs,10
bd_shs,53
bd_shs,239
bd_shs,24
bd_shs,11
bd_shs,50
bd_shs,12
bd_shs,199
bd_shs,28
bd_shs,19
bd_shs,8
bd_shs,6
bd_shs,34
bd_shs,19
bd_shs,9
bd_shs,92
bd_shs,29
bd_shs,12
bd_shs,249
bd_shs,9
bd_shs,17
bd_shs,16
bd_shs,12
bd_shs,26
bd_shs,34
bd_shs,31
bd_shs,147
bd_shs,135
bd_shs,332
bd_shs,30
bd_shs,11
bd_shs,45
bd_shs,4
bd_shs,44
bd_shs,16
bd_shs,16
bd_shs,49
bd_shs,24
bd_shs,27
bd_shs,198
bd_shs,30
bd_shs,23
bd_shs,32
bd_shs,115
bd_shs,67
bd_shs,141
bd_shs,146
bd_shs,18
bd_shs,30
bd_shs,25
bd_shs,11
bd_shs,25
bd_shs,213
bd_shs,29
bd_shs,89
bd_shs,90
bd_shs,38
bd_shs,30
bd_shs,8
bd_shs,9
bd_shs,24
bd_shs,36
bd_shs,65
bd_shs,29
bd_shs,8
bd_shs,16
bd_shs,50
bd_shs,34
bd_shs,37
bd_shs,146
bd_shs,22
bd_shs,43
bd_shs,18
bd_shs,9
bd_shs,43
bd_shs,22
bd_shs,12
bd_shs,11
bd_shs,17
bd_shs,146
bd_shs,97
bd_shs,84
bd_shs,53
bd_shs,37
bd_shs,82
bd_shs,36
bd_shs,51
bd_shs,35
bd_shs,22
bd_shs,16
bd_shs,27
bd_shs,22
bd_shs,67
bd_shs,19
bd_shs,26
bd_shs,70
bd_shs,106
bd_shs,10
bd_shs,158
bd_shs,17
bd_shs,368
bd_shs,80
bd_shs,49
bd_shs,63
bd_shs,36
bd_shs,52
bd_shs,51
bd_shs,20
bd_shs,44
bd_shs,23
bd_shs,34
bd_shs,27
bd_shs,73
bd_shs,37
bd_shs,171
bd_shs,204
bd_shs,38
bd_shs,42
bd_shs,17
bd_shs,30
bd_shs,18
bd_shs,25
bd_shs,19
bd_shs,9
bd_shs,40
bd_shs,403
bd_shs,21
bd_shs,18
bd_shs,41
bd_shs,24
bd_shs,15
bd_shs,87
bd_shs,49
bd_shs,14
bd_shs,57
bd_shs,20
bd_shs,30
bd_shs,20
bd_shs,42
bd_shs,41
bd_shs,35
bd_shs,27
bd_shs,24
bd_shs,50
bd_shs,110
bd_shs,46
bd_shs,52
bd_shs,31
bd_shs,17
bd_shs,35
bd_shs,3
bd_shs,12
bd_shs,8
bd_shs,22
bd_shs,32
bd_shs,12
bd_shs,52
bd_shs,11
bd_shs,34
bd_shs,24
bd_shs,48
bd_shs,31
bd_shs,52
bd_shs,13
bd_shs,99
bd_shs,126
bd_shs,27
bd_shs,82
bd_shs,26
bd_shs,33
bd_shs,30
bd_shs,45
bd_shs,11
bd_shs,17
bd_shs,46
bd_shs,54
bd_shs,22
bd_shs,112
bd_shs,66
bd_shs,21
bd_shs,24
bd_shs,8
bd_shs,95
bd_shs,39
bd_shs,5
bd_shs,28
bd_shs,18
bd_shs,30
bd_shs,17
bd_shs,85
bd_shs,9
bd_shs,28
bd_shs,105
bd_shs,82
bd_shs,9
bd_shs,28
bd_shs,19
bd_shs,18
bd_shs,48
bd_shs,17
bd_shs,65
bd_shs,13
bd_shs,20
bd_shs,12
bd_shs,139
bd_shs,79
bd_shs,19
bd_shs,74
bd_shs,10
bd_shs,69
bd_shs,8
bd_shs,37
bd_shs,54
bd_shs,32
bd_shs,70
bd_shs,73
bd_shs,10
bd_shs,276
bd_shs,10
bd_shs,27
bd_shs,9
bd_shs,128
bd_shs,55
bd_shs,56
bd_shs,103
bd_shs,83
bd_shs,3
bd_shs,30
bd_shs,142
bd_shs,31
bd_shs,23
bd_shs,46
bd_shs,16
bd_shs,83
bd_shs,247
bd_shs,22
bd_shs,9
bd_shs,25
bd_shs,6
bd_shs,19
bd_shs,162
bd_shs,13
bd_shs,23
bd_shs,54
bd_shs,13
bd_shs,21
bd_shs,35
bd_shs,33
bd_shs,31
bd_shs,30
bd_shs,37
bd_shs,20
bd_shs,72
bd_shs,25
bd_shs,88
bd_shs,11
bd_shs,26
bd_shs,19
bd_shs,14
bd_shs,21
bd_shs,45
bd_shs,70
bd_shs,36
bd_shs,21
bd_shs,15
bd_shs,23
bd_shs,140
bd_shs,14
bd_shs,78
bd_shs,72
bd_shs,32
bd_shs,5
bd_shs,9
bd_shs,9
bd_shs,15
bd_shs,22
bd_shs,137
bd_shs,30
bd_shs,26
bd_shs,34
bd_shs,23
bd_shs,26
bd_shs,14
bd_shs,19
bd_shs,15
bd_shs,61
bd_shs,51
bd_shs,107
bd_shs,13
bd_shs,9
bd_shs,19
bd_shs,47
bd_shs,18
bd_shs,123
bd_shs,36
bd_shs,45
bd_shs,21
bd_shs,58
bd_shs,17
bd_shs,10
bd_shs,31
bd_shs,33
bd_shs,18
bd_shs,17
bd_shs,109
bd_shs,86
bd_shs,25
bd_shs,51
bd_shs,28
bd_shs,45
bd_shs,26
bd_shs,58
bd_shs,63
bd_shs,51
bd_shs,8
bd_shs,11
bd_shs,35
bd_shs,27
bd_shs,41
bd_shs,54
bd_shs,13
bd_shs,19
bd_shs,42
bd_shs,26
bd_shs,17
bd_shs,31
bd_shs,102
bd_shs,140
bd_shs,80
bd_shs,30
bd_shs,22
bd_shs,24
bd_shs,28
bd_shs,21
bd_shs,46
bd_shs,25
bd_shs,61
bd_shs,16
bd_shs,144
bd_shs,116
bd_shs,29
bd_shs,18
bd_shs,26
bd_shs,39
bd_shs,99
bd_shs,43
bd_shs,25
bd_shs,590
bd_shs,22
bd_shs,14
bd_shs,13
bd_shs,13
bd_shs,33
bd_shs,29
bd_shs,24
bd_shs,22
bd_shs,24
bd_shs,336
bd_shs,33
bd_shs,17
bd_shs,88
bd_shs,25
bd_shs,193
bd_shs,24
bd_shs,124
bd_shs,19
bd_shs,318
bd_shs,36
bd_shs,22
bd_shs,64
bd_shs,22
bd_shs,29
bd_shs,39
bd_shs,35
bd_shs,29
bd_shs,32
bd_shs,6
bd_shs,4
bd_shs,61
bd_shs,142
bd_shs,46
bd_shs,10
bd_shs,9
bd_shs,98
bd_shs,65
bd_shs,60
bd_shs,66
bd_shs,26
bd_shs,49
bd_shs,19
bd_shs,36
bd_shs,25
bd_shs,48
bd_shs,16
bd_shs,75
bd_shs,27
bd_shs,34
bd_shs,24
bd_shs,18
bd_shs,54
bd_shs,23
bd_shs,57
bd_shs,15
bd_shs,55
bd_shs,46
bd_shs,14
bd_shs,16
bd_shs,19
bd_shs,14
bd_shs,72
bd_shs,27
bd_shs,31
bd_shs,33
bd_shs,11
bd_shs,36
bd_shs,113
bd_shs,67
bd_shs,19
bd_shs,30
bd_shs,107
bd_shs,44
bd_shs,20
bd_shs,10
bd_shs,41
bd_shs,12
bd_shs,42
bd_shs,8
bd_shs,27
bd_shs,9
bd_shs,24
bd_shs,57
bd_shs,22
bd_shs,49
bd_shs,73
bd_shs,21
bd_shs,33
bd_shs,32
bd_shs,61
bd_shs,43
bd_shs,6
bd_shs,32
bd_shs,38
bd_shs,7
bd_shs,23
bd_shs,81
bd_shs,15
bd_shs,251
bd_shs,32
bd_shs,39
bd_shs,73
bd_shs,15
bd_shs,32
bd_shs,26
bd_shs,6
bd_shs,5
bd_shs,108
bd_shs,13
bd_shs,9
bd_shs,13
bd_shs,36
bd_shs,42
bd_shs,19
bd_shs,30
bd_shs,10
bd_shs,23
bd_shs,17
bd_shs,24
bd_shs,18
bd_shs,36
bd_shs,32
bd_shs,29
bd_shs,8
bd_shs,17
bd_shs,79
bd_shs,46
bd_shs,6
bd_shs,12
bd_shs,155
bd_shs,432
bd_shs,77
bd_shs,36
bd_shs,52
bd_shs,8
bd_shs,29
bd_shs,133
bd_shs,56
bd_shs,23
bd_shs,22
bd_shs,121
bd_shs,22
bd_shs,20
bd_shs,44
bd_shs,24
bd_shs,116
bd_shs,105
bd_shs,18
bd_shs,18
bd_shs,23
bd_shs,11
bd_shs,22
bd_shs,13
bd_shs,15
bd_shs,10
bd_shs,23
bd_shs,11
bd_shs,44
bd_shs,93
bd_shs,54
bd_shs,10
bd_shs,30
bd_shs,16
bd_shs,37
bd_shs,27
bd_shs,36
bd_shs,29
bd_shs,85
bd_shs,44
bd_shs,32
bd_shs,20
bd_shs,65
bd_shs,152
bd_shs,48
bd_shs,34
bd_shs,31
bd_shs,62
bd_shs,114
bd_shs,32
bd_shs,46
bd_shs,40
bd_shs,12
bd_shs,59
bd_shs,34
bd_shs,21
bd_shs,6
bd_shs,128
bd_shs,16
bd_shs,20
bd_shs,14
bd_shs,66
bd_shs,17
bd_shs,33
bd_shs,29
bd_shs,16
bd_shs,406
bd_shs,83
bd_shs,11
bd_shs,13
bd_shs,26
bd_shs,28
bd_shs,73
bd_shs,34
bd_shs,18
bd_shs,15
bd_shs,42
bd_shs,159
bd_shs,16
bd_shs,6
bd_shs,12
bd_shs,37
bd_shs,17
bd_shs,141
bd_shs,59
bd_shs,6
bd_shs,7
bd_shs,18
bd_shs,155
bd_shs,22
bd_shs,36
bd_shs,16
bd_shs,48
bd_shs,41
bd_shs,43
bd_shs,18
bd_shs,39
bd_shs,17
bd_shs,179
bd_shs,143
bd_shs,154
bd_shs,57
bd_shs,56
bd_shs,33
bd_shs,67
bd_shs,56
bd_shs,18
bd_shs,22
bd_shs,12
bd_shs,17
bd_shs,24
bd_shs,25
bd_shs,16
bd_shs,108
bd_shs,220
bd_shs,39
bd_shs,11
bd_shs,18
bd_shs,7
bd_shs,77
bd_shs,13
bd_shs,26
bd_shs,9
bd_shs,10
bd_shs,40
bd_shs,124
bd_shs,29
bd_shs,37
bd_shs,32
bd_shs,16
bd_shs,10
bd_shs,30
bd_shs,16
bd_shs,95
bd_shs,8
bd_shs,10
bd_shs,15
bd_shs,78
bd_shs,10
bd_shs,62
bd_shs,46
bd_shs,50
bd_shs,8
bd_shs,45
bd_shs,18
bd_shs,46
bd_shs,40
bd_shs,148
bd_shs,13
bd_shs,11
bd_shs,6
bd_shs,19
bd_shs,16
bd_shs,13
bd_shs,28
bd_shs,37
bd_shs,54
bd_shs,36
bd_shs,54
bd_shs,32
bd_shs,17
bd_shs,37
bd_shs,20
bd_shs,56
bd_shs,30
bd_shs,30
bd_shs,42
bd_shs,21
bd_shs,33
bd_shs,17
bd_shs,46
bd_shs,6
bd_shs,41
bd_shs,21
bd_shs,15
bd_shs,7
bd_shs,60
bd_shs,35
bd_shs,68
bd_shs,12
bd_shs,29
bd_shs,16
bd_shs,17
bd_shs,39
bd_shs,22
bd_shs,29
bd_shs,13
bd_shs,33
bd_shs,32
bd_shs,42
bd_shs,55
bd_shs,43
bd_shs,29
bd_shs,103
bd_shs,11
bd_shs,26
bd_shs,40
bd_shs,14
bd_shs,1227
bd_shs,56
bd_shs,6
bd_shs,33
bd_shs,43
bd_shs,6
bd_shs,31
bd_shs,36
bd_shs,56
bd_shs,42
bd_shs,17
bd_shs,13
bd_shs,7
bd_shs,37
bd_shs,28
bd_shs,35
bd_shs,63
bd_shs,42
bd_shs,11
bd_shs,11
bd_shs,19
bd_shs,13
bd_shs,15
bd_shs,31
bd_shs,16
bd_shs,11
bd_shs,71
bd_shs,8
bd_shs,19
bd_shs,7
bd_shs,86
bd_shs,29
bd_shs,10
bd_shs,15
bd_shs,54
bd_shs,19
bd_shs,28
bd_shs,61
bd_shs,12
bd_shs,94
bd_shs,175
bd_shs,14
bd_shs,60
bd_shs,27
bd_shs,73
bd_shs,30
bd_shs,41
bd_shs,21
bd_shs,16
bd_shs,161
bd_shs,10
bd_shs,7
bd_shs,35
bd_shs,26
bd_shs,19
bd_shs,8
bd_shs,8
bd_shs,13
bd_shs,19
bd_shs,55
bd_shs,9
bd_shs,25
bd_shs,39
bd_shs,109
bd_shs,70
bd_shs,18
bd_shs,12
bd_shs,143
bd_shs,10
bd_shs,18
bd_shs,26
bd_shs,9
bd_shs,55
bd_shs,59
bd_shs,79
bd_shs,169
bd_shs,21
bd_shs,4
bd_shs,19
bd_shs,42
bd_shs,30
bd_shs,29
bd_shs,9
bd_shs,94
bd_shs,41
bd_shs,60
bd_shs,21
bd_shs,181
bd_shs,75
bd_shs,50
bd_shs,43
bd_shs,20
bd_shs,114
bd_shs,52
bd_shs,39
bd_shs,15
bd_shs,19
bd_shs,16
bd_shs,18
bd_shs,70
bd_shs,11
bd_shs,79
bd_shs,65
bd_shs,31
bd_shs,11
bd_shs,11
bd_shs,48
bd_shs,17
bd_shs,107
bd_shs,293
bd_shs,33
bd_shs,25
bd_shs,18
bd_shs,25
bd_shs,52
bd_shs,41
bd_shs,149
bd_shs,18
bd_shs,36
bd_shs,15
bd_shs,16
bd_shs,54
bd_shs,38
bd_shs,250
bd_shs,48
bd_shs,40
bd_shs,25
bd_shs,58
bd_shs,51
bd_shs,80
bd_shs,97
bd_shs,14
bd_shs,103
bd_shs,24
bd_shs,26
bd_shs,29
bd_shs,47
bd_shs,90
bd_shs,96
bd_shs,51
bd_shs,13
bd_shs,9
bd_shs,31
bd_shs,41
bd_shs,55
bd_shs,62
bd_shs,63
bd_shs,17
bd_shs,22
bd_shs,61
bd_shs,22
bd_shs,291
bd_shs,61
bd_shs,42
bd_shs,56
bd_shs,20
bd_shs,9
bd_shs,160
bd_shs,30
bd_shs,16
bd_shs,245
bd_shs,139
bd_shs,104
bd_shs,54
bd_shs,17
bd_shs,26
bd_shs,27
bd_shs,68
bd_shs,10
bd_shs,28
bd_shs,35
bd_shs,7
bd_shs,35
bd_shs,17
bd_shs,143
bd_shs,14
bd_shs,57
bd_shs,7
bd_shs,18
bd_shs,8
bd_shs,118
bd_shs,38
bd_shs,24
bd_shs,35
bd_shs,55
bd_shs,18
bd_shs,96
bd_shs,29
bd_shs,13
bd_shs,33
bd_shs,50
bd_shs,36
bd_shs,43
bd_shs,74
bd_shs,7
bd_shs,11
bd_shs,23
bd_shs,17
bd_shs,62
bd_shs,83
bd_shs,16
bd_shs,20
bd_shs,14
bd_shs,15
bd_shs,9
bd_shs,51
bd_shs,30
bd_shs,13
bd_shs,33
bd_shs,6
bd_shs,82
bd_shs,118
bd_shs,51
bd_shs,34
bd_shs,22
bd_shs,26
bd_shs,22
bd_shs,97
bd_shs,18
bd_shs,77
bd_shs,66
bd_shs,37
bd_shs,21
bd_shs,5
bd_shs,34
bd_shs,37
bd_shs,326
bd_shs,13
bd_shs,69
bd_shs,19
bd_shs,12
bd_shs,68
bd_shs,40
bd_shs,11
bd_shs,25
bd_shs,15
bd_shs,35
bd_shs,41
bd_shs,11
bd_shs,23
bd_shs,37
bd_shs,170
bd_shs,12
bd_shs,21
bd_shs,6
bd_shs,18
bd_shs,604
bd_shs,12
bd_shs,14
bd_shs,13
bd_shs,117
bd_shs,209
bd_shs,36
bd_shs,73
bd_shs,22
bd_shs,37
bd_shs,17
bd_shs,27
bd_shs,11
bd_shs,161
bd_shs,89
bd_shs,8
bd_shs,38
bd_shs,14
bd_shs,12
bd_shs,66
bd_shs,15
bd_shs,45
bd_shs,15
bd_shs,13
bd_shs,70
bd_shs,16
bd_shs,32
bd_shs,7
bd_shs,76
bd_shs,46
bd_shs,16
bd_shs,31
bd_shs,207
bd_shs,112
bd_shs,64
bd_shs,1472
bd_shs,39
bd_shs,23
bd_shs,14
bd_shs,18
bd_shs,105
bd_shs,30
bd_shs,28
bd_shs,9
bd_shs,41
bd_shs,12
bd_shs,24
bd_shs,30
bd_shs,39
bd_shs,46
bd_shs,124
bd_shs,32
bd_shs,48
bd_shs,86
bd_shs,159
bd_shs,19
bd_shs,23
bd_shs,69
bd_shs,47
bd_shs,23
bd_shs,116
bd_shs,25
bd_shs,14
bd_shs,22
bd_shs,359
bd_shs,29
bd_shs,58
bd_shs,85
bd_shs,22
bd_shs,63
bd_shs,13
bd_shs,114
bd_shs,27
bd_shs,25
bd_shs,22
bd_shs,13
bd_shs,41
bd_shs,214
bd_shs,20
bd_shs,14
bd_shs,13
bd_shs,22
bd_shs,48
bd_shs,78
bd_shs,26
bd_shs,155
bd_shs,15
bd_shs,17
bd_shs,45
bd_shs,14
bd_shs,27
bd_shs,12
bd_shs,80
bd_shs,11
bd_shs,25
bd_shs,28
bd_shs,7
bd_shs,14
bd_shs,19
bd_shs,57
bd_shs,47
bd_shs,23
bd_shs,175
bd_shs,27
bd_shs,40
bd_shs,27
bd_shs,19
bd_shs,23
bd_shs,31
bd_shs,41
bd_shs,26
bd_shs,19
bd_shs,22
bd_shs,30
bd_shs,20
bd_shs,44
bd_shs,29
bd_shs,41
bd_shs,58
bd_shs,18
bd_shs,56
bd_shs,22
bd_shs,58
bd_shs,73
bd_shs,7
bd_shs,23
bd_shs,10
bd_shs,13
bd_shs,3
bd_shs,16
bd_shs,63
bd_shs,13
bd_shs,46
bd_shs,65
bd_shs,35
bd_shs,75
bd_shs,29
bd_shs,31
bd_shs,5
bd_shs,26
bd_shs,11
bd_shs,94
bd_shs,34
bd_shs,17
bd_shs,22
bd_shs,128
bd_shs,25
bd_shs,26
bd_shs,43
bd_shs,26
bd_shs,29
bd_shs,49
bd_shs,39
bd_shs,65
bd_shs,22
bd_shs,71
bd_shs,37
bd_shs,107
bd_shs,46
bd_shs,56
bd_shs,45
bd_shs,25
bd_shs,33
bd_shs,75
bd_shs,17
bd_shs,19
bd_shs,44
bd_shs,5
bd_shs,93
bd_shs,14
bd_shs,25
bd_shs,65
bd_shs,30
bd_shs,26
bd_shs,14
bd_shs,22
bd_shs,67
bd_shs,22
bd_shs,30
bd_shs,95
bd_shs,87
bd_shs,58
bd_shs,20
bd_shs,48
bd_shs,100
bd_shs,70
bd_shs,178
bd_shs,25
bd_shs,15
bd_shs,28
bd_shs,181
bd_shs,31
bd_shs,18
bd_shs,114
bd_shs,16
bd_shs,14
bd_shs,42
bd_shs,40
bd_shs,14
bd_shs,138
bd_shs,18
bd_shs,33
bd_shs,43
bd_shs,16
bd_shs,34
bd_shs,53
bd_shs,21
bd_shs,69
bd_shs,64
bd_shs,73
bd_shs,69
bd_shs,23
bd_shs,28
bd_shs,23
bd_shs,41
bd_shs,20
bd_shs,48
bd_shs,16
bd_shs,17
bd_shs,139
bd_shs,32
bd_shs,23
bd_shs,77
bd_shs,64
bd_shs,13
bd_shs,25
bd_shs,104
bd_shs,10
bd_shs,45
bd_shs,31
bd_shs,26
bd_shs,12
bd_shs,15
bd_shs,78
bd_shs,55
bd_shs,68
bd_shs,20
bd_shs,22
bd_shs,218
bd_shs,83
bd_shs,24
bd_shs,8
bd_shs,123
bd_shs,49
bd_shs,12
bd_shs,15
bd_shs,64
bd_shs,23
bd_shs,25
bd_shs,46
bd_shs,65
bd_shs,12
bd_shs,133
bd_shs,12
bd_shs,16
bd_shs,13
bd_shs,178
bd_shs,11
bd_shs,14
bd_shs,62
bd_shs,29
bd_shs,10
bd_shs,18
bd_shs,46
bd_shs,38
bd_shs,47
bd_shs,6
bd_shs,128
bd_shs,31
bd_shs,33
bd_shs,117
bd_shs,233
bd_shs,70
bd_shs,17
bd_shs,16
bd_shs,52
bd_shs,23
bd_shs,18
bd_shs,34
bd_shs,7
bd_shs,27
bd_shs,28
bd_shs,87
bd_shs,5
bd_shs,26
bd_shs,25
bd_shs,19
bd_shs,87
bd_shs,9
bd_shs,25
bd_shs,18
bd_shs,63
bd_shs,57
bd_shs,26
bd_shs,11
bd_shs,36
bd_shs,78
bd_shs,77
bd_shs,17
bd_shs,42
bd_shs,14
bd_shs,37
bd_shs,28
bd_shs,91
bd_shs,40
bd_shs,38
bd_shs,14
bd_shs,17
bd_shs,20
bd_shs,57
bd_shs,30
bd_shs,7
bd_shs,49
bd_shs,44
bd_shs,31
bd_shs,92
bd_shs,31
bd_shs,45
bd_shs,37
bd_shs,26
bd_shs,54
bd_shs,15
bd_shs,40
bd_shs,15
bd_shs,37
bd_shs,74
bd_shs,30
bd_shs,48
bd_shs,68
bd_shs,37
bd_shs,47
bd_shs,8
bd_shs,19
bd_shs,14
bd_shs,23
bd_shs,17
bd_shs,29
bd_shs,33
bd_shs,58
bd_shs,419
bd_shs,113
bd_shs,10
bd_shs,39
bd_shs,27
bd_shs,29
bd_shs,45
bd_shs,12
bd_shs,60
bd_shs,15
bd_shs,35
bd_shs,45
bd_shs,38
bd_shs,44
bd_shs,52
bd_shs,10
bd_shs,14
bd_shs,16
bd_shs,24
bd_shs,142
bd_shs,23
bd_shs,41
bd_shs,18
bd_shs,25
bd_shs,30
bd_shs,10
bd_shs,117
bd_shs,24
bd_shs,56
bd_shs,41
bd_shs,29
bd_shs,10
bd_shs,101
bd_shs,23
bd_shs,49
bd_shs,14
bd_shs,27
bd_shs,34
bd_shs,48
bd_shs,12
bd_shs,29
bd_shs,122
bd_shs,11
bd_shs,14
bd_shs,26
bd_shs,57
bd_shs,88
bd_shs,67
bd_shs,13
bd_shs,24
bd_shs,5
bd_shs,14
bd_shs,68
bd_shs,21
bd_shs,36
bd_shs,44
bd_shs,40
bd_shs,74
bd_shs,48
bd_shs,62
bd_shs,12
bd_shs,28
bd_shs,17
bd_shs,14
bd_shs,37
bd_shs,12
bd_shs,24
bd_shs,27
bd_shs,7
bd_shs,48
bd_shs,16
bd_shs,14
bd_shs,123
bd_shs,13
bd_shs,7
bd_shs,47
bd_shs,17
bd_shs,60
bd_shs,6
bd_shs,26
bd_shs,31
bd_shs,22
bd_shs,126
bd_shs,10
bd_shs,75
bd_shs,25
bd_shs,31
bd_shs,36
bd_shs,212
bd_shs,60
bd_shs,49
bd_shs,58
bd_shs,22
bd_shs,14
bd_shs,12
bd_shs,78
bd_shs,79
bd_shs,17
bd_shs,64
bd_shs,51
bd_shs,19
bd_shs,8
bd_shs,41
bd_shs,39
bd_shs,32
bd_shs,39
bd_shs,86
bd_shs,7
bd_shs,7
bd_shs,80
bd_shs,15
bd_shs,15
bd_shs,79
bd_shs,16
bd_shs,39
bd_shs,26
bd_shs,28
bd_shs,37
bd_shs,50
bd_shs,15
bd_shs,7
bd_shs,39
bd_shs,113
bd_shs,10
bd_shs,20
bd_shs,22
bd_shs,34
bd_shs,80
bd_shs,21
bd_shs,70
bd_shs,45
bd_shs,15
bd_shs,43
bd_shs,20
bd_shs,30
bd_shs,20
bd_shs,8
bd_shs,25
bd_shs,146
bd_shs,18
bd_shs,21
bd_shs,26
bd_shs,40
bd_shs,226
bd_shs,15
bd_shs,9
bd_shs,25
bd_shs,21
bd_shs,29
bd_shs,15
bd_shs,56
bd_shs,45
bd_shs,57
bd_shs,44
bd_shs,76
bd_shs,35
bd_shs,37
bd_shs,40
bd_shs,35
bd_shs,9
bd_shs,36
bd_shs,18
bd_shs,54
bd_shs,6
bd_shs,23
bd_shs,8
bd_shs,47
bd_shs,7
bd_shs,10
bd_shs,51
bd_shs,67
bd_shs,17
bd_shs,31
bd_shs,18
bd_shs,40
bd_shs,190
bd_shs,34
bd_shs,25
bd_shs,55
bd_shs,52
bd_shs,7
bd_shs,14
bd_shs,61
bd_shs,74
bd_shs,160
bd_shs,146
bd_shs,5
bd_shs,97
bd_shs,44
bd_shs,52
bd_shs,52
bd_shs,113
bd_shs,9
bd_shs,37
bd_shs,35
bd_shs,55
bd_shs,81
bd_shs,77
bd_shs,28
bd_shs,84
bd_shs,76
bd_shs,13
bd_shs,14
bd_shs,5
bd_shs,19
bd_shs,15
bd_shs,18
bd_shs,43
bd_shs,44
bd_shs,35
bd_shs,20
bd_shs,24
bd_shs,51
bd_shs,6
bd_shs,136
bd_shs,20
bd_shs,13
bd_shs,17
bd_shs,14
bd_shs,41
bd_shs,11
bd_shs,85
bd_shs,27
bd_shs,10
bd_shs,21
bd_shs,11
bd_shs,18
bd_shs,84
bd_shs,65
bd_shs,8
bd_shs,21
bd_shs,33
bd_shs,12
bd_shs,40
bd_shs,18
bd_shs,88
bd_shs,19
bd_shs,51
bd_shs,24
bd_shs,31
bd_shs,193
bd_shs,23
bd_shs,32
bd_shs,56
bd_shs,85
bd_shs,49
bd_shs,16
bd_shs,12
bd_shs,87
bd_shs,19
bd_shs,66
bd_shs,18
bd_shs,60
bd_shs,21
bd_shs,52
bd_shs,76
bd_shs,12
bd_shs,43
bd_shs,82
bd_shs,18
bd_shs,16
bd_shs,42
bd_shs,63
bd_shs,18
bd_shs,17
bd_shs,27
bd_shs,12
bd_shs,7
bd_shs,15
bd_shs,11
bd_shs,31
bd_shs,23
bd_shs,28
bd_shs,20
bd_shs,27
bd_shs,68
bd_shs,26
bd_shs,35
bd_shs,16
bd_shs,12
bd_shs,39
bd_shs,10
bd_shs,20
bd_shs,3
bd_shs,51
bd_shs,26
bd_shs,13
bd_shs,59
bd_shs,8
bd_shs,13
bd_shs,152
bd_shs,107
bd_shs,30
bd_shs,25
bd_shs,21
bd_shs,524
bd_shs,9
bd_shs,24
bd_shs,5
bd_shs,76
bd_shs,15
bd_shs,156
bd_shs,53
bd_shs,38
bd_shs,25
bd_shs,9
bd_shs,445
bd_shs,54
bd_shs,20
bd_shs,8
bd_shs,132
bd_shs,22
bd_shs,197
bd_shs,16
bd_shs,16
bd_shs,130
bd_shs,57
bd_shs,90
bd_shs,53
bd_shs,13
bd_shs,5
bd_shs,6
bd_shs,19
bd_shs,29
bd_shs,24
bd_shs,119
bd_shs,23
bd_shs,12
bd_shs,38
bd_shs,33
bd_shs,84
bd_shs,31
bd_shs,40
bd_shs,9
bd_shs,23
bd_shs,75
bd_shs,88
bd_shs,11
bd_shs,30
bd_shs,26
bd_shs,12
bd_shs,39
bd_shs,17
bd_shs,21
bd_shs,16
bd_shs,36
bd_shs,47
bd_shs,68
bd_shs,8
bd_shs,21
bd_shs,7
bd_shs,6
bd_shs,87
bd_shs,20
bd_shs,32
bd_shs,9
bd_shs,16
bd_shs,28
bd_shs,5
bd_shs,84
bd_shs,18
bd_shs,199
bd_shs,23
bd_shs,44
bd_shs,33
bd_shs,14
bd_shs,54
bd_shs,36
bd_shs,112
bd_shs,39
bd_shs,23
bd_shs,45
bd_shs,24
bd_shs,18
bd_shs,65
bd_shs,83
bd_shs,11
bd_shs,171
bd_shs,9
bd_shs,90
bd_shs,139
bd_shs,19
bd_shs,33
bd_shs,42
bd_shs,121
bd_shs,13
bd_shs,65
bd_shs,32
bd_shs,47
bd_shs,33
bd_shs,39
bd_shs,52
bd_shs,28
bd_shs,32
bd_shs,10
bd_shs,29
bd_shs,309
bd_shs,85
bd_shs,31
bd_shs,13
bd_shs,21
bd_shs,85
bd_shs,69
bd_shs,47
bd_shs,49
bd_shs,271
bd_shs,55
bd_shs,39
bd_shs,33
bd_shs,54
bd_shs,20
bd_shs,41
bd_shs,6
bd_shs,23
bd_shs,21
bd_shs,24
bd_shs,69
bd_shs,40
bd_shs,40
bd_shs,38
bd_shs,15
bd_shs,29
bd_shs,73
bd_shs,14
bd_shs,19
bd_shs,28
bd_shs,19
bd_shs,54
bd_shs,51
bd_shs,5
bd_shs,10
bd_shs,25
bd_shs,27
bd_shs,96
bd_shs,18
bd_shs,10
bd_shs,35
bd_shs,5
bd_shs,9
bd_shs,226
bd_shs,40
bd_shs,21
bd_shs,103
bd_shs,11
bd_shs,219
bd_shs,52
bd_shs,22
bd_shs,15
bd_shs,29
bd_shs,93
bd_shs,13
bd_shs,34
bd_shs,10
bd_shs,46
bd_shs,19
bd_shs,11
bd_shs,5
bd_shs,12
bd_shs,70
bd_shs,73
bd_shs,18
bd_shs,18
bd_shs,25
bd_shs,109
bd_shs,29
bd_shs,27
bd_shs,46
bd_shs,12
bd_shs,92
bd_shs,12
bd_shs,45
bd_shs,32
bd_shs,30
bd_shs,14
bd_shs,34
bd_shs,16
bd_shs,29
bd_shs,24
bd_shs,19
bd_shs,27
bd_shs,89
bd_shs,9
bd_shs,47
bd_shs,12
bd_shs,22
bd_shs,77
bd_shs,72
bd_shs,32
bd_shs,21
bd_shs,34
bd_shs,38
bd_shs,21
bd_shs,16
bd_shs,16
bd_shs,10
bd_shs,20
bd_shs,42
bd_shs,8
bd_shs,16
bd_shs,36
bd_shs,21
bd_shs,58
bd_shs,52
bd_shs,37
bd_shs,101
bd_shs,105
bd_shs,29
bd_shs,16
bd_shs,139
bd_shs,17
bd_shs,23
bd_shs,66
bd_shs,20
bd_shs,46
bd_shs,63
bd_shs,14
bd_shs,73
bd_shs,51
bd_shs,71
bd_shs,28
bd_shs,10
bd_shs,20
bd_shs,15
bd_shs,26
bd_shs,19
bd_shs,20
bd_shs,62
bd_shs,12
bd_shs,13
bd_shs,28
bd_shs,28
bd_shs,10
bd_shs,31
bd_shs,108
bd_shs,28
bd_shs,312
bd_shs,33
bd_shs,19
bd_shs,12
bd_shs,24
bd_shs,21
bd_shs,8
bd_shs,12
bd_shs,13
bd_shs,25
bd_shs,41
bd_shs,127
bd_shs,33
bd_shs,24
bd_shs,40
bd_shs,36
bd_shs,75
bd_shs,117
bd_shs,30
bd_shs,26
bd_shs,55
bd_shs,36
bd_shs,57
bd_shs,46
bd_shs,22
bd_shs,31
bd_shs,18
bd_shs,52
bd_shs,14
bd_shs,12
bd_shs,97
bd_shs,9
bd_shs,32
bd_shs,6
bd_shs,59
bd_shs,32
bd_shs,16
bd_shs,31
bd_shs,14
bd_shs,45
bd_shs,12
bd_shs,17
bd_shs,41
bd_shs,30
bd_shs,75
bd_shs,12
bd_shs,15
bd_shs,15
bd_shs,23
bd_shs,22
bd_shs,34
bd_shs,97
bd_shs,44
bd_shs,63
bd_shs,186
bd_shs,12
bd_shs,38
bd_shs,29
bd_shs,19
bd_shs,40
bd_shs,50
bd_shs,62
bd_shs,11
bd_shs,10
bd_shs,47
bd_shs,182
bd_shs,44
bd_shs,17
bd_shs,25
bd_shs,59
bd_shs,13
bd_shs,17
bd_shs,141
bd_shs,267
bd_shs,128
bd_shs,52
bd_shs,109
bd_shs,19
bd_shs,85
bd_shs,12
bd_shs,107
bd_shs,16
bd_shs,31
bd_shs,50
bd_shs,14
bd_shs,42
bd_shs,32
bd_shs,22
bd_shs,55
bd_shs,12
bd_shs,28
bd_shs,448
bd_shs,81
bd_shs,16
bd_shs,68
bd_shs,94
bd_shs,34
bd_shs,26
bd_shs,39
bd_shs,32
bd_shs,6
bd_shs,63
bd_shs,57
bd_shs,15
bd_shs,31
bd_shs,29
bd_shs,11
bd_shs,49
bd_shs,9
bd_shs,99
bd_shs,8
bd_shs,13
bd_shs,13
bd_shs,52
bd_shs,28
bd_shs,7
bd_shs,10
bd_shs,46
bd_shs,101
bd_shs,6
bd_shs,58
bd_shs,22
bd_shs,49
bd_shs,18
bd_shs,40
bd_shs,9
bd_shs,296
bd_shs,12
bd_shs,38
bd_shs,34
bd_shs,27
bd_shs,198
bd_shs,27
bd_shs,4
bd_shs,49
bd_shs,284
bd_shs,13
bd_shs,11
bd_shs,22
bd_shs,18
bd_shs,68
bd_shs,26
bd_shs,4
bd_shs,65
bd_shs,12
bd_shs,76
bd_shs,22
bd_shs,95
bd_shs,20
bd_shs,13
bd_shs,15
bd_shs,92
bd_shs,17
bd_shs,13
bd_shs,67
bd_shs,59
bd_shs,71
bd_shs,66
bd_shs,23
bd_shs,177
bd_shs,38
bd_shs,35
bd_shs,107
bd_shs,18
bd_shs,33
bd_shs,7
bd_shs,103
bd_shs,16
bd_shs,19
bd_shs,38
bd_shs,41
bd_shs,14
bd_shs,13
bd_shs,16
bd_shs,73
bd_shs,23
bd_shs,29
bd_shs,37
bd_shs,28
bd_shs,26
bd_shs,8
bd_shs,31
bd_shs,78
bd_shs,84
bd_shs,7
bd_shs,6
bd_shs,8
bd_shs,25
bd_shs,33
bd_shs,30
bd_shs,39
bd_shs,159
bd_shs,44
bd_shs,32
bd_shs,108
bd_shs,78
bd_shs,26
bd_shs,24
bd_shs,14
bd_shs,13
bd_shs,13
bd_shs,136
bd_shs,168
bd_shs,5
bd_shs,29
bd_shs,8
bd_shs,124
bd_shs,87
bd_shs,28
bd_shs,14
bd_shs,7
bd_shs,22
bd_shs,163
bd_shs,95
bd_shs,82
bd_shs,129
bd_shs,32
bd_shs,22
bd_shs,12
bd_shs,29
bd_shs,24
bd_shs,184
bd_shs,41
bd_shs,69
bd_shs,91
bd_shs,75
bd_shs,8
bd_shs,28
bd_shs,14
bd_shs,16
bd_shs,5
bd_shs,105
bd_shs,165
bd_shs,15
bd_shs,94
bd_shs,65
bd_shs,48
bd_shs,11
bd_shs,25
bd_shs,33
bd_shs,33
bd_shs,9
bd_shs,24
bd_shs,22
bd_shs,13
bd_shs,14
bd_shs,58
bd_shs,54
bd_shs,20
bd_shs,83
bd_shs,24
bd_shs,35
bd_shs,69
bd_shs,22
bd_shs,75
bd_shs,13
bd_shs,79
bd_shs,1171
bd_shs,20
bd_shs,103
bd_shs,88
bd_shs,40
bd_shs,36
bd_shs,35
bd_shs,24
bd_shs,28
bd_shs,119
bd_shs,48
bd_shs,3
bd_shs,43
bd_shs,64
bd_shs,12
bd_shs,14
bd_shs,11
bd_shs,71
bd_shs,5
bd_shs,41
bd_shs,28
bd_shs,5
bd_shs,66
bd_shs,24
bd_shs,146
bd_shs,15
bd_shs,7
bd_shs,52
bd_shs,5
bd_shs,26
bd_shs,29
bd_shs,36
bd_shs,11
bd_shs,15
bd_shs,76
bd_shs,31
bd_shs,41
bd_shs,83
bd_shs,19
bd_shs,83
bd_shs,17
bd_shs,102
bd_shs,17
bd_shs,17
bd_shs,22
bd_shs,87
bd_shs,53
bd_shs,43
bd_shs,12
bd_shs,24
bd_shs,12
bd_shs,31
bd_shs,33
bd_shs,34
bd_shs,42
bd_shs,34
bd_shs,17
bd_shs,25
bd_shs,31
bd_shs,15
bd_shs,25
bd_shs,24
bd_shs,169
bd_shs,6
bd_shs,65
bd_shs,14
bd_shs,169
bd_shs,44
bd_shs,23
bd_shs,30
bd_shs,24
bd_shs,26
bd_shs,29
bd_shs,349
bd_shs,23
bd_shs,24
bd_shs,82
bd_shs,22
bd_shs,89
bd_shs,64
bd_shs,270
bd_shs,90
bd_shs,36
bd_shs,26
bd_shs,5
bd_shs,24
bd_shs,23
bd_shs,16
bd_shs,35
bd_shs,49
bd_shs,43
bd_shs,76
bd_shs,68
bd_shs,46
bd_shs,24
bd_shs,52
bd_shs,167
bd_shs,16
bd_shs,134
bd_shs,31
bd_shs,65
bd_shs,17
bd_shs,36
bd_shs,13
bd_shs,51
bd_shs,25
bd_shs,32
bd_shs,36
bd_shs,62
bd_shs,15
bd_shs,44
bd_shs,32
bd_shs,145
bd_shs,19
bd_shs,19
bd_shs,7
bd_shs,16
bd_shs,11
bd_shs,88
bd_shs,17
bd_shs,22
bd_shs,60
bd_shs,14
bd_shs,14
bd_shs,45
bd_shs,73
bd_shs,57
bd_shs,18
bd_shs,35
bd_shs,85
bd_shs,278
bd_shs,20
bd_shs,26
bd_shs,117
bd_shs,15
bd_shs,16
bd_shs,10
bd_shs,12
bd_shs,6
bd_shs,53
bd_shs,69
bd_shs,46
bd_shs,38
bd_shs,11
bd_shs,61
bd_shs,20
bd_shs,19
bd_shs,11
bd_shs,56
bd_shs,17
bd_shs,21
bd_shs,44
bd_shs,33
bd_shs,25
bd_shs,15
bd_shs,26
bd_shs,266
bd_shs,52
bd_shs,30
bd_shs,5
bd_shs,9
bd_shs,18
bd_shs,97
bd_shs,23
bd_shs,169
bd_shs,26
bd_shs,36
bd_shs,69
bd_shs,10
bd_shs,17
bd_shs,46
bd_shs,120
bd_shs,85
bd_shs,22
bd_shs,18
bd_shs,20
bd_shs,26
bd_shs,5
bd_shs,22
bd_shs,125
bd_shs,8
bd_shs,14
bd_shs,19
bd_shs,7
bd_shs,38
bd_shs,23
bd_shs,124
bd_shs,135
bd_shs,52
bd_shs,28
bd_shs,32
bd_shs,50
bd_shs,16
bd_shs,31
bd_shs,35
bd_shs,10
bd_shs,20
bd_shs,32
bd_shs,20
bd_shs,28
bd_shs,136
bd_shs,16
bd_shs,22
bd_shs,28
bd_shs,51
bd_shs,109
bd_shs,26
bd_shs,16
bd_shs,47
bd_shs,23
bd_shs,20
bd_shs,11
bd_shs,25
bd_shs,6
bd_shs,9
bd_shs,60
bd_shs,18
bd_shs,7
bd_shs,34
bd_shs,26
bd_shs,25
bd_shs,43
bd_shs,27
bd_shs,22
bd_shs,64
bd_shs,22
bd_shs,130
bd_shs,25
bd_shs,39
bd_shs,40
bd_shs,21
bd_shs,15
bd_shs,15
bd_shs,18
bd_shs,125
bd_shs,26
bd_shs,9
bd_shs,54
bd_shs,11
bd_shs,16
bd_shs,57
bd_shs,45
bd_shs,10
bd_shs,43
bd_shs,59
bd_shs,49
bd_shs,7
bd_shs,34
bd_shs,67
bd_shs,43
bd_shs,30
bd_shs,13
bd_shs,11
bd_shs,18
bd_shs,31
bd_shs,57
bd_shs,28
bd_shs,42
bd_shs,29
bd_shs,142
bd_shs,22
bd_shs,21
bd_shs,42
bd_shs,52
bd_shs,28
bd_shs,16
bd_shs,40
bd_shs,19
bd_shs,63
bd_shs,57
bd_shs,11
bd_shs,107
bd_shs,67
bd_shs,13
bd_shs,9
bd_shs,21
bd_shs,12
bd_shs,51
bd_shs,115
bd_shs,9
bd_shs,16
bd_shs,24
bd_shs,38
bd_shs,74
bd_shs,6
bd_shs,11
bd_shs,42
bd_shs,28
bd_shs,4
bd_shs,24
bd_shs,18
bd_shs,109
bd_shs,23
bd_shs,42
bd_shs,13
bd_shs,52
bd_shs,28
bd_shs,20
bd_shs,6
bd_shs,358
bd_shs,30
bd_shs,30
bd_shs,11
bd_shs,40
bd_shs,47
bd_shs,37
bd_shs,26
bd_shs,23
bd_shs,27
bd_shs,31
bd_shs,61
bd_shs,12
bd_shs,41
bd_shs,43
bd_shs,22
bd_shs,148
bd_shs,25
bd_shs,14
bd_shs,44
bd_shs,25
bd_shs,5
bd_shs,68
bd_shs,21
bd_shs,41
bd_shs,7
bd_shs,113
bd_shs,71
bd_shs,124
bd_shs,11
bd_shs,28
bd_shs,25
bd_shs,17
bd_shs,52
bd_shs,43
bd_shs,16
bd_shs,69
bd_shs,24
bd_shs,13
bd_shs,111
bd_shs,37
bd_shs,65
bd_shs,35
bd_shs,13
bd_shs,26
bd_shs,58
bd_shs,172
bd_shs,92
bd_shs,27
bd_shs,75
bd_shs,35
bd_shs,37
bd_shs,30
bd_shs,92
bd_shs,10
bd_shs,21
bd_shs,27
bd_shs,35
bd_shs,72
bd_shs,31
bd_shs,37
bd_shs,19
bd_shs,7
bd_shs,49
bd_shs,68
bd_shs,29
bd_shs,47
bd_shs,63
bd_shs,77
bd_shs,29
bd_shs,181
bd_shs,86
bd_shs,18
bd_shs,10
bd_shs,34
bd_shs,58
bd_shs,43
bd_shs,53
bd_shs,94
bd_shs,35
bd_shs,21
bd_shs,20
bd_shs,43
bd_shs,28
bd_shs,41
bd_shs,99
bd_shs,25
bd_shs,70
bd_shs,76
bd_shs,67
bd_shs,13
bd_shs,106
bd_shs,36
bd_shs,25
bd_shs,27
bd_shs,14
bd_shs,44
bd_shs,174
bd_shs,92
bd_shs,56
bd_shs,11
bd_shs,12
bd_shs,22
bd_shs,50
bd_shs,9
bd_shs,12
bd_shs,12
bd_shs,66
bd_shs,34
bd_shs,13
bd_shs,34
bd_shs,18
bd_shs,15
bd_shs,15
bd_shs,107
bd_shs,18
bd_shs,11
bd_shs,31
bd_shs,27
bd_shs,59
bd_shs,25
bd_shs,77
bd_shs,23
bd_shs,6
bd_shs,8
bd_shs,18
bd_shs,39
bd_shs,27
bd_shs,34
bd_shs,44
bd_shs,40
bd_shs,14
bd_shs,43
bd_shs,9
bd_shs,15
bd_shs,19
bd_shs,36
bd_shs,8
bd_shs,12
bd_shs,26
bd_shs,22
bd_shs,24
bd_shs,14
bd_shs,33
bd_shs,20
bd_shs,12
bd_shs,23
bd_shs,19
bd_shs,20
bd_shs,25
bd_shs,36
bd_shs,12
bd_shs,35
bd_shs,111
bd_shs,19
bd_shs,100
bd_shs,10
bd_shs,295
bd_shs,58
bd_shs,169
bd_shs,22
bd_shs,15
bd_shs,46
bd_shs,19
bd_shs,85
bd_shs,58
bd_shs,38
bd_shs,27
bd_shs,84
bd_shs,179
bd_shs,15
bd_shs,12
bd_shs,9
bd_shs,61
bd_shs,33
bd_shs,32
bd_shs,9
bd_shs,363
bd_shs,46
bd_shs,66
bd_shs,28
bd_shs,29
bd_shs,10
bd_shs,28
bd_shs,38
bd_shs,44
bd_shs,13
bd_shs,23
bd_shs,34
bd_shs,99
bd_shs,17
bd_shs,18
bd_shs,117
bd_shs,13
bd_shs,13
bd_shs,59
bd_shs,10
bd_shs,85
bd_shs,22
bd_shs,120
bd_shs,19
bd_shs,57
bd_shs,19
bd_shs,14
bd_shs,9
bd_shs,86
bd_shs,10
bd_shs,62
bd_shs,38
bd_shs,50
bd_shs,43
bd_shs,18
bd_shs,13
bd_shs,36
bd_shs,40
bd_shs,47
bd_shs,180
bd_shs,11
bd_shs,74
bd_shs,14
bd_shs,49
bd_shs,30
bd_shs,26
bd_shs,24
bd_shs,53
bd_shs,9
bd_shs,94
bd_shs,16
bd_shs,87
bd_shs,17
bd_shs,3
bd_shs,47
bd_shs,42
bd_shs,15
bd_shs,6
bd_shs,322
bd_shs,40
bd_shs,35
bd_shs,18
bd_shs,35
bd_shs,26
bd_shs,10
bd_shs,21
bd_shs,58
bd_shs,71
bd_shs,26
bd_shs,34
bd_shs,9
bd_shs,100
bd_shs,76
bd_shs,22
bd_shs,19
bd_shs,79
bd_shs,11
bd_shs,8
bd_shs,23
bd_shs,8
bd_shs,46
bd_shs,42
bd_shs,18
bd_shs,20
bd_shs,17
bd_shs,104
bd_shs,13
bd_shs,47
bd_shs,16
bd_shs,90
bd_shs,48
bd_shs,48
bd_shs,71
bd_shs,50
bd_shs,13
bd_shs,19
bd_shs,17
bd_shs,86
bd_shs,38
bd_shs,9
bd_shs,23
bd_shs,36
bd_shs,24
bd_shs,17
bd_shs,49
bd_shs,20
bd_shs,477
bd_shs,29
bd_shs,27
bd_shs,24
bd_shs,46
bd_shs,12
bd_shs,24
bd_shs,106
bd_shs,51
bd_shs,139
bd_shs,18
bd_shs,126
bd_shs,16
bd_shs,47
bd_shs,67
bd_shs,7
bd_shs,56
bd_shs,23
bd_shs,10
bd_shs,36
bd_shs,34
bd_shs,75
bd_shs,35
bd_shs,52
bd_shs,17
bd_shs,18
bd_shs,14
bd_shs,31
bd_shs,13
bd_shs,53
bd_shs,22
bd_shs,19
bd_shs,13
bd_shs,93
bd_shs,46
bd_shs,12
bd_shs,98
bd_shs,158
bd_shs,9
bd_shs,23
bd_shs,10
bd_shs,63
bd_shs,18
bd_shs,41
bd_shs,10
bd_shs,16
bd_shs,9
bd_shs,7
bd_shs,33
bd_shs,66
bd_shs,4
bd_shs,59
bd_shs,18
bd_shs,7
bd_shs,21
bd_shs,56
bd_shs,26
bd_shs,5
bd_shs,25
bd_shs,32
bd_shs,219
bd_shs,30
bd_shs,22
bd_shs,12
bd_shs,33
bd_shs,12
bd_shs,32
bd_shs,27
bd_shs,26
bd_shs,47
bd_shs,48
bd_shs,14
bd_shs,15
bd_shs,156
bd_shs,90
bd_shs,33
bd_shs,75
bd_shs,67
bd_shs,14
bd_shs,77
bd_shs,30
bd_shs,41
bd_shs,16
bd_shs,23
bd_shs,36
bd_shs,14
bd_shs,29
bd_shs,13
bd_shs,30
bd_shs,18
bd_shs,11
bd_shs,15
bd_shs,18
bd_shs,30
bd_shs,113
bd_shs,79
bd_shs,25
bd_shs,6
bd_shs,158
bd_shs,80
bd_shs,89
bd_shs,17
bd_shs,41
bd_shs,93
bd_shs,52
bd_shs,8
bd_shs,13
bd_shs,41
bd_shs,7
bd_shs,20
bd_shs,26
bd_shs,22
bd_shs,141
bd_shs,74
bd_shs,33
bd_shs,14
bd_shs,49
bd_shs,85
bd_shs,9
bd_shs,35
bd_shs,19
bd_shs,13
bd_shs,45
bd_shs,109
bd_shs,538
bd_shs,63
bd_shs,106
bd_shs,27
bd_shs,10
bd_shs,152
bd_shs,20
bd_shs,268
bd_shs,12
bd_shs,25
bd_shs,23
bd_shs,15
bd_shs,29
bd_shs,31
bd_shs,6
bd_shs,72
bd_shs,20
bd_shs,59
bd_shs,21
bd_shs,11
bd_shs,10
bd_shs,27
bd_shs,12
bd_shs,171
bd_shs,9
bd_shs,37
bd_shs,24
bd_shs,19
bd_shs,13
bd_shs,38
bd_shs,27
bd_shs,58
bd_shs,16
bd_shs,7
bd_shs,73
bd_shs,5
bd_shs,110
bd_shs,22
bd_shs,111
bd_shs,85
bd_shs,93
bd_shs,23
bd_shs,20
bd_shs,34
bd_shs,79
bd_shs,36
bd_shs,18
bd_shs,24
bd_shs,60
bd_shs,50
bd_shs,24
bd_shs,14
bd_shs,71
bd_shs,113
bd_shs,11
bd_shs,62
bd_shs,20
bd_shs,42
bd_shs,94
bd_shs,121
bd_shs,40
bd_shs,114
bd_shs,158
bd_shs,6
bd_shs,12
bd_shs,52
bd_shs,40
bd_shs,36
bd_shs,85
bd_shs,24
bd_shs,22
bd_shs,9
bd_shs,31
bd_shs,339
bd_shs,9
bd_shs,24
bd_shs,64
bd_shs,22
bd_shs,138
bd_shs,28
bd_shs,77
bd_shs,20
bd_shs,61
bd_shs,43
bd_shs,13
bd_shs,10
bd_shs,33
bd_shs,49
bd_shs,178
bd_shs,103
bd_shs,140
bd_shs,62
bd_shs,20
bd_shs,28
bd_shs,9
bd_shs,21
bd_shs,22
bd_shs,13
bd_shs,17
bd_shs,9
bd_shs,32
bd_shs,34
bd_shs,97
bd_shs,22
bd_shs,19
bd_shs,66
bd_shs,21
bd_shs,9
bd_shs,12
bd_shs,25
bd_shs,35
bd_shs,14
bd_shs,17
bd_shs,24
bd_shs,53
bd_shs,47
bd_shs,30
bd_shs,204
bd_shs,5
bd_shs,59
bd_shs,109
bd_shs,9
bd_shs,33
bd_shs,20
bd_shs,26
bd_shs,75
bd_shs,26
bd_shs,31
bd_shs,48
bd_shs,29
bd_shs,15
bd_shs,68
bd_shs,21
bd_shs,9
bd_shs,10
bd_shs,12
bd_shs,75
bd_shs,200
bd_shs,103
bd_shs,39
bd_shs,29
bd_shs,29
bd_shs,25
bd_shs,20
bd_shs,51
bd_shs,22
bd_shs,96
bd_shs,12
bd_shs,52
bd_shs,45
bd_shs,20
bd_shs,48
bd_shs,35
bd_shs,66
bd_shs,48
bd_shs,52
bd_shs,30
bd_shs,29
bd_shs,23
bd_shs,121
bd_shs,22
bd_shs,36
bd_shs,13
bd_shs,18
bd_shs,22
bd_shs,26
bd_shs,34
bd_shs,106
bd_shs,17
bd_shs,61
bd_shs,10
bd_shs,62
bd_shs,31
bd_shs,13
bd_shs,31
bd_shs,184
bd_shs,49
bd_shs,92
bd_shs,15
bd_shs,28
bd_shs,5
bd_shs,108
bd_shs,7
bd_shs,73
bd_shs,46
bd_shs,50
bd_shs,15
bd_shs,40
bd_shs,38
bd_shs,16
bd_shs,235
bd_shs,26
bd_shs,20
bd_shs,10
bd_shs,17
bd_shs,14
bd_shs,32
bd_shs,38
bd_shs,32
bd_shs,41
bd_shs,31
bd_shs,14
bd_shs,4
bd_shs,7
bd_shs,64
bd_shs,30
bd_shs,24
bd_shs,25
bd_shs,424
bd_shs,10
bd_shs,10
bd_shs,33
bd_shs,92
bd_shs,61
bd_shs,30
bd_shs,38
bd_shs,11
bd_shs,28
bd_shs,33
bd_shs,42
bd_shs,44
bd_shs,14
bd_shs,11
bd_shs,43
bd_shs,463
bd_shs,89
bd_shs,80
bd_shs,12
bd_shs,79
bd_shs,10
bd_shs,20
bd_shs,18
bd_shs,23
bd_shs,105
bd_shs,142
bd_shs,17
bd_shs,13
bd_shs,3
bd_shs,19
bd_shs,35
bd_shs,63
bd_shs,18
bd_shs,37
bd_shs,41
bd_shs,104
bd_shs,53
bd_shs,70
bd_shs,49
bd_shs,15
bd_shs,49
bd_shs,75
bd_shs,5
bd_shs,19
bd_shs,49
bd_shs,48
bd_shs,66
bd_shs,17
bd_shs,17
bd_shs,119
bd_shs,12
bd_shs,252
bd_shs,37
bd_shs,22
bd_shs,65
bd_shs,38
bd_shs,18
bd_shs,15
bd_shs,15
bd_shs,28
bd_shs,17
bd_shs,174
bd_shs,13
bd_shs,32
bd_shs,68
bd_shs,21
bd_shs,46
bd_shs,26
bd_shs,33
bd_shs,6
bd_shs,27
bd_shs,14
bd_shs,254
bd_shs,17
bd_shs,29
bd_shs,105
bd_shs,41
bd_shs,40
bd_shs,22
bd_shs,25
bd_shs,16
bd_shs,76
bd_shs,79
bd_shs,10
bd_shs,20
bd_shs,18
bd_shs,9
bd_shs,63
bd_shs,17
bd_shs,20
bd_shs,22
bd_shs,44
bd_shs,19
bd_shs,25
bd_shs,19
bd_shs,30
bd_shs,38
bd_shs,11
bd_shs,47
bd_shs,45
bd_shs,22
bd_shs,31
bd_shs,16
bd_shs,25
bd_shs,76
bd_shs,121
bd_shs,31
bd_shs,30
bd_shs,11
bd_shs,13
bd_shs,81
bd_shs,5
bd_shs,10
bd_shs,40
bd_shs,24
bd_shs,21
bd_shs,11
bd_shs,408
bd_shs,20
bd_shs,50
bd_shs,12
bd_shs,22
bd_shs,22
bd_shs,178
bd_shs,14
bd_shs,17
bd_shs,19
bd_shs,69
bd_shs,23
bd_shs,29
bd_shs,38
bd_shs,12
bd_shs,15
bd_shs,21
bd_shs,65
bd_shs,27
bd_shs,77
bd_shs,29
bd_shs,85
bd_shs,54
bd_shs,12
bd_shs,17
bd_shs,15
bd_shs,10
bd_shs,41
bd_shs,34
bd_shs,16
bd_shs,55
bd_shs,41
bd_shs,39
bd_shs,25
bd_shs,19
bd_shs,75
bd_shs,9
bd_shs,71
bd_shs,35
bd_shs,46
bd_shs,12
bd_shs,9
bd_shs,40
bd_shs,19
bd_shs,28
bd_shs,14
bd_shs,26
bd_shs,17
bd_shs,44
bd_shs,60
bd_shs,50
bd_shs,46
bd_shs,24
bd_shs,68
bd_shs,14
bd_shs,260
bd_shs,12
bd_shs,47
bd_shs,47
bd_shs,26
bd_shs,21
bd_shs,66
bd_shs,32
bd_shs,87
bd_shs,54
bd_shs,17
bd_shs,34
bd_shs,39
bd_shs,9
bd_shs,15
bd_shs,8
bd_shs,48
bd_shs,13
bd_shs,20
bd_shs,36
bd_shs,14
bd_shs,64
bd_shs,51
bd_shs,10
bd_shs,15
bd_shs,14
bd_shs,20
bd_shs,41
bd_shs,14
bd_shs,23
bd_shs,66
bd_shs,42
bd_shs,34
bd_shs,7
bd_shs,26
bd_shs,84
bd_shs,21
bd_shs,82
bd_shs,50
bd_shs,12
bd_shs,74
bd_shs,549
bd_shs,21
bd_shs,49
bd_shs,46
bd_shs,126
bd_shs,58
bd_shs,18
bd_shs,27
bd_shs,7
bd_shs,14
bd_shs,28
bd_shs,32
bd_shs,40
bd_shs,56
bd_shs,27
bd_shs,35
bd_shs,74
bd_shs,14
bd_shs,11
bd_shs,5
bd_shs,8
bd_shs,24
bd_shs,28
bd_shs,27
bd_shs,19
bd_shs,23
bd_shs,21
bd_shs,22
bd_shs,57
bd_shs,20
bd_shs,82
bd_shs,25
bd_shs,54
bd_shs,11
bd_shs,44
bd_shs,48
bd_shs,8
bd_shs,9
bd_shs,33
bd_shs,125
bd_shs,47
bd_shs,20
bd_shs,29
bd_shs,20
bd_shs,25
bd_shs,40
bd_shs,7
bd_shs,21
bd_shs,7
bd_shs,39
bd_shs,66
bd_shs,21
bd_shs,37
bd_shs,122
bd_shs,29
bd_shs,13
bd_shs,22
bd_shs,50
bd_shs,20
bd_shs,27
bd_shs,59
bd_shs,32
bd_shs,31
bd_shs,70
bd_shs,39
bd_shs,10
bd_shs,22
bd_shs,59
bd_shs,26
bd_shs,28
bd_shs,224
bd_shs,49
bd_shs,13
bd_shs,21
bd_shs,30
bd_shs,71
bd_shs,46
bd_shs,18
bd_shs,14
bd_shs,55
bd_shs,80
bd_shs,76
bd_shs,13
bd_shs,53
bd_shs,34
bd_shs,27
bd_shs,36
bd_shs,68
bd_shs,80
bd_shs,194
bd_shs,155
bd_shs,41
bd_shs,13
bd_shs,16
bd_shs,24
bd_shs,22
bd_shs,18
bd_shs,17
bd_shs,24
bd_shs,507
bd_shs,62
bd_shs,142
bd_shs,21
bd_shs,7
bd_shs,20
bd_shs,96
bd_shs,16
bd_shs,28
bd_shs,21
bd_shs,9
bd_shs,38
bd_shs,37
bd_shs,22
bd_shs,100
bd_shs,18
bd_shs,34
bd_shs,108
bd_shs,20
bd_shs,11
bd_shs,3
bd_shs,32
bd_shs,39
bd_shs,15
bd_shs,15
bd_shs,83
bd_shs,18
bd_shs,26
bd_shs,7
bd_shs,105
bd_shs,11
bd_shs,30
bd_shs,61
bd_shs,54
bd_shs,23
bd_shs,197
bd_shs,126
bd_shs,51
bd_shs,10
bd_shs,166
bd_shs,30
bd_shs,56
bd_shs,68
bd_shs,108
bd_shs,57
bd_shs,36
bd_shs,14
bd_shs,113
bd_shs,17
bd_shs,43
bd_shs,23
bd_shs,139
bd_shs,76
bd_shs,14
bd_shs,266
bd_shs,13
bd_shs,42
bd_shs,30
bd_shs,31
bd_shs,19
bd_shs,13
bd_shs,34
bd_shs,18
bd_shs,88
bd_shs,92
bd_shs,28
bd_shs,24
bd_shs,47
bd_shs,16
bd_shs,13
bd_shs,13
bd_shs,9
bd_shs,48
bd_shs,8
bd_shs,39
bd_shs,46
bd_shs,47
bd_shs,66
bd_shs,8
bd_shs,35
bd_shs,24
bd_shs,10
bd_shs,50
bd_shs,34
bd_shs,16
bd_shs,12
bd_shs,23
bd_shs,285
bd_shs,16
bd_shs,48
bd_shs,64
bd_shs,21
bd_shs,156
bd_shs,28
bd_shs,52
bd_shs,19
bd_shs,23
bd_shs,49
bd_shs,4
bd_shs,14
bd_shs,30
bd_shs,49
bd_shs,17
bd_shs,17
bd_shs,45
bd_shs,11
bd_shs,75
bd_shs,18
bd_shs,22
bd_shs,45
bd_shs,190
bd_shs,12
bd_shs,12
bd_shs,14
bd_shs,29
bd_shs,33
bd_shs,74
bd_shs,32
bd_shs,20
bd_shs,102
bd_shs,30
bd_shs,106
bd_shs,60
bd_shs,27
bd_shs,20
bd_shs,18
bd_shs,38
bd_shs,68
bd_shs,36
bd_shs,157
bd_shs,38
bd_shs,70
bd_shs,96
bd_shs,13
bd_shs,38
bd_shs,86
bd_shs,11
bd_shs,18
bd_shs,14
bd_shs,22
bd_shs,129
bd_shs,64
bd_shs,38
bd_shs,18
bd_shs,59
bd_shs,39
bd_shs,5
bd_shs,23
bd_shs,15
bd_shs,32
bd_shs,102
bd_shs,36
bd_shs,21
bd_shs,44
bd_shs,19
bd_shs,131
bd_shs,7
bd_shs,36
bd_shs,23
bd_shs,22
bd_shs,21
bd_shs,97
bd_shs,41
bd_shs,127
bd_shs,36
bd_shs,7
bd_shs,11
bd_shs,7
bd_shs,39
bd_shs,24
bd_shs,33
bd_shs,38
bd_shs,19
bd_shs,38
bd_shs,16
bd_shs,10
bd_shs,25
bd_shs,21
bd_shs,35
bd_shs,14
bd_shs,11
bd_shs,110
bd_shs,53
bd_shs,16
bd_shs,16
bd_shs,16
bd_shs,9
bd_shs,299
bd_shs,65
bd_shs,29
bd_shs,22
bd_shs,23
bd_shs,125
bd_shs,11
bd_shs,27
bd_shs,17
bd_shs,21
bd_shs,94
bd_shs,12
bd_shs,17
bd_shs,16
bd_shs,20
bd_shs,8
bd_shs,226
bd_shs,520
bd_shs,15
bd_shs,18
bd_shs,8
bd_shs,22
bd_shs,43
bd_shs,9
bd_shs,44
bd_shs,41
bd_shs,16
bd_shs,21
bd_shs,19
bd_shs,74
bd_shs,27
bd_shs,49
bd_shs,718
bd_shs,204
bd_shs,16
bd_shs,13
bd_shs,5
bd_shs,45
bd_shs,22
bd_shs,53
bd_shs,19
bd_shs,18
bd_shs,14
bd_shs,197
bd_shs,7
bd_shs,85
bd_shs,14
bd_shs,39
bd_shs,132
bd_shs,19
bd_shs,68
bd_shs,21
bd_shs,25
bd_shs,19
bd_shs,9
bd_shs,10
bd_shs,19
bd_shs,13
bd_shs,21
bd_shs,52
bd_shs,5
bd_shs,41
bd_shs,60
bd_shs,9
bd_shs,33
bd_shs,122
bd_shs,42
bd_shs,18
bd_shs,23
bd_shs,43
bd_shs,84
bd_shs,16
bd_shs,10
bd_shs,24
bd_shs,123
bd_shs,39
bd_shs,25
bd_shs,30
bd_shs,14
bd_shs,39
bd_shs,5
bd_shs,39
bd_shs,69
bd_shs,43
bd_shs,47
bd_shs,18
bd_shs,11
bd_shs,16
bd_shs,12
bd_shs,15
bd_shs,36
bd_shs,13
bd_shs,52
bd_shs,37
bd_shs,40
bd_shs,20
bd_shs,21
bd_shs,16
bd_shs,64
bd_shs,73
bd_shs,42
bd_shs,92
bd_shs,27
bd_shs,67
bd_shs,25
bd_shs,20
bd_shs,26
bd_shs,41
bd_shs,107
bd_shs,366
bd_shs,9
bd_shs,59
bd_shs,30
bd_shs,31
bd_shs,5
bd_shs,89
bd_shs,6
bd_shs,53
bd_shs,12
bd_shs,16
bd_shs,23
bd_shs,173
bd_shs,13
bd_shs,11
bd_shs,16
bd_shs,82
bd_shs,8
bd_shs,12
bd_shs,23
bd_shs,82
bd_shs,90
bd_shs,24
bd_shs,22
bd_shs,44
bd_shs,17
bd_shs,9
bd_shs,24
bd_shs,19
bd_shs,117
bd_shs,34
bd_shs,21
bd_shs,29
bd_shs,24
bd_shs,22
bd_shs,6
bd_shs,38
bd_shs,45
bd_shs,40
bd_shs,13
bd_shs,32
bd_shs,8
bd_shs,28
bd_shs,29
bd_shs,19
bd_shs,37
bd_shs,310
bd_shs,39
bd_shs,17
bd_shs,101
bd_shs,658
bd_shs,23
bd_shs,136
bd_shs,104
bd_shs,21
bd_shs,23
bd_shs,48
bd_shs,43
bd_shs,31
bd_shs,15
bd_shs,15
bd_shs,29
bd_shs,34
bd_shs,39
bd_shs,55
bd_shs,58
bd_shs,16
bd_shs,50
bd_shs,8
bd_shs,109
bd_shs,10
bd_shs,23
bd_shs,52
bd_shs,82
bd_shs,29
bd_shs,11
bd_shs,24
bd_shs,62
bd_shs,25
bd_shs,51
bd_shs,10
bd_shs,25
bd_shs,110
bd_shs,19
bd_shs,120
bd_shs,28
bd_shs,19
bd_shs,28
bd_shs,8
bd_shs,28
bd_shs,185
bd_shs,23
bd_shs,39
bd_shs,92
bd_shs,196
bd_shs,14
bd_shs,10
bd_shs,62
bd_shs,62
bd_shs,28
bd_shs,24
bd_shs,11
bd_shs,93
bd_shs,19
bd_shs,15
bd_shs,42
bd_shs,25
bd_shs,14
bd_shs,84
bd_shs,100
bd_shs,9
bd_shs,19
bd_shs,37
bd_shs,10
bd_shs,24
bd_shs,14
bd_shs,4
bd_shs,16
bd_shs,75
bd_shs,12
bd_shs,7
bd_shs,9
bd_shs,160
bd_shs,55
bd_shs,12
bd_shs,82
bd_shs,11
bd_shs,38
bd_shs,15
bd_shs,13
bd_shs,23
bd_shs,17
bd_shs,37
bd_shs,6
bd_shs,220
bd_shs,24
bd_shs,38
bd_shs,37
bd_shs,10
bd_shs,3
bd_shs,59
bd_shs,44
bd_shs,50
bd_shs,6
bd_shs,118
bd_shs,17
bd_shs,31
bd_shs,5
bd_shs,96
bd_shs,23
bd_shs,31
bd_shs,24
bd_shs,46
bd_shs,143
bd_shs,21
bd_shs,29
bd_shs,17
bd_shs,10
bd_shs,42
bd_shs,79
bd_shs,15
bd_shs,44
bd_shs,19
bd_shs,79
bd_shs,24
bd_shs,170
bd_shs,149
bd_shs,18
bd_shs,21
bd_shs,62
bd_shs,77
bd_shs,56
bd_shs,6
bd_shs,28
bd_shs,53
bd_shs,420
bd_shs,133
bd_shs,63
bd_shs,15
bd_shs,83
bd_shs,86
bd_shs,18
bd_shs,38
bd_shs,43
bd_shs,10
bd_shs,22
bd_shs,17
bd_shs,184
bd_shs,33
bd_shs,29
bd_shs,18
bd_shs,66
bd_shs,60
bd_shs,8
bd_shs,22
bd_shs,39
bd_shs,12
bd_shs,68
bd_shs,74
bd_shs,16
bd_shs,51
bd_shs,13
bd_shs,58
bd_shs,118
bd_shs,21
bd_shs,84
bd_shs,30
bd_shs,51
bd_shs,49
bd_shs,13
bd_shs,47
bd_shs,57
bd_shs,19
bd_shs,27
bd_shs,30
bd_shs,54
bd_shs,165
bd_shs,43
bd_shs,29
bd_shs,61
bd_shs,25
bd_shs,23
bd_shs,16
bd_shs,50
bd_shs,15
bd_shs,16
bd_shs,16
bd_shs,16
bd_shs,17
bd_shs,43
bd_shs,44
bd_shs,48
bd_shs,13
bd_shs,14
bd_shs,18
bd_shs,14
bd_shs,7
bd_shs,231
bd_shs,25
bd_shs,23
bd_shs,58
bd_shs,22
bd_shs,28
bd_shs,13
bd_shs,6
bd_shs,83
bd_shs,22
bd_shs,23
bd_shs,51
bd_shs,4
bd_shs,71
bd_shs,30
bd_shs,132
bd_shs,72
bd_shs,82
bd_shs,31
bd_shs,18
bd_shs,17
bd_shs,13
bd_shs,21
bd_shs,31
bd_shs,12
bd_shs,17
bd_shs,22
bd_shs,20
bd_shs,17
bd_shs,34
bd_shs,293
bd_shs,24
bd_shs,15
bd_shs,97
bd_shs,25
bd_shs,58
bd_shs,17
bd_shs,710
bd_shs,79
bd_shs,14
bd_shs,152
bd_shs,34
bd_shs,28
bd_shs,17
bd_shs,10
bd_shs,24
bd_shs,10
bd_shs,36
bd_shs,38
bd_shs,20
bd_shs,21
bd_shs,9
bd_shs,27
bd_shs,28
bd_shs,41
bd_shs,58
bd_shs,112
bd_shs,125
bd_shs,9
bd_shs,34
bd_shs,55
bd_shs,27
bd_shs,29
bd_shs,52
bd_shs,179
bd_shs,127
bd_shs,107
bd_shs,64
bd_shs,142
bd_shs,15
bd_shs,16
bd_shs,15
bd_shs,81
bd_shs,10
bd_shs,65
bd_shs,10
bd_shs,12
bd_shs,119
bd_shs,14
bd_shs,50
bd_shs,31
bd_shs,24
bd_shs,21
bd_shs,93
bd_shs,30
bd_shs,21
bd_shs,12
bd_shs,87
bd_shs,69
bd_shs,6
bd_shs,6
bd_shs,23
bd_shs,129
bd_shs,116
bd_shs,28
bd_shs,20
bd_shs,125
bd_shs,12
bd_shs,51
bd_shs,22
bd_shs,40
bd_shs,64
bd_shs,19
bd_shs,25
bd_shs,7
bd_shs,64
bd_shs,41
bd_shs,41
bd_shs,7
bd_shs,10
bd_shs,30
bd_shs,37
bd_shs,9
bd_shs,33
bd_shs,20
bd_shs,27
bd_shs,11
bd_shs,29
bd_shs,19
bd_shs,12
bd_shs,55
bd_shs,39
bd_shs,15
bd_shs,145
bd_shs,56
bd_shs,123
bd_shs,9
bd_shs,37
bd_shs,147
bd_shs,42
bd_shs,61
bd_shs,33
bd_shs,12
bd_shs,12
bd_shs,32
bd_shs,22
bd_shs,7
bd_shs,56
bd_shs,16
bd_shs,23
bd_shs,14
bd_shs,48
bd_shs,26
bd_shs,222
bd_shs,9
bd_shs,20
bd_shs,24
bd_shs,45
bd_shs,63
bd_shs,28
bd_shs,9
bd_shs,8
bd_shs,33
bd_shs,72
bd_shs,53
bd_shs,30
bd_shs,9
bd_shs,24
bd_shs,10
bd_shs,47
bd_shs,5
bd_shs,43
bd_shs,18
bd_shs,38
bd_shs,16
bd_shs,32
bd_shs,6
bd_shs,32
bd_shs,48
bd_shs,19
bd_shs,26
bd_shs,28
bd_shs,12
bd_shs,44
bd_shs,18
bd_shs,15
bd_shs,16
bd_shs,28
bd_shs,152
bd_shs,16
bd_shs,22
bd_shs,101
bd_shs,70
bd_shs,71
bd_shs,39
bd_shs,17
bd_shs,12
bd_shs,22
bd_shs,18
bd_shs,17
bd_shs,39
bd_shs,30
bd_shs,28
bd_shs,88
bd_shs,65
bd_shs,41
bd_shs,95
bd_shs,36
bd_shs,30
bd_shs,13
bd_shs,48
bd_shs,55
bd_shs,9
bd_shs,31
bd_shs,43
bd_shs,17
bd_shs,45
bd_shs,38
bd_shs,8
bd_shs,61
bd_shs,69
bd_shs,15
bd_shs,28
bd_shs,43
bd_shs,59
bd_shs,12
bd_shs,22
bd_shs,14
bd_shs,53
bd_shs,9
bd_shs,14
bd_shs,18
bd_shs,24
bd_shs,41
bd_shs,32
bd_shs,21
bd_shs,22
bd_shs,25
bd_shs,12
bd_shs,31
bd_shs,33
bd_shs,9
bd_shs,361
bd_shs,30
bd_shs,29
bd_shs,83
bd_shs,9
bd_shs,27
bd_shs,61
bd_shs,31
bd_shs,17
bd_shs,14
bd_shs,57
bd_shs,184
bd_shs,25
bd_shs,7
bd_shs,11
bd_shs,189
bd_shs,34
bd_shs,68
bd_shs,52
bd_shs,41
bd_shs,83
bd_shs,10
bd_shs,32
bd_shs,19
bd_shs,8
bd_shs,129
bd_shs,26
bd_shs,14
bd_shs,84
bd_shs,18
bd_shs,78
bd_shs,18
bd_shs,41
bd_shs,161
bd_shs,12
bd_shs,123
bd_shs,39
bd_shs,13
bd_shs,33
bd_shs,48
bd_shs,18
bd_shs,34
bd_shs,28
bd_shs,94
bd_shs,38
bd_shs,60
bd_shs,13
bd_shs,14
bd_shs,13
bd_shs,13
bd_shs,43
bd_shs,62
bd_shs,35
bd_shs,8
bd_shs,16
bd_shs,10
bd_shs,580
bd_shs,23
bd_shs,10
bd_shs,57
bd_shs,15
bd_shs,53
bd_shs,41
bd_shs,19
bd_shs,25
bd_shs,17
bd_shs,14
bd_shs,54
bd_shs,56
bd_shs,33
bd_shs,28
bd_shs,123
bd_shs,16
bd_shs,10
bd_shs,48
bd_shs,17
bd_shs,46
bd_shs,100
bd_shs,101
bd_shs,16
bd_shs,12
bd_shs,29
bd_shs,11
bd_shs,32
bd_shs,38
bd_shs,15
bd_shs,39
bd_shs,125
bd_shs,21
bd_shs,33
bd_shs,16
bd_shs,22
bd_shs,19
bd_shs,46
bd_shs,13
bd_shs,17
bd_shs,61
bd_shs,27
bd_shs,44
bd_shs,12
bd_shs,13
bd_shs,55
bd_shs,49
bd_shs,97
bd_shs,24
bd_shs,82
bd_shs,63
bd_shs,88
bd_shs,359
bd_shs,35
bd_shs,63
bd_shs,26
bd_shs,43
bd_shs,24
bd_shs,38
bd_shs,58
bd_shs,15
bd_shs,24
bd_shs,76
bd_shs,15
bd_shs,20
bd_shs,131
bd_shs,12
bd_shs,20
bd_shs,10
bd_shs,30
bd_shs,41
bd_shs,19
bd_shs,14
bd_shs,140
bd_shs,35
bd_shs,13
bd_shs,560
bd_shs,40
bd_shs,38
bd_shs,17
bd_shs,26
bd_shs,20
bd_shs,38
bd_shs,31
bd_shs,9
bd_shs,79
bd_shs,15
bd_shs,89
bd_shs,108
bd_shs,62
bd_shs,12
bd_shs,132
bd_shs,10
bd_shs,69
bd_shs,28
bd_shs,17
bd_shs,47
bd_shs,84
bd_shs,67
bd_shs,24
bd_shs,162
bd_shs,84
bd_shs,8
bd_shs,52
bd_shs,30
bd_shs,40
bd_shs,608
bd_shs,15
bd_shs,26
bd_shs,68
bd_shs,128
bd_shs,32
bd_shs,31
bd_shs,28
bd_shs,17
bd_shs,19
bd_shs,24
bd_shs,33
bd_shs,13
bd_shs,40
bd_shs,33
bd_shs,40
bd_shs,19
bd_shs,411
bd_shs,22
bd_shs,16
bd_shs,45
bd_shs,51
bd_shs,16
bd_shs,71
bd_shs,102
bd_shs,16
bd_shs,35
bd_shs,10
bd_shs,30
bd_shs,11
bd_shs,18
bd_shs,37
bd_shs,59
bd_shs,63
bd_shs,84
bd_shs,16
bd_shs,17
bd_shs,31
bd_shs,14
bd_shs,33
bd_shs,10
bd_shs,121
bd_shs,46
bd_shs,19
bd_shs,16
bd_shs,62
bd_shs,47
bd_shs,23
bd_shs,25
bd_shs,24
bd_shs,61
bd_shs,86
bd_shs,3
bd_shs,47
bd_shs,84
bd_shs,7
bd_shs,20
bd_shs,38
bd_shs,102
bd_shs,12
bd_shs,23
bd_shs,14
bd_shs,38
bd_shs,47
bd_shs,107
bd_shs,10
bd_shs,52
bd_shs,65
bd_shs,17
bd_shs,97
bd_shs,29
bd_shs,147
bd_shs,15
bd_shs,32
bd_shs,97
bd_shs,28
bd_shs,22
bd_shs,20
bd_shs,126
bd_shs,68
bd_shs,122
bd_shs,50
bd_shs,14
bd_shs,22
bd_shs,36
bd_shs,41
bd_shs,32
bd_shs,60
bd_shs,42
bd_shs,31
bd_shs,7
bd_shs,19
bd_shs,13
bd_shs,29
bd_shs,70
bd_shs,8
bd_shs,8
bd_shs,12
bd_shs,15
bd_shs,190
bd_shs,18
bd_shs,8
bd_shs,106
bd_shs,46
bd_shs,42
bd_shs,12
bd_shs,5
bd_shs,14
bd_shs,19
bd_shs,77
bd_shs,45
bd_shs,12
bd_shs,22
bd_shs,7
bd_shs,39
bd_shs,22
bd_shs,26
bd_shs,13
bd_shs,51
bd_shs,44
bd_shs,38
bd_shs,19
bd_shs,71
bd_shs,118
bd_shs,250
bd_shs,48
bd_shs,17
bd_shs,14
bd_shs,9
bd_shs,43
bd_shs,123
bd_shs,13
bd_shs,8
bd_shs,56
bd_shs,54
bd_shs,445
bd_shs,20
bd_shs,30
bd_shs,8
bd_shs,93
bd_shs,18
bd_shs,58
bd_shs,16
bd_shs,39
bd_shs,34
bd_shs,54
bd_shs,78
bd_shs,32
bd_shs,80
bd_shs,89
bd_shs,39
bd_shs,42
bd_shs,45
bd_shs,23
bd_shs,63
bd_shs,21
bd_shs,22
bd_shs,95
bd_shs,20
bd_shs,15
bd_shs,53
bd_shs,33
bd_shs,34
bd_shs,11
bd_shs,6
bd_shs,9
bd_shs,129
bd_shs,56
bd_shs,10
bd_shs,49
bd_shs,35
bd_shs,42
bd_shs,63
bd_shs,64
bd_shs,9
bd_shs,72
bd_shs,23
bd_shs,83
bd_shs,55
bd_shs,61
bd_shs,16
bd_shs,35
bd_shs,19
bd_shs,12
bd_shs,14
bd_shs,111
bd_shs,40
bd_shs,43
bd_shs,144
bd_shs,19
bd_shs,53
bd_shs,102
bd_shs,18
bd_shs,27
bd_shs,38
bd_shs,65
bd_shs,35
bd_shs,23
bd_shs,24
bd_shs,64
bd_shs,270
bd_shs,68
bd_shs,38
bd_shs,11
bd_shs,19
bd_shs,243
bd_shs,30
bd_shs,6
bd_shs,18
bd_shs,40
bd_shs,354
bd_shs,19
bd_shs,40
bd_shs,11
bd_shs,59
bd_shs,19
bd_shs,39
bd_shs,27
bd_shs,24
bd_shs,138
bd_shs,18
bd_shs,15
bd_shs,23
bd_shs,37
bd_shs,159
bd_shs,10
bd_shs,92
bd_shs,18
bd_shs,38
bd_shs,9
bd_shs,14
bd_shs,108
bd_shs,51
bd_shs,253
bd_shs,15
bd_shs,215
bd_shs,14
bd_shs,27
bd_shs,24
bd_shs,35
bd_shs,11
bd_shs,27
bd_shs,62
bd_shs,59
bd_shs,39
bd_shs,24
bd_shs,30
bd_shs,19
bd_shs,14
bd_shs,33
bd_shs,316
bd_shs,19
bd_shs,43
bd_shs,267
bd_shs,31
bd_shs,264
bd_shs,34
bd_shs,105
bd_shs,8
bd_shs,48
bd_shs,8
bd_shs,16
bd_shs,10
bd_shs,13
bd_shs,24
bd_shs,43
bd_shs,59
bd_shs,40
bd_shs,24
bd_shs,19
bd_shs,13
bd_shs,8
bd_shs,27
bd_shs,30
bd_shs,21
bd_shs,11
bd_shs,111
bd_shs,91
bd_shs,4
bd_shs,39
bd_shs,42
bd_shs,11
bd_shs,16
bd_shs,31
bd_shs,99
bd_shs,38
bd_shs,151
bd_shs,70
bd_shs,27
bd_shs,59
bd_shs,43
bd_shs,88
bd_shs,91
bd_shs,22
bd_shs,37
bd_shs,11
bd_shs,26
bd_shs,65
bd_shs,22
bd_shs,16
bd_shs,103
bd_shs,48
bd_shs,129
bd_shs,44
bd_shs,12
bd_shs,20
bd_shs,19
bd_shs,14
bd_shs,73
bd_shs,24
bd_shs,32
bd_shs,23
bd_shs,30
bd_shs,101
bd_shs,12
bd_shs,72
bd_shs,21
bd_shs,10
bd_shs,42
bd_shs,35
bd_shs,9
bd_shs,19
bd_shs,28
bd_shs,37
bd_shs,8
bd_shs,115
bd_shs,67
bd_shs,39
bd_shs,54
bd_shs,62
bd_shs,17
bd_shs,9
bd_shs,16
bd_shs,72
bd_shs,13
bd_shs,8
bd_shs,15
bd_shs,12
bd_shs,40
bd_shs,111
bd_shs,88
bd_shs,23
bd_shs,9
bd_shs,133
bd_shs,19
bd_shs,114
bd_shs,95
bd_shs,63
bd_shs,44
bd_shs,10
bd_shs,53
bd_shs,37
bd_shs,16
bd_shs,28
bd_shs,3
bd_shs,5
bd_shs,47
bd_shs,71
bd_shs,27
bd_shs,34
bd_shs,16
bd_shs,18
bd_shs,27
bd_shs,65
bd_shs,27
bd_shs,17
bd_shs,34
bd_shs,19
bd_shs,32
bd_shs,38
bd_shs,24
bd_shs,96
bd_shs,9
bd_shs,13
bd_shs,13
bd_shs,22
bd_shs,32
bd_shs,121
bd_shs,11
bd_shs,17
bd_shs,20
bd_shs,24
bd_shs,62
bd_shs,18
bd_shs,26
bd_shs,16
bd_shs,63
bd_shs,23
bd_shs,23
bd_shs,23
bd_shs,28
bd_shs,22
bd_shs,14
bd_shs,56
bd_shs,20
bd_shs,68
bd_shs,108
bd_shs,67
bd_shs,19
bd_shs,112
bd_shs,18
bd_shs,69
bd_shs,62
bd_shs,41
bd_shs,33
bd_shs,12
bd_shs,60
bd_shs,182
bd_shs,35
bd_shs,16
bd_shs,34
bd_shs,51
bd_shs,15
bd_shs,49
bd_shs,17
bd_shs,17
bd_shs,25
bd_shs,8
bd_shs,11
bd_shs,79
bd_shs,72
bd_shs,17
bd_shs,18
bd_shs,18
bd_shs,16
bd_shs,28
bd_shs,62
bd_shs,24
bd_shs,45
bd_shs,16
bd_shs,42
bd_shs,23
bd_shs,20
bd_shs,28
bd_shs,38
bd_shs,44
bd_shs,21
bd_shs,14
bd_shs,84
bd_shs,16
bd_shs,47
bd_shs,8
bd_shs,166
bd_shs,18
bd_shs,33
bd_shs,33
bd_shs,30
bd_shs,57
bd_shs,40
bd_shs,20
bd_shs,36
bd_shs,18
bd_shs,11
bd_shs,27
bd_shs,39
bd_shs,9
bd_shs,26
bd_shs,38
bd_shs,24
bd_shs,69
bd_shs,71
bd_shs,158
bd_shs,110
bd_shs,11
bd_shs,83
bd_shs,35
bd_shs,4
bd_shs,97
bd_shs,235
bd_shs,23
bd_shs,39
bd_shs,80
bd_shs,19
bd_shs,18
bd_shs,10
bd_shs,46
bd_shs,18
bd_shs,7
bd_shs,55
bd_shs,27
bd_shs,4
bd_shs,187
bd_shs,207
bd_shs,29
bd_shs,32
bd_shs,67
bd_shs,4
bd_shs,60
bd_shs,22
bd_shs,34
bd_shs,21
bd_shs,136
bd_shs,17
bd_shs,22
bd_shs,65
bd_shs,41
bd_shs,227
bd_shs,119
bd_shs,148
bd_shs,16
bd_shs,127
bd_shs,54
bd_shs,26
bd_shs,70
bd_shs,74
bd_shs,61
bd_shs,9
bd_shs,31
bd_shs,62
bd_shs,9
bd_shs,29
bd_shs,19
bd_shs,10
bd_shs,41
bd_shs,9
bd_shs,76
bd_shs,14
bd_shs,6
bd_shs,27
bd_shs,55
bd_shs,20
bd_shs,46
bd_shs,11
bd_shs,24
bd_shs,15
bd_shs,80
bd_shs,62
bd_shs,97
bd_shs,6
bd_shs,10
bd_shs,28
bd_shs,47
bd_shs,69
bd_shs,24
bd_shs,30
bd_shs,12
bd_shs,21
bd_shs,21
bd_shs,11
bd_shs,13
bd_shs,11
bd_shs,17
bd_shs,19
bd_shs,24
bd_shs,12
bd_shs,68
bd_shs,32
bd_shs,21
bd_shs,240
bd_shs,29
bd_shs,8
bd_shs,37
bd_shs,15
bd_shs,10
bd_shs,27
bd_shs,19
bd_shs,60
bd_shs,44
bd_shs,167
bd_shs,37
bd_shs,38
bd_shs,74
bd_shs,35
bd_shs,87
bd_shs,12
bd_shs,52
bd_shs,31
bd_shs,43
bd_shs,11
bd_shs,36
bd_shs,14
bd_shs,10
bd_shs,8
bd_shs,38
bd_shs,35
bd_shs,19
bd_shs,17
bd_shs,27
bd_shs,26
bd_shs,10
bd_shs,81
bd_shs,25
bd_shs,27
bd_shs,8
bd_shs,59
bd_shs,9
bd_shs,50
bd_shs,31
bd_shs,43
bd_shs,47
bd_shs,27
bd_shs,13
bd_shs,78
bd_shs,89
bd_shs,40
bd_shs,18
bd_shs,46
bd_shs,19
bd_shs,94
bd_shs,23
bd_shs,9
bd_shs,9
bd_shs,66
bd_shs,36
bd_shs,97
bd_shs,6
bd_shs,20
bd_shs,29
bd_shs,16
bd_shs,6
bd_shs,31
bd_shs,14
bd_shs,11
bd_shs,27
bd_shs,25
bd_shs,32
bd_shs,85
bd_shs,47
bd_shs,6
bd_shs,51
bd_shs,17
bd_shs,44
bd_shs,10
bd_shs,101
bd_shs,47
bd_shs,71
bd_shs,22
bd_shs,23
bd_shs,28
bd_shs,26
bd_shs,58
bd_shs,21
bd_shs,20
bd_shs,19
bd_shs,4
bd_shs,97
bd_shs,72
bd_shs,10
bd_shs,40
bd_shs,20
bd_shs,21
bd_shs,43
bd_shs,28
bd_shs,65
bd_shs,9
bd_shs,23
bd_shs,13
bd_shs,25
bd_shs,40
bd_shs,22
bd_shs,24
bd_shs,35
bd_shs,7
bd_shs,22
bd_shs,19
bd_shs,122
bd_shs,45
bd_shs,254
bd_shs,30
bd_shs,23
bd_shs,9
bd_shs,41
bd_shs,16
bd_shs,27
bd_shs,50
bd_shs,23
bd_shs,17
bd_shs,14
bd_shs,6
bd_shs,28
bd_shs,32
bd_shs,52
bd_shs,24
bd_shs,48
bd_shs,23
bd_shs,64
bd_shs,17
bd_shs,83
bd_shs,213
bd_shs,20
bd_shs,48
bd_shs,64
bd_shs,91
bd_shs,14
bd_shs,10
bd_shs,70
bd_shs,19
bd_shs,15
bd_shs,26
bd_shs,10
bd_shs,19
bd_shs,56
bd_shs,33
bd_shs,13
bd_shs,9
bd_shs,48
bd_shs,96
bd_shs,251
bd_shs,63
bd_shs,15
bd_shs,226
bd_shs,104
bd_shs,38
bd_shs,15
bd_shs,24
bd_shs,14
bd_shs,45
bd_shs,45
bd_shs,19
bd_shs,26
bd_shs,14
bd_shs,27
bd_shs,42
bd_shs,131
bd_shs,18
bd_shs,51
bd_shs,47
bd_shs,28
bd_shs,15
bd_shs,27
bd_shs,331
bd_shs,23
bd_shs,40
bd_shs,43
bd_shs,47
bd_shs,70
bd_shs,107
bd_shs,23
bd_shs,21
bd_shs,12
bd_shs,30
bd_shs,62
bd_shs,15
bd_shs,21
bd_shs,35
bd_shs,12
bd_shs,35
bd_shs,44
bd_shs,23
bd_shs,46
bd_shs,38
bd_shs,124
bd_shs,24
bd_shs,24
bd_shs,71
bd_shs,35
bd_shs,11
bd_shs,13
bd_shs,45
bd_shs,50
bd_shs,87
bd_shs,306
bd_shs,9
bd_shs,8
bd_shs,22
bd_shs,12
bd_shs,41
bd_shs,43
bd_shs,8
bd_shs,136
bd_shs,893
bd_shs,17
bd_shs,852
bd_shs,15
bd_shs,10
bd_shs,140
bd_shs,30
bd_shs,22
bd_shs,24
bd_shs,9
bd_shs,77
bd_shs,9
bd_shs,25
bd_shs,53
bd_shs,7
bd_shs,4
bd_shs,41
bd_shs,34
bd_shs,40
bd_shs,27
bd_shs,14
bd_shs,11
bd_shs,23
bd_shs,9
bd_shs,18
bd_shs,10
bd_shs,178
bd_shs,44
bd_shs,47
bd_shs,27
bd_shs,104
bd_shs,42
bd_shs,62
bd_shs,10
bd_shs,6
bd_shs,47
bd_shs,29
bd_shs,24
bd_shs,37
bd_shs,11
bd_shs,12
bd_shs,22
bd_shs,28
bd_shs,24
bd_shs,114
bd_shs,21
bd_shs,37
bd_shs,59
bd_shs,18
bd_shs,10
bd_shs,12
bd_shs,37
bd_shs,13
bd_shs,123
bd_shs,40
bd_shs,15
bd_shs,7
bd_shs,16
bd_shs,62
bd_shs,11
bd_shs,34
bd_shs,35
bd_shs,17
bd_shs,11
bd_shs,97
bd_shs,45
bd_shs,35
bd_shs,30
bd_shs,27
bd_shs,11
bd_shs,9
bd_shs,41
bd_shs,162
bd_shs,22
bd_shs,5
bd_shs,13
bd_shs,23
bd_shs,291
bd_shs,111
bd_shs,47
bd_shs,4
bd_shs,7
bd_shs,256
bd_shs,27
bd_shs,8
bd_shs,62
bd_shs,50
bd_shs,60
bd_shs,28
bd_shs,122
bd_shs,123
bd_shs,148
bd_shs,19
bd_shs,37
bd_shs,123
bd_shs,19
bd_shs,14
bd_shs,40
bd_shs,49
bd_shs,39
bd_shs,29
bd_shs,53
bd_shs,13
bd_shs,21
bd_shs,31
bd_shs,106
bd_shs,72
bd_shs,51
bd_shs,41
bd_shs,44
bd_shs,31
bd_shs,22
bd_shs,29
bd_shs,22
bd_shs,16
bd_shs,20
bd_shs,15
bd_shs,13
bd_shs,61
bd_shs,650
bd_shs,82
bd_shs,6
bd_shs,47
bd_shs,34
bd_shs,32
bd_shs,15
bd_shs,13
bd_shs,14
bd_shs,218
bd_shs,36
bd_shs,19
bd_shs,31
bd_shs,31
bd_shs,7
bd_shs,32
bd_shs,3
bd_shs,48
bd_shs,38
bd_shs,4
bd_shs,11
bd_shs,39
bd_shs,32
bd_shs,7
bd_shs,50
bd_shs,81
bd_shs,6
bd_shs,64
bd_shs,16
bd_shs,12
bd_shs,35
bd_shs,20
bd_shs,27
bd_shs,280
bd_shs,24
bd_shs,4
bd_shs,78
bd_shs,14
bd_shs,24
bd_shs,10
bd_shs,37
bd_shs,16
bd_shs,22
bd_shs,16
bd_shs,13
bd_shs,5
bd_shs,20
bd_shs,14
bd_shs,70
bd_shs,20
bd_shs,37
bd_shs,64
bd_shs,46
bd_shs,50
bd_shs,7
bd_shs,58
bd_shs,18
bd_shs,30
bd_shs,13
bd_shs,60
bd_shs,149
bd_shs,26
bd_shs,35
bd_shs,48
bd_shs,7
bd_shs,9
bd_shs,42
bd_shs,47
bd_shs,20
bd_shs,16
bd_shs,112
bd_shs,16
bd_shs,15
bd_shs,17
bd_shs,28
bd_shs,21
bd_shs,32
bd_shs,22
bd_shs,73
bd_shs,20
bd_shs,5
bd_shs,76
bd_shs,26
bd_shs,72
bd_shs,26
bd_shs,52
bd_shs,27
bd_shs,80
bd_shs,59
bd_shs,15
bd_shs,67
bd_shs,12
bd_shs,37
bd_shs,34
bd_shs,54
bd_shs,33
bd_shs,44
bd_shs,12
bd_shs,32
bd_shs,47
bd_shs,53
bd_shs,17
bd_shs,13
bd_shs,42
bd_shs,277
bd_shs,28
bd_shs,16
bd_shs,44
bd_shs,34
bd_shs,13
bd_shs,131
bd_shs,67
bd_shs,140
bd_shs,22
bd_shs,9
bd_shs,95
bd_shs,51
bd_shs,103
bd_shs,16
bd_shs,5
bd_shs,89
bd_shs,28
bd_shs,19
bd_shs,195
bd_shs,78
bd_shs,58
bd_shs,67
bd_shs,71
bd_shs,305
bd_shs,64
bd_shs,49
bd_shs,32
bd_shs,48
bd_shs,58
bd_shs,37
bd_shs,27
bd_shs,42
bd_shs,20
bd_shs,27
bd_shs,19
bd_shs,39
bd_shs,10
bd_shs,21
bd_shs,34
bd_shs,43
bd_shs,60
bd_shs,21
bd_shs,15
bd_shs,10
bd_shs,108
bd_shs,32
bd_shs,43
bd_shs,72
bd_shs,23
bd_shs,39
bd_shs,25
bd_shs,5
bd_shs,25
bd_shs,31
bd_shs,60
bd_shs,26
bd_shs,39
bd_shs,11
bd_shs,23
bd_shs,40
bd_shs,12
bd_shs,87
bd_shs,240
bd_shs,72
bd_shs,31
bd_shs,91
bd_shs,150
bd_shs,33
bd_shs,10
bd_shs,68
bd_shs,29
bd_shs,28
bd_shs,28
bd_shs,28
bd_shs,20
bd_shs,29
bd_shs,23
bd_shs,17
bd_shs,20
bd_shs,36
bd_shs,17
bd_shs,7
bd_shs,17
bd_shs,113
bd_shs,12
bd_shs,257
bd_shs,14
bd_shs,25
bd_shs,49
bd_shs,45
bd_shs,18
bd_shs,21
bd_shs,53
bd_shs,22
bd_shs,30
bd_shs,91
bd_shs,50
bd_shs,17
bd_shs,52
bd_shs,35
bd_shs,13
bd_shs,59
bd_shs,8
bd_shs,101
bd_shs,39
bd_shs,50
bd_shs,18
bd_shs,51
bd_shs,98
bd_shs,12
bd_shs,58
bd_shs,61
bd_shs,114
bd_shs,6
bd_shs,47
bd_shs,57
bd_shs,38
bd_shs,23
bd_shs,75
bd_shs,3
bd_shs,10
bd_shs,8
bd_shs,33
bd_shs,48
bd_shs,19
bd_shs,15
bd_shs,13
bd_shs,27
bd_shs,28
bd_shs,83
bd_shs,20
bd_shs,30
bd_shs,41
bd_shs,65
bd_shs,10
bd_shs,7
bd_shs,24
bd_shs,28
bd_shs,6
bd_shs,20
bd_shs,28
bd_shs,24
bd_shs,30
bd_shs,6
bd_shs,51
bd_shs,13
bd_shs,80
bd_shs,36
bd_shs,13
bd_shs,42
bd_shs,39
bd_shs,7
bd_shs,22
bd_shs,17
bd_shs,5
bd_shs,57
bd_shs,77
bd_shs,17
bd_shs,13
bd_shs,12
bd_shs,41
bd_shs,74
bd_shs,51
bd_shs,102
bd_shs,84
bd_shs,7
bd_shs,17
bd_shs,11
bd_shs,9
bd_shs,100
bd_shs,18
bd_shs,17
bd_shs,39
bd_shs,122
bd_shs,16
bd_shs,32
bd_shs,37
bd_shs,43
bd_shs,301
bd_shs,23
bd_shs,19
bd_shs,10
bd_shs,29
bd_shs,12
bd_shs,63
bd_shs,39
bd_shs,15
bd_shs,26
bd_shs,12
bd_shs,21
bd_shs,26
bd_shs,6
bd_shs,13
bd_shs,25
bd_shs,13
bd_shs,54
bd_shs,15
bd_shs,15
bd_shs,60
bd_shs,206
bd_shs,28
bd_shs,29
bd_shs,129
bd_shs,29
bd_shs,40
bd_shs,52
bd_shs,40
bd_shs,42
bd_shs,19
bd_shs,17
bd_shs,22
bd_shs,16
bd_shs,70
bd_shs,6
bd_shs,109
bd_shs,145
bd_shs,120
bd_shs,8
bd_shs,11
bd_shs,17
bd_shs,14
bd_shs,39
bd_shs,98
bd_shs,43
bd_shs,11
bd_shs,10
bd_shs,34
bd_shs,24
bd_shs,14
bd_shs,24
bd_shs,7
bd_shs,60
bd_shs,9
bd_shs,17
bd_shs,28
bd_shs,9
bd_shs,20
bd_shs,30
bd_shs,18
bd_shs,79
bd_shs,23
bd_shs,34
bd_shs,24
bd_shs,47
bd_shs,12
bd_shs,66
bd_shs,37
bd_shs,8
bd_shs,48
bd_shs,150
bd_shs,25
bd_shs,12
bd_shs,127
bd_shs,51
bd_shs,67
bd_shs,10
bd_shs,24
bd_shs,54
bd_shs,20
bd_shs,26
bd_shs,48
bd_shs,17
bd_shs,29
bd_shs,49
bd_shs,21
bd_shs,81
bd_shs,17
bd_shs,33
bd_shs,20
bd_shs,149
bd_shs,37
bd_shs,152
bd_shs,57
bd_shs,76
bd_shs,279
bd_shs,6
bd_shs,74
bd_shs,43
bd_shs,62
bd_shs,11
bd_shs,26
bd_shs,243
bd_shs,32
bd_shs,12
bd_shs,41
bd_shs,49
bd_shs,4
bd_shs,123
bd_shs,70
bd_shs,5
bd_shs,41
bd_shs,504
bd_shs,5
bd_shs,208
bd_shs,35
bd_shs,18
bd_shs,30
bd_shs,63
bd_shs,37
bd_shs,114
bd_shs,49
bd_shs,86
bd_shs,43
bd_shs,16
bd_shs,100
bd_shs,45
bd_shs,5
bd_shs,13
bd_shs,10
bd_shs,27
bd_shs,50
bd_shs,183
bd_shs,142
bd_shs,54
bd_shs,19
bd_shs,82
bd_shs,39
bd_shs,44
bd_shs,40
bd_shs,18
bd_shs,25
bd_shs,33
bd_shs,27
bd_shs,27
bd_shs,20
bd_shs,67
bd_shs,51
bd_shs,48
bd_shs,24
bd_shs,52
bd_shs,13
bd_shs,18
bd_shs,34
bd_shs,6
bd_shs,18
bd_shs,52
bd_shs,14
bd_shs,59
bd_shs,73
bd_shs,28
bd_shs,27
bd_shs,128
bd_shs,34
bd_shs,19
bd_shs,40
bd_shs,10
bd_shs,17
bd_shs,8
bd_shs,5
bd_shs,86
bd_shs,17
bd_shs,52
bd_shs,73
bd_shs,33
bd_shs,89
bd_shs,21
bd_shs,63
bd_shs,21
bd_shs,66
bd_shs,21
bd_shs,20
bd_shs,18
bd_shs,66
bd_shs,9
bd_shs,73
bd_shs,83
bd_shs,93
bd_shs,7
bd_shs,10
bd_shs,40
bd_shs,9
bd_shs,11
bd_shs,50
bd_shs,7
bd_shs,29
bd_shs,8
bd_shs,19
bd_shs,25
bd_shs,28
bd_shs,35
bd_shs,23
bd_shs,47
bd_shs,45
bd_shs,88
bd_shs,39
bd_shs,15
bd_shs,9
bd_shs,10
bd_shs,6
bd_shs,46
bd_shs,15
bd_shs,56
bd_shs,17
bd_shs,18
bd_shs,9
bd_shs,8
bd_shs,239
bd_shs,12
bd_shs,6
bd_shs,27
bd_shs,9
bd_shs,51
bd_shs,31
bd_shs,473
bd_shs,24
bd_shs,43
bd_shs,25
bd_shs,29
bd_shs,20
bd_shs,13
bd_shs,23
bd_shs,38
bd_shs,39
bd_shs,29
bd_shs,19
bd_shs,13
bd_shs,38
bd_shs,104
bd_shs,38
bd_shs,15
bd_shs,27
bd_shs,26
bd_shs,37
bd_shs,13
bd_shs,17
bd_shs,10
bd_shs,49
bd_shs,52
bd_shs,16
bd_shs,130
bd_shs,13
bd_shs,39
bd_shs,28
bd_shs,62
bd_shs,11
bd_shs,27
bd_shs,57
bd_shs,71
bd_shs,22
bd_shs,12
bd_shs,59
bd_shs,144
bd_shs,47
bd_shs,60
bd_shs,11
bd_shs,48
bd_shs,5
bd_shs,56
bd_shs,52
bd_shs,32
bd_shs,14
bd_shs,70
bd_shs,78
bd_shs,96
bd_shs,20
bd_shs,149
bd_shs,51
bd_shs,68
bd_shs,32
bd_shs,93
bd_shs,29
bd_shs,50
bd_shs,20
bd_shs,74
bd_shs,19
bd_shs,33
bd_shs,167
bd_shs,50
bd_shs,16
bd_shs,19
bd_shs,8
bd_shs,12
bd_shs,19
bd_shs,4
bd_shs,28
bd_shs,21
bd_shs,151
bd_shs,58
bd_shs,19
bd_shs,58
bd_shs,26
bd_shs,11
bd_shs,26
bd_shs,19
bd_shs,52
bd_shs,23
bd_shs,42
bd_shs,72
bd_shs,156
bd_shs,34
bd_shs,10
bd_shs,88
bd_shs,14
bd_shs,16
bd_shs,38
bd_shs,35
bd_shs,10
bd_shs,117
bd_shs,39
bd_shs,30
bd_shs,53
bd_shs,22
bd_shs,49
bd_shs,79
bd_shs,26
bd_shs,60
bd_shs,24
bd_shs,17
bd_shs,12
bd_shs,24
bd_shs,45
bd_shs,30
bd_shs,42
bd_shs,34
bd_shs,24
bd_shs,20
bd_shs,41
bd_shs,21
bd_shs,12
bd_shs,14
bd_shs,69
bd_shs,11
bd_shs,78
bd_shs,21
bd_shs,30
bd_shs,5
bd_shs,18
bd_shs,23
bd_shs,33
bd_shs,57
bd_shs,60
bd_shs,43
bd_shs,20
bd_shs,18
bd_shs,32
bd_shs,19
bd_shs,157
bd_shs,13
bd_shs,12
bd_shs,140
bd_shs,25
bd_shs,13
bd_shs,4
bd_shs,60
bd_shs,20
bd_shs,27
bd_shs,12
bd_shs,48
bd_shs,116
bd_shs,51
bd_shs,33
bd_shs,49
bd_shs,43
bd_shs,37
bd_shs,24
bd_shs,37
bd_shs,12
bd_shs,19
bd_shs,28
bd_shs,187
bd_shs,16
bd_shs,12
bd_shs,42
bd_shs,17
bd_shs,66
bd_shs,11
bd_shs,27
bd_shs,41
bd_shs,116
bd_shs,29
bd_shs,19
bd_shs,149
bd_shs,16
bd_shs,24
bd_shs,16
bd_shs,13
bd_shs,36
bd_shs,28
bd_shs,24
bd_shs,12
bd_shs,21
bd_shs,54
bd_shs,15
bd_shs,24
bd_shs,29
bd_shs,20
bd_shs,10
bd_shs,83
bd_shs,15
bd_shs,10
bd_shs,45
bd_shs,63
bd_shs,17
bd_shs,30
bd_shs,217
bd_shs,13
bd_shs,3
bd_shs,40
bd_shs,10
bd_shs,121
bd_shs,66
bd_shs,91
bd_shs,20
bd_shs,67
bd_shs,65
bd_shs,7
bd_shs,14
bd_shs,15
bd_shs,29
bd_shs,18
bd_shs,48
bd_shs,16
bd_shs,46
bd_shs,269
bd_shs,37
bd_shs,40
bd_shs,43
bd_shs,10
bd_shs,50
bd_shs,42
bd_shs,55
bd_shs,49
bd_shs,43
bd_shs,81
bd_shs,39
bd_shs,147
bd_shs,29
bd_shs,167
bd_shs,15
bd_shs,59
bd_shs,15
bd_shs,52
bd_shs,68
bd_shs,34
bd_shs,46
bd_shs,204
bd_shs,18
bd_shs,21
bd_shs,44
bd_shs,17
bd_shs,25
bd_shs,6
bd_shs,40
bd_shs,39
bd_shs,10
bd_shs,7
bd_shs,17
bd_shs,4
bd_shs,16
bd_shs,46
bd_shs,18
bd_shs,29
bd_shs,50
bd_shs,57
bd_shs,25
bd_shs,131
bd_shs,18
bd_shs,14
bd_shs,34
bd_shs,57
bd_shs,36
bd_shs,15
bd_shs,161
bd_shs,11
bd_shs,152
bd_shs,27
bd_shs,45
bd_shs,11
bd_shs,145
bd_shs,63
bd_shs,29
bd_shs,71
bd_shs,15
bd_shs,81
bd_shs,148
bd_shs,64
bd_shs,10
bd_shs,8
bd_shs,13
bd_shs,37
bd_shs,64
bd_shs,32
bd_shs,117
bd_shs,42
bd_shs,18
bd_shs,43
bd_shs,24
bd_shs,7
bd_shs,13
bd_shs,27
bd_shs,79
bd_shs,41
bd_shs,39
bd_shs,149
bd_shs,53
bd_shs,21
bd_shs,42
bd_shs,19
bd_shs,17
bd_shs,29
bd_shs,36
bd_shs,17
bd_shs,116
bd_shs,26
bd_shs,299
bd_shs,27
bd_shs,19
bd_shs,22
bd_shs,291
bd_shs,50
bd_shs,11
bd_shs,43
bd_shs,26
bd_shs,8
bd_shs,24
bd_shs,8
bd_shs,21
bd_shs,72
bd_shs,34
bd_shs,64
bd_shs,42
bd_shs,23
bd_shs,8
bd_shs,35
bd_shs,32
bd_shs,23
bd_shs,20
bd_shs,90
bd_shs,37
bd_shs,15
bd_shs,13
bd_shs,26
bd_shs,178
bd_shs,31
bd_shs,28
bd_shs,56
bd_shs,39
bd_shs,25
bd_shs,12
bd_shs,17
bd_shs,21
bd_shs,7
bd_shs,33
bd_shs,98
bd_shs,140
bd_shs,34
bd_shs,5
bd_shs,25
bd_shs,80
bd_shs,52
bd_shs,30
bd_shs,29
bd_shs,21
bd_shs,46
bd_shs,17
bd_shs,57
bd_shs,30
bd_shs,17
bd_shs,90
bd_shs,13
bd_shs,50
bd_shs,38
bd_shs,26
bd_shs,74
bd_shs,139
bd_shs,60
bd_shs,48
bd_shs,16
bd_shs,20
bd_shs,20
bd_shs,20
bd_shs,13
bd_shs,151
bd_shs,6
bd_shs,17
bd_shs,59
bd_shs,12
bd_shs,34
bd_shs,23
bd_shs,62
bd_shs,59
bd_shs,29
bd_shs,10
bd_shs,60
bd_shs,25
bd_shs,17
bd_shs,33
bd_shs,166
bd_shs,18
bd_shs,21
bd_shs,8
bd_shs,70
bd_shs,4
bd_shs,14
bd_shs,42
bd_shs,20
bd_shs,22
bd_shs,80
bd_shs,35
bd_shs,147
bd_shs,28
bd_shs,17
bd_shs,25
bd_shs,13
bd_shs,83
bd_shs,5
bd_shs,17
bd_shs,16
bd_shs,34
bd_shs,46
bd_shs,12
bd_shs,101
bd_shs,11
bd_shs,31
bd_shs,48
bd_shs,15
bd_shs,21
bd_shs,56
bd_shs,19
bd_shs,106
bd_shs,7
bd_shs,35
bd_shs,23
bd_shs,53
bd_shs,28
bd_shs,65
bd_shs,124
bd_shs,31
bd_shs,13
bd_shs,39
bd_shs,29
bd_shs,59
bd_shs,49
bd_shs,66
bd_shs,13
bd_shs,208
bd_shs,89
bd_shs,16
bd_shs,32
bd_shs,72
bd_shs,33
bd_shs,89
bd_shs,70
bd_shs,31
bd_shs,16
bd_shs,35
bd_shs,93
bd_shs,25
bd_shs,66
bd_shs,37
bd_shs,24
bd_shs,35
bd_shs,14
bd_shs,10
bd_shs,30
bd_shs,67
bd_shs,30
bd_shs,93
bd_shs,21
bd_shs,18
bd_shs,68
bd_shs,140
bd_shs,38
bd_shs,48
bd_shs,94
bd_shs,38
bd_shs,31
bd_shs,13
bd_shs,23
bd_shs,17
bd_shs,70
bd_shs,22
bd_shs,185
bd_shs,127
bd_shs,38
bd_shs,19
bd_shs,5
bd_shs,98
bd_shs,6
bd_shs,19
bd_shs,28
bd_shs,14
bd_shs,16
bd_shs,23
bd_shs,21
bd_shs,18
bd_shs,30
bd_shs,39
bd_shs,57
bd_shs,71
bd_shs,12
bd_shs,6
bd_shs,155
bd_shs,45
bd_shs,31
bd_shs,42
bd_shs,88
bd_shs,89
bd_shs,41
bd_shs,17
bd_shs,23
bd_shs,40
bd_shs,11
bd_shs,39
bd_shs,34
bd_shs,25
bd_shs,11
bd_shs,34
bd_shs,13
bd_shs,3
bd_shs,18
bd_shs,22
bd_shs,187
bd_shs,16
bd_shs,21
bd_shs,35
bd_shs,18
bd_shs,22
bd_shs,9
bd_shs,34
bd_shs,96
bd_shs,38
bd_shs,10
bd_shs,42
bd_shs,34
bd_shs,54
bd_shs,67
bd_shs,20
bd_shs,21
bd_shs,69
bd_shs,23
bd_shs,70
bd_shs,33
bd_shs,44
bd_shs,200
bd_shs,199
bd_shs,21
bd_shs,12
bd_shs,63
bd_shs,149
bd_shs,21
bd_shs,51
bd_shs,38
bd_shs,16
bd_shs,78
bd_shs,82
bd_shs,63
bd_shs,66
bd_shs,17
bd_shs,49
bd_shs,73
bd_shs,17
bd_shs,31
bd_shs,12
bd_shs,59
bd_shs,28
bd_shs,24
bd_shs,27
bd_shs,12
bd_shs,828
bd_shs,147
bd_shs,49
bd_shs,14
bd_shs,167
bd_shs,51
bd_shs,138
bd_shs,24
bd_shs,15
bd_shs,20
bd_shs,177
bd_shs,48
bd_shs,86
bd_shs,25
bd_shs,15
bd_shs,25
bd_shs,22
bd_shs,14
bd_shs,68
bd_shs,44
bd_shs,23
bd_shs,25
bd_shs,27
bd_shs,19
bd_shs,108
bd_shs,36
bd_shs,14
bd_shs,36
bd_shs,23
bd_shs,14
bd_shs,10
bd_shs,275
bd_shs,17
bd_shs,27
bd_shs,38
bd_shs,13
bd_shs,19
bd_shs,27
bd_shs,56
bd_shs,80
bd_shs,25
bd_shs,43
bd_shs,15
bd_shs,21
bd_shs,60
bd_shs,130
bd_shs,18
bd_shs,12
bd_shs,17
bd_shs,16
bd_shs,35
bd_shs,18
bd_shs,13
bd_shs,55
bd_shs,39
bd_shs,37
bd_shs,48
bd_shs,20
bd_shs,57
bd_shs,93
bd_shs,117
bd_shs,22
bd_shs,10
bd_shs,74
bd_shs,41
bd_shs,27
bd_shs,7
bd_shs,29
bd_shs,62
bd_shs,35
bd_shs,16
bd_shs,23
bd_shs,95
bd_shs,18
bd_shs,85
bd_shs,31
bd_shs,45
bd_shs,10
bd_shs,40
bd_shs,29
bd_shs,7
bd_shs,66
bd_shs,12
bd_shs,33
bd_shs,170
bd_shs,49
bd_shs,12
bd_shs,140
bd_shs,64
bd_shs,31
bd_shs,41
bd_shs,61
bd_shs,29
bd_shs,31
bd_shs,21
bd_shs,21
bd_shs,602
bd_shs,6
bd_shs,19
bd_shs,25
bd_shs,10
bd_shs,50
bd_shs,8
bd_shs,46
bd_shs,29
bd_shs,35
bd_shs,34
bd_shs,25
bd_shs,394
bd_shs,76
bd_shs,117
bd_shs,27
bd_shs,90
bd_shs,28
bd_shs,19
bd_shs,117
bd_shs,97
bd_shs,45
bd_shs,50
bd_shs,21
bd_shs,46
bd_shs,37
bd_shs,32
bd_shs,139
bd_shs,93
bd_shs,70
bd_shs,27
bd_shs,63
bd_shs,87
bd_shs,21
bd_shs,20
bd_shs,34
bd_shs,6
bd_shs,22
bd_shs,34
bd_shs,21
bd_shs,21
bd_shs,46
bd_shs,19
bd_shs,28
bd_shs,8
bd_shs,30
bd_shs,38
bd_shs,214
bd_shs,10
bd_shs,20
bd_shs,34
bd_shs,17
bd_shs,242
bd_shs,35
bd_shs,45
bd_shs,32
bd_shs,43
bd_shs,26
bd_shs,140
bd_shs,56
bd_shs,21
bd_shs,20
bd_shs,19
bd_shs,19
bd_shs,25
bd_shs,31
bd_shs,80
bd_shs,37
bd_shs,22
bd_shs,37
bd_shs,11
bd_shs,116
bd_shs,78
bd_shs,66
bd_shs,31
bd_shs,58
bd_shs,30
bd_shs,51
bd_shs,45
bd_shs,17
bd_shs,55
bd_shs,62
bd_shs,35
bd_shs,27
bd_shs,98
bd_shs,151
bd_shs,6
bd_shs,51
bd_shs,20
bd_shs,30
bd_shs,44
bd_shs,64
bd_shs,11
bd_shs,17
bd_shs,17
bd_shs,27
bd_shs,34
bd_shs,11
bd_shs,13
bd_shs,82
bd_shs,19
bd_shs,17
bd_shs,6
bd_shs,31
bd_shs,11
bd_shs,15
bd_shs,14
bd_shs,13
bd_shs,15
bd_shs,11
bd_shs,23
bd_shs,17
bd_shs,42
bd_shs,47
bd_shs,195
bd_shs,37
bd_shs,24
bd_shs,19
bd_shs,26
bd_shs,65
bd_shs,3
bd_shs,19
bd_shs,60
bd_shs,13
bd_shs,76
bd_shs,27
bd_shs,27
bd_shs,95
bd_shs,24
bd_shs,83
bd_shs,28
bd_shs,15
bd_shs,13
bd_shs,20
bd_shs,30
bd_shs,64
bd_shs,39
bd_shs,129
bd_shs,79
bd_shs,25
bd_shs,103
bd_shs,16
bd_shs,6
bd_shs,36
bd_shs,17
bd_shs,21
bd_shs,46
bd_shs,64
bd_shs,25
bd_shs,29
bd_shs,36
bd_shs,58
bd_shs,33
bd_shs,17
bd_shs,118
bd_shs,19
bd_shs,24
bd_shs,73
bd_shs,55
bd_shs,49
bd_shs,18
bd_shs,52
bd_shs,13
bd_shs,12
bd_shs,11
bd_shs,7
bd_shs,17
bd_shs,31
bd_shs,54
bd_shs,26
bd_shs,23
bd_shs,48
bd_shs,62
bd_shs,40
bd_shs,154
bd_shs,6
bd_shs,53
bd_shs,32
bd_shs,14
bd_shs,27
bd_shs,37
bd_shs,59
bd_shs,74
bd_shs,14
bd_shs,18
bd_shs,36
bd_shs,77
bd_shs,61
bd_shs,17
bd_shs,104
bd_shs,22
bd_shs,11
bd_shs,29
bd_shs,22
bd_shs,13
bd_shs,34
bd_shs,69
bd_shs,20
bd_shs,25
bd_shs,197
bd_shs,65
bd_shs,18
bd_shs,48
bd_shs,55
bd_shs,13
bd_shs,23
bd_shs,73
bd_shs,82
bd_shs,56
bd_shs,40
bd_shs,39
bd_shs,26
bd_shs,63
bd_shs,24
bd_shs,25
bd_shs,7
bd_shs,23
bd_shs,99
bd_shs,7
bd_shs,8
bd_shs,18
bd_shs,87
bd_shs,25
bd_shs,24
bd_shs,58
bd_shs,50
bd_shs,64
bd_shs,17
bd_shs,25
bd_shs,17
bd_shs,24
bd_shs,152
bd_shs,31
bd_shs,14
bd_shs,13
bd_shs,36
bd_shs,15
bd_shs,37
bd_shs,40
bd_shs,112
bd_shs,27
bd_shs,7
bd_shs,99
bd_shs,292
bd_shs,11
bd_shs,36
bd_shs,9
bd_shs,17
bd_shs,28
bd_shs,76
bd_shs,13
bd_shs,34
bd_shs,39
bd_shs,13
bd_shs,29
bd_shs,19
bd_shs,14
bd_shs,6
bd_shs,36
bd_shs,12
bd_shs,27
bd_shs,29
bd_shs,33
bd_shs,42
bd_shs,24
bd_shs,26
bd_shs,17
bd_shs,16
bd_shs,100
bd_shs,7
bd_shs,1400
bd_shs,48
bd_shs,72
bd_shs,14
bd_shs,7
bd_shs,34
bd_shs,103
bd_shs,162
bd_shs,20
bd_shs,23
bd_shs,20
bd_shs,94
bd_shs,10
bd_shs,62
bd_shs,21
bd_shs,18
bd_shs,36
bd_shs,27
bd_shs,64
bd_shs,7
bd_shs,35
bd_shs,11
bd_shs,23
bd_shs,20
bd_shs,17
bd_shs,58
bd_shs,19
bd_shs,131
bd_shs,51
bd_shs,7
bd_shs,13
bd_shs,39
bd_shs,119
bd_shs,12
bd_shs,11
bd_shs,80
bd_shs,8
bd_shs,38
bd_shs,112
bd_shs,27
bd_shs,24
bd_shs,21
bd_shs,35
bd_shs,18
bd_shs,35
bd_shs,40
bd_shs,34
bd_shs,25
bd_shs,358
bd_shs,36
bd_shs,34
bd_shs,41
bd_shs,36
bd_shs,33
bd_shs,89
bd_shs,31
bd_shs,104
bd_shs,126
bd_shs,24
bd_shs,114
bd_shs,9
bd_shs,56
bd_shs,282
bd_shs,101
bd_shs,51
bd_shs,5
bd_shs,24
bd_shs,35
bd_shs,42
bd_shs,7
bd_shs,51
bd_shs,194
bd_shs,53
bd_shs,83
bd_shs,31
bd_shs,24
bd_shs,16
bd_shs,39
bd_shs,199
bd_shs,9
bd_shs,22
bd_shs,36
bd_shs,17
bd_shs,70
bd_shs,75
bd_shs,75
bd_shs,33
bd_shs,90
bd_shs,32
bd_shs,18
bd_shs,76
bd_shs,26
bd_shs,46
bd_shs,96
bd_shs,52
bd_shs,9
bd_shs,11
bd_shs,11
bd_shs,37
bd_shs,15
bd_shs,59
bd_shs,20
bd_shs,17
bd_shs,10
bd_shs,12
bd_shs,37
bd_shs,24
bd_shs,77
bd_shs,35
bd_shs,29
bd_shs,69
bd_shs,26
bd_shs,32
bd_shs,10
bd_shs,20
bd_shs,40
bd_shs,29
bd_shs,47
bd_shs,18
bd_shs,11
bd_shs,17
bd_shs,19
bd_shs,53
bd_shs,26
bd_shs,38
bd_shs,34
bd_shs,17
bd_shs,32
bd_shs,14
bd_shs,55
bd_shs,61
bd_shs,92
bd_shs,7
bd_shs,35
bd_shs,50
bd_shs,7
bd_shs,16
bd_shs,61
bd_shs,93
bd_shs,11
bd_shs,26
bd_shs,31
bd_shs,42
bd_shs,8
bd_shs,13
bd_shs,75
bd_shs,61
bd_shs,19
bd_shs,47
bd_shs,24
bd_shs,71
bd_shs,51
bd_shs,15
bd_shs,13
bd_shs,31
bd_shs,33
bd_shs,50
bd_shs,16
bd_shs,111
bd_shs,10
bd_shs,39
bd_shs,33
bd_shs,42
bd_shs,48
bd_shs,24
bd_shs,21
bd_shs,31
bd_shs,60
bd_shs,58
bd_shs,93
bd_shs,31
bd_shs,109
bd_shs,15
bd_shs,28
bd_shs,22
bd_shs,17
bd_shs,56
bd_shs,25
bd_shs,11
bd_shs,24
bd_shs,28
bd_shs,18
bd_shs,27
bd_shs,27
bd_shs,77
bd_shs,24
bd_shs,49
bd_shs,65
bd_shs,30
bd_shs,111
bd_shs,37
bd_shs,64
bd_shs,71
bd_shs,20
bd_shs,27
bd_shs,14
bd_shs,10
bd_shs,89
bd_shs,68
bd_shs,20
bd_shs,16
bd_shs,39
bd_shs,15
bd_shs,13
bd_shs,70
bd_shs,30
bd_shs,23
bd_shs,38
bd_shs,14
bd_shs,5
bd_shs,10
bd_shs,5
bd_shs,41
bd_shs,11
bd_shs,21
bd_shs,1364
bd_shs,21
bd_shs,163
bd_shs,19
bd_shs,19
bd_shs,84
bd_shs,13
bd_shs,84
bd_shs,23
bd_shs,7
bd_shs,14
bd_shs,122
bd_shs,10
bd_shs,34
bd_shs,37
bd_shs,27
bd_shs,149
bd_shs,20
bd_shs,26
bd_shs,15
bd_shs,89
bd_shs,50
bd_shs,56
bd_shs,129
bd_shs,141
bd_shs,86
bd_shs,26
bd_shs,11
bd_shs,40
bd_shs,34
bd_shs,20
bd_shs,11
bd_shs,14
bd_shs,61
bd_shs,6
bd_shs,10
bd_shs,18
bd_shs,209
bd_shs,3
bd_shs,10
bd_shs,25
bd_shs,23
bd_shs,13
bd_shs,30
bd_shs,38
bd_shs,19
bd_shs,50
bd_shs,144
bd_shs,19
bd_shs,46
bd_shs,17
bd_shs,12
bd_shs,58
bd_shs,10
bd_shs,36
bd_shs,136
bd_shs,225
bd_shs,16
bd_shs,83
bd_shs,99
bd_shs,137
bd_shs,151
bd_shs,37
bd_shs,14
bd_shs,26
bd_shs,21
bd_shs,88
bd_shs,22
bd_shs,28
bd_shs,32
bd_shs,53
bd_shs,332
bd_shs,4
bd_shs,60
bd_shs,18
bd_shs,53
bd_shs,38
bd_shs,53
bd_shs,55
bd_shs,50
bd_shs,266
bd_shs,119
bd_shs,55
bd_shs,18
bd_shs,129
bd_shs,31
bd_shs,40
bd_shs,23
bd_shs,89
bd_shs,43
bd_shs,30
bd_shs,234
bd_shs,21
bd_shs,22
bd_shs,16
bd_shs,18
bd_shs,51
bd_shs,7
bd_shs,69
bd_shs,275
bd_shs,41
bd_shs,24
bd_shs,22
bd_shs,10
bd_shs,31
bd_shs,15
bd_shs,6
bd_shs,20
bd_shs,44
bd_shs,19
bd_shs,44
bd_shs,87
bd_shs,30
bd_shs,56
bd_shs,21
bd_shs,94
bd_shs,13
bd_shs,127
bd_shs,58
bd_shs,31
bd_shs,16
bd_shs,106
bd_shs,17
bd_shs,19
bd_shs,5
bd_shs,61
bd_shs,23
bd_shs,38
bd_shs,33
bd_shs,52
bd_shs,43
bd_shs,16
bd_shs,7
bd_shs,48
bd_shs,130
bd_shs,13
bd_shs,89
bd_shs,28
bd_shs,34
bd_shs,31
bd_shs,56
bd_shs,36
bd_shs,10
bd_shs,132
bd_shs,73
bd_shs,74
bd_shs,10
bd_shs,27
bd_shs,14
bd_shs,44
bd_shs,42
bd_shs,85
bd_shs,13
bd_shs,67
bd_shs,12
bd_shs,26
bd_shs,8
bd_shs,20
bd_shs,13
bd_shs,22
bd_shs,29
bd_shs,15
bd_shs,15
bd_shs,30
bd_shs,7
bd_shs,37
bd_shs,38
bd_shs,8
bd_shs,17
bd_shs,36
bd_shs,14
bd_shs,256
bd_shs,17
bd_shs,56
bd_shs,10
bd_shs,33
bd_shs,11
bd_shs,17
bd_shs,44
bd_shs,17
bd_shs,54
bd_shs,4
bd_shs,22
bd_shs,8
bd_shs,29
bd_shs,129
bd_shs,29
bd_shs,9
bd_shs,80
bd_shs,74
bd_shs,26
bd_shs,37
bd_shs,50
bd_shs,34
bd_shs,100
bd_shs,25
bd_shs,63
bd_shs,28
bd_shs,18
bd_shs,31
bd_shs,106
bd_shs,15
bd_shs,14
bd_shs,15
bd_shs,98
bd_shs,26
bd_shs,30
bd_shs,34
bd_shs,166
bd_shs,14
bd_shs,11
bd_shs,193
bd_shs,69
bd_shs,22
bd_shs,37
bd_shs,20
bd_shs,11
bd_shs,30
bd_shs,35
bd_shs,22
bd_shs,23
bd_shs,47
bd_shs,146
bd_shs,13
bd_shs,14
bd_shs,13
bd_shs,12
bd_shs,62
bd_shs,30
bd_shs,35
bd_shs,31
bd_shs,41
bd_shs,26
bd_shs,43
bd_shs,15
bd_shs,65
bd_shs,12
bd_shs,181
bd_shs,19
bd_shs,12
bd_shs,37
bd_shs,85
bd_shs,19
bd_shs,61
bd_shs,22
bd_shs,33
bd_shs,32
bd_shs,8
bd_shs,24
bd_shs,25
bd_shs,13
bd_shs,55
bd_shs,29
bd_shs,133
bd_shs,12
bd_shs,10
bd_shs,13
bd_shs,5
bd_shs,7
bd_shs,16
bd_shs,16
bd_shs,14
bd_shs,14
bd_shs,52
bd_shs,140
bd_shs,31
bd_shs,17
bd_shs,37
bd_shs,66
bd_shs,268
bd_shs,57
bd_shs,42
bd_shs,80
bd_shs,34
bd_shs,16
bd_shs,28
bd_shs,174
bd_shs,54
bd_shs,26
bd_shs,27
bd_shs,24
bd_shs,32
bd_shs,27
bd_shs,70
bd_shs,216
bd_shs,32
bd_shs,33
bd_shs,29
bd_shs,20
bd_shs,237
bd_shs,18
bd_shs,40
bd_shs,51
bd_shs,21
bd_shs,25
bd_shs,27
bd_shs,224
bd_shs,13
bd_shs,27
bd_shs,26
bd_shs,79
bd_shs,34
bd_shs,37
bd_shs,13
bd_shs,9
bd_shs,31
bd_shs,16
bd_shs,105
bd_shs,20
bd_shs,42
bd_shs,48
bd_shs,54
bd_shs,43
bd_shs,37
bd_shs,130
bd_shs,255
bd_shs,24
bd_shs,15
bd_shs,40
bd_shs,40
bd_shs,17
bd_shs,20
bd_shs,23
bd_shs,994
bd_shs,17
bd_shs,79
bd_shs,29
bd_shs,23
bd_shs,116
bd_shs,38
bd_shs,20
bd_shs,38
bd_shs,22
bd_shs,15
bd_shs,123
bd_shs,58
bd_shs,131
bd_shs,7
bd_shs,21
bd_shs,52
bd_shs,20
bd_shs,27
bd_shs,44
bd_shs,7
bd_shs,18
bd_shs,35
bd_shs,45
bd_shs,23
bd_shs,13
bd_shs,48
bd_shs,12
bd_shs,43
bd_shs,13
bd_shs,14
bd_shs,157
bd_shs,134
bd_shs,26
bd_shs,32
bd_shs,94
bd_shs,18
bd_shs,31
bd_shs,37
bd_shs,129
bd_shs,24
bd_shs,12
bd_shs,28
bd_shs,99
bd_shs,31
bd_shs,51
bd_shs,165
bd_shs,49
bd_shs,59
bd_shs,9
bd_shs,32
bd_shs,15
bd_shs,33
bd_shs,82
bd_shs,29
bd_shs,5
bd_shs,24
bd_shs,68
bd_shs,9
bd_shs,18
bd_shs,5
bd_shs,65
bd_shs,75
bd_shs,30
bd_shs,55
bd_shs,31
bd_shs,26
bd_shs,22
bd_shs,30
bd_shs,30
bd_shs,49
bd_shs,17
bd_shs,77
bd_shs,15
bd_shs,35
bd_shs,48
bd_shs,44
bd_shs,14
bd_shs,12
bd_shs,74
bd_shs,45
bd_shs,29
bd_shs,53
bd_shs,22
bd_shs,21
bd_shs,39
bd_shs,13
bd_shs,60
bd_shs,26
bd_shs,42
bd_shs,9
bd_shs,30
bd_shs,72
bd_shs,13
bd_shs,13
bd_shs,359
bd_shs,23
bd_shs,39
bd_shs,19
bd_shs,27
bd_shs,59
bd_shs,11
bd_shs,18
bd_shs,16
bd_shs,53
bd_shs,13
bd_shs,27
bd_shs,14
bd_shs,37
bd_shs,22
bd_shs,22
bd_shs,29
bd_shs,11
bd_shs,9
bd_shs,29
bd_shs,17
bd_shs,3
bd_shs,23
bd_shs,30
bd_shs,16
bd_shs,28
bd_shs,57
bd_shs,13
bd_shs,25
bd_shs,20
bd_shs,58
bd_shs,62
bd_shs,21
bd_shs,26
bd_shs,16
bd_shs,66
bd_shs,13
bd_shs,13
bd_shs,52
bd_shs,21
bd_shs,107
bd_shs,31
bd_shs,18
bd_shs,12
bd_shs,13
bd_shs,51
bd_shs,6
bd_shs,26
bd_shs,12
bd_shs,31
bd_shs,20
bd_shs,55
bd_shs,135
bd_shs,55
bd_shs,42
bd_shs,18
bd_shs,23
bd_shs,45
bd_shs,47
bd_shs,20
bd_shs,76
bd_shs,32
bd_shs,12
bd_shs,103
bd_shs,22
bd_shs,14
bd_shs,11
bd_shs,19
bd_shs,139
bd_shs,33
bd_shs,14
bd_shs,9
bd_shs,165
bd_shs,23
bd_shs,126
bd_shs,40
bd_shs,617
bd_shs,45
bd_shs,11
bd_shs,8
bd_shs,24
bd_shs,12
bd_shs,23
bd_shs,8
bd_shs,61
bd_shs,49
bd_shs,12
bd_shs,39
bd_shs,23
bd_shs,6
bd_shs,6
bd_shs,13
bd_shs,48
bd_shs,48
bd_shs,207
bd_shs,120
bd_shs,30
bd_shs,5
bd_shs,12
bd_shs,17
bd_shs,8
bd_shs,158
bd_shs,12
bd_shs,28
bd_shs,47
bd_shs,22
bd_shs,22
bd_shs,795
bd_shs,85
bd_shs,303
bd_shs,8
bd_shs,12
bd_shs,99
bd_shs,49
bd_shs,16
bd_shs,144
bd_shs,18
bd_shs,20
bd_shs,35
bd_shs,19
bd_shs,56
bd_shs,17
bd_shs,33
bd_shs,100
bd_shs,25
bd_shs,7
bd_shs,16
bd_shs,18
bd_shs,38
bd_shs,11
bd_shs,119
bd_shs,7
bd_shs,32
bd_shs,29
bd_shs,11
bd_shs,64
bd_shs,13
bd_shs,25
bd_shs,18
bd_shs,13
bd_shs,58
bd_shs,29
bd_shs,16
bd_shs,10
bd_shs,20
bd_shs,13
bd_shs,19
bd_shs,16
bd_shs,112
bd_shs,14
bd_shs,26
bd_shs,50
bd_shs,38
bd_shs,15
bd_shs,99
bd_shs,122
bd_shs,82
bd_shs,20
bd_shs,101
bd_shs,21
bd_shs,46
bd_shs,26
bd_shs,24
bd_shs,91
bd_shs,12
bd_shs,53
bd_shs,21
bd_shs,21
bd_shs,65
bd_shs,52
bd_shs,19
bd_shs,16
bd_shs,11
bd_shs,25
bd_shs,19
bd_shs,15
bd_shs,47
bd_shs,72
bd_shs,57
bd_shs,28
bd_shs,26
bd_shs,192
bd_shs,21
bd_shs,15
bd_shs,8
bd_shs,29
bd_shs,16
bd_shs,20
bd_shs,96
bd_shs,32
bd_shs,41
bd_shs,33
bd_shs,14
bd_shs,40
bd_shs,36
bd_shs,25
bd_shs,26
bd_shs,41
bd_shs,109
bd_shs,58
bd_shs,60
bd_shs,69
bd_shs,32
bd_shs,120
bd_shs,23
bd_shs,35
bd_shs,33
bd_shs,65
bd_shs,49
bd_shs,17
bd_shs,119
bd_shs,50
bd_shs,91
bd_shs,38
bd_shs,236
bd_shs,33
bd_shs,30
bd_shs,21
bd_shs,27
bd_shs,48
bd_shs,55
bd_shs,23
bd_shs,63
bd_shs,48
bd_shs,14
bd_shs,38
bd_shs,117
bd_shs,41
bd_shs,57
bd_shs,29
bd_shs,35
bd_shs,141
bd_shs,98
bd_shs,51
bd_shs,25
bd_shs,11
bd_shs,9
bd_shs,23
bd_shs,6
bd_shs,19
bd_shs,15
bd_shs,13
bd_shs,23
bd_shs,12
bd_shs,84
bd_shs,25
bd_shs,97
bd_shs,37
bd_shs,22
bd_shs,18
bd_shs,27
bd_shs,23
bd_shs,24
bd_shs,66
bd_shs,4
bd_shs,38
bd_shs,35
bd_shs,8
bd_shs,41
bd_shs,14
bd_shs,24
bd_shs,85
bd_shs,29
bd_shs,24
bd_shs,140
bd_shs,15
bd_shs,148
bd_shs,26
bd_shs,29
bd_shs,20
bd_shs,21
bd_shs,30
bd_shs,35
bd_shs,19
bd_shs,5
bd_shs,172
bd_shs,8
bd_shs,25
bd_shs,19
bd_shs,23
bd_shs,1018
bd_shs,27
bd_shs,55
bd_shs,36
bd_shs,21
bd_shs,18
bd_shs,58
bd_shs,69
bd_shs,19
bd_shs,60
bd_shs,150
bd_shs,19
bd_shs,73
bd_shs,24
bd_shs,28
bd_shs,36
bd_shs,38
bd_shs,10
bd_shs,16
bd_shs,149
bd_shs,24
bd_shs,67
bd_shs,16
bd_shs,25
bd_shs,10
bd_shs,3
bd_shs,89
bd_shs,33
bd_shs,21
bd_shs,28
bd_shs,6
bd_shs,19
bd_shs,34
bd_shs,23
bd_shs,22
bd_shs,17
bd_shs,7
bd_shs,34
bd_shs,39
bd_shs,31
bd_shs,48
bd_shs,78
bd_shs,83
bd_shs,170
bd_shs,17
bd_shs,98
bd_shs,101
bd_shs,13
bd_shs,41
bd_shs,72
bd_shs,17
bd_shs,23
bd_shs,26
bd_shs,45
bd_shs,22
bd_shs,25
bd_shs,47
bd_shs,24
bd_shs,16
bd_shs,13
bd_shs,6
bd_shs,18
bd_shs,16
bd_shs,14
bd_shs,16
bd_shs,11
bd_shs,31
bd_shs,34
bd_shs,42
bd_shs,27
bd_shs,6
bd_shs,55
bd_shs,6
bd_shs,21
bd_shs,20
bd_shs,15
bd_shs,29
bd_shs,117
bd_shs,9
bd_shs,13
bd_shs,17
bd_shs,89
bd_shs,16
bd_shs,12
bd_shs,110
bd_shs,14
bd_shs,55
bd_shs,12
bd_shs,93
bd_shs,22
bd_shs,14
bd_shs,70
bd_shs,41
bd_shs,49
bd_shs,35
bd_shs,81
bd_shs,59
bd_shs,21
bd_shs,25
bd_shs,11
bd_shs,20
bd_shs,41
bd_shs,40
bd_shs,5
bd_shs,12
bd_shs,10
bd_shs,37
bd_shs,30
bd_shs,42
bd_shs,29
bd_shs,94
bd_shs,46
bd_shs,23
bd_shs,78
bd_shs,38
bd_shs,37
bd_shs,13
bd_shs,34
bd_shs,14
bd_shs,12
bd_shs,25
bd_shs,26
bd_shs,23
bd_shs,23
bd_shs,21
bd_shs,43
bd_shs,15
bd_shs,24
bd_shs,16
bd_shs,31
bd_shs,105
bd_shs,26
bd_shs,33
bd_shs,14
bd_shs,19
bd_shs,14
bd_shs,25
bd_shs,17
bd_shs,115
bd_shs,13
bd_shs,18
bd_shs,27
bd_shs,22
bd_shs,18
bd_shs,12
bd_shs,36
bd_shs,18
bd_shs,97
bd_shs,25
bd_shs,33
bd_shs,43
bd_shs,48
bd_shs,21
bd_shs,386
bd_shs,20
bd_shs,24
bd_shs,7
bd_shs,21
bd_shs,15
bd_shs,7
bd_shs,46
bd_shs,8
bd_shs,23
bd_shs,282
bd_shs,165
bd_shs,24
bd_shs,106
bd_shs,59
bd_shs,14
bd_shs,27
bd_shs,13
bd_shs,12
bd_shs,7
bd_shs,87
bd_shs,42
bd_shs,67
bd_shs,26
bd_shs,46
bd_shs,21
bd_shs,300
bd_shs,19
bd_shs,51
bd_shs,32
bd_shs,98
bd_shs,11
bd_shs,9
bd_shs,14
bd_shs,30
bd_shs,31
bd_shs,21
bd_shs,5
bd_shs,65
bd_shs,39
bd_shs,79
bd_shs,33
bd_shs,25
bd_shs,17
bd_shs,36
bd_shs,22
bd_shs,26
bd_shs,500
bd_shs,84
bd_shs,45
bd_shs,41
bd_shs,21
bd_shs,103
bd_shs,26
bd_shs,49
bd_shs,36
bd_shs,42
bd_shs,22
bd_shs,17
bd_shs,31
bd_shs,26
bd_shs,35
bd_shs,31
bd_shs,22
bd_shs,6
bd_shs,6
bd_shs,54
bd_shs,49
bd_shs,22
bd_shs,51
bd_shs,90
bd_shs,20
bd_shs,13
bd_shs,34
bd_shs,49
bd_shs,17
bd_shs,39
bd_shs,21
bd_shs,109
bd_shs,20
bd_shs,29
bd_shs,17
bd_shs,31
bd_shs,17
bd_shs,19
bd_shs,16
bd_shs,38
bd_shs,288
bd_shs,69
bd_shs,129
bd_shs,12
bd_shs,32
bd_shs,16
bd_shs,19
bd_shs,10
bd_shs,70
bd_shs,10
bd_shs,14
bd_shs,35
bd_shs,10
bd_shs,55
bd_shs,38
bd_shs,18
bd_shs,12
bd_shs,37
bd_shs,56
bd_shs,24
bd_shs,17
bd_shs,146
bd_shs,30
bd_shs,21
bd_shs,56
bd_shs,14
bd_shs,27
bd_shs,15
bd_shs,32
bd_shs,32
bd_shs,43
bd_shs,19
bd_shs,21
bd_shs,25
bd_shs,12
bd_shs,55
bd_shs,32
bd_shs,19
bd_shs,41
bd_shs,46
bd_shs,25
bd_shs,41
bd_shs,21
bd_shs,22
bd_shs,102
bd_shs,34
bd_shs,52
bd_shs,11
bd_shs,17
bd_shs,29
bd_shs,30
bd_shs,12
bd_shs,34
bd_shs,38
bd_shs,14
bd_shs,13
bd_shs,71
bd_shs,23
bd_shs,23
bd_shs,9
bd_shs,42
bd_shs,27
bd_shs,41
bd_shs,35
bd_shs,21
bd_shs,150
bd_shs,11
bd_shs,51
bd_shs,14
bd_shs,26
bd_shs,16
bd_shs,14
bd_shs,22
bd_shs,13
bd_shs,204
bd_shs,20
bd_shs,15
bd_shs,22
bd_shs,24
bd_shs,228
bd_shs,9
bd_shs,11
bd_shs,15
bd_shs,56
bd_shs,110
bd_shs,45
bd_shs,15
bd_shs,17
bd_shs,47
bd_shs,117
bd_shs,47
bd_shs,50
bd_shs,27
bd_shs,18
bd_shs,11
bd_shs,44
bd_shs,54
bd_shs,25
bd_shs,100
bd_shs,29
bd_shs,52
bd_shs,14
bd_shs,23
bd_shs,31
bd_shs,67
bd_shs,8
bd_shs,43
bd_shs,45
bd_shs,22
bd_shs,6
bd_shs,70
bd_shs,38
bd_shs,84
bd_shs,17
bd_shs,54
bd_shs,28
bd_shs,32
bd_shs,27
bd_shs,46
bd_shs,11
bd_shs,97
bd_shs,68
bd_shs,42
bd_shs,35
bd_shs,66
bd_shs,51
bd_shs,28
bd_shs,42
bd_shs,299
bd_shs,24
bd_shs,22
bd_shs,59
bd_shs,29
bd_shs,136
bd_shs,205
bd_shs,13
bd_shs,19
bd_shs,19
bd_shs,19
bd_shs,22
bd_shs,135
bd_shs,19
bd_shs,337
bd_shs,73
bd_shs,23
bd_shs,15
bd_shs,39
bd_shs,34
bd_shs,10
bd_shs,10
bd_shs,117
bd_shs,17
bd_shs,26
bd_shs,31
bd_shs,143
bd_shs,27
bd_shs,25
bd_shs,28
bd_shs,16
bd_shs,6
bd_shs,45
bd_shs,10
bd_shs,42
bd_shs,60
bd_shs,56
bd_shs,41
bd_shs,9
bd_shs,19
bd_shs,9
bd_shs,15
bd_shs,23
bd_shs,17
bd_shs,74
bd_shs,25
bd_shs,17
bd_shs,34
bd_shs,7
bd_shs,179
bd_shs,29
bd_shs,12
bd_shs,23
bd_shs,32
bd_shs,48
bd_shs,24
bd_shs,6
bd_shs,20
bd_shs,17
bd_shs,54
bd_shs,36
bd_shs,74
bd_shs,90
bd_shs,14
bd_shs,15
bd_shs,21
bd_shs,34
bd_shs,30
bd_shs,49
bd_shs,24
bd_shs,108
bd_shs,47
bd_shs,17
bd_shs,50
bd_shs,24
bd_shs,13
bd_shs,125
bd_shs,37
bd_shs,19
bd_shs,42
bd_shs,38
bd_shs,59
bd_shs,36
bd_shs,6
bd_shs,19
bd_shs,38
bd_shs,9
bd_shs,15
bd_shs,262
bd_shs,22
bd_shs,196
bd_shs,32
bd_shs,99
bd_shs,27
bd_shs,35
bd_shs,79
bd_shs,45
bd_shs,73
bd_shs,57
bd_shs,17
bd_shs,57
bd_shs,21
bd_shs,130
bd_shs,37
bd_shs,25
bd_shs,4
bd_shs,20
bd_shs,35
bd_shs,684
bd_shs,18
bd_shs,35
bd_shs,67
bd_shs,9
bd_shs,23
bd_shs,21
bd_shs,16
bd_shs,12
bd_shs,169
bd_shs,52
bd_shs,65
bd_shs,85
bd_shs,12
bd_shs,20
bd_shs,57
bd_shs,28
bd_shs,20
bd_shs,34
bd_shs,10
bd_shs,13
bd_shs,73
bd_shs,64
bd_shs,33
bd_shs,33
bd_shs,15
bd_shs,33
bd_shs,188
bd_shs,105
bd_shs,13
bd_shs,18
bd_shs,55
bd_shs,17
bd_shs,22
bd_shs,9
bd_shs,29
bd_shs,13
bd_shs,33
bd_shs,12
bd_shs,19
bd_shs,26
bd_shs,46
bd_shs,55
bd_shs,24
bd_shs,111
bd_shs,41
bd_shs,36
bd_shs,22
bd_shs,218
bd_shs,15
bd_shs,44
bd_shs,24
bd_shs,14
bd_shs,19
bd_shs,12
bd_shs,59
bd_shs,14
bd_shs,30
bd_shs,16
bd_shs,41
bd_shs,17
bd_shs,8
bd_shs,154
bd_shs,45
bd_shs,23
bd_shs,59
bd_shs,56
bd_shs,6
bd_shs,29
bd_shs,13
bd_shs,6
bd_shs,14
bd_shs,41
bd_shs,14
bd_shs,40
bd_shs,49
bd_shs,8
bd_shs,31
bd_shs,18
bd_shs,84
bd_shs,52
bd_shs,76
bd_shs,26
bd_shs,21
bd_shs,19
bd_shs,74
bd_shs,76
bd_shs,22
bd_shs,25
bd_shs,16
bd_shs,42
bd_shs,10
bd_shs,32
bd_shs,15
bd_shs,93
bd_shs,28
bd_shs,15
bd_shs,27
bd_shs,9
bd_shs,25
bd_shs,29
bd_shs,17
bd_shs,89
bd_shs,206
bd_shs,38
bd_shs,9
bd_shs,14
bd_shs,89
bd_shs,105
bd_shs,43
bd_shs,10
bd_shs,115
bd_shs,36
bd_shs,23
bd_shs,6
bd_shs,72
bd_shs,78
bd_shs,29
bd_shs,19
bd_shs,26
bd_shs,29
bd_shs,74
bd_shs,31
bd_shs,36
bd_shs,26
bd_shs,23
bd_shs,40
bd_shs,19
bd_shs,20
bd_shs,35
bd_shs,14
bd_shs,5
bd_shs,121
bd_shs,31
bd_shs,21
bd_shs,19
bd_shs,19
bd_shs,42
bd_shs,179
bd_shs,93
bd_shs,24
bd_shs,11
bd_shs,13
bd_shs,21
bd_shs,26
bd_shs,70
bd_shs,13
bd_shs,1124
bd_shs,20
bd_shs,8
bd_shs,27
bd_shs,11
bd_shs,23
bd_shs,16
bd_shs,70
bd_shs,19
bd_shs,18
bd_shs,15
bd_shs,12
bd_shs,75
bd_shs,41
bd_shs,17
bd_shs,9
bd_shs,39
bd_shs,5
bd_shs,22
bd_shs,26
bd_shs,21
bd_shs,10
bd_shs,49
bd_shs,110
bd_shs,52
bd_shs,29
bd_shs,72
bd_shs,15
bd_shs,238
bd_shs,24
bd_shs,62
bd_shs,16
bd_shs,19
bd_shs,22
bd_shs,9
bd_shs,11
bd_shs,17
bd_shs,69
bd_shs,10
bd_shs,44
bd_shs,30
bd_shs,84
bd_shs,87
bd_shs,14
bd_shs,162
bd_shs,30
bd_shs,6
bd_shs,52
bd_shs,151
bd_shs,24
bd_shs,8
bd_shs,22
bd_shs,25
bd_shs,154
bd_shs,61
bd_shs,25
bd_shs,89
bd_shs,21
bd_shs,22
bd_shs,33
bd_shs,16
bd_shs,22
bd_shs,11
bd_shs,9
bd_shs,19
bd_shs,14
bd_shs,80
bd_shs,19
bd_shs,80
bd_shs,43
bd_shs,22
bd_shs,18
bd_shs,40
bd_shs,10
bd_shs,61
bd_shs,28
bd_shs,19
bd_shs,109
bd_shs,20
bd_shs,11
bd_shs,95
bd_shs,86
bd_shs,13
bd_shs,12
bd_shs,47
bd_shs,45
bd_shs,105
bd_shs,98
bd_shs,61
bd_shs,20
bd_shs,22
bd_shs,33
bd_shs,35
bd_shs,8
bd_shs,11
bd_shs,23
bd_shs,68
bd_shs,8
bd_shs,40
bd_shs,50
bd_shs,59
bd_shs,37
bd_shs,8
bd_shs,18
bd_shs,15
bd_shs,25
bd_shs,84
bd_shs,38
bd_shs,12
bd_shs,24
bd_shs,77
bd_shs,207
bd_shs,17
bd_shs,19
bd_shs,370
bd_shs,32
bd_shs,37
bd_shs,25
bd_shs,17
bd_shs,157
bd_shs,57
bd_shs,33
bd_shs,29
bd_shs,71
bd_shs,18
bd_shs,41
bd_shs,24
bd_shs,32
bd_shs,151
bd_shs,11
bd_shs,38
bd_shs,20
bd_shs,53
bd_shs,20
bd_shs,25
bd_shs,22
bd_shs,71
bd_shs,24
bd_shs,26
bd_shs,101
bd_shs,14
bd_shs,7
bd_shs,18
bd_shs,94
bd_shs,12
bd_shs,19
bd_shs,81
bd_shs,34
bd_shs,24
bd_shs,20
bd_shs,67
bd_shs,16
bd_shs,80
bd_shs,3
bd_shs,62
bd_shs,39
bd_shs,22
bd_shs,17
bd_shs,35
bd_shs,23
bd_shs,24
bd_shs,18
bd_shs,21
bd_shs,22
bd_shs,75
bd_shs,16
bd_shs,246
bd_shs,37
bd_shs,114
bd_shs,45
bd_shs,55
bd_shs,19
bd_shs,9
bd_shs,43
bd_shs,55
bd_shs,287
bd_shs,44
bd_shs,17
bd_shs,32
bd_shs,85
bd_shs,40
bd_shs,17
bd_shs,20
bd_shs,223
bd_shs,7
bd_shs,289
bd_shs,15
bd_shs,38
bd_shs,13
bd_shs,29
bd_shs,140
bd_shs,75
bd_shs,13
bd_shs,55
bd_shs,73
bd_shs,64
bd_shs,28
bd_shs,42
bd_shs,56
bd_shs,90
bd_shs,55
bd_shs,13
bd_shs,28
bd_shs,27
bd_shs,12
bd_shs,14
bd_shs,58
bd_shs,19
bd_shs,10
bd_shs,34
bd_shs,15
bd_shs,72
bd_shs,41
bd_shs,65
bd_shs,13
bd_shs,57
bd_shs,74
bd_shs,18
bd_shs,205
bd_shs,14
bd_shs,42
bd_shs,17
bd_shs,18
bd_shs,8
bd_shs,20
bd_shs,57
bd_shs,18
bd_shs,26
bd_shs,39
bd_shs,36
bd_shs,21
bd_shs,14
bd_shs,61
bd_shs,11
bd_shs,140
bd_shs,47
bd_shs,84
bd_shs,11
bd_shs,25
bd_shs,159
bd_shs,28
bd_shs,16
bd_shs,7
bd_shs,97
bd_shs,17
bd_shs,40
bd_shs,268
bd_shs,31
bd_shs,64
bd_shs,49
bd_shs,6
bd_shs,19
bd_shs,19
bd_shs,6
bd_shs,28
bd_shs,26
bd_shs,16
bd_shs,49
bd_shs,19
bd_shs,45
bd_shs,15
bd_shs,17
bd_shs,64
bd_shs,16
bd_shs,29
bd_shs,112
bd_shs,17
bd_shs,44
bd_shs,8
bd_shs,25
bd_shs,9
bd_shs,197
bd_shs,91
bd_shs,71
bd_shs,6
bd_shs,20
bd_shs,7
bd_shs,57
bd_shs,24
bd_shs,13
bd_shs,10
bd_shs,22
bd_shs,22
bd_shs,6
bd_shs,30
bd_shs,38
bd_shs,143
bd_shs,65
bd_shs,30
bd_shs,72
bd_shs,10
bd_shs,38
bd_shs,76
bd_shs,29
bd_shs,30
bd_shs,27
bd_shs,5
bd_shs,11
bd_shs,25
bd_shs,19
bd_shs,70
bd_shs,52
bd_shs,27
bd_shs,63
bd_shs,27
bd_shs,120
bd_shs,54
bd_shs,37
bd_shs,26
bd_shs,9
bd_shs,18
bd_shs,29
bd_shs,41
bd_shs,55
bd_shs,50
bd_shs,50
bd_shs,67
bd_shs,114
bd_shs,41
bd_shs,37
bd_shs,68
bd_shs,47
bd_shs,58
bd_shs,23
bd_shs,35
bd_shs,39
bd_shs,44
bd_shs,18
bd_shs,49
bd_shs,75
bd_shs,20
bd_shs,85
bd_shs,6
bd_shs,32
bd_shs,138
bd_shs,22
bd_shs,12
bd_shs,37
bd_shs,51
bd_shs,33
bd_shs,21
bd_shs,64
bd_shs,46
bd_shs,38
bd_shs,13
bd_shs,20
bd_shs,8
bd_shs,352
bd_shs,28
bd_shs,32
bd_shs,94
bd_shs,11
bd_shs,48
bd_shs,9
bd_shs,62
bd_shs,85
bd_shs,39
bd_shs,140
bd_shs,68
bd_shs,27
bd_shs,16
bd_shs,16
bd_shs,9
bd_shs,67
bd_shs,38
bd_shs,206
bd_shs,11
bd_shs,5
bd_shs,10
bd_shs,19
bd_shs,42
bd_shs,30
bd_shs,49
bd_shs,37
bd_shs,21
bd_shs,55
bd_shs,19
bd_shs,65
bd_shs,23
bd_shs,25
bd_shs,15
bd_shs,60
bd_shs,32
bd_shs,67
bd_shs,92
bd_shs,23
bd_shs,48
bd_shs,18
bd_shs,24
bd_shs,10
bd_shs,86
bd_shs,84
bd_shs,61
bd_shs,27
bd_shs,82
bd_shs,34
bd_shs,12
bd_shs,27
bd_shs,41
bd_shs,62
bd_shs,19
bd_shs,242
bd_shs,40
bd_shs,32
bd_shs,52
bd_shs,8
bd_shs,21
bd_shs,28
bd_shs,34
bd_shs,20
bd_shs,63
bd_shs,25
bd_shs,33
bd_shs,5
bd_shs,22
bd_shs,12
bd_shs,10
bd_shs,62
bd_shs,25
bd_shs,13
bd_shs,37
bd_shs,76
bd_shs,33
bd_shs,19
bd_shs,51
bd_shs,21
bd_shs,15
bd_shs,28
bd_shs,23
bd_shs,58
bd_shs,54
bd_shs,71
bd_shs,14
bd_shs,64
bd_shs,6
bd_shs,46
bd_shs,78
bd_shs,47
bd_shs,19
bd_shs,37
bd_shs,163
bd_shs,319
bd_shs,67
bd_shs,19
bd_shs,57
bd_shs,45
bd_shs,15
bd_shs,13
bd_shs,73
bd_shs,38
bd_shs,277
bd_shs,19
bd_shs,17
bd_shs,15
bd_shs,14
bd_shs,22
bd_shs,31
bd_shs,18
bd_shs,24
bd_shs,45
bd_shs,244
bd_shs,13
bd_shs,16
bd_shs,119
bd_shs,26
bd_shs,42
bd_shs,109
bd_shs,19
bd_shs,15
bd_shs,17
bd_shs,21
bd_shs,18
bd_shs,31
bd_shs,4
bd_shs,55
bd_shs,26
bd_shs,29
bd_shs,30
bd_shs,17
bd_shs,7
bd_shs,21
bd_shs,72
bd_shs,21
bd_shs,117
bd_shs,114
bd_shs,38
bd_shs,13
bd_shs,28
bd_shs,21
bd_shs,10
bd_shs,26
bd_shs,80
bd_shs,23
bd_shs,40
bd_shs,65
bd_shs,16
bd_shs,13
bd_shs,24
bd_shs,63
bd_shs,43
bd_shs,33
bd_shs,30
bd_shs,24
bd_shs,20
bd_shs,59
bd_shs,50
bd_shs,17
bd_shs,9
bd_shs,12
bd_shs,21
bd_shs,34
bd_shs,9
bd_shs,40
bd_shs,55
bd_shs,82
bd_shs,41
bd_shs,14
bd_shs,36
bd_shs,34
bd_shs,10
bd_shs,242
bd_shs,18
bd_shs,184
bd_shs,133
bd_shs,37
bd_shs,8
bd_shs,18
bd_shs,21
bd_shs,8
bd_shs,19
bd_shs,68
bd_shs,20
bd_shs,39
bd_shs,27
bd_shs,21
bd_shs,27
bd_shs,91
bd_shs,66
bd_shs,24
bd_shs,100
bd_shs,14
bd_shs,28
bd_shs,15
bd_shs,85
bd_shs,40
bd_shs,22
bd_shs,47
bd_shs,31
bd_shs,54
bd_shs,30
bd_shs,20
bd_shs,9
bd_shs,22
bd_shs,20
bd_shs,24
bd_shs,66
bd_shs,22
bd_shs,61
bd_shs,7
bd_shs,38
bd_shs,32
bd_shs,36
bd_shs,30
bd_shs,31
bd_shs,8
bd_shs,69
bd_shs,23
bd_shs,42
bd_shs,23
bd_shs,12
bd_shs,24
bd_shs,27
bd_shs,35
bd_shs,27
bd_shs,26
bd_shs,62
bd_shs,21
bd_shs,35
bd_shs,20
bd_shs,21
bd_shs,38
bd_shs,70
bd_shs,76
bd_shs,32
bd_shs,59
bd_shs,75
bd_shs,78
bd_shs,18
bd_shs,16
bd_shs,6
bd_shs,37
bd_shs,67
bd_shs,51
bd_shs,73
bd_shs,18
bd_shs,25
bd_shs,60
bd_shs,52
bd_shs,17
bd_shs,14
bd_shs,27
bd_shs,33
bd_shs,20
bd_shs,21
bd_shs,25
bd_shs,18
bd_shs,16
bd_shs,29
bd_shs,60
bd_shs,167
bd_shs,34
bd_shs,41
bd_shs,18
bd_shs,26
bd_shs,36
bd_shs,73
bd_shs,30
bd_shs,14
bd_shs,228
bd_shs,39
bd_shs,31
bd_shs,15
bd_shs,11
bd_shs,30
bd_shs,161
bd_shs,60
bd_shs,41
bd_shs,32
bd_shs,29
bd_shs,63
bd_shs,88
bd_shs,156
bd_shs,23
bd_shs,55
bd_shs,232
bd_shs,21
bd_shs,33
bd_shs,110
bd_shs,15
bd_shs,16
bd_shs,14
bd_shs,27
bd_shs,27
bd_shs,29
bd_shs,24
bd_shs,34
bd_shs,64
bd_shs,76
bd_shs,83
bd_shs,78
bd_shs,12
bd_shs,13
bd_shs,48
bd_shs,7
bd_shs,29
bd_shs,105
bd_shs,32
bd_shs,25
bd_shs,16
bd_shs,52
bd_shs,13
bd_shs,51
bd_shs,47
bd_shs,26
bd_shs,37
bd_shs,22
bd_shs,56
bd_shs,29
bd_shs,25
bd_shs,6
bd_shs,80
bd_shs,78
bd_shs,16
bd_shs,13
bd_shs,16
bd_shs,18
bd_shs,10
bd_shs,20
bd_shs,17
bd_shs,117
bd_shs,8
bd_shs,20
bd_shs,59
bd_shs,128
bd_shs,7
bd_shs,9
bd_shs,380
bd_shs,9
bd_shs,9
bd_shs,11
bd_shs,121
bd_shs,59
bd_shs,14
bd_shs,11
bd_shs,37
bd_shs,12
bd_shs,18
bd_shs,57
bd_shs,108
bd_shs,95
bd_shs,9
bd_shs,24
bd_shs,53
bd_shs,22
bd_shs,13
bd_shs,22
bd_shs,41
bd_shs,7
bd_shs,543
bd_shs,42
bd_shs,19
bd_shs,68
bd_shs,19
bd_shs,42
bd_shs,16
bd_shs,50
bd_shs,11
bd_shs,12
bd_shs,4
bd_shs,23
bd_shs,113
bd_shs,25
bd_shs,25
bd_shs,51
bd_shs,28
bd_shs,9
bd_shs,37
bd_shs,114
bd_shs,12
bd_shs,124
bd_shs,9
bd_shs,26
bd_shs,132
bd_shs,51
bd_shs,39
bd_shs,80
bd_shs,45
bd_shs,114
bd_shs,25
bd_shs,30
bd_shs,58
bd_shs,18
bd_shs,30
bd_shs,13
bd_shs,48
bd_shs,6
bd_shs,25
bd_shs,49
bd_shs,297
bd_shs,107
bd_shs,62
bd_shs,21
bd_shs,32
bd_shs,62
bd_shs,13
bd_shs,49
bd_shs,130
bd_shs,21
bd_shs,15
bd_shs,35
bd_shs,54
bd_shs,23
bd_shs,64
bd_shs,19
bd_shs,59
bd_shs,4
bd_shs,11
bd_shs,63
bd_shs,21
bd_shs,80
bd_shs,7
bd_shs,13
bd_shs,73
bd_shs,8
bd_shs,179
bd_shs,38
bd_shs,212
bd_shs,10
bd_shs,24
bd_shs,19
bd_shs,18
bd_shs,97
bd_shs,20
bd_shs,21
bd_shs,12
bd_shs,16
bd_shs,23
bd_shs,11
bd_shs,9
bd_shs,10
bd_shs,66
bd_shs,17
bd_shs,361
bd_shs,58
bd_shs,7
bd_shs,60
bd_shs,11
bd_shs,70
bd_shs,34
bd_shs,51
bd_shs,32
bd_shs,16
bd_shs,35
bd_shs,17
bd_shs,24
bd_shs,29
bd_shs,24
bd_shs,21
bd_shs,40
bd_shs,59
bd_shs,31
bd_shs,101
bd_shs,9
bd_shs,71
bd_shs,39
bd_shs,43
bd_shs,35
bd_shs,40
bd_shs,338
bd_shs,43
bd_shs,12
bd_shs,64
bd_shs,72
bd_shs,15
bd_shs,18
bd_shs,18
bd_shs,108
bd_shs,20
bd_shs,56
bd_shs,13
bd_shs,60
bd_shs,47
bd_shs,46
bd_shs,8
bd_shs,14
bd_shs,11
bd_shs,10
bd_shs,26
bd_shs,18
bd_shs,14
bd_shs,26
bd_shs,49
bd_shs,17
bd_shs,97
bd_shs,60
bd_shs,55
bd_shs,100
bd_shs,41
bd_shs,180
bd_shs,61
bd_shs,16
bd_shs,14
bd_shs,24
bd_shs,25
bd_shs,34
bd_shs,52
bd_shs,17
bd_shs,17
bd_shs,15
bd_shs,32
bd_shs,224
bd_shs,33
bd_shs,11
bd_shs,7
bd_shs,21
bd_shs,20
bd_shs,17
bd_shs,57
bd_shs,14
bd_shs,29
bd_shs,18
bd_shs,24
bd_shs,19
bd_shs,79
bd_shs,48
bd_shs,74
bd_shs,10
bd_shs,5
bd_shs,22
bd_shs,15
bd_shs,39
bd_shs,35
bd_shs,11
bd_shs,119
bd_shs,85
bd_shs,26
bd_shs,15
bd_shs,42
bd_shs,142
bd_shs,5
bd_shs,142
bd_shs,6
bd_shs,127
bd_shs,41
bd_shs,20
bd_shs,60
bd_shs,77
bd_shs,77
bd_shs,18
bd_shs,37
bd_shs,15
bd_shs,98
bd_shs,45
bd_shs,237
bd_shs,45
bd_shs,12
bd_shs,17
bd_shs,11
bd_shs,67
bd_shs,14
bd_shs,16
bd_shs,228
bd_shs,23
bd_shs,9
bd_shs,22
bd_shs,38
bd_shs,69
bd_shs,23
bd_shs,16
bd_shs,254
bd_shs,43
bd_shs,25
bd_shs,40
bd_shs,8
bd_shs,6
bd_shs,105
bd_shs,88
bd_shs,14
bd_shs,46
bd_shs,15
bd_shs,27
bd_shs,57
bd_shs,53
bd_shs,47
bd_shs,24
bd_shs,95
bd_shs,13
bd_shs,52
bd_shs,17
bd_shs,31
bd_shs,20
bd_shs,42
bd_shs,36
bd_shs,55
bd_shs,50
bd_shs,13
bd_shs,98
bd_shs,24
bd_shs,38
bd_shs,56
bd_shs,56
bd_shs,37
bd_shs,6
bd_shs,22
bd_shs,69
bd_shs,27
bd_shs,35
bd_shs,48
bd_shs,175
bd_shs,100
bd_shs,37
bd_shs,30
bd_shs,16
bd_shs,22
bd_shs,39
bd_shs,7
bd_shs,31
bd_shs,64
bd_shs,20
bd_shs,76
bd_shs,9
bd_shs,9
bd_shs,198
bd_shs,16
bd_shs,80
bd_shs,76
bd_shs,15
bd_shs,48
bd_shs,10
bd_shs,19
bd_shs,8
bd_shs,77
bd_shs,25
bd_shs,13
bd_shs,9
bd_shs,6
bd_shs,10
bd_shs,42
bd_shs,3
bd_shs,61
bd_shs,26
bd_shs,11
bd_shs,187
bd_shs,14
bd_shs,46
bd_shs,16
bd_shs,140
bd_shs,23
bd_shs,46
bd_shs,20
bd_shs,35
bd_shs,21
bd_shs,24
bd_shs,83
bd_shs,18
bd_shs,25
bd_shs,14
bd_shs,14
bd_shs,11
bd_shs,34
bd_shs,90
bd_shs,61
bd_shs,57
bd_shs,65
bd_shs,18
bd_shs,15
bd_shs,26
bd_shs,16
bd_shs,77
bd_shs,85
bd_shs,26
bd_shs,130
bd_shs,79
bd_shs,391
bd_shs,14
bd_shs,15
bd_shs,35
bd_shs,7
bd_shs,86
bd_shs,165
bd_shs,31
bd_shs,219
bd_shs,36
bd_shs,12
bd_shs,51
bd_shs,19
bd_shs,26
bd_shs,48
bd_shs,6
bd_shs,51
bd_shs,16
bd_shs,34
bd_shs,51
bd_shs,12
bd_shs,21
bd_shs,18
bd_shs,23
bd_shs,228
bd_shs,37
bd_shs,21
bd_shs,15
bd_shs,35
bd_shs,33
bd_shs,33
bd_shs,15
bd_shs,15
bd_shs,97
bd_shs,76
bd_shs,21
bd_shs,53
bd_shs,605
bd_shs,28
bd_shs,17
bd_shs,29
bd_shs,51
bd_shs,149
bd_shs,53
bd_shs,30
bd_shs,12
bd_shs,18
bd_shs,15
bd_shs,29
bd_shs,16
bd_shs,22
bd_shs,5
bd_shs,93
bd_shs,17
bd_shs,7
bd_shs,41
bd_shs,47
bd_shs,113
bd_shs,40
bd_shs,25
bd_shs,21
bd_shs,5
bd_shs,35
bd_shs,16
bd_shs,34
bd_shs,5
bd_shs,35
bd_shs,22
bd_shs,17
bd_shs,11
bd_shs,39
bd_shs,42
bd_shs,180
bd_shs,45
bd_shs,11
bd_shs,21
bd_shs,15
bd_shs,37
bd_shs,20
bd_shs,25
bd_shs,35
bd_shs,36
bd_shs,27
bd_shs,37
bd_shs,47
bd_shs,9
bd_shs,16
bd_shs,17
bd_shs,15
bd_shs,48
bd_shs,36
bd_shs,11
bd_shs,48
bd_shs,5
bd_shs,50
bd_shs,71
bd_shs,22
bd_shs,38
bd_shs,48
bd_shs,120
bd_shs,30
bd_shs,38
bd_shs,69
bd_shs,34
bd_shs,28
bd_shs,15
bd_shs,17
bd_shs,24
bd_shs,11
bd_shs,26
bd_shs,44
bd_shs,19
bd_shs,91
bd_shs,3
bd_shs,67
bd_shs,48
bd_shs,14
bd_shs,14
bd_shs,21
bd_shs,19
bd_shs,21
bd_shs,16
bd_shs,31
bd_shs,225
bd_shs,16
bd_shs,73
bd_shs,59
bd_shs,443
bd_shs,45
bd_shs,34
bd_shs,30
bd_shs,9
bd_shs,14
bd_shs,28
bd_shs,14
bd_shs,17
bd_shs,14
bd_shs,22
bd_shs,34
bd_shs,25
bd_shs,9
bd_shs,17
bd_shs,69
bd_shs,62
bd_shs,37
bd_shs,33
bd_shs,9
bd_shs,94
bd_shs,24
bd_shs,21
bd_shs,8
bd_shs,32
bd_shs,15
bd_shs,24
bd_shs,14
bd_shs,35
bd_shs,25
bd_shs,27
bd_shs,17
bd_shs,22
bd_shs,30
bd_shs,48
bd_shs,52
bd_shs,188
bd_shs,153
bd_shs,22
bd_shs,18
bd_shs,257
bd_shs,22
bd_shs,70
bd_shs,34
bd_shs,17
bd_shs,12
bd_shs,18
bd_shs,57
bd_shs,85
bd_shs,57
bd_shs,11
bd_shs,44
bd_shs,289
bd_shs,36
bd_shs,17
bd_shs,10
bd_shs,8
bd_shs,23
bd_shs,225
bd_shs,9
bd_shs,30
bd_shs,88
bd_shs,36
bd_shs,17
bd_shs,24
bd_shs,15
bd_shs,85
bd_shs,14
bd_shs,16
bd_shs,299
bd_shs,107
bd_shs,24
bd_shs,20
bd_shs,28
bd_shs,42
bd_shs,43
bd_shs,96
bd_shs,6
bd_shs,26
bd_shs,44
bd_shs,24
bd_shs,144
bd_shs,15
bd_shs,6
bd_shs,23
bd_shs,111
bd_shs,10
bd_shs,36
bd_shs,23
bd_shs,27
bd_shs,30
bd_shs,13
bd_shs,10
bd_shs,40
bd_shs,15
bd_shs,17
bd_shs,34
bd_shs,65
bd_shs,21
bd_shs,23
bd_shs,17
bd_shs,14
bd_shs,13
bd_shs,18
bd_shs,41
bd_shs,23
bd_shs,35
bd_shs,6
bd_shs,43
bd_shs,72
bd_shs,18
bd_shs,7
bd_shs,32
bd_shs,8
bd_shs,21
bd_shs,21
bd_shs,22
bd_shs,24
bd_shs,20
bd_shs,68
bd_shs,19
bd_shs,11
bd_shs,36
bd_shs,62
bd_shs,7
bd_shs,19
bd_shs,32
bd_shs,42
bd_shs,20
bd_shs,54
bd_shs,9
bd_shs,7
bd_shs,22
bd_shs,16
bd_shs,11
bd_shs,120
bd_shs,77
bd_shs,6
bd_shs,48
bd_shs,35
bd_shs,29
bd_shs,48
bd_shs,36
bd_shs,77
bd_shs,22
bd_shs,11
bd_shs,175
bd_shs,38
bd_shs,33
bd_shs,54
bd_shs,70
bd_shs,20
bd_shs,17
bd_shs,29
bd_shs,78
bd_shs,22
bd_shs,84
bd_shs,29
bd_shs,23
bd_shs,38
bd_shs,51
bd_shs,32
bd_shs,17
bd_shs,46
bd_shs,42
bd_shs,14
bd_shs,71
bd_shs,6
bd_shs,18
bd_shs,36
bd_shs,22
bd_shs,8
bd_shs,20
bd_shs,104
bd_shs,17
bd_shs,24
bd_shs,16
bd_shs,82
bd_shs,13
bd_shs,24
bd_shs,38
bd_shs,14
bd_shs,82
bd_shs,35
bd_shs,66
bd_shs,229
bd_shs,38
bd_shs,53
bd_shs,14
bd_shs,9
bd_shs,11
bd_shs,28
bd_shs,34
bd_shs,33
bd_shs,28
bd_shs,43
bd_shs,20
bd_shs,85
bd_shs,83
bd_shs,37
bd_shs,21
bd_shs,42
bd_shs,70
bd_shs,20
bd_shs,16
bd_shs,65
bd_shs,86
bd_shs,44
bd_shs,10
bd_shs,13
bd_shs,21
bd_shs,14
bd_shs,35
bd_shs,18
bd_shs,30
bd_shs,9
bd_shs,148
bd_shs,26
bd_shs,54
bd_shs,16
bd_shs,47
bd_shs,68
bd_shs,35
bd_shs,19
bd_shs,66
bd_shs,54
bd_shs,176
bd_shs,55
bd_shs,17
bd_shs,17
bd_shs,50
bd_shs,24
bd_shs,17
bd_shs,63
bd_shs,10
bd_shs,42
bd_shs,20
bd_shs,174
bd_shs,13
bd_shs,17
bd_shs,11
bd_shs,33
bd_shs,56
bd_shs,34
bd_shs,31
bd_shs,17
bd_shs,44
bd_shs,200
bd_shs,45
bd_shs,9
bd_shs,26
bd_shs,55
bd_shs,26
bd_shs,80
bd_shs,5
bd_shs,34
bd_shs,12
bd_shs,31
bd_shs,58
bd_shs,17
bd_shs,95
bd_shs,22
bd_shs,58
bd_shs,14
bd_shs,28
bd_shs,74
bd_shs,64
bd_shs,177
bd_shs,32
bd_shs,18
bd_shs,96
bd_shs,127
bd_shs,21
bd_shs,18
bd_shs,21
bd_shs,50
bd_shs,30
bd_shs,20
bd_shs,56
bd_shs,23
bd_shs,51
bd_shs,16
bd_shs,9
bd_shs,31
bd_shs,16
bd_shs,78
bd_shs,27
bd_shs,32
bd_shs,30
bd_shs,9
bd_shs,301
bd_shs,34
bd_shs,46
bd_shs,20
bd_shs,11
bd_shs,45
bd_shs,8
bd_shs,22
bd_shs,295
bd_shs,94
bd_shs,11
bd_shs,20
bd_shs,117
bd_shs,34
bd_shs,3
bd_shs,6
bd_shs,32
bd_shs,12
bd_shs,20
bd_shs,38
bd_shs,13
bd_shs,22
bd_shs,10
bd_shs,53
bd_shs,114
bd_shs,66
bd_shs,33
bd_shs,26
bd_shs,21
bd_shs,81
bd_shs,63
bd_shs,30
bd_shs,22
bd_shs,57
bd_shs,23
bd_shs,54
bd_shs,29
bd_shs,20
bd_shs,9
bd_shs,98
bd_shs,12
bd_shs,15
bd_shs,8
bd_shs,22
bd_shs,31
bd_shs,14
bd_shs,16
bd_shs,6
bd_shs,66
bd_shs,30
bd_shs,24
bd_shs,44
bd_shs,38
bd_shs,128
bd_shs,6
bd_shs,8
bd_shs,16
bd_shs,71
bd_shs,96
bd_shs,14
bd_shs,8
bd_shs,98
bd_shs,18
bd_shs,70
bd_shs,40
bd_shs,17
bd_shs,10
bd_shs,178
bd_shs,107
bd_shs,32
bd_shs,6
bd_shs,21
bd_shs,40
bd_shs,35
bd_shs,30
bd_shs,151
bd_shs,98
bd_shs,13
bd_shs,24
bd_shs,246
bd_shs,12
bd_shs,16
bd_shs,15
bd_shs,32
bd_shs,37
bd_shs,35
bd_shs,117
bd_shs,31
bd_shs,24
bd_shs,10
bd_shs,78
bd_shs,38
bd_shs,26
bd_shs,8
bd_shs,8
bd_shs,14
bd_shs,9
bd_shs,87
bd_shs,17
bd_shs,19
bd_shs,21
bd_shs,22
bd_shs,97
bd_shs,89
bd_shs,24
bd_shs,35
bd_shs,16
bd_shs,130
bd_shs,18
bd_shs,20
bd_shs,11
bd_shs,31
bd_shs,33
bd_shs,64
bd_shs,46
bd_shs,536
bd_shs,170
bd_shs,219
bd_shs,9
bd_shs,45
bd_shs,34
bd_shs,12
bd_shs,66
bd_shs,25
bd_shs,89
bd_shs,32
bd_shs,23
bd_shs,169
bd_shs,32
bd_shs,45
bd_shs,20
bd_shs,10
bd_shs,108
bd_shs,14
bd_shs,41
bd_shs,55
bd_shs,16
bd_shs,99
bd_shs,27
bd_shs,22
bd_shs,27
bd_shs,24
bd_shs,82
bd_shs,50
bd_shs,22
bd_shs,58
bd_shs,16
bd_shs,68
bd_shs,10
bd_shs,22
bd_shs,4
bd_shs,63
bd_shs,29
bd_shs,18
bd_shs,43
bd_shs,118
bd_shs,46
bd_shs,57
bd_shs,66
bd_shs,22
bd_shs,22
bd_shs,29
bd_shs,53
bd_shs,20
bd_shs,21
bd_shs,57
bd_shs,75
bd_shs,30
bd_shs,23
bd_shs,17
bd_shs,97
bd_shs,32
bd_shs,14
bd_shs,34
bd_shs,109
bd_shs,26
bd_shs,7
bd_shs,6
bd_shs,17
bd_shs,23
bd_shs,45
bd_shs,33
bd_shs,19
bd_shs,15
bd_shs,247
bd_shs,14
bd_shs,123
bd_shs,41
bd_shs,24
bd_shs,11
bd_shs,40
bd_shs,15
bd_shs,22
bd_shs,15
bd_shs,45
bd_shs,24
bd_shs,69
bd_shs,57
bd_shs,70
bd_shs,28
bd_shs,45
bd_shs,10
bd_shs,43
bd_shs,95
bd_shs,22
bd_shs,26
bd_shs,9
bd_shs,11
bd_shs,15
bd_shs,14
bd_shs,18
bd_shs,37
bd_shs,106
bd_shs,36
bd_shs,63
bd_shs,40
bd_shs,15
bd_shs,171
bd_shs,15
bd_shs,36
bd_shs,41
bd_shs,187
bd_shs,46
bd_shs,21
bd_shs,34
bd_shs,29
bd_shs,53
bd_shs,33
bd_shs,183
bd_shs,367
bd_shs,11
bd_shs,29
bd_shs,41
bd_shs,54
bd_shs,86
bd_shs,13
bd_shs,145
bd_shs,51
bd_shs,13
bd_shs,20
bd_shs,182
bd_shs,19
bd_shs,18
bd_shs,20
bd_shs,62
bd_shs,35
bd_shs,77
bd_shs,78
bd_shs,132
bd_shs,393
bd_shs,30
bd_shs,13
bd_shs,12
bd_shs,57
bd_shs,33
bd_shs,25
bd_shs,26
bd_shs,60
bd_shs,17
bd_shs,12
bd_shs,16
bd_shs,73
bd_shs,6
bd_shs,19
bd_shs,33
bd_shs,26
bd_shs,54
bd_shs,21
bd_shs,16
bd_shs,223
bd_shs,59
bd_shs,24
bd_shs,97
bd_shs,13
bd_shs,65
bd_shs,88
bd_shs,27
bd_shs,67
bd_shs,21
bd_shs,17
bd_shs,9
bd_shs,23
bd_shs,40
bd_shs,24
bd_shs,16
bd_shs,210
bd_shs,13
bd_shs,16
bd_shs,26
bd_shs,26
bd_shs,9
bd_shs,44
bd_shs,12
bd_shs,8
bd_shs,10
bd_shs,20
bd_shs,48
bd_shs,11
bd_shs,65
bd_shs,10
bd_shs,42
bd_shs,41
bd_shs,30
bd_shs,16
bd_shs,15
bd_shs,18
bd_shs,130
bd_shs,87
bd_shs,46
bd_shs,33
bd_shs,11
bd_shs,13
bd_shs,11
bd_shs,49
bd_shs,18
bd_shs,18
bd_shs,86
bd_shs,8
bd_shs,37
bd_shs,50
bd_shs,12
bd_shs,69
bd_shs,41
bd_shs,25
bd_shs,20
bd_shs,32
bd_shs,15
bd_shs,37
bd_shs,70
bd_shs,650
bd_shs,32
bd_shs,18
bd_shs,55
bd_shs,28
bd_shs,41
bd_shs,26
bd_shs,13
bd_shs,50
bd_shs,20
bd_shs,11
bd_shs,183
bd_shs,22
bd_shs,11
bd_shs,35
bd_shs,16
bd_shs,17
bd_shs,17
bd_shs,26
bd_shs,13
bd_shs,20
bd_shs,24
bd_shs,61
bd_shs,39
bd_shs,53
bd_shs,112
bd_shs,9
bd_shs,16
bd_shs,27
bd_shs,61
bd_shs,21
bd_shs,27
bd_shs,31
bd_shs,13
bd_shs,24
bd_shs,60
bd_shs,10
bd_shs,21
bd_shs,12
bd_shs,40
bd_shs,39
bd_shs,6
bd_shs,109
bd_shs,18
bd_shs,21
bd_shs,25
bd_shs,47
bd_shs,17
bd_shs,57
bd_shs,81
bd_shs,271
bd_shs,28
bd_shs,120
bd_shs,45
bd_shs,35
bd_shs,53
bd_shs,11
bd_shs,33
bd_shs,7
bd_shs,164
bd_shs,56
bd_shs,44
bd_shs,22
bd_shs,67
bd_shs,10
bd_shs,38
bd_shs,34
bd_shs,25
bd_shs,7
bd_shs,56
bd_shs,46
bd_shs,55
bd_shs,37
bd_shs,42
bd_shs,22
bd_shs,15
bd_shs,32
bd_shs,38
bd_shs,220
bd_shs,50
bd_shs,41
bd_shs,22
bd_shs,300
bd_shs,26
bd_shs,107
bd_shs,26
bd_shs,26
bd_shs,60
bd_shs,63
bd_shs,89
bd_shs,62
bd_shs,19
bd_shs,70
bd_shs,42
bd_shs,17
bd_shs,59
bd_shs,8
bd_shs,47
bd_shs,12
bd_shs,62
bd_shs,25
bd_shs,18
bd_shs,14
bd_shs,22
bd_shs,26
bd_shs,22
bd_shs,10
bd_shs,23
bd_shs,88
bd_shs,77
bd_shs,38
bd_shs,25
bd_shs,13
bd_shs,25
bd_shs,83
bd_shs,55
bd_shs,5
bd_shs,31
bd_shs,40
bd_shs,42
bd_shs,38
bd_shs,72
bd_shs,32
bd_shs,76
bd_shs,47
bd_shs,24
bd_shs,36
bd_shs,77
bd_shs,10
bd_shs,35
bd_shs,122
bd_shs,309
bd_shs,86
bd_shs,106
bd_shs,11
bd_shs,21
bd_shs,19
bd_shs,60
bd_shs,23
bd_shs,13
bd_shs,447
bd_shs,43
bd_shs,39
bd_shs,92
bd_shs,26
bd_shs,64
bd_shs,74
bd_shs,36
bd_shs,271
bd_shs,31
bd_shs,20
bd_shs,28
bd_shs,23
bd_shs,29
bd_shs,53
bd_shs,54
bd_shs,62
bd_shs,47
bd_shs,20
bd_shs,80
bd_shs,80
bd_shs,304
bd_shs,10
bd_shs,73
bd_shs,8
bd_shs,7
bd_shs,32
bd_shs,7
bd_shs,11
bd_shs,129
bd_shs,14
bd_shs,10
bd_shs,19
bd_shs,18
bd_shs,63
bd_shs,49
bd_shs,14
bd_shs,18
bd_shs,37
bd_shs,24
bd_shs,27
bd_shs,19
bd_shs,12
bd_shs,7
bd_shs,22
bd_shs,28
bd_shs,21
bd_shs,6
bd_shs,29
bd_shs,13
bd_shs,22
bd_shs,82
bd_shs,12
bd_shs,25
bd_shs,214
bd_shs,122
bd_shs,27
bd_shs,17
bd_shs,38
bd_shs,45
bd_shs,20
bd_shs,165
bd_shs,333
bd_shs,19
bd_shs,36
bd_shs,43
bd_shs,20
bd_shs,100
bd_shs,8
bd_shs,10
bd_shs,32
bd_shs,6
bd_shs,10
bd_shs,56
bd_shs,66
bd_shs,19
bd_shs,26
bd_shs,9
bd_shs,23
bd_shs,20
bd_shs,11
bd_shs,39
bd_shs,231
bd_shs,96
bd_shs,11
bd_shs,23
bd_shs,101
bd_shs,25
bd_shs,23
bd_shs,47
bd_shs,8
bd_shs,14
bd_shs,29
bd_shs,35
bd_shs,115
bd_shs,48
bd_shs,30
bd_shs,57
bd_shs,14
bd_shs,31
bd_shs,19
bd_shs,20
bd_shs,30
bd_shs,34
bd_shs,40
bd_shs,43
bd_shs,38
bd_shs,7
bd_shs,8
bd_shs,64
bd_shs,15
bd_shs,17
bd_shs,30
bd_shs,15
bd_shs,6
bd_shs,24
bd_shs,17
bd_shs,66
bd_shs,155
bd_shs,17
bd_shs,45
bd_shs,36
bd_shs,40
bd_shs,23
bd_shs,51
bd_shs,22
bd_shs,70
bd_shs,17
bd_shs,29
bd_shs,57
bd_shs,19
bd_shs,33
bd_shs,36
bd_shs,8
bd_shs,27
bd_shs,413
bd_shs,18
bd_shs,30
bd_shs,42
bd_shs,5
bd_shs,243
bd_shs,40
bd_shs,118
bd_shs,134
bd_shs,19
bd_shs,69
bd_shs,32
bd_shs,6
bd_shs,13
bd_shs,26
bd_shs,18
bd_shs,51
bd_shs,49
bd_shs,39
bd_shs,90
bd_shs,13
bd_shs,21
bd_shs,63
bd_shs,32
bd_shs,37
bd_shs,13
bd_shs,142
bd_shs,16
bd_shs,21
bd_shs,19
bd_shs,92
bd_shs,940
bd_shs,20
bd_shs,31
bd_shs,20
bd_shs,17
bd_shs,24
bd_shs,467
bd_shs,70
bd_shs,24
bd_shs,160
bd_shs,25
bd_shs,11
bd_shs,14
bd_shs,45
bd_shs,58
bd_shs,53
bd_shs,16
bd_shs,53
bd_shs,32
bd_shs,62
bd_shs,20
bd_shs,25
bd_shs,45
bd_shs,7
bd_shs,20
bd_shs,6
bd_shs,111
bd_shs,14
bd_shs,117
bd_shs,10
bd_shs,63
bd_shs,64
bd_shs,120
bd_shs,82
bd_shs,34
bd_shs,56
bd_shs,38
bd_shs,188
bd_shs,47
bd_shs,43
bd_shs,29
bd_shs,19
bd_shs,24
bd_shs,11
bd_shs,31
bd_shs,74
bd_shs,81
bd_shs,13
bd_shs,14
bd_shs,14
bd_shs,18
bd_shs,16
bd_shs,95
bd_shs,15
bd_shs,24
bd_shs,49
bd_shs,21
bd_shs,15
bd_shs,33
bd_shs,157
bd_shs,43
bd_shs,26
bd_shs,62
bd_shs,39
bd_shs,52
bd_shs,19
bd_shs,29
bd_shs,7
bd_shs,8
bd_shs,8
bd_shs,25
bd_shs,8
bd_shs,7
bd_shs,99
bd_shs,43
bd_shs,46
bd_shs,15
bd_shs,49
bd_shs,17
bd_shs,6
bd_shs,39
bd_shs,46
bd_shs,372
bd_shs,18
bd_shs,32
bd_shs,18
bd_shs,30
bd_shs,27
bd_shs,20
bd_shs,37
bd_shs,47
bd_shs,26
bd_shs,15
bd_shs,199
bd_shs,94
bd_shs,19
bd_shs,67
bd_shs,56
bd_shs,17
bd_shs,37
bd_shs,50
bd_shs,9
bd_shs,22
bd_shs,21
bd_shs,65
bd_shs,116
bd_shs,31
bd_shs,20
bd_shs,85
bd_shs,36
bd_shs,20
bd_shs,80
bd_shs,28
bd_shs,44
bd_shs,13
bd_shs,22
bd_shs,25
bd_shs,16
bd_shs,18
bd_shs,10
bd_shs,95
bd_shs,8
bd_shs,68
bd_shs,12
bd_shs,16
bd_shs,86
bd_shs,63
bd_shs,26
bd_shs,22
bd_shs,39
bd_shs,12
bd_shs,27
bd_shs,69
bd_shs,102
bd_shs,90
bd_shs,54
bd_shs,124
bd_shs,21
bd_shs,28
bd_shs,35
bd_shs,34
bd_shs,118
bd_shs,22
bd_shs,68
bd_shs,103
bd_shs,113
bd_shs,28
bd_shs,39
bd_shs,22
bd_shs,71
bd_shs,33
bd_shs,5
bd_shs,180
bd_shs,32
bd_shs,27
bd_shs,23
bd_shs,31
bd_shs,90
bd_shs,24
bd_shs,62
bd_shs,22
bd_shs,28
bd_shs,32
bd_shs,112
bd_shs,20
bd_shs,34
bd_shs,34
bd_shs,84
bd_shs,11
bd_shs,78
bd_shs,32
bd_shs,18
bd_shs,68
bd_shs,25
bd_shs,41
bd_shs,20
bd_shs,5
bd_shs,42
bd_shs,183
bd_shs,13
bd_shs,27
bd_shs,46
bd_shs,110
bd_shs,167
bd_shs,55
bd_shs,15
bd_shs,65
bd_shs,122
bd_shs,15
bd_shs,53
bd_shs,8
bd_shs,38
bd_shs,40
bd_shs,20
bd_shs,11
bd_shs,54
bd_shs,6
bd_shs,36
bd_shs,27
bd_shs,28
bd_shs,29
bd_shs,23
bd_shs,28
bd_shs,11
bd_shs,22
bd_shs,465
bd_shs,178
bd_shs,28
bd_shs,56
bd_shs,43
bd_shs,20
bd_shs,15
bd_shs,31
bd_shs,12
bd_shs,23
bd_shs,21
bd_shs,20
bd_shs,40
bd_shs,20
bd_shs,30
bd_shs,42
bd_shs,38
bd_shs,34
bd_shs,44
bd_shs,33
bd_shs,14
bd_shs,211
bd_shs,23
bd_shs,27
bd_shs,41
bd_shs,17
bd_shs,80
bd_shs,133
bd_shs,72
bd_shs,35
bd_shs,5
bd_shs,12
bd_shs,35
bd_shs,6
bd_shs,17
bd_shs,33
bd_shs,13
bd_shs,91
bd_shs,41
bd_shs,12
bd_shs,35
bd_shs,34
bd_shs,33
bd_shs,91
bd_shs,50
bd_shs,31
bd_shs,19
bd_shs,41
bd_shs,47
bd_shs,64
bd_shs,69
bd_shs,42
bd_shs,7
bd_shs,21
bd_shs,20
bd_shs,88
bd_shs,79
bd_shs,129
bd_shs,32
bd_shs,56
bd_shs,38
bd_shs,6
bd_shs,37
bd_shs,276
bd_shs,19
bd_shs,23
bd_shs,197
bd_shs,17
bd_shs,151
bd_shs,35
bd_shs,20
bd_shs,56
bd_shs,16
bd_shs,36
bd_shs,8
bd_shs,53
bd_shs,19
bd_shs,68
bd_shs,41
bd_shs,6
bd_shs,38
bd_shs,40
bd_shs,25
bd_shs,20
bd_shs,83
bd_shs,25
bd_shs,30
bd_shs,21
bd_shs,50
bd_shs,48
bd_shs,37
bd_shs,356
bd_shs,146
bd_shs,12
bd_shs,9
bd_shs,9
bd_shs,24
bd_shs,67
bd_shs,54
bd_shs,55
bd_shs,31
bd_shs,85
bd_shs,17
bd_shs,10
bd_shs,32
bd_shs,154
bd_shs,12
bd_shs,8
bd_shs,66
bd_shs,46
bd_shs,61
bd_shs,21
bd_shs,11
bd_shs,56
bd_shs,26
bd_shs,110
bd_shs,29
bd_shs,91
bd_shs,77
bd_shs,36
bd_shs,11
bd_shs,30
bd_shs,75
bd_shs,73
bd_shs,38
bd_shs,34
bd_shs,28
bd_shs,15
bd_shs,31
bd_shs,78
bd_shs,23
bd_shs,19
bd_shs,28
bd_shs,14
bd_shs,24
bd_shs,27
bd_shs,63
bd_shs,6
bd_shs,35
bd_shs,26
bd_shs,94
bd_shs,43
bd_shs,132
bd_shs,31
bd_shs,36
bd_shs,40
bd_shs,70
bd_shs,21
bd_shs,45
bd_shs,29
bd_shs,27
bd_shs,26
bd_shs,42
bd_shs,19
bd_shs,17
bd_shs,30
bd_shs,78
bd_shs,21
bd_shs,41
bd_shs,331
bd_shs,42
bd_shs,25
bd_shs,75
bd_shs,12
bd_shs,24
bd_shs,6
bd_shs,15
bd_shs,115
bd_shs,95
bd_shs,39
bd_shs,48
bd_shs,20
bd_shs,15
bd_shs,5
bd_shs,176
bd_shs,52
bd_shs,17
bd_shs,56
bd_shs,21
bd_shs,20
bd_shs,84
bd_shs,24
bd_shs,24
bd_shs,22
bd_shs,40
bd_shs,12
bd_shs,67
bd_shs,86
bd_shs,63
bd_shs,7
bd_shs,43
bd_shs,38
bd_shs,16
bd_shs,87
bd_shs,5
bd_shs,64
bd_shs,25
bd_shs,44
bd_shs,17
bd_shs,18
bd_shs,13
bd_shs,15
bd_shs,27
bd_shs,18
bd_shs,18
bd_shs,17
bd_shs,188
bd_shs,88
bd_shs,253
bd_shs,26
bd_shs,36
bd_shs,13
bd_shs,65
bd_shs,47
bd_shs,23
bd_shs,25
bd_shs,51
bd_shs,17
bd_shs,1076
bd_shs,57
bd_shs,17
bd_shs,7
bd_shs,41
bd_shs,78
bd_shs,85
bd_shs,17
bd_shs,60
bd_shs,16
bd_shs,29
bd_shs,57
bd_shs,86
bd_shs,31
bd_shs,120
bd_shs,70
bd_shs,87
bd_shs,18
bd_shs,35
bd_shs,37
bd_shs,23
bd_shs,27
bd_shs,9
bd_shs,22
bd_shs,74
bd_shs,219
bd_shs,106
bd_shs,27
bd_shs,16
bd_shs,78
bd_shs,13
bd_shs,147
bd_shs,43
bd_shs,105
bd_shs,53
bd_shs,52
bd_shs,32
bd_shs,11
bd_shs,17
bd_shs,8
bd_shs,9
bd_shs,18
bd_shs,61
bd_shs,52
bd_shs,56
bd_shs,16
bd_shs,20
bd_shs,6
bd_shs,55
bd_shs,13
bd_shs,12
bd_shs,22
bd_shs,8
bd_shs,21
bd_shs,18
bd_shs,35
bd_shs,215
bd_shs,19
bd_shs,194
bd_shs,199
bd_shs,40
bd_shs,22
bd_shs,72
bd_shs,65
bd_shs,18
bd_shs,9
bd_shs,9
bd_shs,5
bd_shs,31
bd_shs,9
bd_shs,117
bd_shs,13
bd_shs,37
bd_shs,69
bd_shs,21
bd_shs,9
bd_shs,5
bd_shs,17
bd_shs,73
bd_shs,130
bd_shs,22
bd_shs,23
bd_shs,48
bd_shs,14
bd_shs,10
bd_shs,45
bd_shs,19
bd_shs,20
bd_shs,28
bd_shs,31
bd_shs,14
bd_shs,25
bd_shs,44
bd_shs,22
bd_shs,40
bd_shs,9
bd_shs,113
bd_shs,54
bd_shs,77
bd_shs,19
bd_shs,10
bd_shs,12
bd_shs,12
bd_shs,18
bd_shs,57
bd_shs,32
bd_shs,163
bd_shs,26
bd_shs,29
bd_shs,13
bd_shs,21
bd_shs,17
bd_shs,24
bd_shs,154
bd_shs,24
bd_shs,42
bd_shs,19
bd_shs,75
bd_shs,84
bd_shs,151
bd_shs,67
bd_shs,18
bd_shs,43
bd_shs,21
bd_shs,22
bd_shs,36
bd_shs,10
bd_shs,24
bd_shs,45
bd_shs,47
bd_shs,19
bd_shs,16
bd_shs,74
bd_shs,8
bd_shs,6
bd_shs,11
bd_shs,54
bd_shs,17
bd_shs,30
bd_shs,364
bd_shs,21
bd_shs,63
bd_shs,40
bd_shs,19
bd_shs,6
bd_shs,16
bd_shs,21
bd_shs,200
bd_shs,49
bd_shs,64
bd_shs,46
bd_shs,16
bd_shs,17
bd_shs,22
bd_shs,64
bd_shs,38
bd_shs,59
bd_shs,17
bd_shs,36
bd_shs,21
bd_shs,18
bd_shs,19
bd_shs,76
bd_shs,6
bd_shs,11
bd_shs,53
bd_shs,59
bd_shs,16
bd_shs,20
bd_shs,139
bd_shs,11
bd_shs,12
bd_shs,19
bd_shs,11
bd_shs,58
bd_shs,124
bd_shs,35
bd_shs,54
bd_shs,20
bd_shs,13
bd_shs,17
bd_shs,70
bd_shs,30
bd_shs,33
bd_shs,92
bd_shs,53
bd_shs,30
bd_shs,47
bd_shs,13
bd_shs,32
bd_shs,85
bd_shs,20
bd_shs,46
bd_shs,27
bd_shs,16
bd_shs,136
bd_shs,21
bd_shs,9
bd_shs,17
bd_shs,17
bd_shs,21
bd_shs,19
bd_shs,341
bd_shs,14
bd_shs,53
bd_shs,8
bd_shs,6
bd_shs,21
bd_shs,7
bd_shs,35
bd_shs,14
bd_shs,23
bd_shs,7
bd_shs,121
bd_shs,32
bd_shs,70
bd_shs,34
bd_shs,29
bd_shs,41
bd_shs,33
bd_shs,66
bd_shs,8
bd_shs,46
bd_shs,19
bd_shs,16
bd_shs,12
bd_shs,13
bd_shs,168
bd_shs,23
bd_shs,13
bd_shs,52
bd_shs,21
bd_shs,10
bd_shs,41
bd_shs,3
bd_shs,16
bd_shs,7
bd_shs,11
bd_shs,118
bd_shs,81
bd_shs,9
bd_shs,30
bd_shs,1065
bd_shs,37
bd_shs,31
bd_shs,6
bd_shs,26
bd_shs,34
bd_shs,18
bd_shs,27
bd_shs,24
bd_shs,28
bd_shs,38
bd_shs,32
bd_shs,90
bd_shs,40
bd_shs,26
bd_shs,20
bd_shs,8
bd_shs,73
bd_shs,51
bd_shs,21
bd_shs,27
bd_shs,175
bd_shs,20
bd_shs,14
bd_shs,17
bd_shs,56
bd_shs,8
bd_shs,39
bd_shs,65
bd_shs,10
bd_shs,14
bd_shs,25
bd_shs,38
bd_shs,94
bd_shs,46
bd_shs,14
bd_shs,31
bd_shs,39
bd_shs,37
bd_shs,13
bd_shs,67
bd_shs,39
bd_shs,30
bd_shs,79
bd_shs,12
bd_shs,28
bd_shs,19
bd_shs,20
bd_shs,30
bd_shs,15
bd_shs,20
bd_shs,84
bd_shs,72
bd_shs,63
bd_shs,6
bd_shs,763
bd_shs,57
bd_shs,78
bd_shs,38
bd_shs,17
bd_shs,31
bd_shs,65
bd_shs,39
bd_shs,59
bd_shs,17
bd_shs,23
bd_shs,40
bd_shs,9
bd_shs,35
bd_shs,19
bd_shs,28
bd_shs,25
bd_shs,23
bd_shs,30
bd_shs,21
bd_shs,20
bd_shs,17
bd_shs,57
bd_shs,29
bd_shs,40
bd_shs,96
bd_shs,49
bd_shs,11
bd_shs,109
bd_shs,26
bd_shs,86
bd_shs,27
bd_shs,19
bd_shs,112
bd_shs,48
bd_shs,6
bd_shs,86
bd_shs,10
bd_shs,13
bd_shs,146
bd_shs,45
bd_shs,10
bd_shs,73
bd_shs,84
bd_shs,8
bd_shs,47
bd_shs,61
bd_shs,11
bd_shs,33
bd_shs,103
bd_shs,11
bd_shs,91
bd_shs,15
bd_shs,30
bd_shs,12
bd_shs,11
bd_shs,61
bd_shs,13
bd_shs,54
bd_shs,91
bd_shs,64
bd_shs,8
bd_shs,73
bd_shs,35
bd_shs,17
bd_shs,29
bd_shs,26
bd_shs,73
bd_shs,22
bd_shs,132
bd_shs,25
bd_shs,18
bd_shs,16
bd_shs,125
bd_shs,36
bd_shs,74
bd_shs,90
bd_shs,62
bd_shs,51
bd_shs,37
bd_shs,129
bd_shs,15
bd_shs,231
bd_shs,115
bd_shs,28
bd_shs,114
bd_shs,13
bd_shs,12
bd_shs,56
bd_shs,22
bd_shs,27
bd_shs,26
bd_shs,16
bd_shs,10
bd_shs,61
bd_shs,136
bd_shs,92
bd_shs,9
bd_shs,15
bd_shs,75
bd_shs,17
bd_shs,37
bd_shs,43
bd_shs,40
bd_shs,24
bd_shs,34
bd_shs,30
bd_shs,48
bd_shs,48
bd_shs,29
bd_shs,18
bd_shs,3
bd_shs,40
bd_shs,134
bd_shs,212
bd_shs,20
bd_shs,35
bd_shs,81
bd_shs,20
bd_shs,141
bd_shs,20
bd_shs,30
bd_shs,14
bd_shs,74
bd_shs,79
bd_shs,10
bd_shs,53
bd_shs,29
bd_shs,33
bd_shs,31
bd_shs,47
bd_shs,49
bd_shs,18
bd_shs,22
bd_shs,39
bd_shs,32
bd_shs,30
bd_shs,91
bd_shs,158
bd_shs,197
bd_shs,10
bd_shs,36
bd_shs,23
bd_shs,18
bd_shs,18
bd_shs,25
bd_shs,176
bd_shs,49
bd_shs,16
bd_shs,32
bd_shs,9
bd_shs,32
bd_shs,94
bd_shs,13
bd_shs,229
bd_shs,295
bd_shs,12
bd_shs,79
bd_shs,17
bd_shs,52
bd_shs,65
bd_shs,43
bd_shs,8
bd_shs,28
bd_shs,26
bd_shs,19
bd_shs,7
bd_shs,3
bd_shs,7
bd_shs,49
bd_shs,76
bd_shs,172
bd_shs,14
bd_shs,21
bd_shs,45
bd_shs,13
bd_shs,7
bd_shs,16
bd_shs,31
bd_shs,23
bd_shs,31
bd_shs,14
bd_shs,34
bd_shs,26
bd_shs,204
bd_shs,44
bd_shs,15
bd_shs,10
bd_shs,46
bd_shs,34
bd_shs,87
bd_shs,51
bd_shs,10
bd_shs,31
bd_shs,24
bd_shs,48
bd_shs,265
bd_shs,23
bd_shs,47
bd_shs,65
bd_shs,49
bd_shs,94
bd_shs,35
bd_shs,9
bd_shs,83
bd_shs,27
bd_shs,36
bd_shs,110
bd_shs,9
bd_shs,14
bd_shs,17
bd_shs,84
bd_shs,62
bd_shs,25
bd_shs,26
bd_shs,19
bd_shs,55
bd_shs,85
bd_shs,18
bd_shs,26
bd_shs,50
bd_shs,55
bd_shs,30
bd_shs,47
bd_shs,17
bd_shs,13
bd_shs,59
bd_shs,42
bd_shs,91
bd_shs,19
bd_shs,93
bd_shs,27
bd_shs,207
bd_shs,34
bd_shs,14
bd_shs,25
bd_shs,96
bd_shs,40
bd_shs,21
bd_shs,16
bd_shs,9
bd_shs,27
bd_shs,16
bd_shs,23
bd_shs,16
bd_shs,37
bd_shs,50
bd_shs,74
bd_shs,54
bd_shs,7
bd_shs,6
bd_shs,24
bd_shs,27
bd_shs,37
bd_shs,79
bd_shs,59
bd_shs,86
bd_shs,27
bd_shs,15
bd_shs,59
bd_shs,39
bd_shs,44
bd_shs,38
bd_shs,33
bd_shs,6
bd_shs,99
bd_shs,16
bd_shs,23
bd_shs,43
bd_shs,31
bd_shs,156
bd_shs,55
bd_shs,29
bd_shs,30
bd_shs,16
bd_shs,20
bd_shs,42
bd_shs,37
bd_shs,56
bd_shs,7
bd_shs,33
bd_shs,109
bd_shs,23
bd_shs,16
bd_shs,16
bd_shs,19
bd_shs,81
bd_shs,37
bd_shs,36
bd_shs,30
bd_shs,20
bd_shs,17
bd_shs,108
bd_shs,96
bd_shs,57
bd_shs,11
bd_shs,42
bd_shs,46
bd_shs,8
bd_shs,428
bd_shs,23
bd_shs,38
bd_shs,13
bd_shs,25
bd_shs,21
bd_shs,18
bd_shs,20
bd_shs,34
bd_shs,8
bd_shs,11
bd_shs,23
bd_shs,20
bd_shs,9
bd_shs,37
bd_shs,75
bd_shs,10
bd_shs,16
bd_shs,9
bd_shs,48
bd_shs,37
bd_shs,29
bd_shs,30
bd_shs,38
bd_shs,31
bd_shs,29
bd_shs,54
bd_shs,358
bd_shs,24
bd_shs,49
bd_shs,88
bd_shs,34
bd_shs,22
bd_shs,14
bd_shs,20
bd_shs,61
bd_shs,33
bd_shs,63
bd_shs,24
bd_shs,62
bd_shs,215
bd_shs,10
bd_shs,220
bd_shs,11
bd_shs,31
bd_shs,15
bd_shs,27
bd_shs,10
bd_shs,46
bd_shs,35
bd_shs,8
bd_shs,12
bd_shs,27
bd_shs,75
bd_shs,33
bd_shs,90
bd_shs,183
bd_shs,11
bd_shs,27
bd_shs,19
bd_shs,11
bd_shs,24
bd_shs,351
bd_shs,15
bd_shs,24
bd_shs,53
bd_shs,50
bd_shs,44
bd_shs,35
bd_shs,20
bd_shs,60
bd_shs,44
bd_shs,190
bd_shs,6
bd_shs,12
bd_shs,20
bd_shs,39
bd_shs,20
bd_shs,66
bd_shs,25
bd_shs,6
bd_shs,36
bd_shs,15
bd_shs,32
bd_shs,18
bd_shs,73
bd_shs,25
bd_shs,44
bd_shs,30
bd_shs,108
bd_shs,24
bd_shs,64
bd_shs,45
bd_shs,34
bd_shs,19
bd_shs,16
bd_shs,30
bd_shs,22
bd_shs,55
bd_shs,9
bd_shs,29
bd_shs,15
bd_shs,14
bd_shs,21
bd_shs,80
bd_shs,55
bd_shs,16
bd_shs,30
bd_shs,23
bd_shs,26
bd_shs,22
bd_shs,45
bd_shs,30
bd_shs,22
bd_shs,91
bd_shs,20
bd_shs,44
bd_shs,19
bd_shs,40
bd_shs,22
bd_shs,41
bd_shs,85
bd_shs,36
bd_shs,56
bd_shs,59
bd_shs,129
bd_shs,186
bd_shs,166
bd_shs,63
bd_shs,16
bd_shs,44
bd_shs,32
bd_shs,14
bd_shs,93
bd_shs,17
bd_shs,20
bd_shs,47
bd_shs,34
bd_shs,53
bd_shs,21
bd_shs,12
bd_shs,10
bd_shs,21
bd_shs,30
bd_shs,112
bd_shs,12
bd_shs,10
bd_shs,136
bd_shs,17
bd_shs,17
bd_shs,8
bd_shs,15
bd_shs,26
bd_shs,56
bd_shs,30
bd_shs,26
bd_shs,30
bd_shs,191
bd_shs,12
bd_shs,43
bd_shs,16
bd_shs,13
bd_shs,46
bd_shs,18
bd_shs,11
bd_shs,3
bd_shs,109
bd_shs,16
bd_shs,8
bd_shs,47
bd_shs,3
bd_shs,139
bd_shs,41
bd_shs,59
bd_shs,40
bd_shs,33
bd_shs,13
bd_shs,29
bd_shs,8
bd_shs,63
bd_shs,146
bd_shs,20
bd_shs,29
bd_shs,49
bd_shs,32
bd_shs,106
bd_shs,47
bd_shs,42
bd_shs,252
bd_shs,46
bd_shs,76
bd_shs,16
bd_shs,41
bd_shs,42
bd_shs,250
bd_shs,15
bd_shs,73
bd_shs,63
bd_shs,13
bd_shs,30
bd_shs,40
bd_shs,16
bd_shs,41
bd_shs,14
bd_shs,23
bd_shs,19
bd_shs,8
bd_shs,67
bd_shs,31
bd_shs,101
bd_shs,130
bd_shs,12
bd_shs,68
bd_shs,13
bd_shs,22
bd_shs,108
bd_shs,28
bd_shs,107
bd_shs,9
bd_shs,34
bd_shs,22
bd_shs,74
bd_shs,40
bd_shs,26
bd_shs,21
bd_shs,102
bd_shs,28
bd_shs,48
bd_shs,54
bd_shs,22
bd_shs,12
bd_shs,27
bd_shs,45
bd_shs,46
bd_shs,8
bd_shs,6
bd_shs,6
bd_shs,10
bd_shs,15
bd_shs,8
bd_shs,86
bd_shs,144
bd_shs,18
bd_shs,14
bd_shs,18
bd_shs,28
bd_shs,47
bd_shs,29
bd_shs,36
bd_shs,53
bd_shs,17
bd_shs,35
bd_shs,21
bd_shs,13
bd_shs,16
bd_shs,22
bd_shs,65
bd_shs,15
bd_shs,21
bd_shs,23
bd_shs,133
bd_shs,19
bd_shs,31
bd_shs,15
bd_shs,22
bd_shs,30
bd_shs,20
bd_shs,13
bd_shs,9
bd_shs,18
bd_shs,28
bd_shs,16
bd_shs,56
bd_shs,15
bd_shs,15
bd_shs,19
bd_shs,271
bd_shs,64
bd_shs,82
bd_shs,54
bd_shs,81
bd_shs,15
bd_shs,23
bd_shs,47
bd_shs,31
bd_shs,6
bd_shs,135
bd_shs,7
bd_shs,23
bd_shs,42
bd_shs,12
bd_shs,69
bd_shs,231
bd_shs,17
bd_shs,42
bd_shs,11
bd_shs,37
bd_shs,44
bd_shs,25
bd_shs,15
bd_shs,26
bd_shs,53
bd_shs,29
bd_shs,14
bd_shs,21
bd_shs,49
bd_shs,66
bd_shs,23
bd_shs,57
bd_shs,61
bd_shs,69
bd_shs,40
bd_shs,17
bd_shs,27
bd_shs,20
bd_shs,81
bd_shs,31
bd_shs,32
bd_shs,56
bd_shs,30
bd_shs,30
bd_shs,12
bd_shs,85
bd_shs,50
bd_shs,49
bd_shs,37
bd_shs,26
bd_shs,26
bd_shs,37
bd_shs,64
bd_shs,171
bd_shs,58
bd_shs,31
bd_shs,36
bd_shs,142
bd_shs,16
bd_shs,62
bd_shs,24
bd_shs,63
bd_shs,47
bd_shs,31
bd_shs,38
bd_shs,42
bd_shs,89
bd_shs,23
bd_shs,38
bd_shs,118
bd_shs,214
bd_shs,24
bd_shs,32
bd_shs,13
bd_shs,30
bd_shs,48
bd_shs,38
bd_shs,9
bd_shs,17
bd_shs,46
bd_shs,12
bd_shs,70
bd_shs,21
bd_shs,35
bd_shs,11
bd_shs,164
bd_shs,12
bd_shs,31
bd_shs,12
bd_shs,108
bd_shs,96
bd_shs,17
bd_shs,39
bd_shs,25
bd_shs,44
bd_shs,9
bd_shs,25
bd_shs,120
bd_shs,6
bd_shs,10
bd_shs,112
bd_shs,149
bd_shs,13
bd_shs,36
bd_shs,11
bd_shs,34
bd_shs,49
bd_shs,152
bd_shs,14
bd_shs,19
bd_shs,83
bd_shs,68
bd_shs,22
bd_shs,30
bd_shs,35
bd_shs,79
bd_shs,46
bd_shs,32
bd_shs,10
bd_shs,15
bd_shs,15
bd_shs,19
bd_shs,20
bd_shs,13
bd_shs,213
bd_shs,21
bd_shs,31
bd_shs,14
bd_shs,10
bd_shs,6
bd_shs,128
bd_shs,148
bd_shs,17
bd_shs,61
bd_shs,37
bd_shs,91
bd_shs,8
bd_shs,23
bd_shs,85
bd_shs,63
bd_shs,23
bd_shs,10
bd_shs,8
bd_shs,10
bd_shs,35
bd_shs,15
bd_shs,25
bd_shs,17
bd_shs,31
bd_shs,62
bd_shs,200
bd_shs,34
bd_shs,56
bd_shs,31
bd_shs,20
bd_shs,69
bd_shs,15
bd_shs,16
bd_shs,28
bd_shs,25
bd_shs,23
bd_shs,12
bd_shs,25
bd_shs,38
bd_shs,40
bd_shs,20
bd_shs,22
bd_shs,37
bd_shs,138
bd_shs,15
bd_shs,36
bd_shs,50
bd_shs,48
bd_shs,57
bd_shs,28
bd_shs,7
bd_shs,56
bd_shs,50
bd_shs,69
bd_shs,40
bd_shs,140
bd_shs,5
bd_shs,63
bd_shs,20
bd_shs,74
bd_shs,10
bd_shs,16
bd_shs,13
bd_shs,13
bd_shs,37
bd_shs,50
bd_shs,20
bd_shs,102
bd_shs,156
bd_shs,14
bd_shs,12
bd_shs,56
bd_shs,9
bd_shs,20
bd_shs,9
bd_shs,53
bd_shs,66
bd_shs,39
bd_shs,74
bd_shs,13
bd_shs,24
bd_shs,67
bd_shs,22
bd_shs,43
bd_shs,19
bd_shs,19
bd_shs,28
bd_shs,26
bd_shs,19
bd_shs,51
bd_shs,19
bd_shs,35
bd_shs,13
bd_shs,41
bd_shs,93
bd_shs,10
bd_shs,21
bd_shs,16
bd_shs,92
bd_shs,63
bd_shs,12
bd_shs,7
bd_shs,21
bd_shs,24
bd_shs,25
bd_shs,12
bd_shs,32
bd_shs,20
bd_shs,10
bd_shs,48
bd_shs,24
bd_shs,44
bd_shs,26
bd_shs,8
bd_shs,18
bd_shs,15
bd_shs,43
bd_shs,17
bd_shs,29
bd_shs,6
bd_shs,17
bd_shs,20
bd_shs,7
bd_shs,25
bd_shs,39
bd_shs,161
bd_shs,12
bd_shs,65
bd_shs,37
bd_shs,10
bd_shs,75
bd_shs,13
bd_shs,23
bd_shs,180
bd_shs,29
bd_shs,129
bd_shs,20
bd_shs,113
bd_shs,12
bd_shs,31
bd_shs,44
bd_shs,18
bd_shs,16
bd_shs,33
bd_shs,12
bd_shs,31
bd_shs,42
bd_shs,29
bd_shs,18
bd_shs,25
bd_shs,44
bd_shs,22
bd_shs,59
bd_shs,18
bd_shs,44
bd_shs,63
bd_shs,17
bd_shs,74
bd_shs,60
bd_shs,21
bd_shs,61
bd_shs,28
bd_shs,66
bd_shs,27
bd_shs,18
bd_shs,11
bd_shs,25
bd_shs,115
bd_shs,25
bd_shs,9
bd_shs,13
bd_shs,99
bd_shs,5
bd_shs,11
bd_shs,15
bd_shs,52
bd_shs,11
bd_shs,25
bd_shs,74
bd_shs,65
bd_shs,56
bd_shs,19
bd_shs,17
bd_shs,28
bd_shs,32
bd_shs,7
bd_shs,43
bd_shs,59
bd_shs,35
bd_shs,12
bd_shs,26
bd_shs,52
bd_shs,40
bd_shs,12
bd_shs,44
bd_shs,19
bd_shs,93
bd_shs,6
bd_shs,650
bd_shs,19
bd_shs,13
bd_shs,17
bd_shs,54
bd_shs,23
bd_shs,23
bd_shs,17
bd_shs,11
bd_shs,31
bd_shs,46
bd_shs,5
bd_shs,18
bd_shs,53
bd_shs,15
bd_shs,14
bd_shs,25
bd_shs,25
bd_shs,19
bd_shs,36
bd_shs,47
bd_shs,18
bd_shs,45
bd_shs,13
bd_shs,19
bd_shs,68
bd_shs,10
bd_shs,61
bd_shs,24
bd_shs,36
bd_shs,46
bd_shs,59
bd_shs,15
bd_shs,19
bd_shs,22
bd_shs,32
bd_shs,7
bd_shs,33
bd_shs,20
bd_shs,37
bd_shs,13
bd_shs,12
bd_shs,68
bd_shs,33
bd_shs,166
bd_shs,300
bd_shs,52
bd_shs,43
bd_shs,31
bd_shs,16
bd_shs,23
bd_shs,15
bd_shs,21
bd_shs,67
bd_shs,19
bd_shs,137
bd_shs,59
bd_shs,8
bd_shs,33
bd_shs,52
bd_shs,9
bd_shs,18
bd_shs,152
bd_shs,122
bd_shs,39
bd_shs,67
bd_shs,53
bd_shs,7
bd_shs,41
bd_shs,68
bd_shs,44
bd_shs,23
bd_shs,20
bd_shs,10
bd_shs,6
bd_shs,38
bd_shs,42
bd_shs,112
bd_shs,238
bd_shs,12
bd_shs,14
bd_shs,14
bd_shs,52
bd_shs,28
bd_shs,142
bd_shs,27
bd_shs,276
bd_shs,38
bd_shs,112
bd_shs,76
bd_shs,73
bd_shs,59
bd_shs,27
bd_shs,43
bd_shs,46
bd_shs,39
bd_shs,21
bd_shs,56
bd_shs,51
bd_shs,10
bd_shs,30
bd_shs,20
bd_shs,97
bd_shs,29
bd_shs,33
bd_shs,219
bd_shs,25
bd_shs,21
bd_shs,9
bd_shs,76
bd_shs,110
bd_shs,51
bd_shs,10
bd_shs,56
bd_shs,26
bd_shs,45
bd_shs,23
bd_shs,22
bd_shs,59
bd_shs,44
bd_shs,50
bd_shs,52
bd_shs,27
bd_shs,55
bd_shs,27
bd_shs,123
bd_shs,9
bd_shs,41
bd_shs,106
bd_shs,21
bd_shs,18
bd_shs,12
bd_shs,6
bd_shs,45
bd_shs,24
bd_shs,65
bd_shs,12
bd_shs,35
bd_shs,31
bd_shs,30
bd_shs,20
bd_shs,16
bd_shs,12
bd_shs,22
bd_shs,69
bd_shs,178
bd_shs,23
bd_shs,27
bd_shs,37
bd_shs,22
bd_shs,95
bd_shs,33
bd_shs,183
bd_shs,15
bd_shs,150
bd_shs,17
bd_shs,9
bd_shs,11
bd_shs,54
bd_shs,11
bd_shs,839
bd_shs,53
bd_shs,172
bd_shs,26
bd_shs,91
bd_shs,61
bd_shs,30
bd_shs,23
bd_shs,21
bd_shs,92
bd_shs,7
bd_shs,43
bd_shs,22
bd_shs,26
bd_shs,38
bd_shs,36
bd_shs,11
bd_shs,6
bd_shs,6
bd_shs,43
bd_shs,89
bd_shs,24
bd_shs,46
bd_shs,38
bd_shs,678
bd_shs,127
bd_shs,79
bd_shs,20
bd_shs,289
bd_shs,18
bd_shs,31
bd_shs,83
bd_shs,21
bd_shs,113
bd_shs,12
bd_shs,19
bd_shs,70
bd_shs,65
bd_shs,6
bd_shs,16
bd_shs,10
bd_shs,22
bd_shs,100
bd_shs,9
bd_shs,27
bd_shs,14
bd_shs,84
bd_shs,28
bd_shs,62
bd_shs,25
bd_shs,14
bd_shs,14
bd_shs,50
bd_shs,148
bd_shs,102
bd_shs,71
bd_shs,16
bd_shs,23
bd_shs,11
bd_shs,52
bd_shs,56
bd_shs,26
bd_shs,24
bd_shs,28
bd_shs,33
bd_shs,46
bd_shs,54
bd_shs,26
bd_shs,51
bd_shs,30
bd_shs,32
bd_shs,10
bd_shs,147
bd_shs,191
bd_shs,45
bd_shs,52
bd_shs,185
bd_shs,3
bd_shs,30
bd_shs,17
bd_shs,27
bd_shs,43
bd_shs,21
bd_shs,17
bd_shs,12
bd_shs,113
bd_shs,32
bd_shs,28
bd_shs,169
bd_shs,5
bd_shs,22
bd_shs,24
bd_shs,70
bd_shs,190
bd_shs,16
bd_shs,26
bd_shs,34
bd_shs,184
bd_shs,31
bd_shs,378
bd_shs,24
bd_shs,50
bd_shs,19
bd_shs,24
bd_shs,27
bd_shs,31
bd_shs,76
bd_shs,40
bd_shs,48
bd_shs,101
bd_shs,17
bd_shs,12
bd_shs,19
bd_shs,25
bd_shs,36
bd_shs,23
bd_shs,33
bd_shs,18
bd_shs,9
bd_shs,41
bd_shs,50
bd_shs,38
bd_shs,59
bd_shs,6
bd_shs,34
bd_shs,15
bd_shs,76
bd_shs,9
bd_shs,37
bd_shs,21
bd_shs,5
bd_shs,27
bd_shs,91
bd_shs,58
bd_shs,21
bd_shs,132
bd_shs,16
bd_shs,169
bd_shs,15
bd_shs,30
bd_shs,23
bd_shs,70
bd_shs,27
bd_shs,22
bd_shs,13
bd_shs,9
bd_shs,32
bd_shs,68
bd_shs,13
bd_shs,17
bd_shs,45
bd_shs,35
bd_shs,23
bd_shs,36
bd_shs,43
bd_shs,115
bd_shs,53
bd_shs,6
bd_shs,45
bd_shs,36
bd_shs,60
bd_shs,16
bd_shs,55
bd_shs,41
bd_shs,19
bd_shs,6
bd_shs,80
bd_shs,17
bd_shs,40
bd_shs,66
bd_shs,29
bd_shs,138
bd_shs,65
bd_shs,14
bd_shs,44
bd_shs,31
bd_shs,33
bd_shs,88
bd_shs,75
bd_shs,97
bd_shs,36
bd_shs,8
bd_shs,60
bd_shs,46
bd_shs,5
bd_shs,45
bd_shs,105
bd_shs,33
bd_shs,11
bd_shs,27
bd_shs,12
bd_shs,9
bd_shs,33
bd_shs,19
bd_shs,27
bd_shs,37
bd_shs,57
bd_shs,25
bd_shs,148
bd_shs,23
bd_shs,119
bd_shs,16
bd_shs,210
bd_shs,3
bd_shs,50
bd_shs,59
bd_shs,29
bd_shs,3
bd_shs,41
bd_shs,7
bd_shs,17
bd_shs,34
bd_shs,192
bd_shs,30
bd_shs,30
bd_shs,16
bd_shs,30
bd_shs,11
bd_shs,12
bd_shs,56
bd_shs,19
bd_shs,37
bd_shs,35
bd_shs,24
bd_shs,23
bd_shs,33
bd_shs,42
bd_shs,45
bd_shs,29
bd_shs,29
bd_shs,24
bd_shs,60
bd_shs,38
bd_shs,9
bd_shs,141
bd_shs,46
bd_shs,74
bd_shs,20
bd_shs,10
bd_shs,74
bd_shs,35
bd_shs,16
bd_shs,12
bd_shs,6
bd_shs,44
bd_shs,140
bd_shs,21
bd_shs,26
bd_shs,149
bd_shs,27
bd_shs,8
bd_shs,12
bd_shs,13
bd_shs,18
bd_shs,33
bd_shs,24
bd_shs,35
bd_shs,207
bd_shs,16
bd_shs,46
bd_shs,8
bd_shs,65
bd_shs,19
bd_shs,24
bd_shs,127
bd_shs,11
bd_shs,42
bd_shs,18
bd_shs,78
bd_shs,24
bd_shs,32
bd_shs,20
bd_shs,17
bd_shs,15
bd_shs,9
bd_shs,58
bd_shs,41
bd_shs,6
bd_shs,23
bd_shs,24
bd_shs,21
bd_shs,11
bd_shs,43
bd_shs,18
bd_shs,33
bd_shs,24
bd_shs,22
bd_shs,8
bd_shs,17
bd_shs,27
bd_shs,44
bd_shs,90
bd_shs,16
bd_shs,16
bd_shs,455
bd_shs,16
bd_shs,28
bd_shs,33
bd_shs,27
bd_shs,114
bd_shs,36
bd_shs,22
bd_shs,24
bd_shs,70
bd_shs,8
bd_shs,24
bd_shs,34
bd_shs,55
bd_shs,175
bd_shs,160
bd_shs,51
bd_shs,105
bd_shs,113
bd_shs,9
bd_shs,17
bd_shs,10
bd_shs,23
bd_shs,21
bd_shs,6
bd_shs,20
bd_shs,35
bd_shs,27
bd_shs,28
bd_shs,28
bd_shs,126
bd_shs,24
bd_shs,19
bd_shs,111
bd_shs,227
bd_shs,80
bd_shs,18
bd_shs,5
bd_shs,32
bd_shs,107
bd_shs,10
bd_shs,10
bd_shs,22
bd_shs,131
bd_shs,53
bd_shs,52
bd_shs,13
bd_shs,40
bd_shs,14
bd_shs,7
bd_shs,58
bd_shs,10
bd_shs,16
bd_shs,18
bd_shs,100
bd_shs,60
bd_shs,20
bd_shs,48
bd_shs,37
bd_shs,14
bd_shs,15
bd_shs,18
bd_shs,90
bd_shs,32
bd_shs,47
bd_shs,45
bd_shs,19
bd_shs,86
bd_shs,12
bd_shs,150
bd_shs,201
bd_shs,31
bd_shs,13
bd_shs,183
bd_shs,26
bd_shs,18
bd_shs,21
bd_shs,17
bd_shs,28
bd_shs,15
bd_shs,173
bd_shs,28
bd_shs,12
bd_shs,19
bd_shs,74
bd_shs,52
bd_shs,12
bd_shs,39
bd_shs,121
bd_shs,14
bd_shs,23
bd_shs,92
bd_shs,10
bd_shs,36
bd_shs,84
bd_shs,31
bd_shs,172
bd_shs,359
bd_shs,12
bd_shs,34
bd_shs,184
bd_shs,376
bd_shs,38
bd_shs,16
bd_shs,66
bd_shs,95
bd_shs,25
bd_shs,152
bd_shs,111
bd_shs,39
bd_shs,19
bd_shs,71
bd_shs,11
bd_shs,10
bd_shs,18
bd_shs,15
bd_shs,13
bd_shs,31
bd_shs,20
bd_shs,119
bd_shs,24
bd_shs,137
bd_shs,25
bd_shs,39
bd_shs,8
bd_shs,24
bd_shs,11
bd_shs,11
bd_shs,24
bd_shs,15
bd_shs,41
bd_shs,10
bd_shs,134
bd_shs,34
bd_shs,19
bd_shs,15
bd_shs,13
bd_shs,232
bd_shs,17
bd_shs,104
bd_shs,79
bd_shs,39
bd_shs,183
bd_shs,43
bd_shs,5
bd_shs,44
bd_shs,40
bd_shs,15
bd_shs,69
bd_shs,9
bd_shs,12
bd_shs,54
bd_shs,11
bd_shs,40
bd_shs,13
bd_shs,28
bd_shs,21
bd_shs,13
bd_shs,162
bd_shs,22
bd_shs,6
bd_shs,48
bd_shs,12
bd_shs,17
bd_shs,32
bd_shs,18
bd_shs,9
bd_shs,99
bd_shs,54
bd_shs,11
bd_shs,13
bd_shs,35
bd_shs,60
bd_shs,21
bd_shs,27
bd_shs,19
bd_shs,31
bd_shs,7
bd_shs,17
bd_shs,128
bd_shs,21
bd_shs,33
bd_shs,37
bd_shs,18
bd_shs,13
bd_shs,29
bd_shs,7
bd_shs,29
bd_shs,100
bd_shs,52
bd_shs,42
bd_shs,123
bd_shs,68
bd_shs,19
bd_shs,16
bd_shs,13
bd_shs,44
bd_shs,20
bd_shs,45
bd_shs,20
bd_shs,30
bd_shs,14
bd_shs,6
bd_shs,186
bd_shs,10
bd_shs,19
bd_shs,18
bd_shs,60
bd_shs,83
bd_shs,52
bd_shs,13
bd_shs,41
bd_shs,53
bd_shs,3
bd_shs,34
bd_shs,47
bd_shs,14
bd_shs,19
bd_shs,8
bd_shs,36
bd_shs,15
bd_shs,35
bd_shs,87
bd_shs,45
bd_shs,67
bd_shs,64
bd_shs,113
bd_shs,151
bd_shs,275
bd_shs,23
bd_shs,183
bd_shs,75
bd_shs,33
bd_shs,22
bd_shs,176
bd_shs,16
bd_shs,34
bd_shs,42
bd_shs,69
bd_shs,19
bd_shs,140
bd_shs,14
bd_shs,16
bd_shs,16
bd_shs,277
bd_shs,11
bd_shs,35
bd_shs,24
bd_shs,16
bd_shs,37
bd_shs,32
bd_shs,42
bd_shs,81
bd_shs,22
bd_shs,11
bd_shs,128
bd_shs,20
bd_shs,42
bd_shs,50
bd_shs,7
bd_shs,12
bd_shs,74
bd_shs,72
bd_shs,69
bd_shs,31
bd_shs,34
bd_shs,20
bd_shs,19
bd_shs,49
bd_shs,34
bd_shs,23
bd_shs,22
bd_shs,15
bd_shs,16
bd_shs,47
bd_shs,17
bd_shs,105
bd_shs,9
bd_shs,53
bd_shs,34
bd_shs,38
bd_shs,30
bd_shs,57
bd_shs,43
bd_shs,7
bd_shs,9
bd_shs,29
bd_shs,19
bd_shs,25
bd_shs,44
bd_shs,81
bd_shs,29
bd_shs,83
bd_shs,73
bd_shs,49
bd_shs,73
bd_shs,105
bd_shs,71
bd_shs,56
bd_shs,12
bd_shs,35
bd_shs,23
bd_shs,64
bd_shs,27
bd_shs,312
bd_shs,66
bd_shs,45
bd_shs,29
bd_shs,15
bd_shs,32
bd_shs,21
bd_shs,17
bd_shs,27
bd_shs,7
bd_shs,38
bd_shs,6
bd_shs,43
bd_shs,19
bd_shs,25
bd_shs,36
bd_shs,108
bd_shs,39
bd_shs,49
bd_shs,38
bd_shs,109
bd_shs,81
bd_shs,61
bd_shs,15
bd_shs,76
bd_shs,18
bd_shs,85
bd_shs,19
bd_shs,24
bd_shs,21
bd_shs,17
bd_shs,50
bd_shs,120
bd_shs,20
bd_shs,17
bd_shs,11
bd_shs,43
bd_shs,38
bd_shs,18
bd_shs,100
bd_shs,9
bd_shs,6
bd_shs,8
bd_shs,5
bd_shs,52
bd_shs,11
bd_shs,31
bd_shs,66
bd_shs,38
bd_shs,20
bd_shs,12
bd_shs,20
bd_shs,199
bd_shs,34
bd_shs,93
bd_shs,14
bd_shs,57
bd_shs,16
bd_shs,18
bd_shs,51
bd_shs,30
bd_shs,60
bd_shs,14
bd_shs,50
bd_shs,26
bd_shs,75
bd_shs,23
bd_shs,34
bd_shs,12
bd_shs,116
bd_shs,15
bd_shs,11
bd_shs,32
bd_shs,23
bd_shs,12
bd_shs,430
bd_shs,13
bd_shs,13
bd_shs,24
bd_shs,32
bd_shs,13
bd_shs,63
bd_shs,13
bd_shs,20
bd_shs,13
bd_shs,98
bd_shs,42
bd_shs,40
bd_shs,14
bd_shs,62
bd_shs,147
bd_shs,32
bd_shs,29
bd_shs,12
bd_shs,31
bd_shs,7
bd_shs,16
bd_shs,6
bd_shs,12
bd_shs,20
bd_shs,130
bd_shs,19
bd_shs,48
bd_shs,10
bd_shs,43
bd_shs,32
bd_shs,59
bd_shs,20
bd_shs,7
bd_shs,10
bd_shs,215
bd_shs,125
bd_shs,89
bd_shs,105
bd_shs,13
bd_shs,18
bd_shs,9
bd_shs,102
bd_shs,16
bd_shs,23
bd_shs,89
bd_shs,28
bd_shs,7
bd_shs,49
bd_shs,13
bd_shs,72
bd_shs,46
bd_shs,29
bd_shs,24
bd_shs,18
bd_shs,58
bd_shs,46
bd_shs,55
bd_shs,24
bd_shs,20
bd_shs,52
bd_shs,19
bd_shs,31
bd_shs,50
bd_shs,56
bd_shs,17
bd_shs,24
bd_shs,16
bd_shs,12
bd_shs,64
bd_shs,21
bd_shs,67
bd_shs,34
bd_shs,33
bd_shs,112
bd_shs,58
bd_shs,44
bd_shs,33
bd_shs,32
bd_shs,14
bd_shs,11
bd_shs,8
bd_shs,31
bd_shs,101
bd_shs,298
bd_shs,60
bd_shs,43
bd_shs,8
bd_shs,24
bd_shs,54
bd_shs,22
bd_shs,16
bd_shs,10
bd_shs,19
bd_shs,35
bd_shs,232
bd_shs,23
bd_shs,98
bd_shs,15
bd_shs,48
bd_shs,61
bd_shs,19
bd_shs,28
bd_shs,28
bd_shs,20
bd_shs,29
bd_shs,82
bd_shs,54
bd_shs,51
bd_shs,13
bd_shs,46
bd_shs,309
bd_shs,55
bd_shs,37
bd_shs,24
bd_shs,31
bd_shs,16
bd_shs,24
bd_shs,24
bd_shs,49
bd_shs,7
bd_shs,29
bd_shs,42
bd_shs,25
bd_shs,149
bd_shs,13
bd_shs,13
bd_shs,100
bd_shs,52
bd_shs,12
bd_shs,80
bd_shs,14
bd_shs,26
bd_shs,19
bd_shs,29
bd_shs,15
bd_shs,8
bd_shs,30
bd_shs,30
bd_shs,61
bd_shs,16
bd_shs,24
bd_shs,33
bd_shs,45
bd_shs,39
bd_shs,4
bd_shs,53
bd_shs,34
bd_shs,44
bd_shs,27
bd_shs,18
bd_shs,35
bd_shs,35
bd_shs,17
bd_shs,46
bd_shs,20
bd_shs,25
bd_shs,36
bd_shs,6
bd_shs,66
bd_shs,20
bd_shs,58
bd_shs,10
bd_shs,8
bd_shs,61
bd_shs,23
bd_shs,7
bd_shs,22
bd_shs,19
bd_shs,78
bd_shs,37
bd_shs,15
bd_shs,22
bd_shs,24
bd_shs,30
bd_shs,21
bd_shs,23
bd_shs,110
bd_shs,42
bd_shs,26
bd_shs,480
bd_shs,15
bd_shs,18
bd_shs,24
bd_shs,10
bd_shs,12
bd_shs,11
bd_shs,43
bd_shs,127
bd_shs,27
bd_shs,72
bd_shs,64
bd_shs,33
bd_shs,33
bd_shs,37
bd_shs,47
bd_shs,30
bd_shs,46
bd_shs,14
bd_shs,125
bd_shs,268
bd_shs,16
bd_shs,69
bd_shs,21
bd_shs,16
bd_shs,32
bd_shs,15
bd_shs,15
bd_shs,47
bd_shs,38
bd_shs,42
bd_shs,13
bd_shs,22
bd_shs,11
bd_shs,39
bd_shs,22
bd_shs,76
bd_shs,90
bd_shs,30
bd_shs,44
bd_shs,120
bd_shs,41
bd_shs,40
bd_shs,41
bd_shs,39
bd_shs,14
bd_shs,28
bd_shs,51
bd_shs,247
bd_shs,12
bd_shs,65
bd_shs,26
bd_shs,16
bd_shs,22
bd_shs,66
bd_shs,16
bd_shs,28
bd_shs,14
bd_shs,17
bd_shs,121
bd_shs,14
bd_shs,37
bd_shs,10
bd_shs,29
bd_shs,48
bd_shs,17
bd_shs,265
bd_shs,13
bd_shs,15
bd_shs,17
bd_shs,12
bd_shs,59
bd_shs,74
bd_shs,25
bd_shs,37
bd_shs,14
bd_shs,52
bd_shs,23
bd_shs,45
bd_shs,155
bd_shs,12
bd_shs,13
bd_shs,89
bd_shs,15
bd_shs,19
bd_shs,12
bd_shs,9
bd_shs,55
bd_shs,82
bd_shs,12
bd_shs,50
bd_shs,39
bd_shs,21
bd_shs,6
bd_shs,66
bd_shs,52
bd_shs,16
bd_shs,7
bd_shs,34
bd_shs,36
bd_shs,14
bd_shs,19
bd_shs,24
bd_shs,6
bd_shs,96
bd_shs,17
bd_shs,39
bd_shs,44
bd_shs,23
bd_shs,66
bd_shs,18
bd_shs,21
bd_shs,80
bd_shs,129
bd_shs,81
bd_shs,23
bd_shs,42
bd_shs,39
bd_shs,36
bd_shs,32
bd_shs,10
bd_shs,23
bd_shs,31
bd_shs,158
bd_shs,28
bd_shs,33
bd_shs,35
bd_shs,18
bd_shs,31
bd_shs,23
bd_shs,29
bd_shs,45
bd_shs,180
bd_shs,52
bd_shs,20
bd_shs,10
bd_shs,19
bd_shs,59
bd_shs,34
bd_shs,31
bd_shs,979
bd_shs,37
bd_shs,9
bd_shs,35
bd_shs,22
bd_shs,63
bd_shs,122
bd_shs,21
bd_shs,83
bd_shs,115
bd_shs,32
bd_shs,5
bd_shs,23
bd_shs,48
bd_shs,93
bd_shs,84
bd_shs,8
bd_shs,17
bd_shs,149
bd_shs,19
bd_shs,26
bd_shs,10
bd_shs,55
bd_shs,6
bd_shs,22
bd_shs,7
bd_shs,29
bd_shs,13
bd_shs,29
bd_shs,42
bd_shs,44
bd_shs,106
bd_shs,24
bd_shs,460
bd_shs,56
bd_shs,5
bd_shs,21
bd_shs,16
bd_shs,33
bd_shs,26
bd_shs,31
bd_shs,128
bd_shs,23
bd_shs,18
bd_shs,10
bd_shs,33
bd_shs,17
bd_shs,112
bd_shs,22
bd_shs,8
bd_shs,108
bd_shs,25
bd_shs,46
bd_shs,113
bd_shs,47
bd_shs,180
bd_shs,198
bd_shs,16
bd_shs,23
bd_shs,10
bd_shs,27
bd_shs,29
bd_shs,23
bd_shs,111
bd_shs,16
bd_shs,27
bd_shs,51
bd_shs,24
bd_shs,21
bd_shs,64
bd_shs,18
bd_shs,48
bd_shs,35
bd_shs,12
bd_shs,71
bd_shs,26
bd_shs,13
bd_shs,89
bd_shs,41
bd_shs,35
bd_shs,28
bd_shs,11
bd_shs,64
bd_shs,18
bd_shs,36
bd_shs,131
bd_shs,3
bd_shs,27
bd_shs,11
bd_shs,21
bd_shs,52
bd_shs,35
bd_shs,43
bd_shs,15
bd_shs,18
bd_shs,11
bd_shs,66
bd_shs,56
bd_shs,32
bd_shs,11
bd_shs,20
bd_shs,138
bd_shs,36
bd_shs,67
bd_shs,16
bd_shs,57
bd_shs,21
bd_shs,21
bd_shs,10
bd_shs,38
bd_shs,19
bd_shs,14
bd_shs,48
bd_shs,44
bd_shs,51
bd_shs,47
bd_shs,14
bd_shs,59
bd_shs,13
bd_shs,44
bd_shs,5
bd_shs,41
bd_shs,15
bd_shs,114
bd_shs,137
bd_shs,99
bd_shs,43
bd_shs,28
bd_shs,10
bd_shs,13
bd_shs,81
bd_shs,18
bd_shs,437
bd_shs,14
bd_shs,100
bd_shs,6
bd_shs,70
bd_shs,5
bd_shs,10
bd_shs,23
bd_shs,60
bd_shs,29
bd_shs,28
bd_shs,10
bd_shs,55
bd_shs,10
bd_shs,22
bd_shs,35
bd_shs,47
bd_shs,35
bd_shs,16
bd_shs,135
bd_shs,65
bd_shs,164
bd_shs,38
bd_shs,15
bd_shs,35
bd_shs,28
bd_shs,45
bd_shs,64
bd_shs,35
bd_shs,75
bd_shs,52
bd_shs,27
bd_shs,19
bd_shs,101
bd_shs,38
bd_shs,28
bd_shs,13
bd_shs,33
bd_shs,5
bd_shs,72
bd_shs,72
bd_shs,47
bd_shs,95
bd_shs,12
bd_shs,133
bd_shs,38
bd_shs,87
bd_shs,48
bd_shs,24
bd_shs,112
bd_shs,13
bd_shs,16
bd_shs,78
bd_shs,7
bd_shs,118
bd_shs,117
bd_shs,30
bd_shs,40
bd_shs,15
bd_shs,16
bd_shs,45
bd_shs,29
bd_shs,10
bd_shs,7
bd_shs,11
bd_shs,9
bd_shs,66
bd_shs,37
bd_shs,12
bd_shs,24
bd_shs,33
bd_shs,71
bd_shs,99
bd_shs,15
bd_shs,115
bd_shs,20
bd_shs,32
bd_shs,49
bd_shs,24
bd_shs,8
bd_shs,16
bd_shs,18
bd_shs,24
bd_shs,49
bd_shs,50
bd_shs,55
bd_shs,6
bd_shs,125
bd_shs,16
bd_shs,5
bd_shs,30
bd_shs,43
bd_shs,31
bd_shs,31
bd_shs,10
bd_shs,29
bd_shs,46
bd_shs,70
bd_shs,119
bd_shs,12
bd_shs,64
bd_shs,55
bd_shs,17
bd_shs,49
bd_shs,21
bd_shs,27
bd_shs,21
bd_shs,53
bd_shs,13
bd_shs,18
bd_shs,22
bd_shs,35
bd_shs,23
bd_shs,16
bd_shs,9
bd_shs,90
bd_shs,15
bd_shs,58
bd_shs,36
bd_shs,79
bd_shs,84
bd_shs,40
bd_shs,85
bd_shs,15
bd_shs,42
bd_shs,11
bd_shs,66
bd_shs,25
bd_shs,27
bd_shs,68
bd_shs,11
bd_shs,12
bd_shs,27
bd_shs,31
bd_shs,18
bd_shs,74
bd_shs,58
bd_shs,17
bd_shs,36
bd_shs,32
bd_shs,23
bd_shs,69
bd_shs,128
bd_shs,24
bd_shs,38
bd_shs,17
bd_shs,16
bd_shs,21
bd_shs,14
bd_shs,31
bd_shs,7
bd_shs,71
bd_shs,9
bd_shs,43
bd_shs,52
bd_shs,25
bd_shs,30
bd_shs,35
bd_shs,23
bd_shs,44
bd_shs,35
bd_shs,15
bd_shs,90
bd_shs,43
bd_shs,25
bd_shs,20
bd_shs,13
bd_shs,35
bd_shs,44
bd_shs,72
bd_shs,17
bd_shs,17
bd_shs,45
bd_shs,10
bd_shs,6
bd_shs,304
bd_shs,23
bd_shs,57
bd_shs,11
bd_shs,26
bd_shs,57
bd_shs,18
bd_shs,14
bd_shs,29
bd_shs,768
bd_shs,42
bd_shs,68
bd_shs,8
bd_shs,52
bd_shs,188
bd_shs,52
bd_shs,7
bd_shs,250
bd_shs,90
bd_shs,7
bd_shs,23
bd_shs,22
bd_shs,30
bd_shs,30
bd_shs,37
bd_shs,111
bd_shs,62
bd_shs,28
bd_shs,107
bd_shs,7
bd_shs,41
bd_shs,63
bd_shs,67
bd_shs,54
bd_shs,20
bd_shs,31
bd_shs,20
bd_shs,52
bd_shs,57
bd_shs,42
bd_shs,43
bd_shs,9
bd_shs,226
bd_shs,105
bd_shs,88
bd_shs,35
bd_shs,6
bd_shs,23
bd_shs,32
bd_shs,41
bd_shs,15
bd_shs,9
bd_shs,5
bd_shs,30
bd_shs,20
bd_shs,30
bd_shs,33
bd_shs,264
bd_shs,30
bd_shs,39
bd_shs,22
bd_shs,19
bd_shs,18
bd_shs,26
bd_shs,20
bd_shs,8
bd_shs,18
bd_shs,5
bd_shs,29
bd_shs,23
bd_shs,23
bd_shs,24
bd_shs,169
bd_shs,15
bd_shs,65
bd_shs,36
bd_shs,27
bd_shs,70
bd_shs,22
bd_shs,101
bd_shs,59
bd_shs,27
bd_shs,18
bd_shs,97
bd_shs,26
bd_shs,25
bd_shs,73
bd_shs,28
bd_shs,31
bd_shs,17
bd_shs,72
bd_shs,63
bd_shs,69
bd_shs,10
bd_shs,7
bd_shs,32
bd_shs,17
bd_shs,24
bd_shs,69
bd_shs,25
bd_shs,94
bd_shs,59
bd_shs,60
bd_shs,54
bd_shs,110
bd_shs,39
bd_shs,18
bd_shs,99
bd_shs,144
bd_shs,11
bd_shs,22
bd_shs,17
bd_shs,68
bd_shs,16
bd_shs,23
bd_shs,65
bd_shs,35
bd_shs,133
bd_shs,14
bd_shs,41
bd_shs,64
bd_shs,43
bd_shs,33
bd_shs,30
bd_shs,22
bd_shs,184
bd_shs,40
bd_shs,19
bd_shs,11
bd_shs,14
bd_shs,8
bd_shs,10
bd_shs,10
bd_shs,32
bd_shs,66
bd_shs,32
bd_shs,79
bd_shs,12
bd_shs,65
bd_shs,58
bd_shs,14
bd_shs,22
bd_shs,4
bd_shs,75
bd_shs,25
bd_shs,11
bd_shs,26
bd_shs,123
bd_shs,58
bd_shs,111
bd_shs,22
bd_shs,16
bd_shs,120
bd_shs,14
bd_shs,22
bd_shs,60
bd_shs,32
bd_shs,51
bd_shs,20
bd_shs,30
bd_shs,24
bd_shs,139
bd_shs,7
bd_shs,30
bd_shs,7
bd_shs,13
bd_shs,39
bd_shs,36
bd_shs,48
bd_shs,45
bd_shs,67
bd_shs,41
bd_shs,25
bd_shs,18
bd_shs,16
bd_shs,36
bd_shs,24
bd_shs,55
bd_shs,31
bd_shs,12
bd_shs,74
bd_shs,124
bd_shs,42
bd_shs,12
bd_shs,88
bd_shs,20
bd_shs,29
bd_shs,20
bd_shs,53
bd_shs,52
bd_shs,14
bd_shs,136
bd_shs,36
bd_shs,66
bd_shs,29
bd_shs,76
bd_shs,13
bd_shs,47
bd_shs,143
bd_shs,31
bd_shs,51
bd_shs,12
bd_shs,22
bd_shs,64
bd_shs,59
bd_shs,33
bd_shs,21
bd_shs,17
bd_shs,47
bd_shs,50
bd_shs,11
bd_shs,24
bd_shs,47
bd_shs,19
bd_shs,19
bd_shs,20
bd_shs,46
bd_shs,31
bd_shs,184
bd_shs,26
bd_shs,126
bd_shs,46
bd_shs,19
bd_shs,30
bd_shs,28
bd_shs,31
bd_shs,8
bd_shs,23
bd_shs,17
bd_shs,59
bd_shs,80
bd_shs,7
bd_shs,85
bd_shs,69
bd_shs,10
bd_shs,42
bd_shs,317
bd_shs,47
bd_shs,15
bd_shs,20
bd_shs,202
bd_shs,49
bd_shs,47
bd_shs,96
bd_shs,12
bd_shs,24
bd_shs,4
bd_shs,74
bd_shs,42
bd_shs,18
bd_shs,12
bd_shs,14
bd_shs,51
bd_shs,41
bd_shs,24
bd_shs,97
bd_shs,20
bd_shs,36
bd_shs,40
bd_shs,18
bd_shs,57
bd_shs,24
bd_shs,13
bd_shs,28
bd_shs,17
bd_shs,21
bd_shs,109
bd_shs,59
bd_shs,19
bd_shs,29
bd_shs,80
bd_shs,144
bd_shs,33
bd_shs,8
bd_shs,16
bd_shs,39
bd_shs,6
bd_shs,48
bd_shs,13
bd_shs,27
bd_shs,25
bd_shs,25
bd_shs,8
bd_shs,102
bd_shs,54
bd_shs,17
bd_shs,41
bd_shs,254
bd_shs,874
bd_shs,33
bd_shs,25
bd_shs,48
bd_shs,47
bd_shs,17
bd_shs,72
bd_shs,21
bd_shs,21
bd_shs,67
bd_shs,28
bd_shs,26
bd_shs,29
bd_shs,32
bd_shs,19
bd_shs,20
bd_shs,10
bd_shs,14
bd_shs,17
bd_shs,44
bd_shs,79
bd_shs,17
bd_shs,10
bd_shs,102
bd_shs,20
bd_shs,110
bd_shs,15
bd_shs,101
bd_shs,73
bd_shs,37
bd_shs,271
bd_shs,18
bd_shs,23
bd_shs,18
bd_shs,15
bd_shs,26
bd_shs,25
bd_shs,23
bd_shs,10
bd_shs,83
bd_shs,55
bd_shs,19
bd_shs,16
bd_shs,17
bd_shs,19
bd_shs,194
bd_shs,109
bd_shs,24
bd_shs,73
bd_shs,62
bd_shs,32
bd_shs,16
bd_shs,6
bd_shs,37
bd_shs,54
bd_shs,42
bd_shs,7
bd_shs,28
bd_shs,72
bd_shs,44
bd_shs,50
bd_shs,63
bd_shs,9
bd_shs,15
bd_shs,76
bd_shs,6
bd_shs,23
bd_shs,31
bd_shs,15
bd_shs,10
bd_shs,34
bd_shs,13
bd_shs,23
bd_shs,8
bd_shs,174
bd_shs,6
bd_shs,35
bd_shs,48
bd_shs,29
bd_shs,93
bd_shs,15
bd_shs,180
bd_shs,23
bd_shs,155
bd_shs,43
bd_shs,180
bd_shs,95
bd_shs,29
bd_shs,15
bd_shs,11
bd_shs,26
bd_shs,71
bd_shs,9
bd_shs,31
bd_shs,23
bd_shs,25
bd_shs,9
bd_shs,39
bd_shs,7
bd_shs,29
bd_shs,45
bd_shs,175
bd_shs,25
bd_shs,279
bd_shs,73
bd_shs,46
bd_shs,19
bd_shs,32
bd_shs,66
bd_shs,28
bd_shs,13
bd_shs,63
bd_shs,88
bd_shs,20
bd_shs,123
bd_shs,15
bd_shs,187
bd_shs,72
bd_shs,23
bd_shs,47
bd_shs,9
bd_shs,15
bd_shs,120
bd_shs,231
bd_shs,45
bd_shs,10
bd_shs,17
bd_shs,75
bd_shs,16
bd_shs,81
bd_shs,56
bd_shs,61
bd_shs,60
bd_shs,23
bd_shs,33
bd_shs,22
bd_shs,21
bd_shs,9
bd_shs,19
bd_shs,25
bd_shs,48
bd_shs,8
bd_shs,22
bd_shs,35
bd_shs,45
bd_shs,22
bd_shs,41
bd_shs,17
bd_shs,88
bd_shs,29
bd_shs,24
bd_shs,23
bd_shs,21
bd_shs,39
bd_shs,13
bd_shs,41
bd_shs,36
bd_shs,16
bd_shs,276
bd_shs,97
bd_shs,34
bd_shs,16
bd_shs,19
bd_shs,23
bd_shs,46
bd_shs,18
bd_shs,50
bd_shs,31
bd_shs,65
bd_shs,5
bd_shs,7
bd_shs,31
bd_shs,115
bd_shs,86
bd_shs,14
bd_shs,17
bd_shs,48
bd_shs,14
bd_shs,18
bd_shs,25
bd_shs,18
bd_shs,5
bd_shs,26
bd_shs,17
bd_shs,14
bd_shs,30
bd_shs,34
bd_shs,18
bd_shs,8
bd_shs,6
bd_shs,13
bd_shs,116
bd_shs,36
bd_shs,18
bd_shs,83
bd_shs,91
bd_shs,55
bd_shs,20
bd_shs,217
bd_shs,253
bd_shs,19
bd_shs,7
bd_shs,35
bd_shs,7
bd_shs,31
bd_shs,66
bd_shs,37
bd_shs,12
bd_shs,89
bd_shs,16
bd_shs,5
bd_shs,23
bd_shs,9
bd_shs,42
bd_shs,5
bd_shs,10
bd_shs,9
bd_shs,16
bd_shs,47
bd_shs,21
bd_shs,55
bd_shs,52
bd_shs,28
bd_shs,27
bd_shs,18
bd_shs,25
bd_shs,71
bd_shs,20
bd_shs,12
bd_shs,49
bd_shs,24
bd_shs,105
bd_shs,13
bd_shs,39
bd_shs,13
bd_shs,16
bd_shs,10
bd_shs,101
bd_shs,29
bd_shs,136
bd_shs,24
bd_shs,45
bd_shs,91
bd_shs,16
bd_shs,97
bd_shs,21
bd_shs,141
bd_shs,12
bd_shs,36
bd_shs,24
bd_shs,46
bd_shs,70
bd_shs,18
bd_shs,18
bd_shs,5
bd_shs,68
bd_shs,7
bd_shs,17
bd_shs,29
bd_shs,40
bd_shs,12
bd_shs,22
bd_shs,8
bd_shs,19
bd_shs,108
bd_shs,49
bd_shs,32
bd_shs,43
bd_shs,119
bd_shs,59
bd_shs,83
bd_shs,37
bd_shs,39
bd_shs,23
bd_shs,15
bd_shs,10
bd_shs,43
bd_shs,22
bd_shs,11
bd_shs,31
bd_shs,99
bd_shs,24
bd_shs,18
bd_shs,28
bd_shs,16
bd_shs,564
bd_shs,10
bd_shs,63
bd_shs,26
bd_shs,28
bd_shs,21
bd_shs,23
bd_shs,7
bd_shs,29
bd_shs,38
bd_shs,82
bd_shs,23
bd_shs,10
bd_shs,15
bd_shs,15
bd_shs,19
bd_shs,31
bd_shs,32
bd_shs,57
bd_shs,33
bd_shs,28
bd_shs,26
bd_shs,16
bd_shs,50
bd_shs,32
bd_shs,15
bd_shs,70
bd_shs,114
bd_shs,13
bd_shs,17
bd_shs,19
bd_shs,9
bd_shs,26
bd_shs,154
bd_shs,102
bd_shs,37
bd_shs,35
bd_shs,6
bd_shs,16
bd_shs,21
bd_shs,6
bd_shs,35
bd_shs,18
bd_shs,28
bd_shs,25
bd_shs,67
bd_shs,57
bd_shs,26
bd_shs,133
bd_shs,63
bd_shs,6
bd_shs,20
bd_shs,41
bd_shs,27
bd_shs,103
bd_shs,52
bd_shs,24
bd_shs,67
bd_shs,8
bd_shs,45
bd_shs,35
bd_shs,51
bd_shs,84
bd_shs,10
bd_shs,28
bd_shs,27
bd_shs,13
bd_shs,28
bd_shs,39
bd_shs,124
bd_shs,26
bd_shs,62
bd_shs,10
bd_shs,25
bd_shs,21
bd_shs,256
bd_shs,199
bd_shs,19
bd_shs,24
bd_shs,58
bd_shs,57
bd_shs,65
bd_shs,75
bd_shs,17
bd_shs,34
bd_shs,47
bd_shs,149
bd_shs,35
bd_shs,48
bd_shs,45
bd_shs,15
bd_shs,46
bd_shs,13
bd_shs,26
bd_shs,11
bd_shs,53
bd_shs,217
bd_shs,11
bd_shs,82
bd_shs,16
bd_shs,33
bd_shs,105
bd_shs,17
bd_shs,100
bd_shs,11
bd_shs,50
bd_shs,19
bd_shs,6
bd_shs,84
bd_shs,19
bd_shs,33
bd_shs,48
bd_shs,10
bd_shs,51
bd_shs,110
bd_shs,12
bd_shs,46
bd_shs,28
bd_shs,37
bd_shs,51
bd_shs,48
bd_shs,133
bd_shs,13
bd_shs,108
bd_shs,50
bd_shs,79
bd_shs,6
bd_shs,19
bd_shs,29
bd_shs,71
bd_shs,165
bd_shs,17
bd_shs,131
bd_shs,55
bd_shs,131
bd_shs,63
bd_shs,83
bd_shs,13
bd_shs,25
bd_shs,9
bd_shs,32
bd_shs,44
bd_shs,62
bd_shs,22
bd_shs,28
bd_shs,18
bd_shs,4
bd_shs,64
bd_shs,55
bd_shs,20
bd_shs,117
bd_shs,18
bd_shs,11
bd_shs,26
bd_shs,43
bd_shs,24
bd_shs,7
bd_shs,37
bd_shs,16
bd_shs,53
bd_shs,11
bd_shs,22
bd_shs,31
bd_shs,50
bd_shs,31
bd_shs,60
bd_shs,28
bd_shs,36
bd_shs,9
bd_shs,284
bd_shs,164
bd_shs,25
banfakenews,296
banfakenews,710
banfakenews,2038
banfakenews,1084
banfakenews,1730
banfakenews,443
banfakenews,1131
banfakenews,1237
banfakenews,704
banfakenews,506
banfakenews,1555
banfakenews,712
banfakenews,666
banfakenews,767
banfakenews,1031
banfakenews,631
banfakenews,361
banfakenews,266
banfakenews,1629
banfakenews,528
banfakenews,499
banfakenews,799
banfakenews,1879
banfakenews,1835
banfakenews,1106
banfakenews,337
banfakenews,1109
banfakenews,365
banfakenews,941
banfakenews,1337
banfakenews,540
banfakenews,634
banfakenews,1941
banfakenews,450
banfakenews,1384
banfakenews,889
banfakenews,721
banfakenews,459
banfakenews,802
banfakenews,5929
banfakenews,885
banfakenews,889
banfakenews,1928
banfakenews,2642
banfakenews,545
banfakenews,1674
banfakenews,531
banfakenews,411
banfakenews,687
banfakenews,456
banfakenews,2175
banfakenews,1830
banfakenews,2019
banfakenews,2674
banfakenews,801
banfakenews,1152
banfakenews,848
banfakenews,856
banfakenews,673
banfakenews,528
banfakenews,2109
banfakenews,575
banfakenews,732
banfakenews,1571
banfakenews,1623
banfakenews,358
banfakenews,615
banfakenews,490
banfakenews,675
banfakenews,388
banfakenews,959
banfakenews,788
banfakenews,582
banfakenews,491
banfakenews,1025
banfakenews,628
banfakenews,466
banfakenews,520
banfakenews,585
banfakenews,1421
banfakenews,1892
banfakenews,600
banfakenews,1104
banfakenews,541
banfakenews,2264
banfakenews,1207
banfakenews,1602
banfakenews,1066
banfakenews,341
banfakenews,404
banfakenews,1330
banfakenews,600
banfakenews,3557
banfakenews,624
banfakenews,378
banfakenews,1988
banfakenews,1693
banfakenews,331
banfakenews,460
banfakenews,959
banfakenews,2906
banfakenews,449
banfakenews,417
banfakenews,632
banfakenews,2902
banfakenews,656
banfakenews,765
banfakenews,1750
banfakenews,454
banfakenews,1576
banfakenews,390
banfakenews,690
banfakenews,829
banfakenews,1603
banfakenews,1403
banfakenews,1277
banfakenews,892
banfakenews,452
banfakenews,963
banfakenews,1036
banfakenews,592
banfakenews,1568
banfakenews,786
banfakenews,1534
banfakenews,954
banfakenews,470
banfakenews,704
banfakenews,1154
banfakenews,1992
banfakenews,899
banfakenews,646
banfakenews,2753
banfakenews,717
banfakenews,893
banfakenews,854
banfakenews,590
banfakenews,5191
banfakenews,1369
banfakenews,972
banfakenews,1381
banfakenews,2444
banfakenews,2029
banfakenews,733
banfakenews,540
banfakenews,889
banfakenews,1411
banfakenews,557
banfakenews,297
banfakenews,6791
banfakenews,986
banfakenews,1624
banfakenews,643
banfakenews,1537
banfakenews,1434
banfakenews,801
banfakenews,750
banfakenews,574
banfakenews,459
banfakenews,1735
banfakenews,1034
banfakenews,930
banfakenews,470
banfakenews,964
banfakenews,456
banfakenews,353
banfakenews,2979
banfakenews,3879
banfakenews,5762
banfakenews,1124
banfakenews,1939
banfakenews,402
banfakenews,359
banfakenews,7587
banfakenews,376
banfakenews,579
banfakenews,1014
banfakenews,538
banfakenews,504
banfakenews,69
banfakenews,771
banfakenews,613
banfakenews,391
banfakenews,1429
banfakenews,470
banfakenews,1582
banfakenews,515
banfakenews,582
banfakenews,412
banfakenews,1666
banfakenews,1418
banfakenews,1133
banfakenews,1501
banfakenews,469
banfakenews,3709
banfakenews,2605
banfakenews,1417
banfakenews,560
banfakenews,854
banfakenews,1370
banfakenews,554
banfakenews,1020
banfakenews,1247
banfakenews,1152
banfakenews,968
banfakenews,1046
banfakenews,5263
banfakenews,827
banfakenews,1262
banfakenews,1968
banfakenews,631
banfakenews,471
banfakenews,2009
banfakenews,1226
banfakenews,2214
banfakenews,874
banfakenews,956
banfakenews,1021
banfakenews,1586
banfakenews,741
banfakenews,918
banfakenews,872
banfakenews,321
banfakenews,1043
banfakenews,1986
banfakenews,2233
banfakenews,363
banfakenews,1597
banfakenews,1493
banfakenews,2097
banfakenews,209
banfakenews,561
banfakenews,519
banfakenews,433
banfakenews,1350
banfakenews,1818
banfakenews,922
banfakenews,930
banfakenews,970
banfakenews,363
banfakenews,844
banfakenews,809
banfakenews,1384
banfakenews,1234
banfakenews,2250
banfakenews,804
banfakenews,907
banfakenews,463
banfakenews,878
banfakenews,779
banfakenews,589
banfakenews,502
banfakenews,681
banfakenews,2258
banfakenews,912
banfakenews,953
banfakenews,903
banfakenews,780
banfakenews,489
banfakenews,437
banfakenews,1528
banfakenews,897
banfakenews,1013
banfakenews,2498
banfakenews,703
banfakenews,766
banfakenews,379
banfakenews,990
banfakenews,768
banfakenews,912
banfakenews,1461
banfakenews,1182
banfakenews,692
banfakenews,788
banfakenews,1506
banfakenews,597
banfakenews,478
banfakenews,643
banfakenews,872
banfakenews,439
banfakenews,476
banfakenews,1058
banfakenews,507
banfakenews,961
banfakenews,668
banfakenews,806
banfakenews,882
banfakenews,566
banfakenews,431
banfakenews,438
banfakenews,422
banfakenews,1142
banfakenews,331
banfakenews,783
banfakenews,981
banfakenews,311
banfakenews,876
banfakenews,623
banfakenews,437
banfakenews,951
banfakenews,1595
banfakenews,2245
banfakenews,777
banfakenews,787
banfakenews,1432
banfakenews,564
banfakenews,952
banfakenews,634
banfakenews,3366
banfakenews,1065
banfakenews,583
banfakenews,918
banfakenews,1151
banfakenews,1011
banfakenews,654
banfakenews,546
banfakenews,1308
banfakenews,2220
banfakenews,967
banfakenews,563
banfakenews,716
banfakenews,2708
banfakenews,1135
banfakenews,2308
banfakenews,1737
banfakenews,1126
banfakenews,1226
banfakenews,561
banfakenews,436
banfakenews,673
banfakenews,1147
banfakenews,2307
banfakenews,1020
banfakenews,1927
banfakenews,955
banfakenews,1246
banfakenews,467
banfakenews,885
banfakenews,777
banfakenews,297
banfakenews,372
banfakenews,867
banfakenews,1081
banfakenews,1258
banfakenews,2821
banfakenews,1324
banfakenews,738
banfakenews,651
banfakenews,552
banfakenews,412
banfakenews,373
banfakenews,380
banfakenews,728
banfakenews,380
banfakenews,4439
banfakenews,766
banfakenews,179
banfakenews,574
banfakenews,365
banfakenews,1241
banfakenews,1655
banfakenews,1338
banfakenews,1324
banfakenews,1027
banfakenews,609
banfakenews,840
banfakenews,1815
banfakenews,552
banfakenews,292
banfakenews,1179
banfakenews,1050
banfakenews,732
banfakenews,1353
banfakenews,1145
banfakenews,661
banfakenews,682
banfakenews,3507
banfakenews,572
banfakenews,673
banfakenews,1710
banfakenews,1055
banfakenews,307
banfakenews,505
banfakenews,449
banfakenews,445
banfakenews,948
banfakenews,377
banfakenews,512
banfakenews,630
banfakenews,826
banfakenews,321
banfakenews,620
banfakenews,407
banfakenews,775
banfakenews,2022
banfakenews,1912
banfakenews,668
banfakenews,1025
banfakenews,317
banfakenews,1467
banfakenews,173
banfakenews,875
banfakenews,2317
banfakenews,713
banfakenews,896
banfakenews,1056
banfakenews,2261
banfakenews,423
banfakenews,541
banfakenews,1290
banfakenews,704
banfakenews,1030
banfakenews,1497
banfakenews,313
banfakenews,1276
banfakenews,652
banfakenews,755
banfakenews,2976
banfakenews,805
banfakenews,736
banfakenews,873
banfakenews,538
banfakenews,1978
banfakenews,604
banfakenews,794
banfakenews,570
banfakenews,1391
banfakenews,1424
banfakenews,510
banfakenews,475
banfakenews,4000
banfakenews,2666
banfakenews,924
banfakenews,962
banfakenews,2367
banfakenews,914
banfakenews,11054
banfakenews,307
banfakenews,1572
banfakenews,404
banfakenews,1819
banfakenews,975
banfakenews,407
banfakenews,807
banfakenews,1098
banfakenews,875
banfakenews,1410
banfakenews,478
banfakenews,842
banfakenews,1028
banfakenews,1590
banfakenews,1399
banfakenews,1032
banfakenews,501
banfakenews,1032
banfakenews,811
banfakenews,955
banfakenews,1353
banfakenews,440
banfakenews,964
banfakenews,937
banfakenews,556
banfakenews,852
banfakenews,1196
banfakenews,2203
banfakenews,1089
banfakenews,1072
banfakenews,2142
banfakenews,1668
banfakenews,932
banfakenews,1303
banfakenews,4328
banfakenews,1531
banfakenews,771
banfakenews,962
banfakenews,1978
banfakenews,1360
banfakenews,603
banfakenews,540
banfakenews,4619
banfakenews,786
banfakenews,1245
banfakenews,467
banfakenews,1994
banfakenews,887
banfakenews,1204
banfakenews,575
banfakenews,5466
banfakenews,1320
banfakenews,1447
banfakenews,1028
banfakenews,762
banfakenews,627
banfakenews,744
banfakenews,1484
banfakenews,832
banfakenews,972
banfakenews,1754
banfakenews,512
banfakenews,1267
banfakenews,1441
banfakenews,1407
banfakenews,837
banfakenews,490
banfakenews,622
banfakenews,914
banfakenews,424
banfakenews,9554
banfakenews,630
banfakenews,753
banfakenews,1728
banfakenews,1206
banfakenews,729
banfakenews,506
banfakenews,169
banfakenews,385
banfakenews,747
banfakenews,2053
banfakenews,287
banfakenews,1454
banfakenews,1134
banfakenews,539
banfakenews,255
banfakenews,1261
banfakenews,679
banfakenews,457
banfakenews,1150
banfakenews,1315
banfakenews,1520
banfakenews,500
banfakenews,2066
banfakenews,482
banfakenews,338
banfakenews,547
banfakenews,951
banfakenews,1084
banfakenews,793
banfakenews,1205
banfakenews,1819
banfakenews,198
banfakenews,2538
banfakenews,362
banfakenews,1562
banfakenews,2551
banfakenews,1355
banfakenews,854
banfakenews,747
banfakenews,568
banfakenews,1028
banfakenews,4144
banfakenews,2974
banfakenews,2109
banfakenews,1236
banfakenews,813
banfakenews,675
banfakenews,384
banfakenews,618
banfakenews,627
banfakenews,2414
banfakenews,1082
banfakenews,366
banfakenews,662
banfakenews,752
banfakenews,232
banfakenews,1120
banfakenews,1204
banfakenews,1402
banfakenews,747
banfakenews,607
banfakenews,381
banfakenews,1242
banfakenews,1286
banfakenews,866
banfakenews,1013
banfakenews,138
banfakenews,1165
banfakenews,1652
banfakenews,535
banfakenews,310
banfakenews,435
banfakenews,2143
banfakenews,1174
banfakenews,728
banfakenews,447
banfakenews,1448
banfakenews,584
banfakenews,855
banfakenews,1609
banfakenews,762
banfakenews,524
banfakenews,811
banfakenews,770
banfakenews,291
banfakenews,1021
banfakenews,1308
banfakenews,599
banfakenews,1871
banfakenews,609
banfakenews,290
banfakenews,1029
banfakenews,2666
banfakenews,1053
banfakenews,365
banfakenews,838
banfakenews,840
banfakenews,1440
banfakenews,723
banfakenews,423
banfakenews,1410
banfakenews,664
banfakenews,1980
banfakenews,1310
banfakenews,670
banfakenews,2056
banfakenews,726
banfakenews,1478
banfakenews,323
banfakenews,880
banfakenews,1190
banfakenews,499
banfakenews,1063
banfakenews,980
banfakenews,575
banfakenews,1123
banfakenews,776
banfakenews,1940
banfakenews,344
banfakenews,8240
banfakenews,648
banfakenews,877
banfakenews,1298
banfakenews,909
banfakenews,863
banfakenews,1126
banfakenews,994
banfakenews,506
banfakenews,910
banfakenews,749
banfakenews,945
banfakenews,510
banfakenews,801
banfakenews,705
banfakenews,919
banfakenews,585
banfakenews,1119
banfakenews,486
banfakenews,645
banfakenews,957
banfakenews,388
banfakenews,1091
banfakenews,618
banfakenews,310
banfakenews,418
banfakenews,616
banfakenews,961
banfakenews,771
banfakenews,449
banfakenews,1406
banfakenews,253
banfakenews,2049
banfakenews,327
banfakenews,383
banfakenews,2292
banfakenews,54
banfakenews,882
banfakenews,2961
banfakenews,453
banfakenews,2530
banfakenews,548
banfakenews,765
banfakenews,2046
banfakenews,3501
banfakenews,2349
banfakenews,2578
banfakenews,555
banfakenews,707
banfakenews,2107
banfakenews,2734
banfakenews,391
banfakenews,1316
banfakenews,1819
banfakenews,488
banfakenews,502
banfakenews,2672
banfakenews,805
banfakenews,874
banfakenews,379
banfakenews,735
banfakenews,1222
banfakenews,620
banfakenews,660
banfakenews,692
banfakenews,541
banfakenews,1493
banfakenews,2422
banfakenews,1155
banfakenews,1698
banfakenews,1582
banfakenews,1091
banfakenews,1178
banfakenews,354
banfakenews,617
banfakenews,1031
banfakenews,1271
banfakenews,838
banfakenews,716
banfakenews,1623
banfakenews,533
banfakenews,1428
banfakenews,579
banfakenews,866
banfakenews,2466
banfakenews,1518
banfakenews,571
banfakenews,423
banfakenews,981
banfakenews,770
banfakenews,601
banfakenews,654
banfakenews,1228
banfakenews,547
banfakenews,600
banfakenews,880
banfakenews,3378
banfakenews,980
banfakenews,569
banfakenews,1093
banfakenews,1329
banfakenews,418
banfakenews,1560
banfakenews,860
banfakenews,782
banfakenews,730
banfakenews,2304
banfakenews,1114
banfakenews,939
banfakenews,2132
banfakenews,637
banfakenews,5185
banfakenews,678
banfakenews,1278
banfakenews,458
banfakenews,527
banfakenews,2308
banfakenews,824
banfakenews,1000
banfakenews,131
banfakenews,4741
banfakenews,398
banfakenews,578
banfakenews,437
banfakenews,1092
banfakenews,1350
banfakenews,1322
banfakenews,1260
banfakenews,536
banfakenews,617
banfakenews,432
banfakenews,1849
banfakenews,408
banfakenews,1030
banfakenews,726
banfakenews,499
banfakenews,1027
banfakenews,900
banfakenews,699
banfakenews,711
banfakenews,2868
banfakenews,2412
banfakenews,676
banfakenews,1304
banfakenews,723
banfakenews,717
banfakenews,1091
banfakenews,1261
banfakenews,569
banfakenews,734
banfakenews,1167
banfakenews,607
banfakenews,990
banfakenews,738
banfakenews,1095
banfakenews,1601
banfakenews,835
banfakenews,656
banfakenews,595
banfakenews,757
banfakenews,425
banfakenews,486
banfakenews,450
banfakenews,352
banfakenews,539
banfakenews,482
banfakenews,792
banfakenews,1426
banfakenews,982
banfakenews,2062
banfakenews,1441
banfakenews,1664
banfakenews,2284
banfakenews,984
banfakenews,1343
banfakenews,1548
banfakenews,730
banfakenews,1476
banfakenews,1475
banfakenews,826
banfakenews,1555
banfakenews,561
banfakenews,4090
banfakenews,1550
banfakenews,845
banfakenews,949
banfakenews,408
banfakenews,1360
banfakenews,797
banfakenews,1046
banfakenews,1628
banfakenews,725
banfakenews,764
banfakenews,1027
banfakenews,404
banfakenews,790
banfakenews,617
banfakenews,1692
banfakenews,411
banfakenews,482
banfakenews,659
banfakenews,1697
banfakenews,963
banfakenews,1097
banfakenews,448
banfakenews,935
banfakenews,479
banfakenews,377
banfakenews,687
banfakenews,641
banfakenews,393
banfakenews,1127
banfakenews,3659
banfakenews,670
banfakenews,2471
banfakenews,340
banfakenews,765
banfakenews,870
banfakenews,3872
banfakenews,4912
banfakenews,334
banfakenews,1287
banfakenews,6842
banfakenews,263
banfakenews,1594
banfakenews,1414
banfakenews,849
banfakenews,1264
banfakenews,743
banfakenews,807
banfakenews,269
banfakenews,1131
banfakenews,2153
banfakenews,358
banfakenews,733
banfakenews,917
banfakenews,312
banfakenews,875
banfakenews,1320
banfakenews,592
banfakenews,626
banfakenews,389
banfakenews,1268
banfakenews,1296
banfakenews,348
banfakenews,1516
banfakenews,2339
banfakenews,4044
banfakenews,1035
banfakenews,1600
banfakenews,1006
banfakenews,422
banfakenews,565
banfakenews,440
banfakenews,1545
banfakenews,1618
banfakenews,1365
banfakenews,748
banfakenews,475
banfakenews,1529
banfakenews,641
banfakenews,396
banfakenews,753
banfakenews,573
banfakenews,1524
banfakenews,1033
banfakenews,479
banfakenews,486
banfakenews,446
banfakenews,1686
banfakenews,941
banfakenews,1347
banfakenews,405
banfakenews,3509
banfakenews,535
banfakenews,1404
banfakenews,959
banfakenews,580
banfakenews,1259
banfakenews,482
banfakenews,1605
banfakenews,593
banfakenews,720
banfakenews,1882
banfakenews,732
banfakenews,544
banfakenews,263
banfakenews,668
banfakenews,763
banfakenews,2916
banfakenews,528
banfakenews,629
banfakenews,3206
banfakenews,1696
banfakenews,397
banfakenews,1392
banfakenews,834
banfakenews,1011
banfakenews,748
banfakenews,635
banfakenews,939
banfakenews,1680
banfakenews,703
banfakenews,1466
banfakenews,1916
banfakenews,568
banfakenews,1262
banfakenews,878
banfakenews,527
banfakenews,1632
banfakenews,1158
banfakenews,1087
banfakenews,639
banfakenews,712
banfakenews,1524
banfakenews,2031
banfakenews,337
banfakenews,814
banfakenews,1965
banfakenews,464
banfakenews,1071
banfakenews,779
banfakenews,328
banfakenews,1757
banfakenews,1870
banfakenews,689
banfakenews,476
banfakenews,329
banfakenews,807
banfakenews,469
banfakenews,1225
banfakenews,547
banfakenews,2086
banfakenews,1154
banfakenews,3154
banfakenews,1496
banfakenews,543
banfakenews,562
banfakenews,161
banfakenews,567
banfakenews,849
banfakenews,1400
banfakenews,833
banfakenews,1118
banfakenews,614
banfakenews,439
banfakenews,2217
banfakenews,1212
banfakenews,1092
banfakenews,704
banfakenews,659
banfakenews,1036
banfakenews,2634
banfakenews,2802
banfakenews,385
banfakenews,5269
banfakenews,1219
banfakenews,1134
banfakenews,394
banfakenews,2614
banfakenews,440
banfakenews,1698
banfakenews,2048
banfakenews,892
banfakenews,92
banfakenews,1142
banfakenews,1154
banfakenews,551
banfakenews,1373
banfakenews,627
banfakenews,655
banfakenews,1552
banfakenews,352
banfakenews,846
banfakenews,615
banfakenews,739
banfakenews,808
banfakenews,577
banfakenews,1660
banfakenews,420
banfakenews,655
banfakenews,883
banfakenews,863
banfakenews,929
banfakenews,351
banfakenews,1129
banfakenews,675
banfakenews,894
banfakenews,782
banfakenews,1445
banfakenews,3468
banfakenews,565
banfakenews,1467
banfakenews,1154
banfakenews,430
banfakenews,1384
banfakenews,1058
banfakenews,1330
banfakenews,8391
banfakenews,663
banfakenews,781
banfakenews,408
banfakenews,1172
banfakenews,944
banfakenews,755
banfakenews,910
banfakenews,562
banfakenews,497
banfakenews,1018
banfakenews,438
banfakenews,754
banfakenews,1821
banfakenews,972
banfakenews,1467
banfakenews,1287
banfakenews,667
banfakenews,426
banfakenews,572
banfakenews,844
banfakenews,678
banfakenews,948
banfakenews,1011
banfakenews,752
banfakenews,889
banfakenews,855
banfakenews,1038
banfakenews,639
banfakenews,899
banfakenews,1952
banfakenews,470
banfakenews,799
banfakenews,616
banfakenews,600
banfakenews,1369
banfakenews,754
banfakenews,864
banfakenews,624
banfakenews,964
banfakenews,427
banfakenews,392
banfakenews,516
banfakenews,642
banfakenews,331
banfakenews,626
banfakenews,871
banfakenews,1060
banfakenews,1756
banfakenews,417
banfakenews,704
banfakenews,753
banfakenews,1203
banfakenews,964
banfakenews,831
banfakenews,1563
banfakenews,1127
banfakenews,2127
banfakenews,553
banfakenews,1583
banfakenews,657
banfakenews,1078
banfakenews,308
banfakenews,852
banfakenews,1264
banfakenews,579
banfakenews,1317
banfakenews,6143
banfakenews,748
banfakenews,4672
banfakenews,848
banfakenews,490
banfakenews,641
banfakenews,1242
banfakenews,1790
banfakenews,2715
banfakenews,543
banfakenews,674
banfakenews,700
banfakenews,457
banfakenews,1352
banfakenews,2227
banfakenews,1267
banfakenews,774
banfakenews,708
banfakenews,1452
banfakenews,755
banfakenews,674
banfakenews,558
banfakenews,2123
banfakenews,907
banfakenews,689
banfakenews,1197
banfakenews,574
banfakenews,693
banfakenews,855
banfakenews,1568
banfakenews,329
banfakenews,316
banfakenews,537
banfakenews,1080
banfakenews,1638
banfakenews,586
banfakenews,739
banfakenews,433
banfakenews,610
banfakenews,1350
banfakenews,960
banfakenews,1089
banfakenews,567
banfakenews,892
banfakenews,409
banfakenews,1475
banfakenews,667
banfakenews,1018
banfakenews,385
banfakenews,1607
banfakenews,901
banfakenews,960
banfakenews,681
banfakenews,1495
banfakenews,1362
banfakenews,910
banfakenews,1147
banfakenews,1035
banfakenews,2387
banfakenews,806
banfakenews,1244
banfakenews,1233
banfakenews,759
banfakenews,260
banfakenews,1558
banfakenews,1572
banfakenews,1153
banfakenews,2545
banfakenews,1405
banfakenews,439
banfakenews,897
banfakenews,1008
banfakenews,1282
banfakenews,290
banfakenews,430
banfakenews,772
banfakenews,1124
banfakenews,1027
banfakenews,3195
banfakenews,1020
banfakenews,2144
banfakenews,899
banfakenews,1972
banfakenews,1044
banfakenews,1155
banfakenews,793
banfakenews,1736
banfakenews,882
banfakenews,2894
banfakenews,938
banfakenews,582
banfakenews,706
banfakenews,1396
banfakenews,843
banfakenews,1222
banfakenews,512
banfakenews,907
banfakenews,1008
banfakenews,634
banfakenews,2840
banfakenews,956
banfakenews,604
banfakenews,1387
banfakenews,759
banfakenews,1123
banfakenews,678
banfakenews,552
banfakenews,598
banfakenews,698
banfakenews,900
banfakenews,631
banfakenews,1028
banfakenews,795
banfakenews,469
banfakenews,619
banfakenews,871
banfakenews,480
banfakenews,270
banfakenews,1220
banfakenews,558
banfakenews,1593
banfakenews,734
banfakenews,1282
banfakenews,1682
banfakenews,587
banfakenews,651
banfakenews,877
banfakenews,1059
banfakenews,1379
banfakenews,1158
banfakenews,417
banfakenews,717
banfakenews,1016
banfakenews,512
banfakenews,518
banfakenews,897
banfakenews,1120
banfakenews,378
banfakenews,1216
banfakenews,3140
banfakenews,388
banfakenews,1182
banfakenews,528
banfakenews,1324
banfakenews,344
banfakenews,1142
banfakenews,670
banfakenews,1283
banfakenews,738
banfakenews,469
banfakenews,642
banfakenews,1291
banfakenews,804
banfakenews,884
banfakenews,927
banfakenews,1639
banfakenews,484
banfakenews,3686
banfakenews,921
banfakenews,737
banfakenews,1106
banfakenews,855
banfakenews,4259
banfakenews,597
banfakenews,429
banfakenews,1178
banfakenews,1704
banfakenews,865
banfakenews,653
banfakenews,1350
banfakenews,1869
banfakenews,799
banfakenews,241
banfakenews,3395
banfakenews,1028
banfakenews,455
banfakenews,849
banfakenews,1434
banfakenews,1270
banfakenews,544
banfakenews,640
banfakenews,2083
banfakenews,341
banfakenews,608
banfakenews,681
banfakenews,1206
banfakenews,727
banfakenews,1074
banfakenews,760
banfakenews,1611
banfakenews,447
banfakenews,959
banfakenews,636
banfakenews,1411
banfakenews,699
banfakenews,621
banfakenews,3391
banfakenews,425
banfakenews,862
banfakenews,602
banfakenews,692
banfakenews,901
banfakenews,445
banfakenews,1220
banfakenews,528
banfakenews,2941
banfakenews,635
banfakenews,430
banfakenews,367
banfakenews,1067
banfakenews,1592
banfakenews,729
banfakenews,4947
banfakenews,1519
banfakenews,457
banfakenews,979
banfakenews,365
banfakenews,1167
banfakenews,1679
banfakenews,394
banfakenews,465
banfakenews,989
banfakenews,453
banfakenews,1296
banfakenews,399
banfakenews,871
banfakenews,396
banfakenews,1287
banfakenews,623
banfakenews,969
banfakenews,939
banfakenews,1055
banfakenews,951
banfakenews,304
banfakenews,639
banfakenews,1284
banfakenews,810
banfakenews,1360
banfakenews,1003
banfakenews,1921
banfakenews,828
banfakenews,865
banfakenews,1658
banfakenews,7854
banfakenews,5094
banfakenews,697
banfakenews,912
banfakenews,1743
banfakenews,818
banfakenews,1330
banfakenews,2008
banfakenews,536
banfakenews,1598
banfakenews,359
banfakenews,623
banfakenews,767
banfakenews,961
banfakenews,269
banfakenews,746
banfakenews,1541
banfakenews,415
banfakenews,686
banfakenews,1512
banfakenews,392
banfakenews,934
banfakenews,1025
banfakenews,794
banfakenews,920
banfakenews,912
banfakenews,761
banfakenews,1228
banfakenews,989
banfakenews,1041
banfakenews,361
banfakenews,341
banfakenews,1404
banfakenews,385
banfakenews,1996
banfakenews,2541
banfakenews,450
banfakenews,1125
banfakenews,1620
banfakenews,764
banfakenews,629
banfakenews,1135
banfakenews,922
banfakenews,589
banfakenews,954
banfakenews,1487
banfakenews,965
banfakenews,388
banfakenews,1005
banfakenews,1595
banfakenews,1132
banfakenews,2394
banfakenews,1414
banfakenews,1449
banfakenews,764
banfakenews,1099
banfakenews,748
banfakenews,1011
banfakenews,2659
banfakenews,1616
banfakenews,1979
banfakenews,380
banfakenews,716
banfakenews,1474
banfakenews,512
banfakenews,2038
banfakenews,2748
banfakenews,996
banfakenews,586
banfakenews,663
banfakenews,682
banfakenews,863
banfakenews,675
banfakenews,705
banfakenews,2135
banfakenews,974
banfakenews,1168
banfakenews,2381
banfakenews,1007
banfakenews,1300
banfakenews,641
banfakenews,1452
banfakenews,880
banfakenews,669
banfakenews,2427
banfakenews,943
banfakenews,506
banfakenews,1181
banfakenews,1120
banfakenews,2063
banfakenews,2424
banfakenews,1411
banfakenews,668
banfakenews,1246
banfakenews,813
banfakenews,324
banfakenews,1024
banfakenews,1429
banfakenews,1197
banfakenews,933
banfakenews,816
banfakenews,336
banfakenews,1398
banfakenews,578
banfakenews,828
banfakenews,1332
banfakenews,885
banfakenews,627
banfakenews,1440
banfakenews,1007
banfakenews,3023
banfakenews,425
banfakenews,402
banfakenews,341
banfakenews,510
banfakenews,3650
banfakenews,497
banfakenews,791
banfakenews,1339
banfakenews,453
banfakenews,1228
banfakenews,1026
banfakenews,643
banfakenews,33
banfakenews,824
banfakenews,709
banfakenews,1703
banfakenews,1051
banfakenews,957
banfakenews,1197
banfakenews,1042
banfakenews,34
banfakenews,593
banfakenews,2303
banfakenews,1121
banfakenews,712
banfakenews,489
banfakenews,1032
banfakenews,910
banfakenews,2305
banfakenews,961
banfakenews,1021
banfakenews,241
banfakenews,1044
banfakenews,714
banfakenews,1289
banfakenews,1104
banfakenews,626
banfakenews,6439
banfakenews,726
banfakenews,6065
banfakenews,1273
banfakenews,690
banfakenews,1555
banfakenews,2647
banfakenews,591
banfakenews,1044
banfakenews,3334
banfakenews,712
banfakenews,2013
banfakenews,1670
banfakenews,2341
banfakenews,3011
banfakenews,1439
banfakenews,1857
banfakenews,952
banfakenews,3268
banfakenews,632
banfakenews,673
banfakenews,1334
banfakenews,4185
banfakenews,393
banfakenews,819
banfakenews,5037
banfakenews,1604
banfakenews,898
banfakenews,402
banfakenews,2511
banfakenews,683
banfakenews,1832
banfakenews,1156
banfakenews,1094
banfakenews,1548
banfakenews,185
banfakenews,1374
banfakenews,515
banfakenews,764
banfakenews,781
banfakenews,1604
banfakenews,793
banfakenews,1116
banfakenews,853
banfakenews,183
banfakenews,405
banfakenews,2831
banfakenews,415
banfakenews,2076
banfakenews,1143
banfakenews,1978
banfakenews,807
banfakenews,808
banfakenews,297
banfakenews,721
banfakenews,1181
banfakenews,920
banfakenews,919
banfakenews,961
banfakenews,1318
banfakenews,1003
banfakenews,1854
banfakenews,657
banfakenews,472
banfakenews,897
banfakenews,863
banfakenews,1133
banfakenews,891
banfakenews,546
banfakenews,882
banfakenews,1363
banfakenews,3393
banfakenews,597
banfakenews,592
banfakenews,784
banfakenews,472
banfakenews,4704
banfakenews,2040
banfakenews,385
banfakenews,346
banfakenews,416
banfakenews,1087
banfakenews,1133
banfakenews,344
banfakenews,2103
banfakenews,255
banfakenews,1318
banfakenews,1184
banfakenews,425
banfakenews,793
banfakenews,809
banfakenews,536
banfakenews,366
banfakenews,655
banfakenews,464
banfakenews,272
banfakenews,254
banfakenews,1950
banfakenews,349
banfakenews,1307
banfakenews,1631
banfakenews,634
banfakenews,758
banfakenews,812
banfakenews,835
banfakenews,291
banfakenews,1066
banfakenews,1039
banfakenews,1715
banfakenews,928
banfakenews,422
banfakenews,713
banfakenews,451
banfakenews,1150
banfakenews,417
banfakenews,892
banfakenews,707
banfakenews,549
banfakenews,306
banfakenews,690
banfakenews,1731
banfakenews,1278
banfakenews,490
banfakenews,553
banfakenews,1002
banfakenews,1183
banfakenews,2885
banfakenews,485
banfakenews,950
banfakenews,1175
banfakenews,2217
banfakenews,414
banfakenews,1234
banfakenews,403
banfakenews,1853
banfakenews,873
banfakenews,550
banfakenews,944
banfakenews,1669
banfakenews,751
banfakenews,704
banfakenews,954
banfakenews,3920
banfakenews,996
banfakenews,1348
banfakenews,1408
banfakenews,454
banfakenews,383
banfakenews,627
banfakenews,587
banfakenews,1199
banfakenews,691
banfakenews,264
banfakenews,1473
banfakenews,1292
banfakenews,652
banfakenews,798
banfakenews,6890
banfakenews,1843
banfakenews,706
banfakenews,885
banfakenews,1126
banfakenews,400
banfakenews,628
banfakenews,1064
banfakenews,692
banfakenews,1217
banfakenews,1379
banfakenews,791
banfakenews,1990
banfakenews,643
banfakenews,549
banfakenews,924
banfakenews,2167
banfakenews,307
banfakenews,661
banfakenews,935
banfakenews,2230
banfakenews,1485
banfakenews,879
banfakenews,559
banfakenews,1206
banfakenews,437
banfakenews,1400
banfakenews,431
banfakenews,2662
banfakenews,829
banfakenews,2048
banfakenews,782
banfakenews,2093
banfakenews,384
banfakenews,815
banfakenews,1115
banfakenews,2408
banfakenews,2702
banfakenews,2404
banfakenews,1032
banfakenews,1390
banfakenews,606
banfakenews,631
banfakenews,3210
banfakenews,665
banfakenews,1556
banfakenews,490
banfakenews,609
banfakenews,461
banfakenews,1324
banfakenews,721
banfakenews,1037
banfakenews,314
banfakenews,749
banfakenews,1731
banfakenews,866
banfakenews,1531
banfakenews,619
banfakenews,1364
banfakenews,1101
banfakenews,491
banfakenews,1048
banfakenews,407
banfakenews,442
banfakenews,615
banfakenews,1379
banfakenews,479
banfakenews,3415
banfakenews,1211
banfakenews,2197
banfakenews,1732
banfakenews,1176
banfakenews,654
banfakenews,1107
banfakenews,380
banfakenews,3868
banfakenews,3709
banfakenews,366
banfakenews,2307
banfakenews,452
banfakenews,1274
banfakenews,1088
banfakenews,619
banfakenews,1006
banfakenews,2349
banfakenews,772
banfakenews,401
banfakenews,589
banfakenews,731
banfakenews,823
banfakenews,722
banfakenews,3156
banfakenews,1118
banfakenews,1318
banfakenews,1147
banfakenews,1405
banfakenews,556
banfakenews,432
banfakenews,1467
banfakenews,1612
banfakenews,1038
banfakenews,614
banfakenews,836
banfakenews,2002
banfakenews,1268
banfakenews,599
banfakenews,790
banfakenews,2196
banfakenews,702
banfakenews,375
banfakenews,905
banfakenews,2749
banfakenews,1420
banfakenews,1320
banfakenews,565
banfakenews,880
banfakenews,1916
banfakenews,776
banfakenews,973
banfakenews,658
banfakenews,601
banfakenews,1348
banfakenews,663
banfakenews,2183
banfakenews,2103
banfakenews,766
banfakenews,2238
banfakenews,559
banfakenews,2376
banfakenews,1476
banfakenews,1331
banfakenews,591
banfakenews,979
banfakenews,536
banfakenews,627
banfakenews,891
banfakenews,624
banfakenews,900
banfakenews,983
banfakenews,454
banfakenews,3013
banfakenews,779
banfakenews,690
banfakenews,441
banfakenews,731
banfakenews,674
banfakenews,1099
banfakenews,2335
banfakenews,521
banfakenews,1188
banfakenews,1732
banfakenews,979
banfakenews,466
banfakenews,844
banfakenews,1863
banfakenews,557
banfakenews,523
banfakenews,537
banfakenews,1363
banfakenews,639
banfakenews,522
banfakenews,853
banfakenews,3218
banfakenews,2764
banfakenews,832
banfakenews,907
banfakenews,330
banfakenews,621
banfakenews,470
banfakenews,593
banfakenews,1521
banfakenews,1427
banfakenews,3372
banfakenews,896
banfakenews,1742
banfakenews,918
banfakenews,302
banfakenews,2248
banfakenews,4151
banfakenews,851
banfakenews,1451
banfakenews,689
banfakenews,1589
banfakenews,891
banfakenews,2515
banfakenews,1904
banfakenews,717
banfakenews,540
banfakenews,607
banfakenews,1415
banfakenews,736
banfakenews,354
banfakenews,1862
banfakenews,466
banfakenews,613
banfakenews,1349
banfakenews,646
banfakenews,1051
banfakenews,1519
banfakenews,3308
banfakenews,1365
banfakenews,1913
banfakenews,640
banfakenews,572
banfakenews,1050
banfakenews,504
banfakenews,1598
banfakenews,1158
banfakenews,566
banfakenews,6202
banfakenews,400
banfakenews,537
banfakenews,322
banfakenews,533
banfakenews,284
banfakenews,1300
banfakenews,844
banfakenews,827
banfakenews,2387
banfakenews,2556
banfakenews,581
banfakenews,1423
banfakenews,1456
banfakenews,1027
banfakenews,2722
banfakenews,784
banfakenews,678
banfakenews,400
banfakenews,428
banfakenews,436
banfakenews,1182
banfakenews,1128
banfakenews,2104
banfakenews,1237
banfakenews,820
banfakenews,450
banfakenews,1230
banfakenews,1814
banfakenews,566
banfakenews,889
banfakenews,428
banfakenews,872
banfakenews,1143
banfakenews,593
banfakenews,648
banfakenews,428
banfakenews,308
banfakenews,832
banfakenews,2226
banfakenews,1008
banfakenews,480
banfakenews,571
banfakenews,1184
banfakenews,1111
banfakenews,941
banfakenews,4187
banfakenews,1062
banfakenews,1762
banfakenews,568
banfakenews,1409
banfakenews,1392
banfakenews,617
banfakenews,499
banfakenews,1339
banfakenews,311
banfakenews,1091
banfakenews,2410
banfakenews,970
banfakenews,996
banfakenews,374
banfakenews,2542
banfakenews,2577
banfakenews,1081
banfakenews,2250
banfakenews,480
banfakenews,2295
banfakenews,855
banfakenews,485
banfakenews,638
banfakenews,1068
banfakenews,642
banfakenews,748
banfakenews,567
banfakenews,549
banfakenews,979
banfakenews,683
banfakenews,796
banfakenews,1096
banfakenews,2460
banfakenews,742
banfakenews,1372
banfakenews,709
banfakenews,361
banfakenews,2659
banfakenews,640
banfakenews,1798
banfakenews,263
banfakenews,646
banfakenews,581
banfakenews,1870
banfakenews,474
banfakenews,565
banfakenews,2636
banfakenews,694
banfakenews,1248
banfakenews,354
banfakenews,373
banfakenews,686
banfakenews,1329
banfakenews,351
banfakenews,852
banfakenews,1022
banfakenews,1280
banfakenews,1218
banfakenews,1661
banfakenews,978
banfakenews,499
banfakenews,1381
banfakenews,895
banfakenews,3142
banfakenews,603
banfakenews,1370
banfakenews,1354
banfakenews,597
banfakenews,1200
banfakenews,634
banfakenews,1032
banfakenews,452
banfakenews,417
banfakenews,1048
banfakenews,686
banfakenews,2226
banfakenews,4290
banfakenews,1181
banfakenews,815
banfakenews,953
banfakenews,560
banfakenews,580
banfakenews,550
banfakenews,324
banfakenews,459
banfakenews,1536
banfakenews,315
banfakenews,1379
banfakenews,497
banfakenews,651
banfakenews,732
banfakenews,638
banfakenews,970
banfakenews,705
banfakenews,1133
banfakenews,5135
banfakenews,1029
banfakenews,1173
banfakenews,357
banfakenews,373
banfakenews,886
banfakenews,382
banfakenews,860
banfakenews,1815
banfakenews,4180
banfakenews,1376
banfakenews,411
banfakenews,497
banfakenews,777
banfakenews,329
banfakenews,349
banfakenews,1267
banfakenews,957
banfakenews,468
banfakenews,1703
banfakenews,704
banfakenews,584
banfakenews,954
banfakenews,666
banfakenews,515
banfakenews,546
banfakenews,737
banfakenews,1149
banfakenews,760
banfakenews,1587
banfakenews,455
banfakenews,1315
banfakenews,543
banfakenews,1480
banfakenews,1661
banfakenews,690
banfakenews,460
banfakenews,2825
banfakenews,1408
banfakenews,505
banfakenews,1578
banfakenews,930
banfakenews,722
banfakenews,2148
banfakenews,540
banfakenews,587
banfakenews,1439
banfakenews,715
banfakenews,970
banfakenews,1823
banfakenews,1133
banfakenews,633
banfakenews,544
banfakenews,369
banfakenews,1144
banfakenews,1344
banfakenews,830
banfakenews,674
banfakenews,629
banfakenews,820
banfakenews,682
banfakenews,702
banfakenews,553
banfakenews,2066
banfakenews,1430
banfakenews,2148
banfakenews,2223
banfakenews,1058
banfakenews,354
banfakenews,699
banfakenews,531
banfakenews,2259
banfakenews,1353
banfakenews,544
banfakenews,1147
banfakenews,4375
banfakenews,824
banfakenews,293
banfakenews,453
banfakenews,1502
banfakenews,1259
banfakenews,1029
banfakenews,1196
banfakenews,472
banfakenews,460
banfakenews,1375
banfakenews,1051
banfakenews,1414
banfakenews,600
banfakenews,1059
banfakenews,505
banfakenews,857
banfakenews,876
banfakenews,899
banfakenews,1239
banfakenews,5235
banfakenews,929
banfakenews,284
banfakenews,903
banfakenews,474
banfakenews,1080
banfakenews,866
banfakenews,384
banfakenews,625
banfakenews,1601
banfakenews,840
banfakenews,2158
banfakenews,880
banfakenews,1530
banfakenews,413
banfakenews,1050
banfakenews,441
banfakenews,744
banfakenews,248
banfakenews,527
banfakenews,524
banfakenews,413
banfakenews,117
banfakenews,532
banfakenews,2621
banfakenews,624
banfakenews,464
banfakenews,596
banfakenews,905
banfakenews,1400
banfakenews,1659
banfakenews,745
banfakenews,1890
banfakenews,655
banfakenews,1728
banfakenews,599
banfakenews,1284
banfakenews,699
banfakenews,695
banfakenews,430
banfakenews,1008
banfakenews,281
banfakenews,1487
banfakenews,276
banfakenews,1015
banfakenews,751
banfakenews,976
banfakenews,2013
banfakenews,1218
banfakenews,896
banfakenews,2161
banfakenews,1152
banfakenews,2287
banfakenews,2514
banfakenews,467
banfakenews,685
banfakenews,435
banfakenews,152
banfakenews,1500
banfakenews,861
banfakenews,3419
banfakenews,415
banfakenews,7585
banfakenews,1318
banfakenews,1417
banfakenews,3281
banfakenews,971
banfakenews,556
banfakenews,450
banfakenews,2448
banfakenews,1569
banfakenews,716
banfakenews,646
banfakenews,654
banfakenews,708
banfakenews,4045
banfakenews,2532
banfakenews,2910
banfakenews,537
banfakenews,1313
banfakenews,616
banfakenews,862
banfakenews,1132
banfakenews,2807
banfakenews,4346
banfakenews,454
banfakenews,820
banfakenews,539
banfakenews,1077
banfakenews,1724
banfakenews,782
banfakenews,370
banfakenews,978
banfakenews,786
banfakenews,591
banfakenews,1613
banfakenews,561
banfakenews,540
banfakenews,488
banfakenews,347
banfakenews,1186
banfakenews,544
banfakenews,550
banfakenews,1804
banfakenews,913
banfakenews,798
banfakenews,735
banfakenews,1844
banfakenews,1844
banfakenews,5119
banfakenews,921
banfakenews,1117
banfakenews,856
banfakenews,527
banfakenews,924
banfakenews,282
banfakenews,468
banfakenews,1360
banfakenews,954
banfakenews,1571
banfakenews,894
banfakenews,875
banfakenews,898
banfakenews,1417
banfakenews,870
banfakenews,552
banfakenews,2890
banfakenews,719
banfakenews,986
banfakenews,326
banfakenews,664
banfakenews,327
banfakenews,1132
banfakenews,768
banfakenews,1345
banfakenews,386
banfakenews,975
banfakenews,806
banfakenews,409
banfakenews,2174
banfakenews,1342
banfakenews,1294
banfakenews,781
banfakenews,244
banfakenews,642
banfakenews,245
banfakenews,575
banfakenews,1782
banfakenews,1299
banfakenews,596
banfakenews,631
banfakenews,615
banfakenews,1549
banfakenews,514
banfakenews,283
banfakenews,590
banfakenews,990
banfakenews,834
banfakenews,1627
banfakenews,614
banfakenews,532
banfakenews,1091
banfakenews,520
banfakenews,466
banfakenews,3408
banfakenews,1014
banfakenews,514
banfakenews,1778
banfakenews,358
banfakenews,1425
banfakenews,573
banfakenews,524
banfakenews,540
banfakenews,801
banfakenews,1201
banfakenews,983
banfakenews,1193
banfakenews,605
banfakenews,1367
banfakenews,550
banfakenews,1370
banfakenews,1003
banfakenews,361
banfakenews,469
banfakenews,1295
banfakenews,1022
banfakenews,415
banfakenews,708
banfakenews,1095
banfakenews,1620
banfakenews,799
banfakenews,468
banfakenews,510
banfakenews,489
banfakenews,507
banfakenews,632
banfakenews,2808
banfakenews,437
banfakenews,989
banfakenews,1173
banfakenews,608
banfakenews,618
banfakenews,555
banfakenews,795
banfakenews,2105
banfakenews,1215
banfakenews,425
banfakenews,314
banfakenews,1026
banfakenews,3100
banfakenews,746
banfakenews,1291
banfakenews,479
banfakenews,359
banfakenews,926
banfakenews,1420
banfakenews,562
banfakenews,1089
banfakenews,2354
banfakenews,740
banfakenews,2173
banfakenews,4686
banfakenews,435
banfakenews,762
banfakenews,374
banfakenews,584
banfakenews,1167
banfakenews,1016
banfakenews,553
banfakenews,563
banfakenews,472
banfakenews,3057
banfakenews,851
banfakenews,1028
banfakenews,1078
banfakenews,4063
banfakenews,889
banfakenews,5394
banfakenews,1661
banfakenews,525
banfakenews,648
banfakenews,506
banfakenews,1189
banfakenews,2397
banfakenews,821
banfakenews,528
banfakenews,801
banfakenews,2695
banfakenews,405
banfakenews,809
banfakenews,1255
banfakenews,888
banfakenews,1089
banfakenews,722
banfakenews,6946
banfakenews,356
banfakenews,1409
banfakenews,732
banfakenews,627
banfakenews,677
banfakenews,2003
banfakenews,337
banfakenews,501
banfakenews,1368
banfakenews,704
banfakenews,1389
banfakenews,1047
banfakenews,1361
banfakenews,528
banfakenews,348
banfakenews,1768
banfakenews,390
banfakenews,1329
banfakenews,927
banfakenews,364
banfakenews,878
banfakenews,371
banfakenews,465
banfakenews,676
banfakenews,830
banfakenews,1097
banfakenews,955
banfakenews,437
banfakenews,1531
banfakenews,532
banfakenews,646
banfakenews,463
banfakenews,662
banfakenews,555
banfakenews,778
banfakenews,2263
banfakenews,1229
banfakenews,606
banfakenews,1206
banfakenews,265
banfakenews,1502
banfakenews,446
banfakenews,604
banfakenews,1728
banfakenews,371
banfakenews,338
banfakenews,936
banfakenews,706
banfakenews,3260
banfakenews,910
banfakenews,911
banfakenews,890
banfakenews,616
banfakenews,1386
banfakenews,420
banfakenews,770
banfakenews,594
banfakenews,609
banfakenews,964
banfakenews,645
banfakenews,1355
banfakenews,942
banfakenews,490
banfakenews,633
banfakenews,834
banfakenews,1094
banfakenews,341
banfakenews,977
banfakenews,738
banfakenews,1359
banfakenews,577
banfakenews,631
banfakenews,670
banfakenews,1712
banfakenews,423
banfakenews,740
banfakenews,1268
banfakenews,1241
banfakenews,4159
banfakenews,1023
banfakenews,1631
banfakenews,925
banfakenews,1502
banfakenews,980
banfakenews,578
banfakenews,1411
banfakenews,1012
banfakenews,768
banfakenews,1350
banfakenews,980
banfakenews,463
banfakenews,1515
banfakenews,636
banfakenews,2342
banfakenews,654
banfakenews,1706
banfakenews,582
banfakenews,358
banfakenews,672
banfakenews,308
banfakenews,1015
banfakenews,545
banfakenews,1039
banfakenews,995
banfakenews,411
banfakenews,458
banfakenews,1335
banfakenews,441
banfakenews,1088
banfakenews,1806
banfakenews,1600
banfakenews,750
banfakenews,1172
banfakenews,1520
banfakenews,1090
banfakenews,1136
banfakenews,614
banfakenews,2777
banfakenews,464
banfakenews,3044
banfakenews,1741
banfakenews,808
banfakenews,341
banfakenews,1688
banfakenews,553
banfakenews,1191
banfakenews,489
banfakenews,839
banfakenews,895
banfakenews,746
banfakenews,1751
banfakenews,730
banfakenews,357
banfakenews,489
banfakenews,608
banfakenews,870
banfakenews,358
banfakenews,746
banfakenews,753
banfakenews,401
banfakenews,438
banfakenews,977
banfakenews,1068
banfakenews,3218
banfakenews,495
banfakenews,373
banfakenews,1001
banfakenews,1041
banfakenews,268
banfakenews,2241
banfakenews,596
banfakenews,1015
banfakenews,1232
banfakenews,565
banfakenews,216
banfakenews,1708
banfakenews,2271
banfakenews,699
banfakenews,983
banfakenews,2379
banfakenews,1419
banfakenews,622
banfakenews,1247
banfakenews,572
banfakenews,1093
banfakenews,389
banfakenews,1768
banfakenews,345
banfakenews,743
banfakenews,2528
banfakenews,788
banfakenews,967
banfakenews,2745
banfakenews,441
banfakenews,195
banfakenews,1044
banfakenews,1124
banfakenews,260
banfakenews,1694
banfakenews,357
banfakenews,647
banfakenews,1480
banfakenews,489
banfakenews,1179
banfakenews,519
banfakenews,571
banfakenews,481
banfakenews,1451
banfakenews,1329
banfakenews,947
banfakenews,2035
banfakenews,531
banfakenews,2031
banfakenews,703
banfakenews,828
banfakenews,2195
banfakenews,693
banfakenews,717
banfakenews,1378
banfakenews,979
banfakenews,651
banfakenews,385
banfakenews,321
banfakenews,1396
banfakenews,690
banfakenews,4259
banfakenews,2446
banfakenews,794
banfakenews,797
banfakenews,389
banfakenews,1211
banfakenews,754
banfakenews,390
banfakenews,335
banfakenews,917
banfakenews,1304
banfakenews,449
banfakenews,984
banfakenews,4865
banfakenews,1158
banfakenews,936
banfakenews,345
banfakenews,1081
banfakenews,694
banfakenews,2868
banfakenews,2064
banfakenews,708
banfakenews,433
banfakenews,1619
banfakenews,575
banfakenews,1557
banfakenews,1285
banfakenews,1406
banfakenews,1879
banfakenews,994
banfakenews,564
banfakenews,1516
banfakenews,1199
banfakenews,339
banfakenews,1280
banfakenews,308
banfakenews,1043
banfakenews,720
banfakenews,1112
banfakenews,1284
banfakenews,724
banfakenews,606
banfakenews,477
banfakenews,650
banfakenews,1289
banfakenews,608
banfakenews,1079
banfakenews,1217
banfakenews,601
banfakenews,1138
banfakenews,1421
banfakenews,633
banfakenews,807
banfakenews,1374
banfakenews,1488
banfakenews,769
banfakenews,812
banfakenews,1083
banfakenews,459
banfakenews,275
banfakenews,538
banfakenews,542
banfakenews,2246
banfakenews,1297
banfakenews,588
banfakenews,528
banfakenews,917
banfakenews,550
banfakenews,1485
banfakenews,1373
banfakenews,824
banfakenews,329
banfakenews,920
banfakenews,3592
banfakenews,640
banfakenews,2167
banfakenews,510
banfakenews,1569
banfakenews,1209
banfakenews,476
banfakenews,558
banfakenews,692
banfakenews,268
banfakenews,975
banfakenews,1792
banfakenews,364
banfakenews,988
banfakenews,765
banfakenews,1149
banfakenews,3125
banfakenews,1753
banfakenews,848
banfakenews,1676
banfakenews,1468
banfakenews,379
banfakenews,656
banfakenews,449
banfakenews,2605
banfakenews,288
banfakenews,1999
banfakenews,607
banfakenews,438
banfakenews,638
banfakenews,646
banfakenews,2088
banfakenews,722
banfakenews,1815
banfakenews,821
banfakenews,1437
banfakenews,1480
banfakenews,701
banfakenews,337
banfakenews,416
banfakenews,1822
banfakenews,768
banfakenews,958
banfakenews,2055
banfakenews,1169
banfakenews,953
banfakenews,575
banfakenews,507
banfakenews,1461
banfakenews,565
banfakenews,294
banfakenews,1209
banfakenews,1327
banfakenews,1171
banfakenews,295
banfakenews,1317
banfakenews,1032
banfakenews,710
banfakenews,263
banfakenews,1410
banfakenews,1645
banfakenews,285
banfakenews,4980
banfakenews,1384
banfakenews,1211
banfakenews,1802
banfakenews,645
banfakenews,710
banfakenews,1740
banfakenews,594
banfakenews,2633
banfakenews,1988
banfakenews,2356
banfakenews,324
banfakenews,1314
banfakenews,1964
banfakenews,1518
banfakenews,2205
banfakenews,1213
banfakenews,500
banfakenews,1727
banfakenews,2544
banfakenews,1477
banfakenews,850
banfakenews,454
banfakenews,1284
banfakenews,1632
banfakenews,343
banfakenews,463
banfakenews,884
banfakenews,1085
banfakenews,941
banfakenews,998
banfakenews,720
banfakenews,325
banfakenews,598
banfakenews,811
banfakenews,871
banfakenews,497
banfakenews,1819
banfakenews,348
banfakenews,1522
banfakenews,722
banfakenews,879
banfakenews,3008
banfakenews,1047
banfakenews,1426
banfakenews,975
banfakenews,1031
banfakenews,509
banfakenews,612
banfakenews,939
banfakenews,590
banfakenews,856
banfakenews,527
banfakenews,752
banfakenews,1201
banfakenews,642
banfakenews,533
banfakenews,280
banfakenews,411
banfakenews,1686
banfakenews,1219
banfakenews,1377
banfakenews,993
banfakenews,809
banfakenews,1428
banfakenews,636
banfakenews,741
banfakenews,496
banfakenews,358
banfakenews,566
banfakenews,1328
banfakenews,332
banfakenews,1760
banfakenews,183
banfakenews,2075
banfakenews,562
banfakenews,681
banfakenews,1053
banfakenews,934
banfakenews,598
banfakenews,786
banfakenews,1116
banfakenews,677
banfakenews,739
banfakenews,1091
banfakenews,935
banfakenews,949
banfakenews,500
banfakenews,2199
banfakenews,475
banfakenews,347
banfakenews,1067
banfakenews,1024
banfakenews,677
banfakenews,1414
banfakenews,1454
banfakenews,836
banfakenews,2085
banfakenews,539
banfakenews,414
banfakenews,325
banfakenews,857
banfakenews,2129
banfakenews,2391
banfakenews,578
banfakenews,694
banfakenews,1733
banfakenews,1222
banfakenews,1945
banfakenews,799
banfakenews,769
banfakenews,567
banfakenews,713
banfakenews,1091
banfakenews,299
banfakenews,2457
banfakenews,434
banfakenews,982
banfakenews,399
banfakenews,722
banfakenews,412
banfakenews,324
banfakenews,909
banfakenews,759
banfakenews,504
banfakenews,961
banfakenews,2172
banfakenews,1310
banfakenews,862
banfakenews,1631
banfakenews,1180
banfakenews,1269
banfakenews,5534
banfakenews,509
banfakenews,382
banfakenews,381
banfakenews,829
banfakenews,788
banfakenews,428
banfakenews,1272
banfakenews,1062
banfakenews,390
banfakenews,332
banfakenews,304
banfakenews,784
banfakenews,2392
banfakenews,685
banfakenews,852
banfakenews,867
banfakenews,568
banfakenews,567
banfakenews,732
banfakenews,669
banfakenews,1156
banfakenews,920
banfakenews,1058
banfakenews,1170
banfakenews,500
banfakenews,606
banfakenews,3277
banfakenews,1099
banfakenews,1574
banfakenews,921
banfakenews,927
banfakenews,2182
banfakenews,1029
banfakenews,319
banfakenews,1754
banfakenews,542
banfakenews,770
banfakenews,3109
banfakenews,483
banfakenews,1661
banfakenews,619
banfakenews,2743
banfakenews,664
banfakenews,727
banfakenews,1208
banfakenews,3589
banfakenews,744
banfakenews,363
banfakenews,1134
banfakenews,524
banfakenews,1313
banfakenews,3239
banfakenews,403
banfakenews,855
banfakenews,473
banfakenews,645
banfakenews,864
banfakenews,861
banfakenews,511
banfakenews,488
banfakenews,2154
banfakenews,1564
banfakenews,1063
banfakenews,569
banfakenews,8429
banfakenews,725
banfakenews,1920
banfakenews,1579
banfakenews,995
banfakenews,4747
banfakenews,1147
banfakenews,804
banfakenews,1031
banfakenews,641
banfakenews,875
banfakenews,735
banfakenews,1476
banfakenews,791
banfakenews,615
banfakenews,2979
banfakenews,1523
banfakenews,719
banfakenews,1055
banfakenews,1191
banfakenews,869
banfakenews,3729
banfakenews,1893
banfakenews,2399
banfakenews,829
banfakenews,777
banfakenews,690
banfakenews,581
banfakenews,1324
banfakenews,1420
banfakenews,1205
banfakenews,1047
banfakenews,320
banfakenews,993
banfakenews,400
banfakenews,521
banfakenews,700
banfakenews,603
banfakenews,555
banfakenews,3496
banfakenews,1482
banfakenews,1588
banfakenews,758
banfakenews,1241
banfakenews,1773
banfakenews,908
banfakenews,409
banfakenews,2414
banfakenews,669
banfakenews,537
banfakenews,700
banfakenews,1142
banfakenews,595
banfakenews,976
banfakenews,709
banfakenews,404
banfakenews,781
banfakenews,494
banfakenews,276
banfakenews,1194
banfakenews,602
banfakenews,1457
banfakenews,346
banfakenews,867
banfakenews,826
banfakenews,2644
banfakenews,1341
banfakenews,992
banfakenews,734
banfakenews,524
banfakenews,709
banfakenews,837
banfakenews,1058
banfakenews,505
banfakenews,706
banfakenews,601
banfakenews,465
banfakenews,952
banfakenews,339
banfakenews,576
banfakenews,930
banfakenews,738
banfakenews,1835
banfakenews,882
banfakenews,387
banfakenews,795
banfakenews,1681
banfakenews,1162
banfakenews,518
banfakenews,616
banfakenews,2870
banfakenews,1022
banfakenews,378
banfakenews,663
banfakenews,2293
banfakenews,496
banfakenews,1540
banfakenews,1042
banfakenews,623
banfakenews,736
banfakenews,718
banfakenews,914
banfakenews,1533
banfakenews,1917
banfakenews,726
banfakenews,943
banfakenews,1092
banfakenews,849
banfakenews,1025
banfakenews,634
banfakenews,1691
banfakenews,378
banfakenews,799
banfakenews,985
banfakenews,300
banfakenews,845
banfakenews,1342
banfakenews,989
banfakenews,737
banfakenews,693
banfakenews,1400
banfakenews,903
banfakenews,1173
banfakenews,942
banfakenews,1141
banfakenews,704
banfakenews,584
banfakenews,930
banfakenews,953
banfakenews,609
banfakenews,243
banfakenews,919
banfakenews,799
banfakenews,335
banfakenews,656
banfakenews,784
banfakenews,575
banfakenews,544
banfakenews,839
banfakenews,997
banfakenews,668
banfakenews,522
banfakenews,2465
banfakenews,1339
banfakenews,2121
banfakenews,462
banfakenews,2875
banfakenews,2249
banfakenews,433
banfakenews,1248
banfakenews,668
banfakenews,849
banfakenews,942
banfakenews,831
banfakenews,581
banfakenews,3022
banfakenews,1073
banfakenews,389
banfakenews,602
banfakenews,331
banfakenews,2181
banfakenews,809
banfakenews,543
banfakenews,940
banfakenews,1151
banfakenews,707
banfakenews,847
banfakenews,533
banfakenews,1564
banfakenews,654
banfakenews,1096
banfakenews,781
banfakenews,842
banfakenews,656
banfakenews,331
banfakenews,700
banfakenews,415
banfakenews,989
banfakenews,583
banfakenews,315
banfakenews,1735
banfakenews,849
banfakenews,2981
banfakenews,653
banfakenews,1682
banfakenews,828
banfakenews,688
banfakenews,849
banfakenews,1830
banfakenews,1023
banfakenews,671
banfakenews,607
banfakenews,517
banfakenews,549
banfakenews,716
banfakenews,868
banfakenews,377
banfakenews,411
banfakenews,1279
banfakenews,1307
banfakenews,666
banfakenews,486
banfakenews,2436
banfakenews,2295
banfakenews,2909
banfakenews,623
banfakenews,509
banfakenews,1043
banfakenews,1553
banfakenews,434
banfakenews,984
banfakenews,772
banfakenews,843
banfakenews,1636
banfakenews,831
banfakenews,1202
banfakenews,732
banfakenews,496
banfakenews,576
banfakenews,420
banfakenews,919
banfakenews,418
banfakenews,607
banfakenews,2796
banfakenews,963
banfakenews,2635
banfakenews,408
banfakenews,7409
banfakenews,720
banfakenews,537
banfakenews,397
banfakenews,336
banfakenews,1111
banfakenews,484
banfakenews,465
banfakenews,1322
banfakenews,723
banfakenews,696
banfakenews,619
banfakenews,1399
banfakenews,563
banfakenews,1896
banfakenews,1125
banfakenews,508
banfakenews,1123
banfakenews,926
banfakenews,447
banfakenews,1041
banfakenews,4547
banfakenews,743
banfakenews,962
banfakenews,426
banfakenews,1008
banfakenews,1256
banfakenews,956
banfakenews,1329
banfakenews,436
banfakenews,454
banfakenews,1306
banfakenews,1391
banfakenews,795
banfakenews,2134
banfakenews,373
banfakenews,426
banfakenews,1256
banfakenews,1024
banfakenews,711
banfakenews,1580
banfakenews,2358
banfakenews,637
banfakenews,1311
banfakenews,1328
banfakenews,1220
banfakenews,312
banfakenews,1806
banfakenews,669
banfakenews,3092
banfakenews,523
banfakenews,877
banfakenews,2607
banfakenews,640
banfakenews,1218
banfakenews,434
banfakenews,538
banfakenews,321
banfakenews,171
banfakenews,294
banfakenews,1139
banfakenews,787
banfakenews,1502
banfakenews,553
banfakenews,1263
banfakenews,510
banfakenews,710
banfakenews,538
banfakenews,1002
banfakenews,395
banfakenews,1629
banfakenews,571
banfakenews,475
banfakenews,478
banfakenews,959
banfakenews,1691
banfakenews,494
banfakenews,312
banfakenews,1410
banfakenews,1001
banfakenews,1279
banfakenews,1831
banfakenews,478
banfakenews,1128
banfakenews,1396
banfakenews,2103
banfakenews,680
banfakenews,458
banfakenews,6869
banfakenews,2392
banfakenews,264
banfakenews,666
banfakenews,1451
banfakenews,625
banfakenews,414
banfakenews,530
banfakenews,2235
banfakenews,387
banfakenews,3213
banfakenews,631
banfakenews,733
banfakenews,3121
banfakenews,550
banfakenews,922
banfakenews,467
banfakenews,627
banfakenews,1633
banfakenews,976
banfakenews,1149
banfakenews,820
banfakenews,1057
banfakenews,2324
banfakenews,1585
banfakenews,1368
banfakenews,782
banfakenews,755
banfakenews,608
banfakenews,1459
banfakenews,946
banfakenews,767
banfakenews,1008
banfakenews,975
banfakenews,375
banfakenews,2126
banfakenews,2138
banfakenews,463
banfakenews,669
banfakenews,519
banfakenews,413
banfakenews,1481
banfakenews,523
banfakenews,1221
banfakenews,502
banfakenews,4980
banfakenews,724
banfakenews,2669
banfakenews,1132
banfakenews,1081
banfakenews,476
banfakenews,909
banfakenews,455
banfakenews,1514
banfakenews,602
banfakenews,1213
banfakenews,623
banfakenews,2256
banfakenews,1109
banfakenews,882
banfakenews,520
banfakenews,938
banfakenews,840
banfakenews,331
banfakenews,783
banfakenews,1217
banfakenews,568
banfakenews,1110
banfakenews,752
banfakenews,757
banfakenews,4026
banfakenews,1449
banfakenews,339
banfakenews,999
banfakenews,529
banfakenews,1628
banfakenews,833
banfakenews,1809
banfakenews,431
banfakenews,3018
banfakenews,2344
banfakenews,564
banfakenews,1381
banfakenews,1994
banfakenews,1174
banfakenews,825
banfakenews,635
banfakenews,4739
banfakenews,317
banfakenews,1179
banfakenews,450
banfakenews,567
banfakenews,788
banfakenews,193
banfakenews,632
banfakenews,390
banfakenews,923
banfakenews,910
banfakenews,708
banfakenews,829
banfakenews,1387
banfakenews,3054
banfakenews,554
banfakenews,1215
banfakenews,1115
banfakenews,586
banfakenews,1094
banfakenews,440
banfakenews,548
banfakenews,543
banfakenews,402
banfakenews,697
banfakenews,1196
banfakenews,731
banfakenews,992
banfakenews,6413
banfakenews,1882
banfakenews,305
banfakenews,1702
banfakenews,1037
banfakenews,775
banfakenews,411
banfakenews,659
banfakenews,358
banfakenews,3025
banfakenews,1956
banfakenews,60
banfakenews,617
banfakenews,926
banfakenews,810
banfakenews,753
banfakenews,1776
banfakenews,1816
banfakenews,718
banfakenews,1254
banfakenews,1208
banfakenews,749
banfakenews,1328
banfakenews,725
banfakenews,1216
banfakenews,2138
banfakenews,1621
banfakenews,1105
banfakenews,731
banfakenews,490
banfakenews,531
banfakenews,637
banfakenews,1624
banfakenews,808
banfakenews,680
banfakenews,2616
banfakenews,655
banfakenews,1007
banfakenews,814
banfakenews,991
banfakenews,928
banfakenews,1178
banfakenews,368
banfakenews,1123
banfakenews,656
banfakenews,695
banfakenews,1203
banfakenews,379
banfakenews,302
banfakenews,400
banfakenews,883
banfakenews,4062
banfakenews,503
banfakenews,866
banfakenews,1094
banfakenews,736
banfakenews,2047
banfakenews,1299
banfakenews,2025
banfakenews,867
banfakenews,1278
banfakenews,629
banfakenews,910
banfakenews,1043
banfakenews,1467
banfakenews,1607
banfakenews,1538
banfakenews,406
banfakenews,538
banfakenews,413
banfakenews,1969
banfakenews,595
banfakenews,757
banfakenews,302
banfakenews,531
banfakenews,487
banfakenews,445
banfakenews,2403
banfakenews,840
banfakenews,401
banfakenews,595
banfakenews,695
banfakenews,397
banfakenews,998
banfakenews,1705
banfakenews,550
banfakenews,351
banfakenews,1112
banfakenews,930
banfakenews,709
banfakenews,2168
banfakenews,928
banfakenews,629
banfakenews,521
banfakenews,1366
banfakenews,1474
banfakenews,834
banfakenews,444
banfakenews,848
banfakenews,1050
banfakenews,608
banfakenews,1180
banfakenews,322
banfakenews,610
banfakenews,1266
banfakenews,1028
banfakenews,1144
banfakenews,1108
banfakenews,2809
banfakenews,379
banfakenews,1078
banfakenews,598
banfakenews,387
banfakenews,777
banfakenews,504
banfakenews,1165
banfakenews,553
banfakenews,1396
banfakenews,961
banfakenews,2470
banfakenews,726
banfakenews,999
banfakenews,1538
banfakenews,1431
banfakenews,356
banfakenews,1058
banfakenews,2168
banfakenews,646
banfakenews,838
banfakenews,583
banfakenews,1158
banfakenews,295
banfakenews,1245
banfakenews,659
banfakenews,525
banfakenews,451
banfakenews,1543
banfakenews,177
banfakenews,690
banfakenews,1655
banfakenews,647
banfakenews,1490
banfakenews,946
banfakenews,1111
banfakenews,2562
banfakenews,311
banfakenews,1259
banfakenews,2274
banfakenews,1348
banfakenews,540
banfakenews,676
banfakenews,636
banfakenews,840
banfakenews,514
banfakenews,1006
banfakenews,542
banfakenews,1441
banfakenews,744
banfakenews,1835
banfakenews,2147
banfakenews,471
banfakenews,478
banfakenews,441
banfakenews,318
banfakenews,849
banfakenews,745
banfakenews,882
banfakenews,645
banfakenews,1222
banfakenews,1560
banfakenews,553
banfakenews,522
banfakenews,1071
banfakenews,904
banfakenews,747
banfakenews,612
banfakenews,898
banfakenews,737
banfakenews,577
banfakenews,3233
banfakenews,1842
banfakenews,491
banfakenews,1243
banfakenews,799
banfakenews,957
banfakenews,854
banfakenews,660
banfakenews,1100
banfakenews,260
banfakenews,4319
banfakenews,492
banfakenews,483
banfakenews,1149
banfakenews,1158
banfakenews,2999
banfakenews,1702
banfakenews,784
banfakenews,964
banfakenews,1406
banfakenews,491
banfakenews,271
banfakenews,1002
banfakenews,1427
banfakenews,1660
banfakenews,1879
banfakenews,969
banfakenews,1235
banfakenews,953
banfakenews,962
banfakenews,805
banfakenews,731
banfakenews,1590
banfakenews,1315
banfakenews,961
banfakenews,1418
banfakenews,1079
banfakenews,1056
banfakenews,1259
banfakenews,809
banfakenews,2695
banfakenews,642
banfakenews,1797
banfakenews,455
banfakenews,1414
banfakenews,1161
banfakenews,1255
banfakenews,1198
banfakenews,490
banfakenews,1078
banfakenews,1737
banfakenews,583
banfakenews,648
banfakenews,658
banfakenews,1156
banfakenews,1002
banfakenews,507
banfakenews,1356
banfakenews,5089
banfakenews,805
banfakenews,680
banfakenews,549
banfakenews,1071
banfakenews,3558
banfakenews,508
banfakenews,1031
banfakenews,1559
banfakenews,323
banfakenews,577
banfakenews,980
banfakenews,844
banfakenews,1666
banfakenews,1861
banfakenews,420
banfakenews,753
banfakenews,2501
banfakenews,1800
banfakenews,911
banfakenews,512
banfakenews,822
banfakenews,2355
banfakenews,2315
banfakenews,953
banfakenews,2349
banfakenews,879
banfakenews,1041
banfakenews,949
banfakenews,549
banfakenews,867
banfakenews,1281
banfakenews,905
banfakenews,674
banfakenews,4446
banfakenews,550
banfakenews,260
banfakenews,560
banfakenews,479
banfakenews,625
banfakenews,486
banfakenews,792
banfakenews,857
banfakenews,720
banfakenews,638
banfakenews,1869
banfakenews,493
banfakenews,2131
banfakenews,581
banfakenews,1679
banfakenews,583
banfakenews,474
banfakenews,841
banfakenews,1343
banfakenews,679
banfakenews,1371
banfakenews,240
banfakenews,2160
banfakenews,2666
banfakenews,1270
banfakenews,547
banfakenews,2930
banfakenews,2081
banfakenews,854
banfakenews,1725
banfakenews,2643
banfakenews,1712
banfakenews,1895
banfakenews,263
banfakenews,567
banfakenews,627
banfakenews,1193
banfakenews,1748
banfakenews,637
banfakenews,322
banfakenews,1828
banfakenews,2114
banfakenews,934
banfakenews,1326
banfakenews,825
banfakenews,851
banfakenews,843
banfakenews,305
banfakenews,1183
banfakenews,522
banfakenews,1476
banfakenews,861
banfakenews,811
banfakenews,391
banfakenews,1169
banfakenews,315
banfakenews,1108
banfakenews,1866
banfakenews,740
banfakenews,652
banfakenews,512
banfakenews,374
banfakenews,841
banfakenews,1142
banfakenews,2449
banfakenews,1731
banfakenews,723
banfakenews,711
banfakenews,453
banfakenews,2673
banfakenews,1564
banfakenews,1423
banfakenews,474
banfakenews,476
banfakenews,2896
banfakenews,476
banfakenews,935
banfakenews,467
banfakenews,558
banfakenews,940
banfakenews,1009
banfakenews,800
banfakenews,1559
banfakenews,804
banfakenews,1883
banfakenews,1836
banfakenews,2480
banfakenews,747
banfakenews,1021
banfakenews,1196
banfakenews,841
banfakenews,642
banfakenews,2089
banfakenews,872
banfakenews,388
banfakenews,1492
banfakenews,1688
banfakenews,353
banfakenews,2346
banfakenews,2704
banfakenews,885
banfakenews,3173
banfakenews,804
banfakenews,487
banfakenews,345
banfakenews,2275
banfakenews,381
banfakenews,1077
banfakenews,1107
banfakenews,1513
banfakenews,382
banfakenews,538
banfakenews,3014
banfakenews,359
banfakenews,1040
banfakenews,1591
banfakenews,4930
banfakenews,1228
banfakenews,731
banfakenews,1059
banfakenews,670
banfakenews,1600
banfakenews,1058
banfakenews,996
banfakenews,945
banfakenews,1470
banfakenews,1866
banfakenews,2585
banfakenews,666
banfakenews,847
banfakenews,576
banfakenews,842
banfakenews,3150
banfakenews,1482
banfakenews,512
banfakenews,795
banfakenews,625
banfakenews,799
banfakenews,398
banfakenews,1016
banfakenews,432
banfakenews,1089
banfakenews,1785
banfakenews,624
banfakenews,783
banfakenews,505
banfakenews,896
banfakenews,1544
banfakenews,273
banfakenews,2707
banfakenews,865
banfakenews,1369
banfakenews,496
banfakenews,974
banfakenews,640
banfakenews,2834
banfakenews,489
banfakenews,538
banfakenews,1045
banfakenews,525
banfakenews,1521
banfakenews,1209
banfakenews,726
banfakenews,1644
banfakenews,274
banfakenews,575
banfakenews,363
banfakenews,1134
banfakenews,2220
banfakenews,424
banfakenews,303
banfakenews,594
banfakenews,637
banfakenews,296
banfakenews,3053
banfakenews,1141
banfakenews,1192
banfakenews,911
banfakenews,1019
banfakenews,877
banfakenews,422
banfakenews,1022
banfakenews,1131
banfakenews,1721
banfakenews,592
banfakenews,1324
banfakenews,1067
banfakenews,1168
banfakenews,539
banfakenews,706
banfakenews,1643
banfakenews,761
banfakenews,450
banfakenews,547
banfakenews,937
banfakenews,543
banfakenews,578
banfakenews,326
banfakenews,779
banfakenews,1114
banfakenews,803
banfakenews,2273
banfakenews,1079
banfakenews,1244
banfakenews,1204
banfakenews,2146
banfakenews,798
banfakenews,700
banfakenews,3405
banfakenews,1321
banfakenews,1287
banfakenews,1020
banfakenews,4593
banfakenews,750
banfakenews,1177
banfakenews,807
banfakenews,1255
banfakenews,979
banfakenews,564
banfakenews,399
banfakenews,422
banfakenews,2331
banfakenews,451
banfakenews,954
banfakenews,301
banfakenews,459
banfakenews,864
banfakenews,966
banfakenews,425
banfakenews,691
banfakenews,1395
banfakenews,1964
banfakenews,383
banfakenews,164
banfakenews,1647
banfakenews,521
banfakenews,2500
banfakenews,646
banfakenews,2455
banfakenews,882
banfakenews,716
banfakenews,1893
banfakenews,957
banfakenews,484
banfakenews,845
banfakenews,827
banfakenews,1740
banfakenews,1784
banfakenews,1443
banfakenews,1182
banfakenews,382
banfakenews,1036
banfakenews,1125
banfakenews,954
banfakenews,555
banfakenews,653
banfakenews,428
banfakenews,415
banfakenews,3109
banfakenews,3899
banfakenews,405
banfakenews,679
banfakenews,608
banfakenews,394
banfakenews,1125
banfakenews,1315
banfakenews,1424
banfakenews,498
banfakenews,600
banfakenews,954
banfakenews,633
banfakenews,2620
banfakenews,1346
banfakenews,644
banfakenews,1789
banfakenews,1086
banfakenews,790
banfakenews,366
banfakenews,470
banfakenews,1155
banfakenews,1242
banfakenews,544
banfakenews,783
banfakenews,577
banfakenews,408
banfakenews,307
banfakenews,324
banfakenews,1068
banfakenews,496
banfakenews,785
banfakenews,1396
banfakenews,1123
banfakenews,1114
banfakenews,200
banfakenews,1980
banfakenews,338
banfakenews,662
banfakenews,621
banfakenews,1238
banfakenews,981
banfakenews,1211
banfakenews,574
banfakenews,1485
banfakenews,1348
banfakenews,396
banfakenews,586
banfakenews,1026
banfakenews,2954
banfakenews,1740
banfakenews,1897
banfakenews,918
banfakenews,1132
banfakenews,2395
banfakenews,465
banfakenews,676
banfakenews,944
banfakenews,717
banfakenews,1340
banfakenews,705
banfakenews,2249
banfakenews,1127
banfakenews,622
banfakenews,1047
banfakenews,661
banfakenews,899
banfakenews,623
banfakenews,1053
banfakenews,828
banfakenews,851
banfakenews,686
banfakenews,1973
banfakenews,1257
banfakenews,790
banfakenews,1221
banfakenews,513
banfakenews,1442
banfakenews,926
banfakenews,384
banfakenews,639
banfakenews,1441
banfakenews,577
banfakenews,1002
banfakenews,1602
banfakenews,1567
banfakenews,987
banfakenews,692
banfakenews,747
banfakenews,561
banfakenews,594
banfakenews,548
banfakenews,2940
banfakenews,1606
banfakenews,1264
banfakenews,860
banfakenews,1701
banfakenews,746
banfakenews,512
banfakenews,591
banfakenews,886
banfakenews,913
banfakenews,1271
banfakenews,1292
banfakenews,560
banfakenews,276
banfakenews,683
banfakenews,1342
banfakenews,576
banfakenews,257
banfakenews,975
banfakenews,3738
banfakenews,2744
banfakenews,1327
banfakenews,15486
banfakenews,1475
banfakenews,1093
banfakenews,504
banfakenews,386
banfakenews,367
banfakenews,937
banfakenews,886
banfakenews,1181
banfakenews,449
banfakenews,387
banfakenews,1218
banfakenews,844
banfakenews,1304
banfakenews,1427
banfakenews,1388
banfakenews,422
banfakenews,665
banfakenews,1021
banfakenews,1007
banfakenews,1599
banfakenews,333
banfakenews,1139
banfakenews,987
banfakenews,732
banfakenews,258
banfakenews,1553
banfakenews,1739
banfakenews,625
banfakenews,718
banfakenews,1077
banfakenews,2891
banfakenews,1500
banfakenews,6104
banfakenews,689
banfakenews,1008
banfakenews,1332
banfakenews,681
banfakenews,2523
banfakenews,2046
banfakenews,1177
banfakenews,479
banfakenews,830
banfakenews,2928
banfakenews,930
banfakenews,1278
banfakenews,868
banfakenews,1155
banfakenews,588
banfakenews,1517
banfakenews,1395
banfakenews,865
banfakenews,1878
banfakenews,1423
banfakenews,268
banfakenews,1031
banfakenews,4891
banfakenews,765
banfakenews,1369
banfakenews,948
banfakenews,377
banfakenews,925
banfakenews,1030
banfakenews,865
banfakenews,1185
banfakenews,637
banfakenews,868
banfakenews,1145
banfakenews,690
banfakenews,987
banfakenews,1628
banfakenews,276
banfakenews,749
banfakenews,498
banfakenews,453
banfakenews,1062
banfakenews,464
banfakenews,1027
banfakenews,1655
banfakenews,800
banfakenews,776
banfakenews,789
banfakenews,393
banfakenews,290
banfakenews,735
banfakenews,312
banfakenews,611
banfakenews,1266
banfakenews,231
banfakenews,392
banfakenews,778
banfakenews,2103
banfakenews,1134
banfakenews,1065
banfakenews,885
banfakenews,1325
banfakenews,1118
banfakenews,1103
banfakenews,418
banfakenews,466
banfakenews,763
banfakenews,668
banfakenews,980
banfakenews,6398
banfakenews,394
banfakenews,1174
banfakenews,576
banfakenews,1686
banfakenews,850
banfakenews,1575
banfakenews,833
banfakenews,1205
banfakenews,830
banfakenews,1297
banfakenews,799
banfakenews,307
banfakenews,956
banfakenews,1318
banfakenews,4677
banfakenews,1024
banfakenews,683
banfakenews,667
banfakenews,621
banfakenews,735
banfakenews,1515
banfakenews,582
banfakenews,1116
banfakenews,409
banfakenews,225
banfakenews,1032
banfakenews,728
banfakenews,920
banfakenews,1195
banfakenews,843
banfakenews,1359
banfakenews,1138
banfakenews,853
banfakenews,5665
banfakenews,731
banfakenews,1177
banfakenews,1366
banfakenews,302
banfakenews,559
banfakenews,4350
banfakenews,1241
banfakenews,1129
banfakenews,928
banfakenews,664
banfakenews,273
banfakenews,1178
banfakenews,833
banfakenews,556
banfakenews,1034
banfakenews,554
banfakenews,709
banfakenews,605
banfakenews,554
banfakenews,362
banfakenews,954
banfakenews,1390
banfakenews,869
banfakenews,835
banfakenews,1050
banfakenews,601
banfakenews,501
banfakenews,598
banfakenews,638
banfakenews,785
banfakenews,2185
banfakenews,573
banfakenews,2123
banfakenews,1679
banfakenews,910
banfakenews,2191
banfakenews,893
banfakenews,1640
banfakenews,1148
banfakenews,1151
banfakenews,345
banfakenews,667
banfakenews,1137
banfakenews,2378
banfakenews,1758
banfakenews,366
banfakenews,1150
banfakenews,483
banfakenews,872
banfakenews,736
banfakenews,1403
banfakenews,3160
banfakenews,749
banfakenews,1077
banfakenews,709
banfakenews,566
banfakenews,940
banfakenews,498
banfakenews,328
banfakenews,1342
banfakenews,3934
banfakenews,911
banfakenews,996
banfakenews,823
banfakenews,1032
banfakenews,475
banfakenews,585
banfakenews,395
banfakenews,567
banfakenews,1257
banfakenews,665
banfakenews,333
banfakenews,1027
banfakenews,740
banfakenews,1589
banfakenews,748
banfakenews,484
banfakenews,724
banfakenews,989
banfakenews,1486
banfakenews,606
banfakenews,555
banfakenews,539
banfakenews,1107
banfakenews,669
banfakenews,514
banfakenews,2229
banfakenews,1701
banfakenews,304
banfakenews,982
banfakenews,801
banfakenews,1654
banfakenews,845
banfakenews,363
banfakenews,1689
banfakenews,418
banfakenews,537
banfakenews,733
banfakenews,745
banfakenews,1353
banfakenews,980
banfakenews,636
banfakenews,581
banfakenews,2208
banfakenews,550
banfakenews,1013
banfakenews,443
banfakenews,643
banfakenews,534
banfakenews,329
banfakenews,1490
banfakenews,3520
banfakenews,715
banfakenews,2250
banfakenews,502
banfakenews,495
banfakenews,801
banfakenews,803
banfakenews,2053
banfakenews,882
banfakenews,418
banfakenews,1497
banfakenews,1031
banfakenews,756
banfakenews,894
banfakenews,1055
banfakenews,497
banfakenews,2050
banfakenews,1316
banfakenews,1937
banfakenews,1270
banfakenews,598
banfakenews,594
banfakenews,1138
banfakenews,914
banfakenews,442
banfakenews,381
banfakenews,1780
banfakenews,1947
banfakenews,346
banfakenews,609
banfakenews,2206
banfakenews,909
banfakenews,789
banfakenews,297
banfakenews,1691
banfakenews,1213
banfakenews,505
banfakenews,880
banfakenews,759
banfakenews,1205
banfakenews,748
banfakenews,1237
banfakenews,1328
banfakenews,3885
banfakenews,1104
banfakenews,3344
banfakenews,1088
banfakenews,1623
banfakenews,445
banfakenews,348
banfakenews,686
banfakenews,780
banfakenews,164
banfakenews,380
banfakenews,1463
banfakenews,887
banfakenews,1061
banfakenews,410
banfakenews,833
banfakenews,348
banfakenews,743
banfakenews,359
banfakenews,600
banfakenews,1290
banfakenews,659
banfakenews,522
banfakenews,1013
banfakenews,266
banfakenews,2416
banfakenews,4883
banfakenews,1837
banfakenews,827
banfakenews,965
banfakenews,314
banfakenews,1845
banfakenews,1264
banfakenews,1160
banfakenews,629
banfakenews,263
banfakenews,1022
banfakenews,707
banfakenews,1690
banfakenews,330
banfakenews,1282
banfakenews,676
banfakenews,300
banfakenews,2305
banfakenews,1426
banfakenews,1332
banfakenews,790
banfakenews,1375
banfakenews,966
banfakenews,2360
banfakenews,740
banfakenews,1081
banfakenews,1160
banfakenews,1041
banfakenews,576
banfakenews,638
banfakenews,2553
banfakenews,969
banfakenews,488
banfakenews,897
banfakenews,496
banfakenews,400
banfakenews,788
banfakenews,780
banfakenews,1401
banfakenews,372
banfakenews,1564
banfakenews,816
banfakenews,1309
banfakenews,536
banfakenews,2100
banfakenews,1132
banfakenews,902
banfakenews,2279
banfakenews,1093
banfakenews,617
banfakenews,712
banfakenews,470
banfakenews,785
banfakenews,501
banfakenews,352
banfakenews,2297
banfakenews,969
banfakenews,1359
banfakenews,326
banfakenews,2292
banfakenews,2077
banfakenews,769
banfakenews,605
banfakenews,585
banfakenews,543
banfakenews,1420
banfakenews,227
banfakenews,425
banfakenews,1012
banfakenews,1427
banfakenews,345
banfakenews,2999
banfakenews,447
banfakenews,609
banfakenews,1191
banfakenews,1856
banfakenews,517
banfakenews,1783
banfakenews,675
banfakenews,1062
banfakenews,1115
banfakenews,694
banfakenews,768
banfakenews,1088
banfakenews,2572
banfakenews,808
banfakenews,813
banfakenews,794
banfakenews,645
banfakenews,576
banfakenews,807
banfakenews,150
banfakenews,964
banfakenews,791
banfakenews,941
banfakenews,638
banfakenews,2172
banfakenews,766
banfakenews,2787
banfakenews,752
banfakenews,1265
banfakenews,736
banfakenews,4277
banfakenews,613
banfakenews,712
banfakenews,1527
banfakenews,563
banfakenews,1535
banfakenews,333
banfakenews,434
banfakenews,990
banfakenews,557
banfakenews,1369
banfakenews,614
banfakenews,744
banfakenews,646
banfakenews,390
banfakenews,450
banfakenews,322
banfakenews,486
banfakenews,2506
banfakenews,611
banfakenews,577
banfakenews,683
banfakenews,492
banfakenews,13303
banfakenews,1724
banfakenews,1176
banfakenews,1107
banfakenews,849
banfakenews,1454
banfakenews,745
banfakenews,977
banfakenews,479
banfakenews,1506
banfakenews,943
banfakenews,1794
banfakenews,2185
banfakenews,1923
banfakenews,549
banfakenews,1498
banfakenews,490
banfakenews,651
banfakenews,800
banfakenews,920
banfakenews,718
banfakenews,697
banfakenews,943
banfakenews,996
banfakenews,1517
banfakenews,605
banfakenews,529
banfakenews,1756
banfakenews,342
banfakenews,586
banfakenews,1051
banfakenews,1606
banfakenews,830
banfakenews,986
banfakenews,1356
banfakenews,763
banfakenews,407
banfakenews,1991
banfakenews,1474
banfakenews,1626
banfakenews,982
banfakenews,627
banfakenews,189
banfakenews,4381
banfakenews,412
banfakenews,1218
banfakenews,452
banfakenews,919
banfakenews,568
banfakenews,666
banfakenews,904
banfakenews,2058
banfakenews,1350
banfakenews,932
banfakenews,768
banfakenews,1254
banfakenews,337
banfakenews,678
banfakenews,384
banfakenews,717
banfakenews,4461
banfakenews,531
banfakenews,962
banfakenews,972
banfakenews,770
banfakenews,2244
banfakenews,747
banfakenews,340
banfakenews,553
banfakenews,1208
banfakenews,866
banfakenews,252
banfakenews,120
banfakenews,670
banfakenews,2025
banfakenews,604
banfakenews,2769
banfakenews,518
banfakenews,1444
banfakenews,3827
banfakenews,2190
banfakenews,408
banfakenews,478
banfakenews,422
banfakenews,1176
banfakenews,374
banfakenews,848
banfakenews,3549
banfakenews,1111
banfakenews,804
banfakenews,1915
banfakenews,575
banfakenews,727
banfakenews,712
banfakenews,3144
banfakenews,512
banfakenews,1546
banfakenews,1771
banfakenews,255
banfakenews,1591
banfakenews,1110
banfakenews,957
banfakenews,1137
banfakenews,975
banfakenews,2543
banfakenews,699
banfakenews,797
banfakenews,565
banfakenews,2029
banfakenews,831
banfakenews,1097
banfakenews,1082
banfakenews,1704
banfakenews,727
banfakenews,2408
banfakenews,926
banfakenews,278
banfakenews,2012
banfakenews,1861
banfakenews,849
banfakenews,1555
banfakenews,765
banfakenews,327
banfakenews,1832
banfakenews,251
banfakenews,823
banfakenews,2386
banfakenews,326
banfakenews,1462
banfakenews,708
banfakenews,725
banfakenews,3798
banfakenews,2356
banfakenews,263
banfakenews,794
banfakenews,989
banfakenews,2041
banfakenews,561
banfakenews,941
banfakenews,500
banfakenews,1094
banfakenews,409
banfakenews,321
banfakenews,952
banfakenews,656
banfakenews,451
banfakenews,1675
banfakenews,912
banfakenews,957
banfakenews,1534
banfakenews,432
banfakenews,877
banfakenews,1049
banfakenews,1236
banfakenews,1144
banfakenews,893
banfakenews,2170
banfakenews,447
banfakenews,1016
banfakenews,1097
banfakenews,514
banfakenews,950
banfakenews,617
banfakenews,3287
banfakenews,452
banfakenews,510
banfakenews,1352
banfakenews,1324
banfakenews,930
banfakenews,1191
banfakenews,824
banfakenews,843
banfakenews,420
banfakenews,722
banfakenews,964
banfakenews,870
banfakenews,358
banfakenews,556
banfakenews,2193
banfakenews,624
banfakenews,609
banfakenews,511
banfakenews,476
banfakenews,880
banfakenews,1049
banfakenews,640
banfakenews,1243
banfakenews,618
banfakenews,424
banfakenews,557
banfakenews,2588
banfakenews,576
banfakenews,505
banfakenews,1456
banfakenews,966
banfakenews,583
banfakenews,1512
banfakenews,1331
banfakenews,1134
banfakenews,1907
banfakenews,1292
banfakenews,909
banfakenews,874
banfakenews,1692
banfakenews,534
banfakenews,1364
banfakenews,2125
banfakenews,1116
banfakenews,363
banfakenews,3045
banfakenews,1303
banfakenews,519
banfakenews,600
banfakenews,351
banfakenews,2393
banfakenews,719
banfakenews,1437
banfakenews,588
banfakenews,937
banfakenews,573
banfakenews,1448
banfakenews,501
banfakenews,628
banfakenews,549
banfakenews,2260
banfakenews,1982
banfakenews,2964
banfakenews,677
banfakenews,746
banfakenews,631
banfakenews,556
banfakenews,1813
banfakenews,778
banfakenews,281
banfakenews,1022
banfakenews,823
banfakenews,743
banfakenews,1895
banfakenews,1120
banfakenews,650
banfakenews,3331
banfakenews,889
banfakenews,1310
banfakenews,1006
banfakenews,946
banfakenews,966
banfakenews,987
banfakenews,970
banfakenews,868
banfakenews,345
banfakenews,1397
banfakenews,547
banfakenews,2208
banfakenews,696
banfakenews,1296
banfakenews,449
banfakenews,775
banfakenews,902
banfakenews,1190
banfakenews,349
banfakenews,626
banfakenews,867
banfakenews,2780
banfakenews,872
banfakenews,1531
banfakenews,1184
banfakenews,1318
banfakenews,950
banfakenews,532
banfakenews,356
banfakenews,905
banfakenews,2147
banfakenews,735
banfakenews,1025
banfakenews,528
banfakenews,441
banfakenews,1900
banfakenews,927
banfakenews,874
banfakenews,1845
banfakenews,569
banfakenews,914
banfakenews,469
banfakenews,614
banfakenews,394
banfakenews,822
banfakenews,1845
banfakenews,423
banfakenews,930
banfakenews,341
banfakenews,1088
banfakenews,991
banfakenews,943
banfakenews,1263
banfakenews,1594
banfakenews,1208
banfakenews,297
banfakenews,1115
banfakenews,527
banfakenews,442
banfakenews,571
banfakenews,835
banfakenews,3682
banfakenews,585
banfakenews,1524
banfakenews,502
banfakenews,752
banfakenews,1184
banfakenews,959
banfakenews,2322
banfakenews,372
banfakenews,980
banfakenews,538
banfakenews,500
banfakenews,1227
banfakenews,1298
banfakenews,621
banfakenews,1301
banfakenews,211
banfakenews,935
banfakenews,1103
banfakenews,764
banfakenews,6910
banfakenews,1169
banfakenews,959
banfakenews,2974
banfakenews,925
banfakenews,1482
banfakenews,1110
banfakenews,348
banfakenews,998
banfakenews,1148
banfakenews,2838
banfakenews,2902
banfakenews,658
banfakenews,429
banfakenews,517
banfakenews,510
banfakenews,570
banfakenews,464
banfakenews,427
banfakenews,1013
banfakenews,1888
banfakenews,1542
banfakenews,2652
banfakenews,755
banfakenews,767
banfakenews,450
banfakenews,316
banfakenews,737
banfakenews,285
banfakenews,2185
banfakenews,629
banfakenews,1351
banfakenews,583
banfakenews,976
banfakenews,852
banfakenews,3066
banfakenews,1149
banfakenews,1160
banfakenews,570
banfakenews,1416
banfakenews,2303
banfakenews,594
banfakenews,607
banfakenews,1020
banfakenews,425
banfakenews,3452
banfakenews,380
banfakenews,2068
banfakenews,872
banfakenews,761
banfakenews,795
banfakenews,2088
banfakenews,619
banfakenews,1129
banfakenews,1347
banfakenews,403
banfakenews,1198
banfakenews,1805
banfakenews,441
banfakenews,1074
banfakenews,1093
banfakenews,1114
banfakenews,1498
banfakenews,1328
banfakenews,465
banfakenews,1290
banfakenews,510
banfakenews,737
banfakenews,349
banfakenews,559
banfakenews,774
banfakenews,1839
banfakenews,1312
banfakenews,1200
banfakenews,936
banfakenews,327
banfakenews,1642
banfakenews,423
banfakenews,2238
banfakenews,1356
banfakenews,1277
banfakenews,2797
banfakenews,634
banfakenews,417
banfakenews,1217
banfakenews,1395
banfakenews,338
banfakenews,647
banfakenews,388
banfakenews,604
banfakenews,461
banfakenews,171
banfakenews,626
banfakenews,1559
banfakenews,1329
banfakenews,1017
banfakenews,400
banfakenews,865
banfakenews,405
banfakenews,611
banfakenews,1225
banfakenews,1570
banfakenews,769
banfakenews,1582
banfakenews,1429
banfakenews,1001
banfakenews,595
banfakenews,1542
banfakenews,1184
banfakenews,934
banfakenews,717
banfakenews,840
banfakenews,1222
banfakenews,693
banfakenews,932
banfakenews,1433
banfakenews,782
banfakenews,319
banfakenews,792
banfakenews,1991
banfakenews,412
banfakenews,783
banfakenews,2666
banfakenews,887
banfakenews,502
banfakenews,834
banfakenews,1290
banfakenews,884
banfakenews,1935
banfakenews,265
banfakenews,1218
banfakenews,915
banfakenews,811
banfakenews,640
banfakenews,1087
banfakenews,1307
banfakenews,870
banfakenews,328
banfakenews,381
banfakenews,2280
banfakenews,1704
banfakenews,258
banfakenews,1562
banfakenews,722
banfakenews,999
banfakenews,1592
banfakenews,892
banfakenews,565
banfakenews,989
banfakenews,784
banfakenews,1236
banfakenews,871
banfakenews,2970
banfakenews,8118
banfakenews,688
banfakenews,2358
banfakenews,416
banfakenews,1174
banfakenews,389
banfakenews,698
banfakenews,1929
banfakenews,2526
banfakenews,982
banfakenews,1757
banfakenews,2885
banfakenews,298
banfakenews,1203
banfakenews,837
banfakenews,2050
banfakenews,877
banfakenews,627
banfakenews,1010
banfakenews,667
banfakenews,1281
banfakenews,670
banfakenews,528
banfakenews,1274
banfakenews,30
banfakenews,1831
banfakenews,2245
banfakenews,2081
banfakenews,1085
banfakenews,942
banfakenews,1368
banfakenews,636
banfakenews,1026
banfakenews,770
banfakenews,2251
banfakenews,516
banfakenews,1073
banfakenews,1047
banfakenews,1087
banfakenews,970
banfakenews,6331
banfakenews,990
banfakenews,544
banfakenews,1145
banfakenews,628
banfakenews,552
banfakenews,1069
banfakenews,414
banfakenews,592
banfakenews,736
banfakenews,805
banfakenews,1786
banfakenews,721
banfakenews,594
banfakenews,937
banfakenews,912
banfakenews,1068
banfakenews,512
banfakenews,464
banfakenews,1457
banfakenews,1545
banfakenews,2449
banfakenews,1811
banfakenews,635
banfakenews,442
banfakenews,977
banfakenews,1124
banfakenews,1827
banfakenews,466
banfakenews,382
banfakenews,1255
banfakenews,918
banfakenews,1045
banfakenews,996
banfakenews,642
banfakenews,1448
banfakenews,814
banfakenews,477
banfakenews,300
banfakenews,539
banfakenews,825
banfakenews,782
banfakenews,549
banfakenews,534
banfakenews,272
banfakenews,720
banfakenews,576
banfakenews,682
banfakenews,478
banfakenews,1050
banfakenews,397
banfakenews,807
banfakenews,2098
banfakenews,1007
banfakenews,600
banfakenews,799
banfakenews,916
banfakenews,902
banfakenews,637
banfakenews,701
banfakenews,1049
banfakenews,1634
banfakenews,422
banfakenews,666
banfakenews,788
banfakenews,756
banfakenews,889
banfakenews,610
banfakenews,1336
banfakenews,1076
banfakenews,618
banfakenews,906
banfakenews,4466
banfakenews,335
banfakenews,1763
banfakenews,726
banfakenews,1237
banfakenews,696
banfakenews,1438
banfakenews,1455
banfakenews,276
banfakenews,761
banfakenews,779
banfakenews,830
banfakenews,683
banfakenews,268
banfakenews,2213
banfakenews,669
banfakenews,1255
banfakenews,699
banfakenews,1135
banfakenews,501
banfakenews,1001
banfakenews,34
banfakenews,2670
banfakenews,576
banfakenews,775
banfakenews,1223
banfakenews,732
banfakenews,2379
banfakenews,1418
banfakenews,3425
banfakenews,1907
banfakenews,818
banfakenews,2907
banfakenews,948
banfakenews,882
banfakenews,631
banfakenews,822
banfakenews,1867
banfakenews,560
banfakenews,1102
banfakenews,667
banfakenews,671
banfakenews,1396
banfakenews,1017
banfakenews,508
banfakenews,508
banfakenews,735
banfakenews,1173
banfakenews,1872
banfakenews,707
banfakenews,621
banfakenews,3498
banfakenews,1015
banfakenews,1381
banfakenews,566
banfakenews,1134
banfakenews,395
banfakenews,697
banfakenews,2148
banfakenews,210
banfakenews,1850
banfakenews,463
banfakenews,1923
banfakenews,1939
banfakenews,1269
banfakenews,1063
banfakenews,849
banfakenews,923
banfakenews,1401
banfakenews,1222
banfakenews,1742
banfakenews,612
banfakenews,1180
banfakenews,572
banfakenews,1921
banfakenews,1721
banfakenews,1099
banfakenews,883
banfakenews,351
banfakenews,593
banfakenews,985
banfakenews,993
banfakenews,621
banfakenews,1632
banfakenews,381
banfakenews,488
banfakenews,499
banfakenews,933
banfakenews,280
banfakenews,2169
banfakenews,2606
banfakenews,595
banfakenews,355
banfakenews,345
banfakenews,551
banfakenews,904
banfakenews,746
banfakenews,1019
banfakenews,694
banfakenews,824
banfakenews,692
banfakenews,945
banfakenews,1831
banfakenews,1066
banfakenews,880
banfakenews,954
banfakenews,895
banfakenews,520
banfakenews,454
banfakenews,1305
banfakenews,2840
banfakenews,981
banfakenews,258
banfakenews,804
banfakenews,765
banfakenews,460
banfakenews,1049
banfakenews,892
banfakenews,630
banfakenews,1075
banfakenews,578
banfakenews,639
banfakenews,291
banfakenews,620
banfakenews,481
banfakenews,1313
banfakenews,882
banfakenews,1129
banfakenews,781
banfakenews,462
banfakenews,703
banfakenews,513
banfakenews,501
banfakenews,347
banfakenews,901
banfakenews,878
banfakenews,446
banfakenews,543
banfakenews,722
banfakenews,524
banfakenews,863
banfakenews,3160
banfakenews,405
banfakenews,426
banfakenews,766
banfakenews,628
banfakenews,805
banfakenews,265
banfakenews,1886
banfakenews,305
banfakenews,671
banfakenews,860
banfakenews,341
banfakenews,1522
banfakenews,367
banfakenews,826
banfakenews,776
banfakenews,757
banfakenews,626
banfakenews,640
banfakenews,3487
banfakenews,1112
banfakenews,502
banfakenews,1799
banfakenews,589
banfakenews,1484
banfakenews,924
banfakenews,1287
banfakenews,687
banfakenews,290
banfakenews,1339
banfakenews,631
banfakenews,962
banfakenews,1254
banfakenews,1259
banfakenews,653
banfakenews,758
banfakenews,5002
banfakenews,1874
banfakenews,3401
banfakenews,661
banfakenews,768
banfakenews,986
banfakenews,532
banfakenews,944
banfakenews,681
banfakenews,1013
banfakenews,918
banfakenews,586
banfakenews,6608
banfakenews,1217
banfakenews,604
banfakenews,464
banfakenews,1278
banfakenews,729
banfakenews,905
banfakenews,601
banfakenews,985
banfakenews,2140
banfakenews,707
banfakenews,733
banfakenews,719
banfakenews,637
banfakenews,867
banfakenews,1164
banfakenews,542
banfakenews,717
banfakenews,560
banfakenews,6201
banfakenews,1338
banfakenews,1243
banfakenews,497
banfakenews,924
banfakenews,7564
banfakenews,890
banfakenews,2782
banfakenews,667
banfakenews,1359
banfakenews,1074
banfakenews,255
banfakenews,1124
banfakenews,835
banfakenews,404
banfakenews,1305
banfakenews,1321
banfakenews,924
banfakenews,367
banfakenews,619
banfakenews,720
banfakenews,759
banfakenews,553
banfakenews,1785
banfakenews,652
banfakenews,552
banfakenews,2991
banfakenews,939
banfakenews,515
banfakenews,375
banfakenews,402
banfakenews,907
banfakenews,341
banfakenews,395
banfakenews,722
banfakenews,259
banfakenews,2213
banfakenews,1592
banfakenews,666
banfakenews,220
banfakenews,2184
banfakenews,340
banfakenews,3013
banfakenews,1360
banfakenews,4877
banfakenews,918
banfakenews,761
banfakenews,804
banfakenews,1283
banfakenews,2210
banfakenews,793
banfakenews,593
banfakenews,577
banfakenews,525
banfakenews,1384
banfakenews,642
banfakenews,715
banfakenews,751
banfakenews,314
banfakenews,482
banfakenews,2092
banfakenews,803
banfakenews,535
banfakenews,231
banfakenews,1550
banfakenews,987
banfakenews,474
banfakenews,741
banfakenews,958
banfakenews,1585
banfakenews,703
banfakenews,1764
banfakenews,755
banfakenews,1671
banfakenews,1353
banfakenews,758
banfakenews,966
banfakenews,1014
banfakenews,1311
banfakenews,488
banfakenews,954
banfakenews,776
banfakenews,1444
banfakenews,696
banfakenews,304
banfakenews,1086
banfakenews,2284
banfakenews,771
banfakenews,1766
banfakenews,498
banfakenews,2531
banfakenews,2325
banfakenews,1946
banfakenews,492
banfakenews,315
banfakenews,700
banfakenews,462
banfakenews,1757
banfakenews,432
banfakenews,1454
banfakenews,1679
banfakenews,1821
banfakenews,696
banfakenews,744
banfakenews,714
banfakenews,3466
banfakenews,1297
banfakenews,458
banfakenews,927
banfakenews,757
banfakenews,889
banfakenews,1129
banfakenews,1932
banfakenews,511
banfakenews,1313
banfakenews,530
banfakenews,607
banfakenews,925
banfakenews,365
banfakenews,1413
banfakenews,1746
banfakenews,1406
banfakenews,1213
banfakenews,1022
banfakenews,180
banfakenews,3453
banfakenews,685
banfakenews,402
banfakenews,603
banfakenews,306
banfakenews,796
banfakenews,1260
banfakenews,774
banfakenews,717
banfakenews,430
banfakenews,447
banfakenews,989
banfakenews,3315
banfakenews,558
banfakenews,848
banfakenews,608
banfakenews,1786
banfakenews,831
banfakenews,1066
banfakenews,722
banfakenews,503
banfakenews,320
banfakenews,550
banfakenews,953
banfakenews,262
banfakenews,646
banfakenews,580
banfakenews,473
banfakenews,618
banfakenews,813
banfakenews,343
banfakenews,664
banfakenews,742
banfakenews,979
banfakenews,1022
banfakenews,1775
banfakenews,69
banfakenews,274
banfakenews,608
banfakenews,871
banfakenews,813
banfakenews,1276
banfakenews,1221
banfakenews,1384
banfakenews,351
banfakenews,2906
banfakenews,1638
banfakenews,783
banfakenews,1043
banfakenews,1167
banfakenews,844
banfakenews,1185
banfakenews,984
banfakenews,861
banfakenews,2121
banfakenews,908
banfakenews,786
banfakenews,2621
banfakenews,171
banfakenews,1161
banfakenews,420
banfakenews,607
banfakenews,4971
banfakenews,1664
banfakenews,551
banfakenews,1193
banfakenews,674
banfakenews,436
banfakenews,519
banfakenews,1164
banfakenews,678
banfakenews,767
banfakenews,2500
banfakenews,357
banfakenews,709
banfakenews,1344
banfakenews,1633
banfakenews,1079
banfakenews,1090
banfakenews,567
banfakenews,723
banfakenews,846
banfakenews,1213
banfakenews,1494
banfakenews,358
banfakenews,1906
banfakenews,3905
banfakenews,367
banfakenews,490
banfakenews,790
banfakenews,816
banfakenews,1057
banfakenews,1219
banfakenews,994
banfakenews,468
banfakenews,862
banfakenews,530
banfakenews,2183
banfakenews,3051
banfakenews,398
banfakenews,1054
banfakenews,712
banfakenews,814
banfakenews,1407
banfakenews,960
banfakenews,929
banfakenews,418
banfakenews,595
banfakenews,394
banfakenews,1120
banfakenews,730
banfakenews,1759
banfakenews,1543
banfakenews,970
banfakenews,452
banfakenews,563
banfakenews,569
banfakenews,330
banfakenews,918
banfakenews,661
banfakenews,609
banfakenews,1432
banfakenews,1045
banfakenews,886
banfakenews,1312
banfakenews,2540
banfakenews,1285
banfakenews,426
banfakenews,631
banfakenews,1894
banfakenews,1327
banfakenews,6659
banfakenews,765
banfakenews,552
banfakenews,3247
banfakenews,865
banfakenews,2155
banfakenews,491
banfakenews,561
banfakenews,1493
banfakenews,240
banfakenews,1180
banfakenews,795
banfakenews,1029
banfakenews,1105
banfakenews,1300
banfakenews,959
banfakenews,621
banfakenews,739
banfakenews,574
banfakenews,524
banfakenews,1666
banfakenews,698
banfakenews,330
banfakenews,899
banfakenews,1332
banfakenews,905
banfakenews,699
banfakenews,703
banfakenews,411
banfakenews,1025
banfakenews,2417
banfakenews,1354
banfakenews,1615
banfakenews,2353
banfakenews,599
banfakenews,1169
banfakenews,964
banfakenews,1680
banfakenews,595
banfakenews,937
banfakenews,939
banfakenews,745
banfakenews,570
banfakenews,1079
banfakenews,1244
banfakenews,3276
banfakenews,2180
banfakenews,614
banfakenews,1010
banfakenews,3607
banfakenews,2119
banfakenews,217
banfakenews,1273
banfakenews,1336
banfakenews,1480
banfakenews,1132
banfakenews,1952
banfakenews,782
banfakenews,1623
banfakenews,2056
banfakenews,720
banfakenews,494
banfakenews,831
banfakenews,811
banfakenews,283
banfakenews,857
banfakenews,665
banfakenews,407
banfakenews,565
banfakenews,5134
banfakenews,382
banfakenews,529
banfakenews,695
banfakenews,1347
banfakenews,827
banfakenews,506
banfakenews,1068
banfakenews,797
banfakenews,1765
banfakenews,528
banfakenews,1192
banfakenews,2707
banfakenews,703
banfakenews,570
banfakenews,708
banfakenews,583
banfakenews,641
banfakenews,1341
banfakenews,1719
banfakenews,1217
banfakenews,743
banfakenews,449
banfakenews,460
banfakenews,2655
banfakenews,582
banfakenews,950
banfakenews,746
banfakenews,698
banfakenews,882
banfakenews,817
banfakenews,349
banfakenews,680
banfakenews,396
banfakenews,452
banfakenews,571
banfakenews,1112
banfakenews,900
banfakenews,431
banfakenews,850
banfakenews,377
banfakenews,2857
banfakenews,1330
banfakenews,629
banfakenews,1778
banfakenews,452
banfakenews,1486
banfakenews,1341
banfakenews,496
banfakenews,1075
banfakenews,749
banfakenews,453
banfakenews,594
banfakenews,750
banfakenews,849
banfakenews,523
banfakenews,690
banfakenews,1288
banfakenews,882
banfakenews,837
banfakenews,3371
banfakenews,550
banfakenews,1523
banfakenews,1458
banfakenews,702
banfakenews,1450
banfakenews,518
banfakenews,918
banfakenews,1410
banfakenews,1454
banfakenews,1211
banfakenews,2131
banfakenews,739
banfakenews,634
banfakenews,968
banfakenews,1368
banfakenews,1225
banfakenews,429
banfakenews,1369
banfakenews,537
banfakenews,554
banfakenews,1169
banfakenews,725
banfakenews,1113
banfakenews,1781
banfakenews,977
banfakenews,749
banfakenews,1800
banfakenews,375
banfakenews,335
banfakenews,502
banfakenews,424
banfakenews,455
banfakenews,1452
banfakenews,1641
banfakenews,1770
banfakenews,747
banfakenews,396
banfakenews,585
banfakenews,408
banfakenews,1616
banfakenews,916
banfakenews,1064
banfakenews,1160
banfakenews,1346
banfakenews,807
banfakenews,1182
banfakenews,1121
banfakenews,1070
banfakenews,643
banfakenews,2153
banfakenews,992
banfakenews,470
banfakenews,1318
banfakenews,525
banfakenews,3289
banfakenews,1066
banfakenews,2225
banfakenews,2410
banfakenews,4058
banfakenews,600
banfakenews,434
banfakenews,721
banfakenews,1400
banfakenews,3853
banfakenews,4524
banfakenews,520
banfakenews,534
banfakenews,669
banfakenews,2339
banfakenews,2130
banfakenews,1311
banfakenews,363
banfakenews,390
banfakenews,793
banfakenews,775
banfakenews,769
banfakenews,585
banfakenews,1993
banfakenews,666
banfakenews,460
banfakenews,2066
banfakenews,1312
banfakenews,443
banfakenews,372
banfakenews,687
banfakenews,615
banfakenews,1706
banfakenews,1292
banfakenews,510
banfakenews,658
banfakenews,1330
banfakenews,603
banfakenews,885
banfakenews,881
banfakenews,165
banfakenews,974
banfakenews,544
banfakenews,890
banfakenews,694
banfakenews,672
banfakenews,1466
banfakenews,1630
banfakenews,611
banfakenews,899
banfakenews,2294
banfakenews,259
banfakenews,896
banfakenews,372
banfakenews,702
banfakenews,511
banfakenews,795
banfakenews,863
banfakenews,1859
banfakenews,1216
banfakenews,2001
banfakenews,1008
banfakenews,1196
banfakenews,634
banfakenews,6583
banfakenews,425
banfakenews,458
banfakenews,1586
banfakenews,2227
banfakenews,1241
banfakenews,983
banfakenews,358
banfakenews,518
banfakenews,771
banfakenews,971
banfakenews,592
banfakenews,735
banfakenews,858
banfakenews,766
banfakenews,4461
banfakenews,380
banfakenews,2829
banfakenews,776
banfakenews,480
banfakenews,1029
banfakenews,938
banfakenews,1203
banfakenews,514
banfakenews,626
banfakenews,759
banfakenews,616
banfakenews,375
banfakenews,1016
banfakenews,3005
banfakenews,1271
banfakenews,4066
banfakenews,509
banfakenews,1363
banfakenews,640
banfakenews,518
banfakenews,1131
banfakenews,655
banfakenews,621
banfakenews,871
banfakenews,1846
banfakenews,1403
banfakenews,814
banfakenews,678
banfakenews,268
banfakenews,816
banfakenews,1498
banfakenews,769
banfakenews,579
banfakenews,1271
banfakenews,503
banfakenews,723
banfakenews,421
banfakenews,752
banfakenews,943
banfakenews,918
banfakenews,512
banfakenews,629
banfakenews,1009
banfakenews,475
banfakenews,1378
banfakenews,2737
banfakenews,1278
banfakenews,1267
banfakenews,652
banfakenews,1482
banfakenews,1673
banfakenews,460
banfakenews,521
banfakenews,841
banfakenews,693
banfakenews,646
banfakenews,580
banfakenews,898
banfakenews,1082
banfakenews,810
banfakenews,696
banfakenews,1422
banfakenews,1409
banfakenews,766
banfakenews,1234
banfakenews,130
banfakenews,926
banfakenews,401
banfakenews,704
banfakenews,912
banfakenews,936
banfakenews,729
banfakenews,1890
banfakenews,1349
banfakenews,897
banfakenews,2798
banfakenews,992
banfakenews,471
banfakenews,1824
banfakenews,824
banfakenews,496
banfakenews,1130
banfakenews,1190
banfakenews,528
banfakenews,969
banfakenews,868
banfakenews,804
banfakenews,1833
banfakenews,1509
banfakenews,788
banfakenews,759
banfakenews,444
banfakenews,2404
banfakenews,453
banfakenews,900
banfakenews,501
banfakenews,972
banfakenews,4235
banfakenews,773
banfakenews,664
banfakenews,452
banfakenews,302
banfakenews,523
banfakenews,624
banfakenews,855
banfakenews,684
banfakenews,2814
banfakenews,758
banfakenews,429
banfakenews,1542
banfakenews,3464
banfakenews,488
banfakenews,1981
banfakenews,1463
banfakenews,1129
banfakenews,1533
banfakenews,1393
banfakenews,892
banfakenews,1230
banfakenews,1092
banfakenews,1001
banfakenews,879
banfakenews,1881
banfakenews,1049
banfakenews,1692
banfakenews,572
banfakenews,749
banfakenews,1794
banfakenews,971
banfakenews,1770
banfakenews,352
banfakenews,1245
banfakenews,1076
banfakenews,2442
banfakenews,1195
banfakenews,4492
banfakenews,1214
banfakenews,818
banfakenews,228
banfakenews,2625
banfakenews,1255
banfakenews,2463
banfakenews,781
banfakenews,1334
banfakenews,776
banfakenews,743
banfakenews,1894
banfakenews,533
banfakenews,739
banfakenews,1650
banfakenews,637
banfakenews,340
banfakenews,1670
banfakenews,1034
banfakenews,1173
banfakenews,1036
banfakenews,773
banfakenews,744
banfakenews,296
banfakenews,479
banfakenews,611
banfakenews,1157
banfakenews,582
banfakenews,1552
banfakenews,442
banfakenews,1294
banfakenews,1390
banfakenews,873
banfakenews,1425
banfakenews,617
banfakenews,904
banfakenews,311
banfakenews,2558
banfakenews,413
banfakenews,974
banfakenews,1549
banfakenews,4068
banfakenews,826
banfakenews,6675
banfakenews,550
banfakenews,1587
banfakenews,1414
banfakenews,1005
banfakenews,2321
banfakenews,1319
banfakenews,1833
banfakenews,996
banfakenews,477
banfakenews,1156
banfakenews,992
banfakenews,626
banfakenews,1404
banfakenews,714
banfakenews,756
banfakenews,1170
banfakenews,957
banfakenews,710
banfakenews,1027
banfakenews,1851
banfakenews,342
banfakenews,392
banfakenews,484
banfakenews,429
banfakenews,574
banfakenews,938
banfakenews,504
banfakenews,762
banfakenews,1108
banfakenews,1004
banfakenews,706
banfakenews,579
banfakenews,746
banfakenews,2206
banfakenews,841
banfakenews,254
banfakenews,273
banfakenews,392
banfakenews,10035
banfakenews,918
banfakenews,656
banfakenews,1307
banfakenews,806
banfakenews,4445
banfakenews,467
banfakenews,3318
banfakenews,537
banfakenews,897
banfakenews,632
banfakenews,815
banfakenews,843
banfakenews,395
banfakenews,669
banfakenews,1001
banfakenews,1111
banfakenews,5070
banfakenews,792
banfakenews,1229
banfakenews,578
banfakenews,704
banfakenews,375
banfakenews,1195
banfakenews,312
banfakenews,1062
banfakenews,882
banfakenews,569
banfakenews,549
banfakenews,497
banfakenews,1384
banfakenews,572
banfakenews,838
banfakenews,1596
banfakenews,700
banfakenews,1216
banfakenews,1884
banfakenews,761
banfakenews,3314
banfakenews,887
banfakenews,1447
banfakenews,2867
banfakenews,1085
banfakenews,1276
banfakenews,490
banfakenews,870
banfakenews,671
banfakenews,1355
banfakenews,3528
banfakenews,1678
banfakenews,1737
banfakenews,1813
banfakenews,1903
banfakenews,636
banfakenews,1058
banfakenews,536
banfakenews,2034
banfakenews,546
banfakenews,4093
banfakenews,914
banfakenews,458
banfakenews,1216
banfakenews,2660
banfakenews,1251
banfakenews,1213
banfakenews,554
banfakenews,863
banfakenews,2728
banfakenews,492
banfakenews,604
banfakenews,511
banfakenews,860
banfakenews,2711
banfakenews,580
banfakenews,918
banfakenews,863
banfakenews,949
banfakenews,630
banfakenews,1999
banfakenews,1128
banfakenews,1150
banfakenews,720
banfakenews,1086
banfakenews,450
banfakenews,908
banfakenews,1128
banfakenews,365
banfakenews,610
banfakenews,5061
banfakenews,1380
banfakenews,2247
banfakenews,1404
banfakenews,712
banfakenews,808
banfakenews,1048
banfakenews,2069
banfakenews,739
banfakenews,1304
banfakenews,1348
banfakenews,375
banfakenews,1091
banfakenews,573
banfakenews,1336
banfakenews,2180
banfakenews,1080
banfakenews,2444
banfakenews,759
banfakenews,556
banfakenews,889
banfakenews,349
banfakenews,1209
banfakenews,1192
banfakenews,975
banfakenews,732
banfakenews,607
banfakenews,1365
banfakenews,3855
banfakenews,425
banfakenews,1023
banfakenews,220
banfakenews,817
banfakenews,684
banfakenews,2796
banfakenews,5939
banfakenews,519
banfakenews,691
banfakenews,1895
banfakenews,222
banfakenews,2071
banfakenews,1879
banfakenews,785
banfakenews,1148
banfakenews,2211
banfakenews,496
banfakenews,443
banfakenews,618
banfakenews,730
banfakenews,33
banfakenews,2053
banfakenews,1297
banfakenews,1021
banfakenews,713
banfakenews,1043
banfakenews,555
banfakenews,800
banfakenews,1061
banfakenews,537
banfakenews,575
banfakenews,1372
banfakenews,856
banfakenews,748
banfakenews,1867
banfakenews,514
banfakenews,1300
banfakenews,792
banfakenews,441
banfakenews,1394
banfakenews,1163
banfakenews,1288
banfakenews,2154
banfakenews,351
banfakenews,427
banfakenews,925
banfakenews,670
banfakenews,793
banfakenews,1120
banfakenews,523
banfakenews,1319
banfakenews,755
banfakenews,507
banfakenews,1080
banfakenews,581
banfakenews,1412
banfakenews,536
banfakenews,679
banfakenews,767
banfakenews,855
banfakenews,578
banfakenews,666
banfakenews,619
banfakenews,1965
banfakenews,902
banfakenews,825
banfakenews,641
banfakenews,448
banfakenews,1672
banfakenews,919
banfakenews,910
banfakenews,502
banfakenews,847
banfakenews,561
banfakenews,637
banfakenews,342
banfakenews,628
banfakenews,769
banfakenews,3364
banfakenews,241
banfakenews,387
banfakenews,1584
banfakenews,1415
banfakenews,1488
banfakenews,676
banfakenews,681
banfakenews,1713
banfakenews,380
banfakenews,1139
banfakenews,638
banfakenews,711
banfakenews,1249
banfakenews,1251
banfakenews,428
banfakenews,897
banfakenews,1217
banfakenews,1231
banfakenews,2256
banfakenews,404
banfakenews,474
banfakenews,330
banfakenews,1174
banfakenews,514
banfakenews,322
banfakenews,1150
banfakenews,993
banfakenews,1454
banfakenews,485
banfakenews,270
banfakenews,1908
banfakenews,742
banfakenews,338
banfakenews,1202
banfakenews,3705
banfakenews,1684
banfakenews,865
banfakenews,2406
banfakenews,3259
banfakenews,1366
banfakenews,577
banfakenews,1165
banfakenews,530
banfakenews,770
banfakenews,1151
banfakenews,562
banfakenews,701
banfakenews,252
banfakenews,522
banfakenews,617
banfakenews,932
banfakenews,1424
banfakenews,481
banfakenews,908
banfakenews,616
banfakenews,737
banfakenews,374
banfakenews,652
banfakenews,2358
banfakenews,732
banfakenews,582
banfakenews,618
banfakenews,1166
banfakenews,1033
banfakenews,1443
banfakenews,637
banfakenews,884
banfakenews,696
banfakenews,882
banfakenews,1153
banfakenews,903
banfakenews,835
banfakenews,838
banfakenews,864
banfakenews,1041
banfakenews,1573
banfakenews,444
banfakenews,554
banfakenews,531
banfakenews,444
banfakenews,972
banfakenews,1369
banfakenews,1130
banfakenews,371
banfakenews,819
banfakenews,743
banfakenews,1404
banfakenews,1594
banfakenews,734
banfakenews,958
banfakenews,473
banfakenews,806
banfakenews,361
banfakenews,650
banfakenews,761
banfakenews,2155
banfakenews,998
banfakenews,1168
banfakenews,646
banfakenews,705
banfakenews,429
banfakenews,1836
banfakenews,611
banfakenews,3138
banfakenews,1655
banfakenews,813
banfakenews,2186
banfakenews,1555
banfakenews,833
banfakenews,5213
banfakenews,1290
banfakenews,682
banfakenews,738
banfakenews,1690
banfakenews,3917
banfakenews,1269
banfakenews,1584
banfakenews,738
banfakenews,776
banfakenews,630
banfakenews,911
banfakenews,833
banfakenews,612
banfakenews,1765
banfakenews,339
banfakenews,724
banfakenews,5401
banfakenews,1180
banfakenews,1720
banfakenews,1003
banfakenews,1877
banfakenews,1141
banfakenews,754
banfakenews,1691
banfakenews,731
banfakenews,1072
banfakenews,712
banfakenews,526
banfakenews,589
banfakenews,446
banfakenews,2347
banfakenews,688
banfakenews,614
banfakenews,390
banfakenews,311
banfakenews,567
banfakenews,262
banfakenews,782
banfakenews,2525
banfakenews,844
banfakenews,475
banfakenews,2016
banfakenews,635
banfakenews,776
banfakenews,678
banfakenews,276
banfakenews,1098
banfakenews,2791
banfakenews,1156
banfakenews,364
banfakenews,979
banfakenews,1442
banfakenews,624
banfakenews,868
banfakenews,617
banfakenews,670
banfakenews,2337
banfakenews,4205
banfakenews,527
banfakenews,3213
banfakenews,1052
banfakenews,1459
banfakenews,1445
banfakenews,482
banfakenews,1001
banfakenews,605
banfakenews,1146
banfakenews,1021
banfakenews,760
banfakenews,938
banfakenews,921
banfakenews,320
banfakenews,567
banfakenews,660
banfakenews,598
banfakenews,539
banfakenews,1106
banfakenews,158
banfakenews,124
banfakenews,1855
banfakenews,1708
banfakenews,451
banfakenews,920
banfakenews,527
banfakenews,711
banfakenews,632
banfakenews,2124
banfakenews,1590
banfakenews,742
banfakenews,408
banfakenews,452
banfakenews,752
banfakenews,3352
banfakenews,895
banfakenews,863
banfakenews,4904
banfakenews,704
banfakenews,494
banfakenews,846
banfakenews,1639
banfakenews,906
banfakenews,598
banfakenews,1274
banfakenews,1411
banfakenews,3875
banfakenews,623
banfakenews,916
banfakenews,608
banfakenews,874
banfakenews,1476
banfakenews,1455
banfakenews,866
banfakenews,1240
banfakenews,392
banfakenews,510
banfakenews,1500
banfakenews,742
banfakenews,2049
banfakenews,643
banfakenews,3093
banfakenews,1336
banfakenews,1106
banfakenews,287
banfakenews,3193
banfakenews,687
banfakenews,375
banfakenews,597
banfakenews,572
banfakenews,394
banfakenews,426
banfakenews,930
banfakenews,665
banfakenews,1206
banfakenews,522
banfakenews,4762
banfakenews,985
banfakenews,1021
banfakenews,1381
banfakenews,397
banfakenews,905
banfakenews,749
banfakenews,647
banfakenews,684
banfakenews,569
banfakenews,1940
banfakenews,2271
banfakenews,474
banfakenews,633
banfakenews,3874
banfakenews,1079
banfakenews,1115
banfakenews,1142
banfakenews,1304
banfakenews,3422
banfakenews,305
banfakenews,1275
banfakenews,1487
banfakenews,1018
banfakenews,728
banfakenews,185
banfakenews,587
banfakenews,820
banfakenews,1581
banfakenews,1497
banfakenews,372
banfakenews,1543
banfakenews,1054
banfakenews,2570
banfakenews,612
banfakenews,993
banfakenews,52
banfakenews,325
banfakenews,1060
banfakenews,495
banfakenews,319
banfakenews,351
banfakenews,802
banfakenews,957
banfakenews,2921
banfakenews,882
banfakenews,858
banfakenews,255
banfakenews,2367
banfakenews,929
banfakenews,584
banfakenews,907
banfakenews,5210
banfakenews,814
banfakenews,2438
banfakenews,686
banfakenews,1102
banfakenews,360
banfakenews,1282
banfakenews,763
banfakenews,1161
banfakenews,435
banfakenews,1237
banfakenews,2167
banfakenews,1336
banfakenews,1002
banfakenews,1165
banfakenews,663
banfakenews,658
banfakenews,3588
banfakenews,2584
banfakenews,660
banfakenews,597
banfakenews,308
banfakenews,435
banfakenews,453
banfakenews,1648
banfakenews,549
banfakenews,1085
banfakenews,533
banfakenews,706
banfakenews,1096
banfakenews,1465
banfakenews,2356
banfakenews,1139
banfakenews,417
banfakenews,2103
banfakenews,502
banfakenews,677
banfakenews,911
banfakenews,971
banfakenews,486
banfakenews,292
banfakenews,565
banfakenews,1174
banfakenews,1311
banfakenews,561
banfakenews,763
banfakenews,718
banfakenews,609
banfakenews,1057
banfakenews,1402
banfakenews,1661
banfakenews,927
banfakenews,916
banfakenews,788
banfakenews,513
banfakenews,2515
banfakenews,742
banfakenews,739
banfakenews,796
banfakenews,682
banfakenews,1119
banfakenews,1178
banfakenews,1148
banfakenews,1018
banfakenews,517
banfakenews,1435
banfakenews,899
banfakenews,1213
banfakenews,369
banfakenews,288
banfakenews,998
banfakenews,646
banfakenews,1307
banfakenews,486
banfakenews,605
banfakenews,759
banfakenews,648
banfakenews,1043
banfakenews,582
banfakenews,433
banfakenews,292
banfakenews,1253
banfakenews,3887
banfakenews,2904
banfakenews,972
banfakenews,470
banfakenews,962
banfakenews,1092
banfakenews,979
banfakenews,1544
banfakenews,500
banfakenews,855
banfakenews,568
banfakenews,1123
banfakenews,985
banfakenews,2373
banfakenews,1331
banfakenews,2198
banfakenews,1138
banfakenews,557
banfakenews,1564
banfakenews,2830
banfakenews,696
banfakenews,1289
banfakenews,689
banfakenews,2803
banfakenews,937
banfakenews,4462
banfakenews,1591
banfakenews,1180
banfakenews,2698
banfakenews,1089
banfakenews,1908
banfakenews,1390
banfakenews,776
banfakenews,1260
banfakenews,1068
banfakenews,1525
banfakenews,812
banfakenews,621
banfakenews,271
banfakenews,338
banfakenews,695
banfakenews,471
banfakenews,422
banfakenews,2605
banfakenews,3200
banfakenews,729
banfakenews,1756
banfakenews,1249
banfakenews,1035
banfakenews,1562
banfakenews,472
banfakenews,1560
banfakenews,777
banfakenews,5030
banfakenews,3110
banfakenews,1056
banfakenews,1177
banfakenews,946
banfakenews,2211
banfakenews,527
banfakenews,1602
banfakenews,472
banfakenews,942
banfakenews,1177
banfakenews,920
banfakenews,1850
banfakenews,1059
banfakenews,571
banfakenews,2246
banfakenews,829
banfakenews,2342
banfakenews,538
banfakenews,2532
banfakenews,518
banfakenews,754
banfakenews,2580
banfakenews,677
banfakenews,2724
banfakenews,925
banfakenews,1313
banfakenews,1594
banfakenews,1340
banfakenews,340
banfakenews,1054
banfakenews,987
banfakenews,697
banfakenews,588
banfakenews,781
banfakenews,387
banfakenews,1826
banfakenews,551
banfakenews,4931
banfakenews,2358
banfakenews,682
banfakenews,360
banfakenews,1645
banfakenews,1971
banfakenews,871
banfakenews,1042
banfakenews,1181
banfakenews,1341
banfakenews,1442
banfakenews,275
banfakenews,928
banfakenews,357
banfakenews,1353
banfakenews,619
banfakenews,1293
banfakenews,300
banfakenews,744
banfakenews,1804
banfakenews,1608
banfakenews,1479
banfakenews,1107
banfakenews,1439
banfakenews,1321
banfakenews,2180
banfakenews,717
banfakenews,697
banfakenews,238
banfakenews,560
banfakenews,1068
banfakenews,867
banfakenews,634
banfakenews,1376
banfakenews,562
banfakenews,1021
banfakenews,1161
banfakenews,472
banfakenews,439
banfakenews,963
banfakenews,794
banfakenews,2541
banfakenews,1317
banfakenews,1318
banfakenews,641
banfakenews,509
banfakenews,337
banfakenews,595
banfakenews,428
banfakenews,1680
banfakenews,5959
banfakenews,1207
banfakenews,1118
banfakenews,831
banfakenews,643
banfakenews,1923
banfakenews,491
banfakenews,766
banfakenews,733
banfakenews,1680
banfakenews,696
banfakenews,937
banfakenews,1072
banfakenews,859
banfakenews,1598
banfakenews,462
banfakenews,1820
banfakenews,1582
banfakenews,1102
banfakenews,612
banfakenews,785
banfakenews,802
banfakenews,1016
banfakenews,923
banfakenews,657
banfakenews,553
banfakenews,1165
banfakenews,824
banfakenews,1877
banfakenews,831
banfakenews,354
banfakenews,859
banfakenews,1465
banfakenews,1182
banfakenews,393
banfakenews,348
banfakenews,675
banfakenews,1379
banfakenews,1222
banfakenews,1127
banfakenews,329
banfakenews,1421
banfakenews,841
banfakenews,1432
banfakenews,413
banfakenews,735
banfakenews,926
banfakenews,984
banfakenews,463
banfakenews,334
banfakenews,750
banfakenews,896
banfakenews,615
banfakenews,563
banfakenews,792
banfakenews,691
banfakenews,498
banfakenews,1861
banfakenews,474
banfakenews,271
banfakenews,279
banfakenews,1224
banfakenews,300
banfakenews,605
banfakenews,1549
banfakenews,1104
banfakenews,622
banfakenews,811
banfakenews,1232
banfakenews,1521
banfakenews,2831
banfakenews,627
banfakenews,818
banfakenews,535
banfakenews,1230
banfakenews,1956
banfakenews,1096
banfakenews,1687
banfakenews,868
banfakenews,596
banfakenews,713
banfakenews,715
banfakenews,465
banfakenews,213
banfakenews,574
banfakenews,702
banfakenews,613
banfakenews,484
banfakenews,350
banfakenews,635
banfakenews,372
banfakenews,1220
banfakenews,690
banfakenews,932
banfakenews,679
banfakenews,749
banfakenews,944
banfakenews,1671
banfakenews,497
banfakenews,587
banfakenews,1468
banfakenews,2838
banfakenews,489
banfakenews,802
banfakenews,1552
banfakenews,1855
banfakenews,1478
banfakenews,996
banfakenews,4792
banfakenews,1041
banfakenews,1784
banfakenews,1083
banfakenews,1008
banfakenews,2041
banfakenews,808
banfakenews,1094
banfakenews,2260
banfakenews,1105
banfakenews,1936
banfakenews,996
banfakenews,2196
banfakenews,2319
banfakenews,1067
banfakenews,1098
banfakenews,812
banfakenews,358
banfakenews,870
banfakenews,615
banfakenews,669
banfakenews,468
banfakenews,1385
banfakenews,566
banfakenews,1984
banfakenews,872
banfakenews,621
banfakenews,1043
banfakenews,357
banfakenews,321
banfakenews,1256
banfakenews,1116
banfakenews,815
banfakenews,3133
banfakenews,650
banfakenews,601
banfakenews,468
banfakenews,673
banfakenews,364
banfakenews,1698
banfakenews,736
banfakenews,1144
banfakenews,420
banfakenews,558
banfakenews,1558
banfakenews,972
banfakenews,645
banfakenews,228
banfakenews,362
banfakenews,3156
banfakenews,1233
banfakenews,818
banfakenews,1726
banfakenews,575
banfakenews,1983
banfakenews,575
banfakenews,1522
banfakenews,1414
banfakenews,1456
banfakenews,457
banfakenews,822
banfakenews,1330
banfakenews,458
banfakenews,428
banfakenews,1374
banfakenews,3480
banfakenews,627
banfakenews,1138
banfakenews,582
banfakenews,176
banfakenews,305
banfakenews,703
banfakenews,1103
banfakenews,1353
banfakenews,1925
banfakenews,331
banfakenews,1660
banfakenews,1958
banfakenews,1160
banfakenews,2788
banfakenews,502
banfakenews,546
banfakenews,2749
banfakenews,947
banfakenews,2265
banfakenews,2270
banfakenews,1730
banfakenews,1082
banfakenews,3414
banfakenews,1081
banfakenews,330
banfakenews,827
banfakenews,673
banfakenews,1897
banfakenews,1041
banfakenews,505
banfakenews,340
banfakenews,882
banfakenews,678
banfakenews,885
banfakenews,3559
banfakenews,544
banfakenews,489
banfakenews,619
banfakenews,1755
banfakenews,394
banfakenews,1392
banfakenews,2167
banfakenews,1221
banfakenews,452
banfakenews,844
banfakenews,3079
banfakenews,641
banfakenews,595
banfakenews,2568
banfakenews,254
banfakenews,659
banfakenews,749
banfakenews,1153
banfakenews,769
banfakenews,1410
banfakenews,601
banfakenews,1833
banfakenews,1287
banfakenews,863
banfakenews,767
banfakenews,952
banfakenews,935
banfakenews,486
banfakenews,896
banfakenews,320
banfakenews,561
banfakenews,2875
banfakenews,950
banfakenews,991
banfakenews,425
banfakenews,695
banfakenews,860
banfakenews,288
banfakenews,2166
banfakenews,1296
banfakenews,2020
banfakenews,1251
banfakenews,1045
banfakenews,1004
banfakenews,671
banfakenews,498
banfakenews,1511
banfakenews,335
banfakenews,2110
banfakenews,328
banfakenews,696
banfakenews,475
banfakenews,1337
banfakenews,748
banfakenews,534
banfakenews,2538
banfakenews,1541
banfakenews,1210
banfakenews,353
banfakenews,986
banfakenews,303
banfakenews,872
banfakenews,1991
banfakenews,1458
banfakenews,541
banfakenews,440
banfakenews,1001
banfakenews,462
banfakenews,736
banfakenews,514
banfakenews,429
banfakenews,690
banfakenews,639
banfakenews,890
banfakenews,2176
banfakenews,1025
banfakenews,799
banfakenews,482
banfakenews,1038
banfakenews,524
banfakenews,703
banfakenews,3111
banfakenews,758
banfakenews,690
banfakenews,540
banfakenews,43
banfakenews,1562
banfakenews,859
banfakenews,760
banfakenews,834
banfakenews,672
banfakenews,322
banfakenews,511
banfakenews,1275
banfakenews,505
banfakenews,343
banfakenews,1415
banfakenews,2174
banfakenews,971
banfakenews,355
banfakenews,313
banfakenews,507
banfakenews,848
banfakenews,369
banfakenews,4117
banfakenews,883
banfakenews,736
banfakenews,1352
banfakenews,761
banfakenews,1817
banfakenews,379
banfakenews,490
banfakenews,1483
banfakenews,1969
banfakenews,492
banfakenews,2573
banfakenews,538
banfakenews,986
banfakenews,2146
banfakenews,312
banfakenews,692
banfakenews,439
banfakenews,8464
banfakenews,385
banfakenews,338
banfakenews,366
banfakenews,1283
banfakenews,754
banfakenews,254
banfakenews,714
banfakenews,522
banfakenews,480
banfakenews,1181
banfakenews,1719
banfakenews,405
banfakenews,436
banfakenews,921
banfakenews,973
banfakenews,1046
banfakenews,624
banfakenews,3230
banfakenews,775
banfakenews,1636
banfakenews,1463
banfakenews,2359
banfakenews,983
banfakenews,2210
banfakenews,1699
banfakenews,334
banfakenews,842
banfakenews,438
banfakenews,759
banfakenews,627
banfakenews,1065
banfakenews,2349
banfakenews,749
banfakenews,1100
banfakenews,1053
banfakenews,3826
banfakenews,208
banfakenews,1017
banfakenews,553
banfakenews,450
banfakenews,446
banfakenews,1279
banfakenews,636
banfakenews,822
banfakenews,622
banfakenews,683
banfakenews,795
banfakenews,553
banfakenews,1260
banfakenews,1680
banfakenews,1763
banfakenews,3632
banfakenews,1045
banfakenews,1489
banfakenews,646
banfakenews,433
banfakenews,1217
banfakenews,1104
banfakenews,1455
banfakenews,1339
banfakenews,923
banfakenews,690
banfakenews,477
banfakenews,532
banfakenews,440
banfakenews,802
banfakenews,989
banfakenews,380
banfakenews,2059
banfakenews,862
banfakenews,547
banfakenews,1808
banfakenews,563
banfakenews,831
banfakenews,1151
banfakenews,679
banfakenews,1001
banfakenews,1447
banfakenews,746
banfakenews,997
banfakenews,2219
banfakenews,425
banfakenews,555
banfakenews,875
banfakenews,774
banfakenews,621
banfakenews,1750
banfakenews,610
banfakenews,953
banfakenews,849
banfakenews,1714
banfakenews,1103
banfakenews,1266
banfakenews,1574
banfakenews,1359
banfakenews,710
banfakenews,550
banfakenews,324
banfakenews,1640
banfakenews,333
banfakenews,1823
banfakenews,2012
banfakenews,2040
banfakenews,513
banfakenews,326
banfakenews,2075
banfakenews,565
banfakenews,547
banfakenews,1573
banfakenews,415
banfakenews,1257
banfakenews,946
banfakenews,606
banfakenews,849
banfakenews,1173
banfakenews,1083
banfakenews,1791
banfakenews,814
banfakenews,1989
banfakenews,1298
banfakenews,568
banfakenews,574
banfakenews,733
banfakenews,694
banfakenews,1232
banfakenews,321
banfakenews,1087
banfakenews,897
banfakenews,1152
banfakenews,1318
banfakenews,615
banfakenews,410
banfakenews,762
banfakenews,675
banfakenews,874
banfakenews,3969
banfakenews,651
banfakenews,786
banfakenews,595
banfakenews,585
banfakenews,679
banfakenews,406
banfakenews,990
banfakenews,1401
banfakenews,344
banfakenews,1245
banfakenews,420
banfakenews,644
banfakenews,249
banfakenews,1057
banfakenews,968
banfakenews,532
banfakenews,473
banfakenews,456
banfakenews,2472
banfakenews,910
banfakenews,3256
banfakenews,786
banfakenews,1065
banfakenews,633
banfakenews,624
banfakenews,1102
banfakenews,1030
banfakenews,1339
banfakenews,542
banfakenews,651
banfakenews,1314
banfakenews,946
banfakenews,875
banfakenews,973
banfakenews,572
banfakenews,918
banfakenews,1241
banfakenews,2423
banfakenews,630
banfakenews,1420
banfakenews,880
banfakenews,403
banfakenews,4052
banfakenews,619
banfakenews,775
banfakenews,1239
banfakenews,1159
banfakenews,2099
banfakenews,658
banfakenews,752
banfakenews,2233
banfakenews,304
banfakenews,916
banfakenews,516
banfakenews,374
banfakenews,1278
banfakenews,630
banfakenews,567
banfakenews,4616
banfakenews,604
banfakenews,1784
banfakenews,4461
banfakenews,975
banfakenews,582
banfakenews,678
banfakenews,1606
banfakenews,413
banfakenews,747
banfakenews,350
banfakenews,756
banfakenews,974
banfakenews,789
banfakenews,1779
banfakenews,572
banfakenews,1416
banfakenews,473
banfakenews,695
banfakenews,721
banfakenews,1204
banfakenews,850
banfakenews,1136
banfakenews,606
banfakenews,513
banfakenews,623
banfakenews,2438
banfakenews,659
banfakenews,1575
banfakenews,3276
banfakenews,358
banfakenews,701
banfakenews,1304
banfakenews,1202
banfakenews,818
banfakenews,355
banfakenews,500
banfakenews,574
banfakenews,950
banfakenews,519
banfakenews,1048
banfakenews,325
banfakenews,1472
banfakenews,534
banfakenews,2057
banfakenews,761
banfakenews,1060
banfakenews,538
banfakenews,696
banfakenews,963
banfakenews,3389
banfakenews,767
banfakenews,516
banfakenews,876
banfakenews,1605
banfakenews,999
banfakenews,2515
banfakenews,2542
banfakenews,382
banfakenews,355
banfakenews,209
banfakenews,855
banfakenews,371
banfakenews,3526
banfakenews,643
banfakenews,381
banfakenews,1157
banfakenews,367
banfakenews,1054
banfakenews,693
banfakenews,1440
banfakenews,439
banfakenews,436
banfakenews,1975
banfakenews,469
banfakenews,1133
banfakenews,581
banfakenews,727
banfakenews,2360
banfakenews,774
banfakenews,391
banfakenews,3044
banfakenews,581
banfakenews,515
banfakenews,1476
banfakenews,658
banfakenews,1140
banfakenews,369
banfakenews,821
banfakenews,899
banfakenews,872
banfakenews,703
banfakenews,437
banfakenews,1177
banfakenews,697
banfakenews,1860
banfakenews,783
banfakenews,479
banfakenews,790
banfakenews,740
banfakenews,632
banfakenews,951
banfakenews,869
banfakenews,455
banfakenews,1343
banfakenews,435
banfakenews,1096
banfakenews,1735
banfakenews,884
banfakenews,1669
banfakenews,1471
banfakenews,1561
banfakenews,1183
banfakenews,318
banfakenews,1732
banfakenews,473
banfakenews,650
banfakenews,1046
banfakenews,687
banfakenews,2007
banfakenews,1099
banfakenews,566
banfakenews,1614
banfakenews,1032
banfakenews,5620
banfakenews,1313
banfakenews,853
banfakenews,916
banfakenews,584
banfakenews,639
banfakenews,525
banfakenews,3273
banfakenews,1324
banfakenews,334
banfakenews,5611
banfakenews,742
banfakenews,357
banfakenews,661
banfakenews,703
banfakenews,2178
banfakenews,2769
banfakenews,1212
banfakenews,783
banfakenews,711
banfakenews,917
banfakenews,1369
banfakenews,760
banfakenews,650
banfakenews,256
banfakenews,332
banfakenews,1641
banfakenews,858
banfakenews,381
banfakenews,644
banfakenews,431
banfakenews,335
banfakenews,704
banfakenews,436
banfakenews,628
banfakenews,1193
banfakenews,494
banfakenews,1850
banfakenews,2300
banfakenews,1368
banfakenews,1049
banfakenews,3496
banfakenews,342
banfakenews,531
banfakenews,1097
banfakenews,709
banfakenews,592
banfakenews,750
banfakenews,1103
banfakenews,812
banfakenews,1155
banfakenews,1865
banfakenews,425
banfakenews,298
banfakenews,545
banfakenews,1208
banfakenews,620
banfakenews,778
banfakenews,155
banfakenews,1642
banfakenews,383
banfakenews,707
banfakenews,1325
banfakenews,1058
banfakenews,570
banfakenews,756
banfakenews,703
banfakenews,582
banfakenews,1736
banfakenews,1850
banfakenews,1890
banfakenews,1403
banfakenews,786
banfakenews,2900
banfakenews,1167
banfakenews,914
banfakenews,958
banfakenews,263
banfakenews,928
banfakenews,581
banfakenews,780
banfakenews,619
banfakenews,317
banfakenews,558
banfakenews,2311
banfakenews,1301
banfakenews,402
banfakenews,401
banfakenews,610
banfakenews,846
banfakenews,872
banfakenews,865
banfakenews,2646
banfakenews,430
banfakenews,2362
banfakenews,1004
banfakenews,782
banfakenews,474
banfakenews,1116
banfakenews,867
banfakenews,654
banfakenews,346
banfakenews,639
banfakenews,1717
banfakenews,1768
banfakenews,749
banfakenews,240
banfakenews,1639
banfakenews,1438
banfakenews,571
banfakenews,2610
banfakenews,1496
banfakenews,475
banfakenews,458
banfakenews,991
banfakenews,2475
banfakenews,969
banfakenews,905
banfakenews,940
banfakenews,747
banfakenews,1138
banfakenews,1486
banfakenews,1470
banfakenews,1059
banfakenews,286
banfakenews,1113
banfakenews,386
banfakenews,3440
banfakenews,479
banfakenews,498
banfakenews,1753
banfakenews,476
banfakenews,1465
banfakenews,313
banfakenews,1947
banfakenews,311
banfakenews,2174
banfakenews,10016
banfakenews,801
banfakenews,326
banfakenews,677
banfakenews,319
banfakenews,607
banfakenews,2588
banfakenews,837
banfakenews,262
banfakenews,625
banfakenews,1089
banfakenews,996
banfakenews,415
banfakenews,786
banfakenews,1255
banfakenews,599
banfakenews,2085
banfakenews,1142
banfakenews,1086
banfakenews,1077
banfakenews,1538
banfakenews,855
banfakenews,3610
banfakenews,400
banfakenews,1080
banfakenews,1505
banfakenews,1062
banfakenews,898
banfakenews,590
banfakenews,1338
banfakenews,794
banfakenews,3267
banfakenews,366
banfakenews,1779
banfakenews,1022
banfakenews,839
banfakenews,11754
banfakenews,1047
banfakenews,894
banfakenews,587
banfakenews,1663
banfakenews,843
banfakenews,1690
banfakenews,877
banfakenews,478
banfakenews,2228
banfakenews,1321
banfakenews,868
banfakenews,3536
banfakenews,601
banfakenews,771
banfakenews,856
banfakenews,1053
banfakenews,780
banfakenews,2048
banfakenews,972
banfakenews,848
banfakenews,1283
banfakenews,2111
banfakenews,1294
banfakenews,1057
banfakenews,1058
banfakenews,507
banfakenews,780
banfakenews,2366
banfakenews,897
banfakenews,777
banfakenews,653
banfakenews,2654
banfakenews,720
banfakenews,1082
banfakenews,569
banfakenews,496
banfakenews,1417
banfakenews,1585
banfakenews,721
banfakenews,2228
banfakenews,416
banfakenews,1170
banfakenews,540
banfakenews,413
banfakenews,930
banfakenews,478
banfakenews,1877
banfakenews,733
banfakenews,398
banfakenews,879
banfakenews,378
banfakenews,745
banfakenews,1044
banfakenews,682
banfakenews,413
banfakenews,1399
banfakenews,719
banfakenews,468
banfakenews,951
banfakenews,607
banfakenews,331
banfakenews,817
banfakenews,1186
banfakenews,732
banfakenews,495
banfakenews,543
banfakenews,2468
banfakenews,756
banfakenews,884
banfakenews,743
banfakenews,740
banfakenews,320
banfakenews,2934
banfakenews,1598
banfakenews,498
banfakenews,1155
banfakenews,388
banfakenews,1007
banfakenews,501
banfakenews,1077
banfakenews,4607
banfakenews,352
banfakenews,833
banfakenews,780
banfakenews,775
banfakenews,826
banfakenews,854
banfakenews,546
banfakenews,573
banfakenews,824
banfakenews,1188
banfakenews,153
banfakenews,1051
banfakenews,451
banfakenews,1961
banfakenews,318
banfakenews,937
banfakenews,435
banfakenews,1732
banfakenews,3375
banfakenews,856
banfakenews,1260
banfakenews,697
banfakenews,985
banfakenews,1782
banfakenews,1071
banfakenews,248
banfakenews,794
banfakenews,1329
banfakenews,1206
banfakenews,406
banfakenews,423
banfakenews,2545
banfakenews,1945
banfakenews,876
banfakenews,922
banfakenews,416
banfakenews,851
banfakenews,750
banfakenews,959
banfakenews,1165
banfakenews,2015
banfakenews,505
banfakenews,1363
banfakenews,871
banfakenews,945
banfakenews,859
banfakenews,879
banfakenews,472
banfakenews,1185
banfakenews,849
banfakenews,1263
banfakenews,628
banfakenews,2666
banfakenews,583
banfakenews,306
banfakenews,1110
banfakenews,1687
banfakenews,1333
banfakenews,3861
banfakenews,528
banfakenews,4016
banfakenews,5813
banfakenews,1387
banfakenews,778
banfakenews,1562
banfakenews,673
banfakenews,1397
banfakenews,625
banfakenews,714
banfakenews,515
banfakenews,1189
banfakenews,1018
banfakenews,809
banfakenews,1777
banfakenews,956
banfakenews,1045
banfakenews,1810
banfakenews,1141
banfakenews,855
banfakenews,672
banfakenews,592
banfakenews,308
banfakenews,1042
banfakenews,2122
banfakenews,1461
banfakenews,511
banfakenews,1145
banfakenews,300
banfakenews,449
banfakenews,1749
banfakenews,904
banfakenews,696
banfakenews,1199
banfakenews,483
banfakenews,340
banfakenews,1503
banfakenews,1830
banfakenews,1530
banfakenews,474
banfakenews,331
banfakenews,2035
banfakenews,286
banfakenews,1674
banfakenews,318
banfakenews,406
banfakenews,980
banfakenews,355
banfakenews,383
banfakenews,400
banfakenews,890
banfakenews,1091
banfakenews,1798
banfakenews,1974
banfakenews,646
banfakenews,1312
banfakenews,1558
banfakenews,932
banfakenews,515
banfakenews,367
banfakenews,1318
banfakenews,1280
banfakenews,3160
banfakenews,1354
banfakenews,1738
banfakenews,3410
banfakenews,1383
banfakenews,337
banfakenews,1530
banfakenews,365
banfakenews,554
banfakenews,1060
banfakenews,1812
banfakenews,848
banfakenews,2088
banfakenews,979
banfakenews,1136
banfakenews,2677
banfakenews,1910
banfakenews,1007
banfakenews,1637
banfakenews,311
banfakenews,417
banfakenews,2812
banfakenews,2347
banfakenews,590
banfakenews,590
banfakenews,3446
banfakenews,1594
banfakenews,625
banfakenews,574
banfakenews,455
banfakenews,571
banfakenews,967
banfakenews,1036
banfakenews,1151
banfakenews,1274
banfakenews,1677
banfakenews,257
banfakenews,718
banfakenews,686
banfakenews,2275
banfakenews,259
banfakenews,1706
banfakenews,1307
banfakenews,859
banfakenews,914
banfakenews,535
banfakenews,1093
banfakenews,1456
banfakenews,1388
banfakenews,915
banfakenews,1184
banfakenews,571
banfakenews,1083
banfakenews,684
banfakenews,878
banfakenews,307
banfakenews,2053
banfakenews,2207
banfakenews,1221
banfakenews,1638
banfakenews,223
banfakenews,563
banfakenews,2434
banfakenews,1210
banfakenews,701
banfakenews,548
banfakenews,1145
banfakenews,732
banfakenews,388
banfakenews,434
banfakenews,1095
banfakenews,494
banfakenews,870
banfakenews,1003
banfakenews,1063
banfakenews,267
banfakenews,866
banfakenews,623
banfakenews,717
banfakenews,4270
banfakenews,722
banfakenews,1049
banfakenews,597
banfakenews,1053
banfakenews,1355
banfakenews,827
banfakenews,691
banfakenews,2113
banfakenews,1066
banfakenews,1188
banfakenews,287
banfakenews,734
banfakenews,460
banfakenews,718
banfakenews,1275
banfakenews,2668
banfakenews,1249
banfakenews,733
banfakenews,1125
banfakenews,903
banfakenews,457
banfakenews,1633
banfakenews,577
banfakenews,1171
banfakenews,2002
banfakenews,396
banfakenews,1424
banfakenews,1207
banfakenews,1916
banfakenews,1169
banfakenews,392
banfakenews,476
banfakenews,867
banfakenews,478
banfakenews,702
banfakenews,1192
banfakenews,735
banfakenews,1295
banfakenews,31
banfakenews,4999
banfakenews,772
banfakenews,2669
banfakenews,1448
banfakenews,591
banfakenews,446
banfakenews,4655
banfakenews,656
banfakenews,435
banfakenews,541
banfakenews,744
banfakenews,1133
banfakenews,622
banfakenews,739
banfakenews,322
banfakenews,1196
banfakenews,937
banfakenews,643
banfakenews,765
banfakenews,973
banfakenews,787
banfakenews,556
banfakenews,1122
banfakenews,1083
banfakenews,601
banfakenews,1199
banfakenews,3778
banfakenews,578
banfakenews,1429
banfakenews,279
banfakenews,937
banfakenews,590
banfakenews,622
banfakenews,594
banfakenews,566
banfakenews,581
banfakenews,2210
banfakenews,590
banfakenews,515
banfakenews,496
banfakenews,2441
banfakenews,2494
banfakenews,978
banfakenews,1123
banfakenews,714
banfakenews,605
banfakenews,4329
banfakenews,240
banfakenews,336
banfakenews,1498
banfakenews,1744
banfakenews,920
banfakenews,1013
banfakenews,1332
banfakenews,728
banfakenews,690
banfakenews,1603
banfakenews,1010
banfakenews,405
banfakenews,419
banfakenews,1254
banfakenews,704
banfakenews,1215
banfakenews,689
banfakenews,593
banfakenews,1657
banfakenews,1206
banfakenews,576
banfakenews,881
banfakenews,1112
banfakenews,629
banfakenews,522
banfakenews,603
banfakenews,657
banfakenews,335
banfakenews,2019
banfakenews,1238
banfakenews,867
banfakenews,1544
banfakenews,480
banfakenews,903
banfakenews,1016
banfakenews,764
banfakenews,718
banfakenews,684
banfakenews,1434
banfakenews,443
banfakenews,622
banfakenews,977
banfakenews,765
banfakenews,530
banfakenews,778
banfakenews,4981
banfakenews,805
banfakenews,240
banfakenews,626
banfakenews,777
banfakenews,599
banfakenews,2536
banfakenews,1577
banfakenews,4230
banfakenews,1317
banfakenews,2121
banfakenews,759
banfakenews,1275
banfakenews,543
banfakenews,781
banfakenews,3766
banfakenews,3711
banfakenews,1317
banfakenews,363
banfakenews,449
banfakenews,1043
banfakenews,1656
banfakenews,1102
banfakenews,43
banfakenews,356
banfakenews,325
banfakenews,2081
banfakenews,719
banfakenews,555
banfakenews,683
banfakenews,2329
banfakenews,504
banfakenews,775
banfakenews,1946
banfakenews,1803
banfakenews,368
banfakenews,639
banfakenews,1179
banfakenews,405
banfakenews,793
banfakenews,834
banfakenews,722
banfakenews,356
banfakenews,1056
banfakenews,1130
banfakenews,659
banfakenews,694
banfakenews,496
banfakenews,660
banfakenews,425
banfakenews,141
banfakenews,545
banfakenews,865
banfakenews,954
banfakenews,820
banfakenews,675
banfakenews,281
banfakenews,2005
banfakenews,340
banfakenews,2037
banfakenews,266
banfakenews,398
banfakenews,488
banfakenews,397
banfakenews,1129
banfakenews,768
banfakenews,543
banfakenews,986
banfakenews,410
banfakenews,2199
banfakenews,303
banfakenews,697
banfakenews,356
banfakenews,1746
banfakenews,584
banfakenews,620
banfakenews,686
banfakenews,643
banfakenews,1562
banfakenews,958
banfakenews,969
banfakenews,2497
banfakenews,969
banfakenews,1996
banfakenews,923
banfakenews,909
banfakenews,1291
banfakenews,477
banfakenews,983
banfakenews,1192
banfakenews,679
banfakenews,1398
banfakenews,422
banfakenews,739
banfakenews,289
banfakenews,873
banfakenews,584
banfakenews,177
banfakenews,1067
banfakenews,412
banfakenews,762
banfakenews,576
banfakenews,1444
banfakenews,787
banfakenews,1160
banfakenews,4632
banfakenews,775
banfakenews,515
banfakenews,1056
banfakenews,1033
banfakenews,680
banfakenews,971
banfakenews,776
banfakenews,1676
banfakenews,603
banfakenews,761
banfakenews,1043
banfakenews,1115
banfakenews,951
banfakenews,874
banfakenews,1542
banfakenews,1312
banfakenews,1822
banfakenews,418
banfakenews,443
banfakenews,877
banfakenews,704
banfakenews,1958
banfakenews,472
banfakenews,762
banfakenews,3146
banfakenews,993
banfakenews,944
banfakenews,728
banfakenews,947
banfakenews,2087
banfakenews,293
banfakenews,337
banfakenews,640
banfakenews,922
banfakenews,769
banfakenews,326
banfakenews,504
banfakenews,616
banfakenews,1496
banfakenews,1072
banfakenews,911
banfakenews,2908
banfakenews,1003
banfakenews,545
banfakenews,576
banfakenews,674
banfakenews,800
banfakenews,826
banfakenews,6678
banfakenews,1706
banfakenews,1388
banfakenews,944
banfakenews,1419
banfakenews,799
banfakenews,602
banfakenews,455
banfakenews,698
banfakenews,1391
banfakenews,746
banfakenews,594
banfakenews,703
banfakenews,1002
banfakenews,697
banfakenews,872
banfakenews,848
banfakenews,594
banfakenews,1725
banfakenews,3886
banfakenews,1133
banfakenews,919
banfakenews,2179
banfakenews,1192
banfakenews,367
banfakenews,567
banfakenews,654
banfakenews,823
banfakenews,514
banfakenews,938
banfakenews,2623
banfakenews,2224
banfakenews,715
banfakenews,705
banfakenews,1201
banfakenews,324
banfakenews,573
banfakenews,204
banfakenews,5405
banfakenews,505
banfakenews,1437
banfakenews,1372
banfakenews,839
banfakenews,1338
banfakenews,630
banfakenews,1231
banfakenews,803
banfakenews,1242
banfakenews,313
banfakenews,601
banfakenews,794
banfakenews,488
banfakenews,890
banfakenews,669
banfakenews,636
banfakenews,1478
banfakenews,788
banfakenews,1775
banfakenews,775
banfakenews,1464
banfakenews,3194
banfakenews,1540
banfakenews,447
banfakenews,1080
banfakenews,1287
banfakenews,1561
banfakenews,851
banfakenews,925
banfakenews,621
banfakenews,581
banfakenews,892
banfakenews,638
banfakenews,742
banfakenews,670
banfakenews,1194
banfakenews,3399
banfakenews,916
banfakenews,624
banfakenews,710
banfakenews,540
banfakenews,1316
banfakenews,591
banfakenews,1022
banfakenews,528
banfakenews,2194
banfakenews,488
banfakenews,1361
banfakenews,1140
banfakenews,735
banfakenews,601
banfakenews,359
banfakenews,459
banfakenews,2093
banfakenews,929
banfakenews,3182
banfakenews,625
banfakenews,749
banfakenews,486
banfakenews,1995
banfakenews,972
banfakenews,661
banfakenews,1614
banfakenews,1350
banfakenews,1138
banfakenews,674
banfakenews,969
banfakenews,1494
banfakenews,2984
banfakenews,777
banfakenews,713
banfakenews,919
banfakenews,809
banfakenews,1114
banfakenews,595
banfakenews,726
banfakenews,419
banfakenews,678
banfakenews,1354
banfakenews,931
banfakenews,1025
banfakenews,1012
banfakenews,1219
banfakenews,578
banfakenews,617
banfakenews,538
banfakenews,542
banfakenews,463
banfakenews,989
banfakenews,914
banfakenews,1352
banfakenews,1775
banfakenews,2754
banfakenews,490
banfakenews,1516
banfakenews,1040
banfakenews,1200
banfakenews,1308
banfakenews,1254
banfakenews,1277
banfakenews,1692
banfakenews,1038
banfakenews,1427
banfakenews,905
banfakenews,1150
banfakenews,631
banfakenews,590
banfakenews,1622
banfakenews,844
banfakenews,1832
banfakenews,229
banfakenews,650
banfakenews,291
banfakenews,662
banfakenews,2086
banfakenews,791
banfakenews,1714
banfakenews,1503
banfakenews,1205
banfakenews,993
banfakenews,593
banfakenews,1444
banfakenews,1625
banfakenews,3723
banfakenews,580
banfakenews,681
banfakenews,486
banfakenews,700
banfakenews,649
banfakenews,311
banfakenews,2894
banfakenews,1204
banfakenews,568
banfakenews,523
banfakenews,2448
banfakenews,1179
banfakenews,950
banfakenews,1604
banfakenews,833
banfakenews,1021
banfakenews,804
banfakenews,303
banfakenews,497
banfakenews,619
banfakenews,637
banfakenews,489
banfakenews,982
banfakenews,495
banfakenews,1145
banfakenews,1025
banfakenews,1055
banfakenews,498
banfakenews,620
banfakenews,1799
banfakenews,349
banfakenews,2685
banfakenews,557
banfakenews,1625
banfakenews,2354
banfakenews,1903
banfakenews,1241
banfakenews,1303
banfakenews,1310
banfakenews,2077
banfakenews,960
banfakenews,372
banfakenews,730
banfakenews,391
banfakenews,655
banfakenews,1150
banfakenews,1046
banfakenews,1157
banfakenews,784
banfakenews,1684
banfakenews,638
banfakenews,749
banfakenews,432
banfakenews,543
banfakenews,1672
banfakenews,1125
banfakenews,764
banfakenews,347
banfakenews,673
banfakenews,1016
banfakenews,1440
banfakenews,744
banfakenews,455
banfakenews,695
banfakenews,1781
banfakenews,524
banfakenews,1742
banfakenews,3360
banfakenews,345
banfakenews,920
banfakenews,1941
banfakenews,498
banfakenews,637
banfakenews,1412
banfakenews,633
banfakenews,1359
banfakenews,693
banfakenews,1179
banfakenews,569
banfakenews,1719
banfakenews,806
banfakenews,675
banfakenews,378
banfakenews,1489
banfakenews,916
banfakenews,455
banfakenews,555
banfakenews,292
banfakenews,1046
banfakenews,525
banfakenews,609
banfakenews,353
banfakenews,278
banfakenews,475
banfakenews,341
banfakenews,737
banfakenews,524
banfakenews,852
banfakenews,419
banfakenews,612
banfakenews,691
banfakenews,530
banfakenews,599
banfakenews,928
banfakenews,1077
banfakenews,325
banfakenews,2285
banfakenews,1106
banfakenews,1132
banfakenews,1681
banfakenews,295
banfakenews,631
banfakenews,574
banfakenews,415
banfakenews,737
banfakenews,693
banfakenews,1905
banfakenews,565
banfakenews,417
banfakenews,1945
banfakenews,720
banfakenews,354
banfakenews,697
banfakenews,827
banfakenews,1409
banfakenews,731
banfakenews,377
banfakenews,1499
banfakenews,857
banfakenews,420
banfakenews,4749
banfakenews,489
banfakenews,616
banfakenews,5269
banfakenews,531
banfakenews,617
banfakenews,2085
banfakenews,1296
banfakenews,1358
banfakenews,704
banfakenews,3180
banfakenews,544
banfakenews,2646
banfakenews,758
banfakenews,429
banfakenews,685
banfakenews,759
banfakenews,1017
banfakenews,795
banfakenews,690
banfakenews,381
banfakenews,1010
banfakenews,3013
banfakenews,1088
banfakenews,991
banfakenews,1015
banfakenews,883
banfakenews,942
banfakenews,2136
banfakenews,690
banfakenews,2205
banfakenews,837
banfakenews,524
banfakenews,981
banfakenews,835
banfakenews,709
banfakenews,1592
banfakenews,1267
banfakenews,559
banfakenews,563
banfakenews,751
banfakenews,2331
banfakenews,720
banfakenews,978
banfakenews,2307
banfakenews,1868
banfakenews,5888
banfakenews,1240
banfakenews,936
banfakenews,989
banfakenews,387
banfakenews,718
banfakenews,5461
banfakenews,863
banfakenews,582
banfakenews,470
banfakenews,1298
banfakenews,917
banfakenews,1282
banfakenews,322
banfakenews,2072
banfakenews,1316
banfakenews,3093
banfakenews,1788
banfakenews,377
banfakenews,1033
banfakenews,842
banfakenews,1582
banfakenews,298
banfakenews,1194
banfakenews,1376
banfakenews,545
banfakenews,334
banfakenews,446
banfakenews,438
banfakenews,2012
banfakenews,802
banfakenews,1735
banfakenews,1581
banfakenews,763
banfakenews,1019
banfakenews,1320
banfakenews,1157
banfakenews,635
banfakenews,4308
banfakenews,1095
banfakenews,770
banfakenews,948
banfakenews,667
banfakenews,1025
banfakenews,783
banfakenews,2458
banfakenews,866
banfakenews,907
banfakenews,2210
banfakenews,795
banfakenews,1882
banfakenews,495
banfakenews,1527
banfakenews,1465
banfakenews,334
banfakenews,665
banfakenews,765
banfakenews,453
banfakenews,1169
banfakenews,369
banfakenews,331
banfakenews,1566
banfakenews,765
banfakenews,669
banfakenews,939
banfakenews,2292
banfakenews,433
banfakenews,1188
banfakenews,1118
banfakenews,1105
banfakenews,498
banfakenews,3261
banfakenews,472
banfakenews,877
banfakenews,793
banfakenews,599
banfakenews,638
banfakenews,1404
banfakenews,622
banfakenews,664
banfakenews,1607
banfakenews,1017
banfakenews,688
banfakenews,634
banfakenews,812
banfakenews,828
banfakenews,524
banfakenews,1125
banfakenews,598
banfakenews,1057
banfakenews,397
banfakenews,529
banfakenews,421
banfakenews,865
banfakenews,1407
banfakenews,356
banfakenews,1378
banfakenews,1099
banfakenews,1495
banfakenews,392
banfakenews,498
banfakenews,1183
banfakenews,423
banfakenews,1368
banfakenews,1157
banfakenews,451
banfakenews,1725
banfakenews,1386
banfakenews,558
banfakenews,527
banfakenews,887
banfakenews,583
banfakenews,1006
banfakenews,581
banfakenews,290
banfakenews,779
banfakenews,1789
banfakenews,1171
