dataset,n_grapheme_clusters
sentnob,76
sentnob,66
sentnob,18
sentnob,20
sentnob,43
sentnob,39
sentnob,115
sentnob,37
sentnob,32
sentnob,34
sentnob,22
sentnob,43
sentnob,54
sentnob,37
sentnob,72
sentnob,19
sentnob,156
sentnob,56
sentnob,43
sentnob,63
sentnob,42
sentnob,15
sentnob,22
sentnob,23
sentnob,26
sentnob,65
sentnob,17
sentnob,21
sentnob,92
sentnob,22
sentnob,59
sentnob,182
sentnob,51
sentnob,95
sentnob,70
sentnob,40
sentnob,35
sentnob,69
sentnob,100
sentnob,37
sentnob,44
sentnob,41
sentnob,77
sentnob,36
sentnob,34
sentnob,42
sentnob,45
sentnob,34
sentnob,17
sentnob,38
sentnob,66
sentnob,67
sentnob,66
sentnob,51
sentnob,19
sentnob,101
sentnob,60
sentnob,40
sentnob,28
sentnob,59
sentnob,57
sentnob,40
sentnob,48
sentnob,98
sentnob,24
sentnob,44
sentnob,72
sentnob,49
sentnob,30
sentnob,18
sentnob,97
sentnob,144
sentnob,61
sentnob,76
sentnob,70
sentnob,64
sentnob,45
sentnob,15
sentnob,140
sentnob,23
sentnob,37
sentnob,51
sentnob,82
sentnob,44
sentnob,27
sentnob,59
sentnob,23
sentnob,33
sentnob,40
sentnob,42
sentnob,23
sentnob,98
sentnob,41
sentnob,36
sentnob,32
sentnob,47
sentnob,39
sentnob,75
sentnob,24
sentnob,25
sentnob,52
sentnob,27
sentnob,17
sentnob,79
sentnob,19
sentnob,27
sentnob,68
sentnob,44
sentnob,175
sentnob,34
sentnob,41
sentnob,23
sentnob,28
sentnob,15
sentnob,58
sentnob,185
sentnob,21
sentnob,44
sentnob,40
sentnob,45
sentnob,47
sentnob,41
sentnob,46
sentnob,56
sentnob,30
sentnob,102
sentnob,23
sentnob,39
sentnob,38
sentnob,27
sentnob,141
sentnob,24
sentnob,76
sentnob,24
sentnob,33
sentnob,27
sentnob,31
sentnob,49
sentnob,25
sentnob,49
sentnob,46
sentnob,32
sentnob,18
sentnob,62
sentnob,17
sentnob,24
sentnob,72
sentnob,44
sentnob,68
sentnob,69
sentnob,38
sentnob,72
sentnob,95
sentnob,34
sentnob,90
sentnob,65
sentnob,50
sentnob,26
sentnob,51
sentnob,33
sentnob,15
sentnob,162
sentnob,32
sentnob,52
sentnob,28
sentnob,23
sentnob,23
sentnob,31
sentnob,34
sentnob,95
sentnob,67
sentnob,163
sentnob,34
sentnob,132
sentnob,27
sentnob,87
sentnob,18
sentnob,54
sentnob,53
sentnob,61
sentnob,57
sentnob,65
sentnob,127
sentnob,32
sentnob,126
sentnob,27
sentnob,34
sentnob,58
sentnob,147
sentnob,72
sentnob,64
sentnob,81
sentnob,94
sentnob,71
sentnob,68
sentnob,56
sentnob,47
sentnob,40
sentnob,13
sentnob,158
sentnob,73
sentnob,24
sentnob,40
sentnob,54
sentnob,48
sentnob,48
sentnob,51
sentnob,19
sentnob,24
sentnob,89
sentnob,21
sentnob,125
sentnob,47
sentnob,22
sentnob,79
sentnob,45
sentnob,34
sentnob,133
sentnob,39
sentnob,16
sentnob,44
sentnob,49
sentnob,32
sentnob,63
sentnob,84
sentnob,45
sentnob,15
sentnob,78
sentnob,71
sentnob,28
sentnob,94
sentnob,74
sentnob,25
sentnob,47
sentnob,51
sentnob,74
sentnob,62
sentnob,38
sentnob,41
sentnob,25
sentnob,76
sentnob,40
sentnob,53
sentnob,32
sentnob,52
sentnob,43
sentnob,86
sentnob,45
sentnob,74
sentnob,34
sentnob,53
sentnob,26
sentnob,65
sentnob,58
sentnob,86
sentnob,133
sentnob,32
sentnob,35
sentnob,44
sentnob,22
sentnob,17
sentnob,42
sentnob,21
sentnob,28
sentnob,77
sentnob,68
sentnob,66
sentnob,32
sentnob,15
sentnob,19
sentnob,44
sentnob,21
sentnob,19
sentnob,19
sentnob,24
sentnob,62
sentnob,173
sentnob,19
sentnob,35
sentnob,55
sentnob,65
sentnob,47
sentnob,29
sentnob,26
sentnob,22
sentnob,27
sentnob,38
sentnob,33
sentnob,24
sentnob,46
sentnob,107
sentnob,38
sentnob,20
sentnob,27
sentnob,30
sentnob,43
sentnob,75
sentnob,64
sentnob,22
sentnob,36
sentnob,138
sentnob,23
sentnob,53
sentnob,164
sentnob,26
sentnob,82
sentnob,27
sentnob,24
sentnob,76
sentnob,59
sentnob,15
sentnob,23
sentnob,19
sentnob,25
sentnob,47
sentnob,34
sentnob,99
sentnob,98
sentnob,46
sentnob,54
sentnob,47
sentnob,21
sentnob,44
sentnob,80
sentnob,66
sentnob,18
sentnob,41
sentnob,45
sentnob,37
sentnob,80
sentnob,94
sentnob,43
sentnob,18
sentnob,63
sentnob,31
sentnob,33
sentnob,20
sentnob,132
sentnob,39
sentnob,58
sentnob,28
sentnob,26
sentnob,92
sentnob,90
sentnob,55
sentnob,33
sentnob,31
sentnob,160
sentnob,47
sentnob,21
sentnob,84
sentnob,27
sentnob,35
sentnob,84
sentnob,29
sentnob,46
sentnob,102
sentnob,98
sentnob,63
sentnob,52
sentnob,24
sentnob,51
sentnob,115
sentnob,40
sentnob,86
sentnob,19
sentnob,25
sentnob,101
sentnob,83
sentnob,20
sentnob,152
sentnob,23
sentnob,48
sentnob,28
sentnob,113
sentnob,24
sentnob,34
sentnob,47
sentnob,47
sentnob,18
sentnob,19
sentnob,24
sentnob,42
sentnob,61
sentnob,90
sentnob,45
sentnob,21
sentnob,90
sentnob,81
sentnob,45
sentnob,45
sentnob,111
sentnob,53
sentnob,86
sentnob,20
sentnob,89
sentnob,82
sentnob,22
sentnob,23
sentnob,31
sentnob,43
sentnob,25
sentnob,55
sentnob,86
sentnob,43
sentnob,32
sentnob,22
sentnob,48
sentnob,32
sentnob,34
sentnob,24
sentnob,25
sentnob,57
sentnob,49
sentnob,49
sentnob,15
sentnob,123
sentnob,77
sentnob,43
sentnob,17
sentnob,22
sentnob,51
sentnob,149
sentnob,10
sentnob,33
sentnob,20
sentnob,30
sentnob,42
sentnob,109
sentnob,27
sentnob,27
sentnob,112
sentnob,34
sentnob,31
sentnob,136
sentnob,56
sentnob,90
sentnob,39
sentnob,24
sentnob,76
sentnob,31
sentnob,28
sentnob,17
sentnob,36
sentnob,26
sentnob,45
sentnob,57
sentnob,19
sentnob,61
sentnob,59
sentnob,24
sentnob,135
sentnob,40
sentnob,70
sentnob,25
sentnob,85
sentnob,38
sentnob,59
sentnob,77
sentnob,35
sentnob,24
sentnob,50
sentnob,29
sentnob,85
sentnob,49
sentnob,46
sentnob,66
sentnob,39
sentnob,26
sentnob,135
sentnob,64
sentnob,63
sentnob,29
sentnob,20
sentnob,10
sentnob,21
sentnob,32
sentnob,17
sentnob,83
sentnob,28
sentnob,46
sentnob,31
sentnob,59
sentnob,92
sentnob,97
sentnob,61
sentnob,96
sentnob,101
sentnob,81
sentnob,17
sentnob,27
sentnob,51
sentnob,36
sentnob,54
sentnob,22
sentnob,70
sentnob,35
sentnob,29
sentnob,35
sentnob,30
sentnob,166
sentnob,32
sentnob,87
sentnob,47
sentnob,54
sentnob,85
sentnob,43
sentnob,20
sentnob,58
sentnob,30
sentnob,51
sentnob,32
sentnob,25
sentnob,65
sentnob,20
sentnob,44
sentnob,92
sentnob,13
sentnob,17
sentnob,66
sentnob,46
sentnob,62
sentnob,57
sentnob,113
sentnob,20
sentnob,38
sentnob,72
sentnob,28
sentnob,103
sentnob,24
sentnob,21
sentnob,19
sentnob,32
sentnob,12
sentnob,137
sentnob,23
sentnob,22
sentnob,42
sentnob,29
sentnob,49
sentnob,43
sentnob,40
sentnob,19
sentnob,34
sentnob,70
sentnob,21
sentnob,46
sentnob,31
sentnob,57
sentnob,24
sentnob,16
sentnob,143
sentnob,113
sentnob,86
sentnob,21
sentnob,37
sentnob,57
sentnob,28
sentnob,21
sentnob,15
sentnob,95
sentnob,67
sentnob,48
sentnob,20
sentnob,182
sentnob,26
sentnob,51
sentnob,25
sentnob,65
sentnob,41
sentnob,32
sentnob,115
sentnob,22
sentnob,81
sentnob,20
sentnob,47
sentnob,30
sentnob,116
sentnob,60
sentnob,27
sentnob,60
sentnob,23
sentnob,72
sentnob,23
sentnob,26
sentnob,22
sentnob,39
sentnob,52
sentnob,167
sentnob,17
sentnob,93
sentnob,90
sentnob,89
sentnob,66
sentnob,28
sentnob,138
sentnob,39
sentnob,22
sentnob,83
sentnob,20
sentnob,33
sentnob,56
sentnob,18
sentnob,34
sentnob,46
sentnob,120
sentnob,62
sentnob,21
sentnob,75
sentnob,65
sentnob,17
sentnob,19
sentnob,24
sentnob,94
sentnob,60
sentnob,29
sentnob,40
sentnob,75
sentnob,81
sentnob,40
sentnob,41
sentnob,57
sentnob,41
sentnob,158
sentnob,32
sentnob,64
sentnob,59
sentnob,33
sentnob,24
sentnob,32
sentnob,36
sentnob,66
sentnob,131
sentnob,104
sentnob,59
sentnob,59
sentnob,123
sentnob,32
sentnob,96
sentnob,28
sentnob,37
sentnob,120
sentnob,54
sentnob,49
sentnob,39
sentnob,41
sentnob,66
sentnob,81
sentnob,50
sentnob,133
sentnob,29
sentnob,110
sentnob,31
sentnob,37
sentnob,20
sentnob,78
sentnob,24
sentnob,102
sentnob,58
sentnob,48
sentnob,25
sentnob,49
sentnob,83
sentnob,66
sentnob,38
sentnob,38
sentnob,118
sentnob,43
sentnob,109
sentnob,20
sentnob,65
sentnob,34
sentnob,126
sentnob,19
sentnob,31
sentnob,64
sentnob,73
sentnob,143
sentnob,85
sentnob,67
sentnob,91
sentnob,97
sentnob,18
sentnob,44
sentnob,141
sentnob,25
sentnob,67
sentnob,39
sentnob,85
sentnob,100
sentnob,71
sentnob,54
sentnob,17
sentnob,69
sentnob,63
sentnob,72
sentnob,22
sentnob,55
sentnob,19
sentnob,21
sentnob,58
sentnob,19
sentnob,21
sentnob,33
sentnob,98
sentnob,24
sentnob,75
sentnob,43
sentnob,63
sentnob,52
sentnob,43
sentnob,38
sentnob,39
sentnob,22
sentnob,56
sentnob,169
sentnob,25
sentnob,28
sentnob,65
sentnob,23
sentnob,102
sentnob,25
sentnob,66
sentnob,50
sentnob,53
sentnob,34
sentnob,38
sentnob,27
sentnob,23
sentnob,25
sentnob,148
sentnob,27
sentnob,40
sentnob,34
sentnob,21
sentnob,31
sentnob,72
sentnob,103
sentnob,130
sentnob,61
sentnob,31
sentnob,28
sentnob,28
sentnob,98
sentnob,16
sentnob,119
sentnob,24
sentnob,66
sentnob,89
sentnob,59
sentnob,74
sentnob,61
sentnob,119
sentnob,45
sentnob,41
sentnob,39
sentnob,31
sentnob,37
sentnob,51
sentnob,27
sentnob,60
sentnob,36
sentnob,23
sentnob,73
sentnob,48
sentnob,19
sentnob,19
sentnob,60
sentnob,49
sentnob,35
sentnob,16
sentnob,63
sentnob,105
sentnob,87
sentnob,26
sentnob,87
sentnob,52
sentnob,20
sentnob,134
sentnob,48
sentnob,32
sentnob,78
sentnob,29
sentnob,61
sentnob,55
sentnob,66
sentnob,24
sentnob,52
sentnob,139
sentnob,63
sentnob,18
sentnob,27
sentnob,23
sentnob,33
sentnob,34
sentnob,64
sentnob,39
sentnob,24
sentnob,109
sentnob,139
sentnob,53
sentnob,28
sentnob,92
sentnob,25
sentnob,53
sentnob,95
sentnob,81
sentnob,137
sentnob,101
sentnob,34
sentnob,99
sentnob,88
sentnob,23
sentnob,111
sentnob,23
sentnob,45
sentnob,25
sentnob,15
sentnob,20
sentnob,14
sentnob,21
sentnob,84
sentnob,143
sentnob,132
sentnob,57
sentnob,63
sentnob,69
sentnob,128
sentnob,34
sentnob,22
sentnob,24
sentnob,30
sentnob,81
sentnob,33
sentnob,28
sentnob,58
sentnob,26
sentnob,63
sentnob,54
sentnob,27
sentnob,24
sentnob,37
sentnob,28
sentnob,30
sentnob,50
sentnob,28
sentnob,53
sentnob,39
sentnob,33
sentnob,41
sentnob,24
sentnob,88
sentnob,25
sentnob,40
sentnob,68
sentnob,36
sentnob,50
sentnob,17
sentnob,93
sentnob,138
sentnob,35
sentnob,18
sentnob,67
sentnob,20
sentnob,40
sentnob,106
sentnob,34
sentnob,24
sentnob,35
sentnob,19
sentnob,29
sentnob,65
sentnob,59
sentnob,38
sentnob,48
sentnob,14
sentnob,19
sentnob,128
sentnob,49
sentnob,18
sentnob,38
sentnob,25
sentnob,20
sentnob,45
sentnob,50
sentnob,20
sentnob,143
sentnob,112
sentnob,19
sentnob,35
sentnob,32
sentnob,47
sentnob,38
sentnob,84
sentnob,19
sentnob,43
sentnob,21
sentnob,53
sentnob,132
sentnob,78
sentnob,24
sentnob,31
sentnob,18
sentnob,24
sentnob,44
sentnob,67
sentnob,53
sentnob,79
sentnob,90
sentnob,15
sentnob,31
sentnob,37
sentnob,79
sentnob,77
sentnob,77
sentnob,135
sentnob,48
sentnob,61
sentnob,134
sentnob,105
sentnob,48
sentnob,29
sentnob,20
sentnob,59
sentnob,23
sentnob,107
sentnob,54
sentnob,28
sentnob,68
sentnob,29
sentnob,79
sentnob,72
sentnob,66
sentnob,34
sentnob,38
sentnob,41
sentnob,53
sentnob,157
sentnob,51
sentnob,18
sentnob,70
sentnob,34
sentnob,19
sentnob,40
sentnob,45
sentnob,61
sentnob,20
sentnob,33
sentnob,82
sentnob,90
sentnob,28
sentnob,103
sentnob,41
sentnob,87
sentnob,52
sentnob,26
sentnob,25
sentnob,164
sentnob,44
sentnob,33
sentnob,13
sentnob,37
sentnob,111
sentnob,54
sentnob,25
sentnob,51
sentnob,92
sentnob,16
sentnob,24
sentnob,45
sentnob,23
sentnob,134
sentnob,76
sentnob,47
sentnob,21
sentnob,43
sentnob,49
sentnob,90
sentnob,31
sentnob,18
sentnob,39
sentnob,55
sentnob,109
sentnob,52
sentnob,78
sentnob,19
sentnob,50
sentnob,35
sentnob,71
sentnob,25
sentnob,71
sentnob,93
sentnob,84
sentnob,26
sentnob,24
sentnob,25
sentnob,19
sentnob,99
sentnob,20
sentnob,27
sentnob,20
sentnob,78
sentnob,26
sentnob,87
sentnob,22
sentnob,16
sentnob,100
sentnob,50
sentnob,61
sentnob,21
sentnob,32
sentnob,29
sentnob,24
sentnob,26
sentnob,38
sentnob,90
sentnob,74
sentnob,24
sentnob,116
sentnob,27
sentnob,72
sentnob,52
sentnob,74
sentnob,22
sentnob,144
sentnob,22
sentnob,29
sentnob,57
sentnob,100
sentnob,29
sentnob,16
sentnob,131
sentnob,51
sentnob,91
sentnob,18
sentnob,33
sentnob,68
sentnob,40
sentnob,76
sentnob,48
sentnob,119
sentnob,22
sentnob,42
sentnob,41
sentnob,55
sentnob,27
sentnob,74
sentnob,17
sentnob,43
sentnob,72
sentnob,80
sentnob,79
sentnob,48
sentnob,27
sentnob,93
sentnob,79
sentnob,104
sentnob,19
sentnob,21
sentnob,24
sentnob,49
sentnob,62
sentnob,82
sentnob,23
sentnob,38
sentnob,26
sentnob,41
sentnob,43
sentnob,56
sentnob,62
sentnob,37
sentnob,30
sentnob,157
sentnob,71
sentnob,46
sentnob,130
sentnob,75
sentnob,31
sentnob,92
sentnob,73
sentnob,17
sentnob,40
sentnob,22
sentnob,54
sentnob,64
sentnob,33
sentnob,71
sentnob,22
sentnob,50
sentnob,21
sentnob,58
sentnob,25
sentnob,58
sentnob,98
sentnob,34
sentnob,33
sentnob,19
sentnob,30
sentnob,102
sentnob,31
sentnob,138
sentnob,144
sentnob,142
sentnob,32
sentnob,89
sentnob,112
sentnob,29
sentnob,54
sentnob,28
sentnob,91
sentnob,37
sentnob,22
sentnob,80
sentnob,19
sentnob,39
sentnob,23
sentnob,65
sentnob,32
sentnob,29
sentnob,57
sentnob,57
sentnob,40
sentnob,20
sentnob,20
sentnob,21
sentnob,35
sentnob,50
sentnob,22
sentnob,74
sentnob,50
sentnob,57
sentnob,45
sentnob,78
sentnob,18
sentnob,28
sentnob,91
sentnob,29
sentnob,21
sentnob,40
sentnob,39
sentnob,70
sentnob,56
sentnob,40
sentnob,69
sentnob,41
sentnob,64
sentnob,58
sentnob,74
sentnob,95
sentnob,44
sentnob,129
sentnob,19
sentnob,36
sentnob,22
sentnob,71
sentnob,42
sentnob,149
sentnob,38
sentnob,38
sentnob,59
sentnob,50
sentnob,63
sentnob,36
sentnob,31
sentnob,45
sentnob,21
sentnob,42
sentnob,48
sentnob,73
sentnob,52
sentnob,15
sentnob,39
sentnob,18
sentnob,67
sentnob,33
sentnob,27
sentnob,26
sentnob,36
sentnob,34
sentnob,140
sentnob,18
sentnob,29
sentnob,18
sentnob,38
sentnob,29
sentnob,54
sentnob,135
sentnob,51
sentnob,27
sentnob,92
sentnob,66
sentnob,30
sentnob,37
sentnob,70
sentnob,37
sentnob,65
sentnob,80
sentnob,50
sentnob,180
sentnob,56
sentnob,26
sentnob,29
sentnob,19
sentnob,22
sentnob,45
sentnob,21
sentnob,60
sentnob,106
sentnob,23
sentnob,61
sentnob,36
sentnob,87
sentnob,22
sentnob,79
sentnob,63
sentnob,143
sentnob,29
sentnob,29
sentnob,67
sentnob,76
sentnob,70
sentnob,53
sentnob,23
sentnob,21
sentnob,59
sentnob,26
sentnob,27
sentnob,21
sentnob,111
sentnob,67
sentnob,20
sentnob,18
sentnob,40
sentnob,23
sentnob,39
sentnob,69
sentnob,98
sentnob,14
sentnob,51
sentnob,113
sentnob,29
sentnob,141
sentnob,65
sentnob,20
sentnob,32
sentnob,91
sentnob,36
sentnob,44
sentnob,79
sentnob,96
sentnob,56
sentnob,71
sentnob,65
sentnob,92
sentnob,31
sentnob,59
sentnob,99
sentnob,46
sentnob,76
sentnob,19
sentnob,36
sentnob,143
sentnob,100
sentnob,40
sentnob,93
sentnob,27
sentnob,52
sentnob,23
sentnob,24
sentnob,45
sentnob,72
sentnob,76
sentnob,82
sentnob,29
sentnob,15
sentnob,20
sentnob,64
sentnob,19
sentnob,20
sentnob,42
sentnob,38
sentnob,71
sentnob,81
sentnob,78
sentnob,26
sentnob,48
sentnob,112
sentnob,33
sentnob,61
sentnob,104
sentnob,45
sentnob,55
sentnob,95
sentnob,48
sentnob,63
sentnob,22
sentnob,40
sentnob,20
sentnob,32
sentnob,44
sentnob,31
sentnob,37
sentnob,73
sentnob,85
sentnob,95
sentnob,26
sentnob,23
sentnob,35
sentnob,43
sentnob,25
sentnob,58
sentnob,34
sentnob,59
sentnob,26
sentnob,33
sentnob,48
sentnob,27
sentnob,39
sentnob,17
sentnob,41
sentnob,24
sentnob,23
sentnob,94
sentnob,19
sentnob,34
sentnob,51
sentnob,34
sentnob,57
sentnob,57
sentnob,123
sentnob,28
sentnob,44
sentnob,53
sentnob,58
sentnob,26
sentnob,17
sentnob,22
sentnob,53
sentnob,25
sentnob,31
sentnob,57
sentnob,24
sentnob,22
sentnob,73
sentnob,106
sentnob,41
sentnob,128
sentnob,61
sentnob,114
sentnob,84
sentnob,25
sentnob,15
sentnob,118
sentnob,39
sentnob,91
sentnob,24
sentnob,81
sentnob,71
sentnob,29
sentnob,109
sentnob,18
sentnob,35
sentnob,111
sentnob,25
sentnob,23
sentnob,167
sentnob,60
sentnob,16
sentnob,29
sentnob,31
sentnob,63
sentnob,55
sentnob,22
sentnob,81
sentnob,94
sentnob,41
sentnob,54
sentnob,21
sentnob,27
sentnob,17
sentnob,46
sentnob,84
sentnob,56
sentnob,26
sentnob,49
sentnob,42
sentnob,34
sentnob,54
sentnob,91
sentnob,91
sentnob,28
sentnob,107
sentnob,99
sentnob,74
sentnob,73
sentnob,24
sentnob,17
sentnob,48
sentnob,73
sentnob,29
sentnob,30
sentnob,17
sentnob,69
sentnob,22
sentnob,22
sentnob,70
sentnob,48
sentnob,143
sentnob,21
sentnob,20
sentnob,26
sentnob,67
sentnob,21
sentnob,49
sentnob,152
sentnob,156
sentnob,32
sentnob,37
sentnob,66
sentnob,27
sentnob,48
sentnob,25
sentnob,23
sentnob,82
sentnob,25
sentnob,43
sentnob,52
sentnob,131
sentnob,19
sentnob,130
sentnob,31
sentnob,49
sentnob,20
sentnob,97
sentnob,112
sentnob,30
sentnob,67
sentnob,49
sentnob,42
sentnob,28
sentnob,24
sentnob,45
sentnob,85
sentnob,33
sentnob,45
sentnob,49
sentnob,44
sentnob,27
sentnob,17
sentnob,93
sentnob,21
sentnob,43
sentnob,18
sentnob,21
sentnob,101
sentnob,42
sentnob,171
sentnob,19
sentnob,46
sentnob,24
sentnob,17
sentnob,89
sentnob,78
sentnob,133
sentnob,79
sentnob,18
sentnob,38
sentnob,23
sentnob,33
sentnob,21
sentnob,55
sentnob,101
sentnob,84
sentnob,55
sentnob,143
sentnob,24
sentnob,38
sentnob,132
sentnob,56
sentnob,57
sentnob,58
sentnob,49
sentnob,43
sentnob,31
sentnob,90
sentnob,23
sentnob,39
sentnob,90
sentnob,30
sentnob,19
sentnob,114
sentnob,41
sentnob,40
sentnob,35
sentnob,21
sentnob,30
sentnob,48
sentnob,23
sentnob,104
sentnob,27
sentnob,38
sentnob,27
sentnob,189
sentnob,71
sentnob,23
sentnob,19
sentnob,35
sentnob,71
sentnob,20
sentnob,50
sentnob,117
sentnob,118
sentnob,21
sentnob,57
sentnob,44
sentnob,142
sentnob,90
sentnob,56
sentnob,116
sentnob,26
sentnob,31
sentnob,27
sentnob,41
sentnob,64
sentnob,14
sentnob,110
sentnob,122
sentnob,21
sentnob,46
sentnob,50
sentnob,69
sentnob,41
sentnob,77
sentnob,28
sentnob,19
sentnob,25
sentnob,18
sentnob,64
sentnob,51
sentnob,32
sentnob,20
sentnob,17
sentnob,39
sentnob,67
sentnob,79
sentnob,27
sentnob,22
sentnob,18
sentnob,151
sentnob,22
sentnob,16
sentnob,21
sentnob,26
sentnob,25
sentnob,50
sentnob,35
sentnob,53
sentnob,20
sentnob,19
sentnob,33
sentnob,56
sentnob,20
sentnob,81
sentnob,29
sentnob,134
sentnob,35
sentnob,32
sentnob,20
sentnob,28
sentnob,50
sentnob,45
sentnob,23
sentnob,63
sentnob,69
sentnob,48
sentnob,21
sentnob,45
sentnob,33
sentnob,79
sentnob,59
sentnob,76
sentnob,20
sentnob,37
sentnob,18
sentnob,27
sentnob,22
sentnob,55
sentnob,70
sentnob,24
sentnob,71
sentnob,78
sentnob,68
sentnob,163
sentnob,127
sentnob,26
sentnob,62
sentnob,29
sentnob,38
sentnob,57
sentnob,33
sentnob,118
sentnob,45
sentnob,88
sentnob,17
sentnob,23
sentnob,63
sentnob,63
sentnob,21
sentnob,18
sentnob,71
sentnob,42
sentnob,65
sentnob,30
sentnob,31
sentnob,37
sentnob,25
sentnob,85
sentnob,53
sentnob,47
sentnob,133
sentnob,14
sentnob,49
sentnob,80
sentnob,53
sentnob,34
sentnob,22
sentnob,30
sentnob,26
sentnob,114
sentnob,20
sentnob,18
sentnob,24
sentnob,62
sentnob,33
sentnob,57
sentnob,91
sentnob,27
sentnob,44
sentnob,79
sentnob,102
sentnob,42
sentnob,44
sentnob,27
sentnob,21
sentnob,86
sentnob,21
sentnob,22
sentnob,46
sentnob,76
sentnob,165
sentnob,130
sentnob,23
sentnob,48
sentnob,24
sentnob,28
sentnob,33
sentnob,18
sentnob,62
sentnob,132
sentnob,111
sentnob,52
sentnob,73
sentnob,59
sentnob,66
sentnob,176
sentnob,24
sentnob,18
sentnob,25
sentnob,19
sentnob,63
sentnob,41
sentnob,52
sentnob,46
sentnob,76
sentnob,119
sentnob,47
sentnob,56
sentnob,72
sentnob,151
sentnob,77
sentnob,48
sentnob,44
sentnob,20
sentnob,17
sentnob,123
sentnob,144
sentnob,38
sentnob,44
sentnob,52
sentnob,160
sentnob,26
sentnob,24
sentnob,59
sentnob,88
sentnob,52
sentnob,32
sentnob,28
sentnob,65
sentnob,47
sentnob,137
sentnob,79
sentnob,44
sentnob,31
sentnob,51
sentnob,28
sentnob,23
sentnob,25
sentnob,51
sentnob,91
sentnob,71
sentnob,183
sentnob,126
sentnob,85
sentnob,105
sentnob,116
sentnob,71
sentnob,84
sentnob,22
sentnob,24
sentnob,157
sentnob,114
sentnob,18
sentnob,98
sentnob,52
sentnob,19
sentnob,29
sentnob,20
sentnob,32
sentnob,103
sentnob,31
sentnob,61
sentnob,37
sentnob,35
sentnob,25
sentnob,40
sentnob,38
sentnob,140
sentnob,50
sentnob,32
sentnob,64
sentnob,51
sentnob,33
sentnob,43
sentnob,39
sentnob,68
sentnob,31
sentnob,40
sentnob,96
sentnob,35
sentnob,34
sentnob,28
sentnob,42
sentnob,59
sentnob,96
sentnob,59
sentnob,95
sentnob,41
sentnob,42
sentnob,35
sentnob,43
sentnob,51
sentnob,22
sentnob,21
sentnob,33
sentnob,34
sentnob,63
sentnob,40
sentnob,23
sentnob,56
sentnob,61
sentnob,16
sentnob,26
sentnob,135
sentnob,89
sentnob,31
sentnob,22
sentnob,27
sentnob,21
sentnob,131
sentnob,54
sentnob,85
sentnob,61
sentnob,149
sentnob,31
sentnob,59
sentnob,91
sentnob,89
sentnob,62
sentnob,32
sentnob,96
sentnob,47
sentnob,101
sentnob,90
sentnob,20
sentnob,20
sentnob,34
sentnob,142
sentnob,32
sentnob,31
sentnob,31
sentnob,151
sentnob,58
sentnob,37
sentnob,32
sentnob,20
sentnob,21
sentnob,22
sentnob,19
sentnob,24
sentnob,53
sentnob,22
sentnob,31
sentnob,58
sentnob,20
sentnob,20
sentnob,101
sentnob,48
sentnob,39
sentnob,119
sentnob,24
sentnob,31
sentnob,21
sentnob,97
sentnob,32
sentnob,18
sentnob,120
sentnob,117
sentnob,38
sentnob,46
sentnob,16
sentnob,18
sentnob,21
sentnob,104
sentnob,30
sentnob,78
sentnob,31
sentnob,40
sentnob,25
sentnob,25
sentnob,61
sentnob,28
sentnob,75
sentnob,36
sentnob,47
sentnob,86
sentnob,28
sentnob,26
sentnob,62
sentnob,68
sentnob,29
sentnob,112
sentnob,46
sentnob,68
sentnob,126
sentnob,77
sentnob,145
sentnob,134
sentnob,55
sentnob,46
sentnob,58
sentnob,138
sentnob,84
sentnob,83
sentnob,24
sentnob,41
sentnob,37
sentnob,24
sentnob,82
sentnob,78
sentnob,73
sentnob,17
sentnob,30
sentnob,36
sentnob,47
sentnob,126
sentnob,86
sentnob,49
sentnob,19
sentnob,55
sentnob,47
sentnob,37
sentnob,38
sentnob,18
sentnob,44
sentnob,28
sentnob,127
sentnob,25
sentnob,56
sentnob,30
sentnob,79
sentnob,52
sentnob,31
sentnob,66
sentnob,15
sentnob,23
sentnob,130
sentnob,58
sentnob,28
sentnob,82
sentnob,45
sentnob,71
sentnob,37
sentnob,53
sentnob,59
sentnob,44
sentnob,71
sentnob,25
sentnob,19
sentnob,40
sentnob,16
sentnob,25
sentnob,70
sentnob,35
sentnob,111
sentnob,17
sentnob,18
sentnob,187
sentnob,28
sentnob,108
sentnob,53
sentnob,36
sentnob,62
sentnob,80
sentnob,67
sentnob,28
sentnob,148
sentnob,116
sentnob,75
sentnob,150
sentnob,22
sentnob,33
sentnob,23
sentnob,64
sentnob,19
sentnob,54
sentnob,86
sentnob,34
sentnob,65
sentnob,24
sentnob,52
sentnob,113
sentnob,63
sentnob,67
sentnob,28
sentnob,66
sentnob,16
sentnob,104
sentnob,34
sentnob,36
sentnob,72
sentnob,26
sentnob,151
sentnob,26
sentnob,84
sentnob,137
sentnob,20
sentnob,52
sentnob,42
sentnob,44
sentnob,95
sentnob,48
sentnob,67
sentnob,51
sentnob,54
sentnob,24
sentnob,85
sentnob,104
sentnob,76
sentnob,35
sentnob,21
sentnob,37
sentnob,152
sentnob,33
sentnob,39
sentnob,75
sentnob,21
sentnob,44
sentnob,27
sentnob,97
sentnob,25
sentnob,34
sentnob,40
sentnob,99
sentnob,96
sentnob,22
sentnob,67
sentnob,61
sentnob,44
sentnob,59
sentnob,26
sentnob,24
sentnob,83
sentnob,79
sentnob,19
sentnob,31
sentnob,94
sentnob,36
sentnob,62
sentnob,49
sentnob,33
sentnob,22
sentnob,34
sentnob,37
sentnob,36
sentnob,31
sentnob,47
sentnob,27
sentnob,67
sentnob,169
sentnob,143
sentnob,80
sentnob,45
sentnob,28
sentnob,48
sentnob,87
sentnob,31
sentnob,27
sentnob,56
sentnob,57
sentnob,47
sentnob,114
sentnob,57
sentnob,70
sentnob,44
sentnob,64
sentnob,19
sentnob,46
sentnob,60
sentnob,29
sentnob,58
sentnob,48
sentnob,20
sentnob,79
sentnob,64
sentnob,51
sentnob,32
sentnob,31
sentnob,80
sentnob,89
sentnob,43
sentnob,35
sentnob,40
sentnob,37
sentnob,23
sentnob,34
sentnob,32
sentnob,98
sentnob,37
sentnob,28
sentnob,93
sentnob,31
sentnob,34
sentnob,138
sentnob,24
sentnob,70
sentnob,17
sentnob,141
sentnob,28
sentnob,53
sentnob,124
sentnob,70
sentnob,32
sentnob,15
sentnob,72
sentnob,101
sentnob,65
sentnob,54
sentnob,42
sentnob,47
sentnob,22
sentnob,73
sentnob,60
sentnob,41
sentnob,61
sentnob,70
sentnob,111
sentnob,40
sentnob,40
sentnob,73
sentnob,29
sentnob,47
sentnob,78
sentnob,25
sentnob,85
sentnob,48
sentnob,25
sentnob,62
sentnob,184
sentnob,22
sentnob,24
sentnob,34
sentnob,52
sentnob,56
sentnob,74
sentnob,18
sentnob,33
sentnob,71
sentnob,38
sentnob,32
sentnob,21
sentnob,28
sentnob,58
sentnob,99
sentnob,101
sentnob,28
sentnob,78
sentnob,32
sentnob,55
sentnob,91
sentnob,65
sentnob,41
sentnob,86
sentnob,71
sentnob,20
sentnob,143
sentnob,22
sentnob,34
sentnob,24
sentnob,70
sentnob,30
sentnob,65
sentnob,24
sentnob,59
sentnob,26
sentnob,18
sentnob,67
sentnob,79
sentnob,26
sentnob,88
sentnob,38
sentnob,74
sentnob,93
sentnob,80
sentnob,74
sentnob,53
sentnob,50
sentnob,15
sentnob,124
sentnob,22
sentnob,91
sentnob,125
sentnob,57
sentnob,63
sentnob,104
sentnob,118
sentnob,64
sentnob,117
sentnob,51
sentnob,70
sentnob,52
sentnob,108
sentnob,21
sentnob,134
sentnob,18
sentnob,111
sentnob,28
sentnob,39
sentnob,25
sentnob,131
sentnob,86
sentnob,23
sentnob,81
sentnob,27
sentnob,14
sentnob,61
sentnob,35
sentnob,70
sentnob,70
sentnob,33
sentnob,17
sentnob,64
sentnob,147
sentnob,59
sentnob,17
sentnob,32
sentnob,112
sentnob,59
sentnob,59
sentnob,30
sentnob,50
sentnob,166
sentnob,21
sentnob,43
sentnob,72
sentnob,61
sentnob,19
sentnob,129
sentnob,67
sentnob,28
sentnob,68
sentnob,50
sentnob,38
sentnob,99
sentnob,46
sentnob,95
sentnob,33
sentnob,53
sentnob,32
sentnob,19
sentnob,43
sentnob,45
sentnob,70
sentnob,40
sentnob,15
sentnob,27
sentnob,46
sentnob,22
sentnob,55
sentnob,42
sentnob,56
sentnob,87
sentnob,31
sentnob,86
sentnob,18
sentnob,45
sentnob,106
sentnob,20
sentnob,63
sentnob,34
sentnob,78
sentnob,102
sentnob,40
sentnob,59
sentnob,26
sentnob,21
sentnob,31
sentnob,29
sentnob,53
sentnob,55
sentnob,40
sentnob,39
sentnob,91
sentnob,18
sentnob,173
sentnob,115
sentnob,50
sentnob,83
sentnob,27
sentnob,46
sentnob,117
sentnob,60
sentnob,51
sentnob,76
sentnob,21
sentnob,53
sentnob,51
sentnob,78
sentnob,22
sentnob,35
sentnob,52
sentnob,22
sentnob,24
sentnob,100
sentnob,22
sentnob,19
sentnob,56
sentnob,67
sentnob,104
sentnob,31
sentnob,16
sentnob,38
sentnob,47
sentnob,48
sentnob,29
sentnob,39
sentnob,101
sentnob,33
sentnob,42
sentnob,39
sentnob,63
sentnob,48
sentnob,82
sentnob,24
sentnob,42
sentnob,23
sentnob,47
sentnob,20
sentnob,54
sentnob,49
sentnob,131
sentnob,93
sentnob,96
sentnob,47
sentnob,46
sentnob,18
sentnob,22
sentnob,71
sentnob,86
sentnob,43
sentnob,14
sentnob,25
sentnob,41
sentnob,62
sentnob,119
sentnob,61
sentnob,34
sentnob,39
sentnob,50
sentnob,45
sentnob,172
sentnob,144
sentnob,32
sentnob,24
sentnob,20
sentnob,25
sentnob,82
sentnob,176
sentnob,43
sentnob,81
sentnob,21
sentnob,20
sentnob,37
sentnob,37
sentnob,19
sentnob,22
sentnob,23
sentnob,24
sentnob,119
sentnob,17
sentnob,99
sentnob,26
sentnob,95
sentnob,53
sentnob,17
sentnob,53
sentnob,37
sentnob,18
sentnob,37
sentnob,22
sentnob,60
sentnob,30
sentnob,46
sentnob,55
sentnob,24
sentnob,17
sentnob,19
sentnob,45
sentnob,35
sentnob,24
sentnob,73
sentnob,35
sentnob,33
sentnob,39
sentnob,42
sentnob,31
sentnob,21
sentnob,106
sentnob,45
sentnob,46
sentnob,82
sentnob,154
sentnob,13
sentnob,18
sentnob,32
sentnob,44
sentnob,17
sentnob,32
sentnob,98
sentnob,27
sentnob,46
sentnob,24
sentnob,85
sentnob,76
sentnob,101
sentnob,26
sentnob,30
sentnob,47
sentnob,54
sentnob,36
sentnob,48
sentnob,22
sentnob,36
sentnob,39
sentnob,103
sentnob,23
sentnob,57
sentnob,73
sentnob,31
sentnob,92
sentnob,16
sentnob,20
sentnob,55
sentnob,53
sentnob,25
sentnob,156
sentnob,34
sentnob,151
sentnob,143
sentnob,149
sentnob,19
sentnob,61
sentnob,25
sentnob,27
sentnob,86
sentnob,67
sentnob,179
sentnob,33
sentnob,31
sentnob,68
sentnob,95
sentnob,84
sentnob,37
sentnob,48
sentnob,48
sentnob,28
sentnob,20
sentnob,115
sentnob,26
sentnob,66
sentnob,54
sentnob,46
sentnob,48
sentnob,84
sentnob,32
sentnob,59
sentnob,41
sentnob,65
sentnob,114
sentnob,70
sentnob,49
sentnob,34
sentnob,60
sentnob,56
sentnob,31
sentnob,86
sentnob,15
sentnob,26
sentnob,43
sentnob,48
sentnob,80
sentnob,39
sentnob,63
sentnob,45
sentnob,36
sentnob,38
sentnob,32
sentnob,41
sentnob,30
sentnob,37
sentnob,74
sentnob,32
sentnob,51
sentnob,44
sentnob,151
sentnob,24
sentnob,161
sentnob,38
sentnob,40
sentnob,23
sentnob,47
sentnob,39
sentnob,26
sentnob,33
sentnob,25
sentnob,28
sentnob,58
sentnob,28
sentnob,19
sentnob,36
sentnob,20
sentnob,28
sentnob,25
sentnob,15
sentnob,71
sentnob,80
sentnob,19
sentnob,151
sentnob,61
sentnob,18
sentnob,34
sentnob,38
sentnob,120
sentnob,48
sentnob,75
sentnob,132
sentnob,87
sentnob,80
sentnob,128
sentnob,32
sentnob,31
sentnob,20
sentnob,33
sentnob,86
sentnob,32
sentnob,117
sentnob,40
sentnob,112
sentnob,94
sentnob,30
sentnob,59
sentnob,35
sentnob,18
sentnob,68
sentnob,18
sentnob,51
sentnob,82
sentnob,107
sentnob,63
sentnob,43
sentnob,82
sentnob,24
sentnob,30
sentnob,82
sentnob,38
sentnob,88
sentnob,53
sentnob,21
sentnob,50
sentnob,21
sentnob,24
sentnob,62
sentnob,45
sentnob,69
sentnob,59
sentnob,59
sentnob,93
sentnob,90
sentnob,32
sentnob,49
sentnob,42
sentnob,71
sentnob,145
sentnob,82
sentnob,130
sentnob,32
sentnob,157
sentnob,38
sentnob,43
sentnob,56
sentnob,109
sentnob,44
sentnob,41
sentnob,21
sentnob,94
sentnob,43
sentnob,30
sentnob,47
sentnob,26
sentnob,31
sentnob,31
sentnob,48
sentnob,22
sentnob,106
sentnob,75
sentnob,49
sentnob,60
sentnob,29
sentnob,54
sentnob,14
sentnob,39
sentnob,18
sentnob,52
sentnob,40
sentnob,149
sentnob,35
sentnob,76
sentnob,52
sentnob,34
sentnob,34
sentnob,151
sentnob,29
sentnob,48
sentnob,24
sentnob,62
sentnob,34
sentnob,34
sentnob,25
sentnob,130
sentnob,67
sentnob,23
sentnob,28
sentnob,31
sentnob,30
sentnob,58
sentnob,45
sentnob,150
sentnob,97
sentnob,61
sentnob,40
sentnob,59
sentnob,55
sentnob,24
sentnob,167
sentnob,17
sentnob,43
sentnob,46
sentnob,68
sentnob,25
sentnob,27
sentnob,58
sentnob,68
sentnob,22
sentnob,22
sentnob,48
sentnob,100
sentnob,108
sentnob,131
sentnob,25
sentnob,43
sentnob,76
sentnob,41
sentnob,54
sentnob,63
sentnob,20
sentnob,59
sentnob,84
sentnob,44
sentnob,57
sentnob,34
sentnob,33
sentnob,45
sentnob,18
sentnob,44
sentnob,186
sentnob,59
sentnob,51
sentnob,24
sentnob,21
sentnob,86
sentnob,76
sentnob,23
sentnob,62
sentnob,26
sentnob,77
sentnob,36
sentnob,20
sentnob,54
sentnob,61
sentnob,54
sentnob,24
sentnob,78
sentnob,36
sentnob,76
sentnob,20
sentnob,35
sentnob,21
sentnob,22
sentnob,38
sentnob,38
sentnob,31
sentnob,54
sentnob,20
sentnob,19
sentnob,54
sentnob,24
sentnob,30
sentnob,46
sentnob,107
sentnob,30
sentnob,18
sentnob,48
sentnob,69
sentnob,38
sentnob,36
sentnob,36
sentnob,24
sentnob,44
sentnob,43
sentnob,34
sentnob,20
sentnob,44
sentnob,60
sentnob,41
sentnob,159
sentnob,84
sentnob,60
sentnob,43
sentnob,81
sentnob,146
sentnob,22
sentnob,85
sentnob,29
sentnob,32
sentnob,117
sentnob,115
sentnob,32
sentnob,28
sentnob,87
sentnob,73
sentnob,20
sentnob,44
sentnob,27
sentnob,46
sentnob,71
sentnob,36
sentnob,28
sentnob,122
sentnob,105
sentnob,47
sentnob,65
sentnob,39
sentnob,23
sentnob,33
sentnob,28
sentnob,41
sentnob,80
sentnob,31
sentnob,16
sentnob,22
sentnob,67
sentnob,30
sentnob,44
sentnob,37
sentnob,70
sentnob,47
sentnob,52
sentnob,20
sentnob,48
sentnob,87
sentnob,124
sentnob,35
sentnob,20
sentnob,117
sentnob,76
sentnob,60
sentnob,32
sentnob,68
sentnob,163
sentnob,50
sentnob,150
sentnob,70
sentnob,36
sentnob,36
sentnob,69
sentnob,42
sentnob,30
sentnob,44
sentnob,61
sentnob,32
sentnob,92
sentnob,106
sentnob,73
sentnob,65
sentnob,49
sentnob,30
sentnob,48
sentnob,34
sentnob,93
sentnob,25
sentnob,45
sentnob,57
sentnob,29
sentnob,23
sentnob,58
sentnob,55
sentnob,64
sentnob,19
sentnob,33
sentnob,80
sentnob,21
sentnob,18
sentnob,66
sentnob,58
sentnob,29
sentnob,59
sentnob,36
sentnob,38
sentnob,68
sentnob,31
sentnob,117
sentnob,155
sentnob,153
sentnob,45
sentnob,108
sentnob,72
sentnob,35
sentnob,84
sentnob,56
sentnob,21
sentnob,74
sentnob,67
sentnob,53
sentnob,147
sentnob,30
sentnob,79
sentnob,154
sentnob,95
sentnob,83
sentnob,44
sentnob,21
sentnob,42
sentnob,26
sentnob,59
sentnob,75
sentnob,36
sentnob,59
sentnob,23
sentnob,34
sentnob,40
sentnob,25
sentnob,32
sentnob,34
sentnob,26
sentnob,23
sentnob,43
sentnob,34
sentnob,50
sentnob,39
sentnob,26
sentnob,63
sentnob,106
sentnob,18
sentnob,49
sentnob,69
sentnob,69
sentnob,56
sentnob,46
sentnob,34
sentnob,36
sentnob,68
sentnob,44
sentnob,103
sentnob,15
sentnob,44
sentnob,22
sentnob,53
sentnob,50
sentnob,129
sentnob,24
sentnob,19
sentnob,20
sentnob,87
sentnob,67
sentnob,32
sentnob,58
sentnob,15
sentnob,22
sentnob,61
sentnob,84
sentnob,30
sentnob,37
sentnob,35
sentnob,23
sentnob,18
sentnob,27
sentnob,49
sentnob,62
sentnob,38
sentnob,26
sentnob,58
sentnob,46
sentnob,41
sentnob,28
sentnob,110
sentnob,45
sentnob,30
sentnob,25
sentnob,124
sentnob,30
sentnob,56
sentnob,45
sentnob,87
sentnob,42
sentnob,100
sentnob,26
sentnob,43
sentnob,69
sentnob,87
sentnob,21
sentnob,48
sentnob,58
sentnob,19
sentnob,47
sentnob,101
sentnob,62
sentnob,33
sentnob,86
sentnob,36
sentnob,22
sentnob,100
sentnob,61
sentnob,24
sentnob,29
sentnob,145
sentnob,46
sentnob,35
sentnob,34
sentnob,24
sentnob,17
sentnob,26
sentnob,51
sentnob,40
sentnob,49
sentnob,94
sentnob,25
sentnob,29
sentnob,49
sentnob,49
sentnob,18
sentnob,61
sentnob,35
sentnob,18
sentnob,55
sentnob,22
sentnob,42
sentnob,78
sentnob,24
sentnob,41
sentnob,21
sentnob,19
sentnob,20
sentnob,18
sentnob,30
sentnob,28
sentnob,153
sentnob,22
sentnob,38
sentnob,68
sentnob,19
sentnob,34
sentnob,51
sentnob,54
sentnob,29
sentnob,26
sentnob,37
sentnob,25
sentnob,41
sentnob,56
sentnob,35
sentnob,50
sentnob,48
sentnob,41
sentnob,29
sentnob,32
sentnob,53
sentnob,100
sentnob,101
sentnob,65
sentnob,76
sentnob,54
sentnob,91
sentnob,51
sentnob,36
sentnob,36
sentnob,47
sentnob,32
sentnob,25
sentnob,26
sentnob,62
sentnob,37
sentnob,49
sentnob,40
sentnob,68
sentnob,59
sentnob,38
sentnob,70
sentnob,31
sentnob,22
sentnob,102
sentnob,34
sentnob,20
sentnob,17
sentnob,70
sentnob,22
sentnob,31
sentnob,67
sentnob,79
sentnob,37
sentnob,18
sentnob,124
sentnob,75
sentnob,23
sentnob,27
sentnob,22
sentnob,30
sentnob,46
sentnob,25
sentnob,23
sentnob,96
sentnob,131
sentnob,31
sentnob,23
sentnob,125
sentnob,33
sentnob,18
sentnob,22
sentnob,23
sentnob,23
sentnob,27
sentnob,60
sentnob,94
sentnob,43
sentnob,29
sentnob,20
sentnob,38
sentnob,19
sentnob,99
sentnob,69
sentnob,116
sentnob,19
sentnob,46
sentnob,66
sentnob,40
sentnob,31
sentnob,56
sentnob,21
sentnob,27
sentnob,131
sentnob,45
sentnob,61
sentnob,26
sentnob,104
sentnob,33
sentnob,31
sentnob,40
sentnob,30
sentnob,52
sentnob,25
sentnob,77
sentnob,24
sentnob,80
sentnob,27
sentnob,30
sentnob,35
sentnob,44
sentnob,78
sentnob,31
sentnob,107
sentnob,21
sentnob,23
sentnob,18
sentnob,18
sentnob,93
sentnob,26
sentnob,37
sentnob,32
sentnob,27
sentnob,66
sentnob,18
sentnob,14
sentnob,86
sentnob,22
sentnob,140
sentnob,52
sentnob,127
sentnob,16
sentnob,47
sentnob,173
sentnob,65
sentnob,29
sentnob,66
sentnob,62
sentnob,100
sentnob,28
sentnob,53
sentnob,67
sentnob,27
sentnob,56
sentnob,52
sentnob,60
sentnob,82
sentnob,56
sentnob,57
sentnob,21
sentnob,76
sentnob,50
sentnob,100
sentnob,150
sentnob,45
sentnob,59
sentnob,172
sentnob,19
sentnob,29
sentnob,31
sentnob,25
sentnob,160
sentnob,147
sentnob,41
sentnob,27
sentnob,21
sentnob,47
sentnob,49
sentnob,72
sentnob,89
sentnob,25
sentnob,22
sentnob,45
sentnob,32
sentnob,33
sentnob,22
sentnob,115
sentnob,22
sentnob,22
sentnob,97
sentnob,128
sentnob,38
sentnob,85
sentnob,82
sentnob,59
sentnob,90
sentnob,96
sentnob,106
sentnob,47
sentnob,29
sentnob,96
sentnob,72
sentnob,20
sentnob,17
sentnob,17
sentnob,30
sentnob,40
sentnob,53
sentnob,20
sentnob,26
sentnob,21
sentnob,38
sentnob,29
sentnob,89
sentnob,37
sentnob,81
sentnob,77
sentnob,32
sentnob,52
sentnob,19
sentnob,38
sentnob,54
sentnob,201
sentnob,88
sentnob,46
sentnob,40
sentnob,18
sentnob,50
sentnob,36
sentnob,83
sentnob,46
sentnob,46
sentnob,43
sentnob,23
sentnob,48
sentnob,26
sentnob,18
sentnob,30
sentnob,52
sentnob,31
sentnob,19
sentnob,80
sentnob,43
sentnob,41
sentnob,42
sentnob,58
sentnob,40
sentnob,124
sentnob,25
sentnob,46
sentnob,27
sentnob,19
sentnob,29
sentnob,34
sentnob,20
sentnob,37
sentnob,70
sentnob,111
sentnob,53
sentnob,28
sentnob,161
sentnob,92
sentnob,22
sentnob,41
sentnob,40
sentnob,33
sentnob,20
sentnob,43
sentnob,23
sentnob,36
sentnob,56
sentnob,29
sentnob,100
sentnob,51
sentnob,28
sentnob,120
sentnob,28
sentnob,21
sentnob,18
sentnob,102
sentnob,92
sentnob,29
sentnob,70
sentnob,22
sentnob,108
sentnob,55
sentnob,46
sentnob,29
sentnob,37
sentnob,16
sentnob,16
sentnob,128
sentnob,64
sentnob,37
sentnob,30
sentnob,26
sentnob,71
sentnob,30
sentnob,27
sentnob,70
sentnob,33
sentnob,43
sentnob,41
sentnob,65
sentnob,48
sentnob,129
sentnob,28
sentnob,92
sentnob,67
sentnob,22
sentnob,33
sentnob,46
sentnob,26
sentnob,88
sentnob,20
sentnob,20
sentnob,32
sentnob,56
sentnob,27
sentnob,20
sentnob,49
sentnob,42
sentnob,28
sentnob,73
sentnob,33
sentnob,39
sentnob,92
sentnob,58
sentnob,82
sentnob,37
sentnob,22
sentnob,50
sentnob,46
sentnob,22
sentnob,42
sentnob,93
sentnob,88
sentnob,111
sentnob,49
sentnob,38
sentnob,21
sentnob,42
sentnob,84
sentnob,25
sentnob,125
sentnob,60
sentnob,33
sentnob,29
sentnob,39
sentnob,38
sentnob,18
sentnob,92
sentnob,23
sentnob,30
sentnob,49
sentnob,65
sentnob,31
sentnob,107
sentnob,32
sentnob,147
sentnob,66
sentnob,62
sentnob,71
sentnob,30
sentnob,163
sentnob,21
sentnob,44
sentnob,97
sentnob,22
sentnob,75
sentnob,37
sentnob,44
sentnob,27
sentnob,38
sentnob,28
sentnob,42
sentnob,31
sentnob,89
sentnob,28
sentnob,34
sentnob,86
sentnob,53
sentnob,100
sentnob,171
sentnob,109
sentnob,33
sentnob,144
sentnob,53
sentnob,73
sentnob,30
sentnob,23
sentnob,115
sentnob,81
sentnob,83
sentnob,25
sentnob,83
sentnob,62
sentnob,165
sentnob,26
sentnob,42
sentnob,55
sentnob,60
sentnob,27
sentnob,44
sentnob,95
sentnob,38
sentnob,95
sentnob,27
sentnob,38
sentnob,26
sentnob,26
sentnob,72
sentnob,116
sentnob,24
sentnob,20
sentnob,39
sentnob,37
sentnob,49
sentnob,79
sentnob,19
sentnob,56
sentnob,135
sentnob,24
sentnob,45
sentnob,93
sentnob,67
sentnob,24
sentnob,126
sentnob,93
sentnob,171
sentnob,61
sentnob,19
sentnob,111
sentnob,56
sentnob,17
sentnob,30
sentnob,72
sentnob,50
sentnob,18
sentnob,35
sentnob,21
sentnob,159
sentnob,23
sentnob,26
sentnob,47
sentnob,54
sentnob,38
sentnob,84
sentnob,38
sentnob,85
sentnob,18
sentnob,35
sentnob,17
sentnob,37
sentnob,27
sentnob,154
sentnob,68
sentnob,82
sentnob,29
sentnob,25
sentnob,131
sentnob,68
sentnob,111
sentnob,59
sentnob,58
sentnob,34
sentnob,24
sentnob,155
sentnob,17
sentnob,25
sentnob,79
sentnob,55
sentnob,24
sentnob,141
sentnob,86
sentnob,20
sentnob,69
sentnob,31
sentnob,44
sentnob,27
sentnob,96
sentnob,22
sentnob,42
sentnob,28
sentnob,85
sentnob,39
sentnob,20
sentnob,77
sentnob,21
sentnob,20
sentnob,36
sentnob,20
sentnob,90
sentnob,108
sentnob,88
sentnob,26
sentnob,46
sentnob,44
sentnob,53
sentnob,51
sentnob,33
sentnob,43
sentnob,19
sentnob,98
sentnob,39
sentnob,38
sentnob,38
sentnob,101
sentnob,57
sentnob,106
sentnob,22
sentnob,72
sentnob,38
sentnob,37
sentnob,135
sentnob,19
sentnob,49
sentnob,46
sentnob,43
sentnob,31
sentnob,46
sentnob,130
sentnob,43
sentnob,44
sentnob,32
sentnob,73
sentnob,51
sentnob,14
sentnob,114
sentnob,102
sentnob,37
sentnob,25
sentnob,88
sentnob,28
sentnob,40
sentnob,45
sentnob,120
sentnob,101
sentnob,53
sentnob,142
sentnob,46
sentnob,41
sentnob,67
sentnob,45
sentnob,63
sentnob,36
sentnob,25
sentnob,42
sentnob,16
sentnob,42
sentnob,84
sentnob,53
sentnob,22
sentnob,44
sentnob,56
sentnob,54
sentnob,38
sentnob,45
sentnob,55
sentnob,26
sentnob,37
sentnob,63
sentnob,26
sentnob,42
sentnob,116
sentnob,51
sentnob,57
sentnob,35
sentnob,82
sentnob,149
sentnob,45
sentnob,39
sentnob,102
sentnob,32
sentnob,27
sentnob,66
sentnob,51
sentnob,51
sentnob,169
sentnob,73
sentnob,40
sentnob,72
sentnob,28
sentnob,27
sentnob,91
sentnob,39
sentnob,18
sentnob,34
sentnob,27
sentnob,27
sentnob,214
sentnob,50
sentnob,38
sentnob,41
sentnob,28
sentnob,80
sentnob,42
sentnob,84
sentnob,84
sentnob,129
sentnob,91
sentnob,75
sentnob,39
sentnob,37
sentnob,84
sentnob,56
sentnob,22
sentnob,28
sentnob,132
sentnob,67
sentnob,88
sentnob,17
sentnob,73
sentnob,48
sentnob,103
sentnob,28
sentnob,48
sentnob,21
sentnob,31
sentnob,38
sentnob,24
sentnob,26
sentnob,36
sentnob,26
sentnob,20
sentnob,89
sentnob,30
sentnob,54
sentnob,27
sentnob,59
sentnob,20
sentnob,64
sentnob,30
sentnob,91
sentnob,20
sentnob,42
sentnob,36
sentnob,43
sentnob,30
sentnob,21
sentnob,42
sentnob,69
sentnob,35
sentnob,59
sentnob,41
sentnob,166
sentnob,44
sentnob,97
sentnob,34
sentnob,34
sentnob,45
sentnob,26
sentnob,45
sentnob,90
sentnob,74
sentnob,69
sentnob,78
sentnob,38
sentnob,39
sentnob,45
sentnob,90
sentnob,66
sentnob,24
sentnob,35
sentnob,67
sentnob,36
sentnob,41
sentnob,69
sentnob,72
sentnob,16
sentnob,48
sentnob,68
sentnob,45
sentnob,63
sentnob,25
sentnob,23
sentnob,32
sentnob,45
sentnob,57
sentnob,16
sentnob,25
sentnob,74
sentnob,33
sentnob,28
sentnob,46
sentnob,23
sentnob,70
sentnob,99
sentnob,52
sentnob,101
sentnob,40
sentnob,42
sentnob,79
sentnob,21
sentnob,49
sentnob,96
sentnob,146
sentnob,46
sentnob,46
sentnob,34
sentnob,57
sentnob,69
sentnob,94
sentnob,33
sentnob,95
sentnob,54
sentnob,21
sentnob,111
sentnob,22
sentnob,34
sentnob,21
sentnob,116
sentnob,45
sentnob,83
sentnob,53
sentnob,72
sentnob,30
sentnob,33
sentnob,23
sentnob,143
sentnob,83
sentnob,51
sentnob,88
sentnob,17
sentnob,58
sentnob,17
sentnob,60
sentnob,80
sentnob,20
sentnob,55
sentnob,28
sentnob,29
sentnob,74
sentnob,44
sentnob,26
sentnob,66
sentnob,29
sentnob,25
sentnob,25
sentnob,46
sentnob,46
sentnob,83
sentnob,61
sentnob,24
sentnob,44
sentnob,42
sentnob,39
sentnob,68
sentnob,71
sentnob,30
sentnob,23
sentnob,16
sentnob,88
sentnob,130
sentnob,61
sentnob,23
sentnob,91
sentnob,92
sentnob,75
sentnob,29
sentnob,131
sentnob,15
sentnob,69
sentnob,16
sentnob,37
sentnob,29
sentnob,58
sentnob,58
sentnob,51
sentnob,60
sentnob,32
sentnob,46
sentnob,17
sentnob,30
sentnob,147
sentnob,22
sentnob,48
sentnob,44
sentnob,81
sentnob,16
sentnob,39
sentnob,38
sentnob,135
sentnob,43
sentnob,18
sentnob,104
sentnob,64
sentnob,166
sentnob,28
sentnob,30
sentnob,18
sentnob,164
sentnob,45
sentnob,36
sentnob,68
sentnob,20
sentnob,107
sentnob,21
sentnob,34
sentnob,175
sentnob,26
sentnob,42
sentnob,63
sentnob,33
sentnob,96
sentnob,19
sentnob,125
sentnob,17
sentnob,101
sentnob,72
sentnob,88
sentnob,33
sentnob,61
sentnob,25
sentnob,22
sentnob,23
sentnob,37
sentnob,100
sentnob,32
sentnob,66
sentnob,30
sentnob,26
sentnob,29
sentnob,18
sentnob,37
sentnob,104
sentnob,17
sentnob,30
sentnob,172
sentnob,80
sentnob,158
sentnob,22
sentnob,18
sentnob,18
sentnob,24
sentnob,16
sentnob,56
sentnob,68
sentnob,21
sentnob,67
sentnob,35
sentnob,58
sentnob,47
sentnob,28
sentnob,21
sentnob,26
sentnob,22
sentnob,29
sentnob,46
sentnob,113
sentnob,18
sentnob,45
sentnob,24
sentnob,59
sentnob,33
sentnob,26
sentnob,30
sentnob,31
sentnob,45
sentnob,18
sentnob,38
sentnob,76
sentnob,60
sentnob,28
sentnob,40
sentnob,29
sentnob,98
sentnob,21
sentnob,23
sentnob,98
sentnob,82
sentnob,104
sentnob,75
sentnob,59
sentnob,45
sentnob,58
sentnob,132
sentnob,45
sentnob,88
sentnob,138
sentnob,17
sentnob,21
sentnob,143
sentnob,68
sentnob,55
sentnob,55
sentnob,29
sentnob,88
sentnob,23
sentnob,133
sentnob,36
sentnob,23
sentnob,142
sentnob,65
sentnob,20
sentnob,43
sentnob,47
sentnob,113
sentnob,36
sentnob,48
sentnob,189
sentnob,20
sentnob,123
sentnob,89
sentnob,40
sentnob,82
sentnob,165
sentnob,20
sentnob,22
sentnob,110
sentnob,25
sentnob,56
sentnob,31
sentnob,66
sentnob,68
sentnob,59
sentnob,24
sentnob,20
sentnob,132
sentnob,86
sentnob,47
sentnob,65
sentnob,122
sentnob,66
sentnob,23
sentnob,44
sentnob,160
sentnob,49
sentnob,33
sentnob,112
sentnob,48
sentnob,47
sentnob,184
sentnob,22
sentnob,129
sentnob,27
sentnob,33
sentnob,108
sentnob,35
sentnob,24
sentnob,61
sentnob,28
sentnob,25
sentnob,18
sentnob,32
sentnob,21
sentnob,85
sentnob,77
sentnob,33
sentnob,152
sentnob,77
sentnob,36
sentnob,89
sentnob,36
sentnob,14
sentnob,39
sentnob,25
sentnob,62
sentnob,25
sentnob,34
sentnob,19
sentnob,152
sentnob,73
sentnob,30
sentnob,72
sentnob,18
sentnob,20
sentnob,93
sentnob,40
sentnob,82
sentnob,45
sentnob,111
sentnob,89
sentnob,24
sentnob,111
sentnob,42
sentnob,48
sentnob,44
sentnob,21
sentnob,24
sentnob,75
sentnob,133
sentnob,53
sentnob,26
sentnob,76
sentnob,22
sentnob,31
sentnob,31
sentnob,37
sentnob,41
sentnob,20
sentnob,23
sentnob,38
sentnob,57
sentnob,29
sentnob,81
sentnob,27
sentnob,48
sentnob,41
sentnob,29
sentnob,45
sentnob,55
sentnob,86
sentnob,43
sentnob,52
sentnob,58
sentnob,99
sentnob,50
sentnob,47
sentnob,140
sentnob,18
sentnob,89
sentnob,17
sentnob,21
sentnob,65
sentnob,55
sentnob,65
sentnob,29
sentnob,36
sentnob,51
sentnob,55
sentnob,27
sentnob,18
sentnob,21
sentnob,85
sentnob,45
sentnob,78
sentnob,32
sentnob,26
sentnob,50
sentnob,26
sentnob,185
sentnob,25
sentnob,66
sentnob,19
sentnob,107
sentnob,29
sentnob,17
sentnob,40
sentnob,16
sentnob,30
sentnob,37
sentnob,41
sentnob,15
sentnob,98
sentnob,66
sentnob,78
sentnob,19
sentnob,29
sentnob,73
sentnob,17
sentnob,74
sentnob,45
sentnob,70
sentnob,128
sentnob,122
sentnob,35
sentnob,43
sentnob,20
sentnob,33
sentnob,173
sentnob,25
sentnob,57
sentnob,42
sentnob,77
sentnob,39
sentnob,135
sentnob,35
sentnob,133
sentnob,117
sentnob,160
sentnob,16
sentnob,121
sentnob,60
sentnob,46
sentnob,162
sentnob,18
sentnob,43
sentnob,93
sentnob,23
sentnob,69
sentnob,30
sentnob,95
sentnob,121
sentnob,71
sentnob,70
sentnob,51
sentnob,88
sentnob,53
sentnob,22
sentnob,50
sentnob,86
sentnob,23
sentnob,78
sentnob,18
sentnob,21
sentnob,24
sentnob,62
sentnob,81
sentnob,36
sentnob,82
sentnob,17
sentnob,15
sentnob,27
sentnob,57
sentnob,39
sentnob,47
sentnob,16
sentnob,26
sentnob,97
sentnob,47
sentnob,56
sentnob,26
sentnob,47
sentnob,20
sentnob,26
sentnob,50
sentnob,84
sentnob,76
sentnob,30
sentnob,19
sentnob,20
sentnob,59
sentnob,130
sentnob,26
sentnob,103
sentnob,22
sentnob,42
sentnob,55
sentnob,80
sentnob,39
sentnob,55
sentnob,35
sentnob,187
sentnob,61
sentnob,65
sentnob,36
sentnob,29
sentnob,22
sentnob,109
sentnob,131
sentnob,31
sentnob,36
sentnob,39
sentnob,76
sentnob,35
sentnob,79
sentnob,49
sentnob,57
sentnob,48
sentnob,34
sentnob,48
sentnob,15
sentnob,34
sentnob,40
sentnob,82
sentnob,47
sentnob,43
sentnob,110
sentnob,39
sentnob,47
sentnob,55
sentnob,25
sentnob,30
sentnob,47
sentnob,37
sentnob,84
sentnob,132
sentnob,23
sentnob,41
sentnob,64
sentnob,91
sentnob,85
sentnob,49
sentnob,105
sentnob,94
sentnob,38
sentnob,49
sentnob,34
sentnob,20
sentnob,51
sentnob,39
sentnob,95
sentnob,26
sentnob,63
sentnob,27
sentnob,27
sentnob,118
sentnob,48
sentnob,73
sentnob,78
sentnob,189
sentnob,44
sentnob,79
sentnob,89
sentnob,20
sentnob,70
sentnob,60
sentnob,71
sentnob,23
sentnob,84
sentnob,15
sentnob,34
sentnob,21
sentnob,38
sentnob,47
sentnob,19
sentnob,42
sentnob,51
sentnob,22
sentnob,110
sentnob,31
sentnob,48
sentnob,50
sentnob,53
sentnob,43
sentnob,47
sentnob,63
sentnob,24
sentnob,82
sentnob,34
sentnob,105
sentnob,25
sentnob,72
sentnob,31
sentnob,91
sentnob,33
sentnob,73
sentnob,17
sentnob,43
sentnob,28
sentnob,39
sentnob,76
sentnob,44
sentnob,42
sentnob,81
sentnob,103
sentnob,65
sentnob,31
sentnob,25
sentnob,62
sentnob,17
sentnob,18
sentnob,25
sentnob,21
sentnob,42
sentnob,58
sentnob,29
sentnob,133
sentnob,139
sentnob,64
sentnob,59
sentnob,40
sentnob,55
sentnob,65
sentnob,33
sentnob,37
sentnob,69
sentnob,19
sentnob,49
sentnob,39
sentnob,18
sentnob,90
sentnob,28
sentnob,47
sentnob,95
sentnob,26
sentnob,71
sentnob,38
sentnob,28
sentnob,18
sentnob,24
sentnob,150
sentnob,21
sentnob,172
sentnob,56
sentnob,31
sentnob,24
sentnob,46
sentnob,41
sentnob,115
sentnob,20
sentnob,43
sentnob,141
sentnob,44
sentnob,56
sentnob,18
sentnob,27
sentnob,121
sentnob,41
sentnob,40
sentnob,54
sentnob,73
sentnob,16
sentnob,26
sentnob,89
sentnob,52
sentnob,49
sentnob,31
sentnob,19
sentnob,42
sentnob,23
sentnob,23
sentnob,25
sentnob,66
sentnob,38
sentnob,151
sentnob,26
sentnob,27
sentnob,38
sentnob,125
sentnob,86
sentnob,41
sentnob,65
sentnob,36
sentnob,91
sentnob,14
sentnob,29
sentnob,15
sentnob,66
sentnob,36
sentnob,38
sentnob,41
sentnob,31
sentnob,60
sentnob,29
sentnob,57
sentnob,44
sentnob,25
sentnob,30
sentnob,25
sentnob,18
sentnob,32
sentnob,39
sentnob,23
sentnob,25
sentnob,19
sentnob,66
sentnob,87
sentnob,62
sentnob,52
sentnob,20
sentnob,72
sentnob,41
sentnob,16
sentnob,52
sentnob,80
sentnob,28
sentnob,114
sentnob,53
sentnob,43
sentnob,24
sentnob,130
sentnob,53
sentnob,115
sentnob,27
sentnob,16
sentnob,53
sentnob,47
sentnob,23
sentnob,107
sentnob,38
sentnob,19
sentnob,22
sentnob,19
sentnob,104
sentnob,75
sentnob,80
sentnob,17
sentnob,33
sentnob,117
sentnob,161
sentnob,29
sentnob,38
sentnob,68
sentnob,31
sentnob,160
sentnob,41
sentnob,32
sentnob,19
sentnob,19
sentnob,19
sentnob,49
sentnob,22
sentnob,77
sentnob,21
sentnob,42
sentnob,16
sentnob,18
sentnob,35
sentnob,76
sentnob,194
sentnob,20
sentnob,42
sentnob,49
sentnob,86
sentnob,53
sentnob,59
sentnob,30
sentnob,16
sentnob,54
sentnob,156
sentnob,70
sentnob,41
sentnob,20
sentnob,25
sentnob,53
sentnob,30
sentnob,79
sentnob,35
sentnob,41
sentnob,28
sentnob,61
sentnob,17
sentnob,65
sentnob,27
sentnob,49
sentnob,54
sentnob,58
sentnob,130
sentnob,34
sentnob,25
sentnob,57
sentnob,18
sentnob,42
sentnob,55
sentnob,58
sentnob,114
sentnob,18
sentnob,30
sentnob,151
sentnob,52
sentnob,36
sentnob,17
sentnob,48
sentnob,26
sentnob,38
sentnob,65
sentnob,78
sentnob,115
sentnob,81
sentnob,23
sentnob,19
sentnob,38
sentnob,36
sentnob,19
sentnob,39
sentnob,21
sentnob,19
sentnob,48
sentnob,138
sentnob,57
sentnob,80
sentnob,67
sentnob,44
sentnob,35
sentnob,42
sentnob,23
sentnob,36
sentnob,28
sentnob,18
sentnob,132
sentnob,29
sentnob,32
sentnob,111
sentnob,134
sentnob,46
sentnob,55
sentnob,42
sentnob,114
sentnob,22
sentnob,45
sentnob,44
sentnob,83
sentnob,54
sentnob,52
sentnob,124
sentnob,47
sentnob,44
sentnob,37
sentnob,34
sentnob,72
sentnob,33
sentnob,52
sentnob,68
sentnob,43
sentnob,103
sentnob,160
sentnob,145
sentnob,30
sentnob,28
sentnob,98
sentnob,153
sentnob,33
sentnob,18
sentnob,61
sentnob,41
sentnob,52
sentnob,21
sentnob,68
sentnob,61
sentnob,32
sentnob,63
sentnob,175
sentnob,29
sentnob,62
sentnob,157
sentnob,17
sentnob,27
sentnob,31
sentnob,17
sentnob,114
sentnob,40
sentnob,46
sentnob,62
sentnob,29
sentnob,25
sentnob,80
sentnob,39
sentnob,93
sentnob,33
sentnob,44
sentnob,34
sentnob,45
sentnob,28
sentnob,136
sentnob,80
sentnob,58
sentnob,22
sentnob,143
sentnob,89
sentnob,122
sentnob,72
sentnob,47
sentnob,18
sentnob,35
sentnob,35
sentnob,21
sentnob,16
sentnob,21
sentnob,20
sentnob,27
sentnob,103
sentnob,24
sentnob,57
sentnob,99
sentnob,55
sentnob,30
sentnob,53
sentnob,36
sentnob,51
sentnob,25
sentnob,11
sentnob,152
sentnob,31
sentnob,34
sentnob,22
sentnob,124
sentnob,26
sentnob,42
sentnob,33
sentnob,123
sentnob,34
sentnob,165
sentnob,42
sentnob,32
sentnob,42
sentnob,20
sentnob,78
sentnob,26
sentnob,41
sentnob,19
sentnob,38
sentnob,116
sentnob,73
sentnob,33
sentnob,14
sentnob,51
sentnob,21
sentnob,16
sentnob,128
sentnob,79
sentnob,42
sentnob,120
sentnob,132
sentnob,26
sentnob,19
sentnob,29
sentnob,31
sentnob,59
sentnob,72
sentnob,17
sentnob,29
sentnob,61
sentnob,40
sentnob,71
sentnob,31
sentnob,28
sentnob,26
sentnob,108
sentnob,53
sentnob,87
sentnob,52
sentnob,38
sentnob,55
sentnob,28
sentnob,76
sentnob,103
sentnob,45
sentnob,45
sentnob,31
sentnob,24
sentnob,62
sentnob,98
sentnob,68
sentnob,38
sentnob,38
sentnob,71
sentnob,84
sentnob,125
sentnob,67
sentnob,30
sentnob,26
sentnob,38
sentnob,18
sentnob,31
sentnob,34
sentnob,101
sentnob,142
sentnob,37
sentnob,98
sentnob,42
sentnob,36
sentnob,139
sentnob,15
sentnob,30
sentnob,32
sentnob,29
sentnob,89
sentnob,70
sentnob,26
sentnob,43
sentnob,22
sentnob,34
sentnob,17
sentnob,18
sentnob,17
sentnob,50
sentnob,23
sentnob,71
sentnob,31
sentnob,48
sentnob,19
sentnob,22
sentnob,25
sentnob,74
sentnob,29
sentnob,34
sentnob,26
sentnob,101
sentnob,21
sentnob,32
sentnob,64
sentnob,46
sentnob,42
sentnob,21
sentnob,31
sentnob,17
sentnob,31
sentnob,72
sentnob,71
sentnob,46
sentnob,55
sentnob,58
sentnob,69
sentnob,22
sentnob,89
sentnob,39
sentnob,55
sentnob,21
sentnob,95
sentnob,28
sentnob,183
sentnob,16
sentnob,37
sentnob,32
sentnob,100
sentnob,53
sentnob,33
sentnob,21
sentnob,77
sentnob,153
sentnob,63
sentnob,23
sentnob,23
sentnob,101
sentnob,26
sentnob,54
sentnob,54
sentnob,23
sentnob,54
sentnob,46
sentnob,55
sentnob,55
sentnob,62
sentnob,54
sentnob,66
sentnob,40
sentnob,32
sentnob,31
sentnob,51
sentnob,31
sentnob,39
sentnob,50
sentnob,130
sentnob,76
sentnob,85
sentnob,88
sentnob,125
sentnob,20
sentnob,132
sentnob,31
sentnob,29
sentnob,24
sentnob,76
sentnob,19
sentnob,56
sentnob,45
sentnob,19
sentnob,33
sentnob,127
sentnob,72
sentnob,38
sentnob,49
sentnob,157
sentnob,62
sentnob,49
sentnob,114
sentnob,32
sentnob,26
sentnob,118
sentnob,25
sentnob,18
sentnob,23
sentnob,53
sentnob,38
sentnob,105
sentnob,34
sentnob,26
sentnob,29
sentnob,45
sentnob,26
sentnob,123
sentnob,49
sentnob,35
sentnob,27
sentnob,69
sentnob,23
sentnob,49
sentnob,66
sentnob,20
sentnob,89
sentnob,34
sentnob,32
sentnob,31
sentnob,54
sentnob,19
sentnob,84
sentnob,25
sentnob,79
sentnob,19
sentnob,49
sentnob,30
sentnob,25
sentnob,40
sentnob,17
sentnob,41
sentnob,68
sentnob,75
sentnob,121
sentnob,35
sentnob,39
sentnob,47
sentnob,135
sentnob,44
sentnob,64
sentnob,124
sentnob,133
sentnob,22
sentnob,61
sentnob,61
sentnob,16
sentnob,78
sentnob,81
sentnob,47
sentnob,24
sentnob,150
sentnob,33
sentnob,56
sentnob,26
sentnob,39
sentnob,55
sentnob,35
sentnob,22
sentnob,22
sentnob,59
sentnob,58
sentnob,71
sentnob,30
sentnob,17
sentnob,112
sentnob,36
sentnob,19
sentnob,127
sentnob,130
sentnob,131
sentnob,89
sentnob,49
sentnob,40
sentnob,69
sentnob,34
sentnob,44
sentnob,72
sentnob,58
sentnob,41
sentnob,65
sentnob,51
sentnob,96
sentnob,90
sentnob,28
sentnob,163
sentnob,47
sentnob,39
sentnob,107
sentnob,22
sentnob,125
sentnob,25
sentnob,37
sentnob,33
sentnob,83
sentnob,93
sentnob,57
sentnob,44
sentnob,101
sentnob,121
sentnob,74
sentnob,18
sentnob,31
sentnob,28
sentnob,53
sentnob,44
sentnob,17
sentnob,22
sentnob,34
sentnob,33
sentnob,49
sentnob,91
sentnob,50
sentnob,33
sentnob,39
sentnob,56
sentnob,21
sentnob,49
sentnob,19
sentnob,21
sentnob,134
sentnob,17
sentnob,37
sentnob,19
sentnob,24
sentnob,63
sentnob,50
sentnob,117
sentnob,21
sentnob,75
sentnob,34
sentnob,15
sentnob,152
sentnob,42
sentnob,31
sentnob,125
sentnob,37
sentnob,36
sentnob,18
sentnob,10
sentnob,36
sentnob,59
sentnob,83
sentnob,31
sentnob,69
sentnob,19
sentnob,48
sentnob,76
sentnob,24
sentnob,34
sentnob,24
sentnob,50
sentnob,39
sentnob,82
sentnob,53
sentnob,19
sentnob,21
sentnob,77
sentnob,24
sentnob,39
sentnob,29
sentnob,36
sentnob,107
sentnob,20
sentnob,49
sentnob,64
sentnob,69
sentnob,46
sentnob,72
sentnob,69
sentnob,55
sentnob,116
sentnob,51
sentnob,51
sentnob,61
sentnob,47
sentnob,28
sentnob,58
sentnob,108
sentnob,83
sentnob,34
sentnob,55
sentnob,112
sentnob,28
sentnob,57
sentnob,38
sentnob,51
sentnob,25
sentnob,41
sentnob,29
sentnob,94
sentnob,72
sentnob,51
sentnob,47
sentnob,78
sentnob,19
sentnob,52
sentnob,52
sentnob,69
sentnob,22
sentnob,32
sentnob,25
sentnob,82
sentnob,67
sentnob,33
sentnob,58
sentnob,53
sentnob,31
sentnob,34
sentnob,23
sentnob,25
sentnob,82
sentnob,29
sentnob,57
sentnob,51
sentnob,19
sentnob,74
sentnob,29
sentnob,94
sentnob,34
sentnob,51
sentnob,22
sentnob,25
sentnob,87
sentnob,56
sentnob,52
sentnob,23
sentnob,38
sentnob,26
sentnob,81
sentnob,43
sentnob,45
sentnob,21
sentnob,60
sentnob,100
sentnob,89
sentnob,42
sentnob,48
sentnob,23
sentnob,90
sentnob,41
sentnob,17
sentnob,84
sentnob,61
sentnob,40
sentnob,17
sentnob,38
sentnob,32
sentnob,40
sentnob,42
sentnob,20
sentnob,36
sentnob,22
sentnob,19
sentnob,62
sentnob,87
sentnob,28
sentnob,18
sentnob,39
sentnob,26
sentnob,78
sentnob,58
sentnob,19
sentnob,55
sentnob,131
sentnob,18
sentnob,21
sentnob,62
sentnob,29
sentnob,62
sentnob,53
sentnob,30
sentnob,74
sentnob,47
sentnob,53
sentnob,21
sentnob,18
sentnob,17
sentnob,104
sentnob,136
sentnob,72
sentnob,27
sentnob,117
sentnob,149
sentnob,77
sentnob,41
sentnob,30
sentnob,21
sentnob,27
sentnob,25
sentnob,61
sentnob,42
sentnob,20
sentnob,22
sentnob,117
sentnob,27
sentnob,57
sentnob,27
sentnob,41
sentnob,15
sentnob,19
sentnob,110
sentnob,28
sentnob,18
sentnob,49
sentnob,18
sentnob,74
sentnob,17
sentnob,140
sentnob,55
sentnob,33
sentnob,42
sentnob,35
sentnob,51
sentnob,30
sentnob,97
sentnob,59
sentnob,94
sentnob,73
sentnob,60
sentnob,39
sentnob,59
sentnob,44
sentnob,51
sentnob,52
sentnob,110
sentnob,51
sentnob,27
sentnob,93
sentnob,32
sentnob,102
sentnob,34
sentnob,21
sentnob,40
sentnob,147
sentnob,32
sentnob,98
sentnob,24
sentnob,47
sentnob,72
sentnob,113
sentnob,98
sentnob,45
sentnob,31
sentnob,23
sentnob,31
sentnob,43
sentnob,44
sentnob,93
sentnob,66
sentnob,26
sentnob,19
sentnob,40
sentnob,63
sentnob,31
sentnob,124
sentnob,134
sentnob,26
sentnob,34
sentnob,71
sentnob,42
sentnob,162
sentnob,83
sentnob,21
sentnob,46
sentnob,34
sentnob,67
sentnob,47
sentnob,40
sentnob,28
sentnob,93
sentnob,52
sentnob,21
sentnob,37
sentnob,32
sentnob,22
sentnob,107
sentnob,23
sentnob,64
sentnob,153
sentnob,41
sentnob,67
sentnob,22
sentnob,38
sentnob,39
sentnob,95
sentnob,34
sentnob,25
sentnob,28
sentnob,55
sentnob,72
sentnob,30
sentnob,51
sentnob,131
sentnob,65
sentnob,43
sentnob,63
sentnob,53
sentnob,29
sentnob,120
sentnob,108
sentnob,79
sentnob,123
sentnob,27
sentnob,85
sentnob,19
sentnob,71
sentnob,33
sentnob,84
sentnob,31
sentnob,36
sentnob,44
sentnob,52
sentnob,105
sentnob,18
sentnob,26
sentnob,62
sentnob,22
sentnob,55
sentnob,77
sentnob,65
sentnob,32
sentnob,126
sentnob,33
sentnob,60
sentnob,54
sentnob,82
sentnob,49
sentnob,21
sentnob,86
sentnob,85
sentnob,38
sentnob,33
sentnob,123
sentnob,26
sentnob,16
sentnob,112
sentnob,153
sentnob,36
sentnob,51
sentnob,49
sentnob,45
sentnob,47
sentnob,39
sentnob,25
sentnob,62
sentnob,51
sentnob,115
sentnob,74
sentnob,42
sentnob,19
sentnob,39
sentnob,39
sentnob,29
sentnob,23
sentnob,33
sentnob,70
sentnob,158
sentnob,24
sentnob,36
sentnob,47
sentnob,22
sentnob,17
sentnob,46
sentnob,110
sentnob,48
sentnob,28
sentnob,30
sentnob,58
sentnob,55
sentnob,34
sentnob,36
sentnob,14
sentnob,46
sentnob,17
sentnob,42
sentnob,69
sentnob,35
sentnob,32
sentnob,39
sentnob,82
sentnob,67
sentnob,74
sentnob,19
sentnob,95
sentnob,73
sentnob,17
sentnob,31
sentnob,32
sentnob,105
sentnob,56
sentnob,136
sentnob,76
sentnob,24
sentnob,48
sentnob,21
sentnob,86
sentnob,36
sentnob,141
sentnob,34
sentnob,75
sentnob,34
sentnob,29
sentnob,23
sentnob,94
sentnob,30
sentnob,33
sentnob,28
sentnob,22
sentnob,116
sentnob,74
sentnob,32
sentnob,22
sentnob,19
sentnob,51
sentnob,27
sentnob,70
sentnob,26
sentnob,44
sentnob,30
sentnob,35
sentnob,27
sentnob,129
sentnob,31
sentnob,27
sentnob,54
sentnob,77
sentnob,150
sentnob,135
sentnob,30
sentnob,40
sentnob,34
sentnob,29
sentnob,26
sentnob,17
sentnob,56
sentnob,108
sentnob,43
sentnob,36
sentnob,96
sentnob,36
sentnob,44
sentnob,129
sentnob,16
sentnob,27
sentnob,17
sentnob,20
sentnob,32
sentnob,35
sentnob,116
sentnob,82
sentnob,51
sentnob,22
sentnob,139
sentnob,31
sentnob,55
sentnob,46
sentnob,23
sentnob,22
sentnob,40
sentnob,43
sentnob,39
sentnob,28
sentnob,19
sentnob,37
sentnob,16
sentnob,18
sentnob,177
sentnob,36
sentnob,45
sentnob,38
sentnob,64
sentnob,28
sentnob,17
sentnob,56
sentnob,29
sentnob,56
sentnob,112
sentnob,40
sentnob,60
sentnob,47
sentnob,65
sentnob,24
sentnob,29
sentnob,86
sentnob,41
sentnob,153
sentnob,126
sentnob,97
sentnob,55
sentnob,31
sentnob,29
sentnob,160
sentnob,117
sentnob,78
sentnob,63
sentnob,49
sentnob,91
sentnob,107
sentnob,21
sentnob,17
sentnob,16
sentnob,24
sentnob,29
sentnob,22
sentnob,31
sentnob,63
sentnob,24
sentnob,41
sentnob,67
sentnob,63
sentnob,26
sentnob,93
sentnob,53
sentnob,25
sentnob,31
sentnob,162
sentnob,49
sentnob,21
sentnob,41
sentnob,42
sentnob,35
sentnob,70
sentnob,66
sentnob,76
sentnob,63
sentnob,64
sentnob,39
sentnob,45
sentnob,98
sentnob,47
sentnob,66
sentnob,71
sentnob,40
sentnob,80
sentnob,38
sentnob,20
sentnob,24
sentnob,25
sentnob,51
sentnob,51
sentnob,44
sentnob,55
sentnob,54
sentnob,35
sentnob,61
sentnob,31
sentnob,38
sentnob,34
sentnob,54
sentnob,35
sentnob,118
sentnob,30
sentnob,31
sentnob,51
sentnob,49
sentnob,53
sentnob,40
sentnob,56
sentnob,57
sentnob,80
sentnob,40
sentnob,26
sentnob,67
sentnob,22
sentnob,40
sentnob,54
sentnob,59
sentnob,46
sentnob,29
sentnob,23
sentnob,10
sentnob,21
sentnob,54
sentnob,53
sentnob,37
sentnob,75
sentnob,56
sentnob,53
sentnob,53
sentnob,55
sentnob,65
sentnob,112
sentnob,33
sentnob,30
sentnob,41
sentnob,42
sentnob,23
sentnob,75
sentnob,73
sentnob,70
sentnob,104
sentnob,55
sentnob,39
sentnob,84
sentnob,23
sentnob,90
sentnob,43
sentnob,43
sentnob,75
sentnob,68
sentnob,19
sentnob,50
sentnob,45
sentnob,44
sentnob,88
sentnob,43
sentnob,17
sentnob,27
sentnob,70
sentnob,38
sentnob,46
sentnob,165
sentnob,18
sentnob,36
sentnob,28
sentnob,22
sentnob,48
sentnob,24
sentnob,171
sentnob,35
sentnob,55
sentnob,25
sentnob,19
sentnob,117
sentnob,28
sentnob,16
sentnob,36
sentnob,112
sentnob,23
sentnob,16
sentnob,105
sentnob,26
sentnob,51
sentnob,28
sentnob,38
sentnob,50
sentnob,35
sentnob,26
sentnob,164
sentnob,33
sentnob,55
sentnob,46
sentnob,53
sentnob,15
sentnob,27
sentnob,54
sentnob,24
sentnob,80
sentnob,81
sentnob,44
sentnob,88
sentnob,117
sentnob,64
sentnob,104
sentnob,23
sentnob,120
sentnob,20
sentnob,21
sentnob,39
sentnob,106
sentnob,43
sentnob,18
sentnob,168
sentnob,31
sentnob,16
sentnob,32
sentnob,42
sentnob,18
sentnob,124
sentnob,143
sentnob,18
sentnob,18
sentnob,33
sentnob,52
sentnob,30
sentnob,23
sentnob,19
sentnob,21
sentnob,18
sentnob,112
sentnob,24
sentnob,65
sentnob,43
sentnob,22
sentnob,23
sentnob,50
sentnob,109
sentnob,24
sentnob,27
sentnob,123
sentnob,100
sentnob,66
sentnob,53
sentnob,134
sentnob,68
sentnob,93
sentnob,64
sentnob,72
sentnob,69
sentnob,17
sentnob,51
sentnob,21
sentnob,85
sentnob,43
sentnob,44
sentnob,40
sentnob,43
sentnob,71
sentnob,138
sentnob,14
sentnob,29
sentnob,25
sentnob,21
sentnob,65
sentnob,57
sentnob,39
sentnob,40
sentnob,38
sentnob,57
sentnob,58
sentnob,36
sentnob,93
sentnob,17
sentnob,123
sentnob,30
sentnob,46
sentnob,45
sentnob,20
sentnob,151
sentnob,30
sentnob,33
sentnob,21
sentnob,20
sentnob,23
sentnob,18
sentnob,93
sentnob,17
sentnob,23
sentnob,79
sentnob,20
sentnob,58
sentnob,90
sentnob,41
sentnob,43
sentnob,74
sentnob,60
sentnob,19
sentnob,17
sentnob,27
sentnob,43
sentnob,17
sentnob,30
sentnob,61
sentnob,165
sentnob,16
sentnob,91
sentnob,99
sentnob,42
sentnob,33
sentnob,30
sentnob,21
sentnob,19
sentnob,53
sentnob,49
sentnob,34
sentnob,19
sentnob,47
sentnob,54
sentnob,80
sentnob,101
sentnob,162
sentnob,30
sentnob,99
sentnob,43
sentnob,75
sentnob,23
sentnob,53
sentnob,88
sentnob,47
sentnob,61
sentnob,48
sentnob,70
sentnob,15
sentnob,15
sentnob,21
sentnob,28
sentnob,50
sentnob,30
sentnob,62
sentnob,96
sentnob,22
sentnob,19
sentnob,29
sentnob,36
sentnob,43
sentnob,90
sentnob,84
sentnob,32
sentnob,21
sentnob,66
sentnob,59
sentnob,45
sentnob,76
sentnob,56
sentnob,24
sentnob,136
sentnob,61
sentnob,94
sentnob,53
sentnob,16
sentnob,236
sentnob,18
sentnob,50
sentnob,48
sentnob,44
sentnob,43
sentnob,20
sentnob,30
sentnob,32
sentnob,32
sentnob,58
sentnob,73
sentnob,35
sentnob,51
sentnob,45
sentnob,155
sentnob,33
sentnob,76
sentnob,35
sentnob,53
sentnob,65
sentnob,23
sentnob,31
sentnob,48
sentnob,60
sentnob,15
sentnob,27
sentnob,38
sentnob,70
sentnob,103
sentnob,14
sentnob,66
sentnob,60
sentnob,25
sentnob,32
sentnob,24
sentnob,45
sentnob,19
sentnob,62
sentnob,27
sentnob,109
sentnob,107
sentnob,65
sentnob,91
sentnob,72
sentnob,28
sentnob,111
sentnob,58
sentnob,19
sentnob,30
sentnob,82
sentnob,57
sentnob,32
sentnob,71
sentnob,42
sentnob,81
sentnob,66
sentnob,39
sentnob,38
sentnob,16
sentnob,99
sentnob,21
sentnob,35
sentnob,163
sentnob,111
sentnob,17
sentnob,20
sentnob,25
sentnob,85
sentnob,16
sentnob,59
sentnob,15
sentnob,15
sentnob,96
sentnob,172
sentnob,80
sentnob,24
sentnob,53
sentnob,22
sentnob,31
sentnob,50
sentnob,18
sentnob,26
sentnob,70
sentnob,148
sentnob,42
sentnob,18
sentnob,42
sentnob,30
sentnob,38
sentnob,30
sentnob,21
sentnob,183
sentnob,33
sentnob,57
sentnob,19
sentnob,20
sentnob,42
sentnob,117
sentnob,42
sentnob,16
sentnob,58
sentnob,39
sentnob,20
sentnob,39
sentnob,86
sentnob,20
sentnob,65
sentnob,159
sentnob,134
sentnob,27
sentnob,35
sentnob,86
sentnob,60
sentnob,33
sentnob,79
sentnob,37
sentnob,91
sentnob,39
sentnob,166
sentnob,35
sentnob,27
sentnob,89
sentnob,27
sentnob,18
sentnob,71
sentnob,81
sentnob,30
sentnob,64
sentnob,20
sentnob,104
sentnob,32
sentnob,54
sentnob,69
sentnob,29
sentnob,33
sentnob,31
sentnob,153
sentnob,31
sentnob,157
sentnob,53
sentnob,20
sentnob,25
sentnob,24
sentnob,44
sentnob,79
sentnob,141
sentnob,21
sentnob,36
sentnob,24
sentnob,67
sentnob,73
sentnob,61
sentnob,39
sentnob,35
sentnob,21
sentnob,22
sentnob,40
sentnob,20
sentnob,86
sentnob,21
sentnob,43
sentnob,28
sentnob,30
sentnob,131
sentnob,47
sentnob,31
sentnob,38
sentnob,24
sentnob,26
sentnob,101
sentnob,25
sentnob,28
sentnob,57
sentnob,83
sentnob,58
sentnob,23
sentnob,71
sentnob,25
sentnob,51
sentnob,76
sentnob,76
sentnob,50
sentnob,42
sentnob,42
sentnob,19
sentnob,31
sentnob,31
sentnob,125
sentnob,45
sentnob,82
sentnob,111
sentnob,33
sentnob,28
sentnob,21
sentnob,24
sentnob,135
sentnob,49
sentnob,16
sentnob,43
sentnob,83
sentnob,19
sentnob,21
sentnob,55
sentnob,61
sentnob,39
sentnob,66
sentnob,131
sentnob,52
sentnob,50
sentnob,98
sentnob,68
sentnob,44
sentnob,16
sentnob,48
sentnob,36
sentnob,143
sentnob,114
sentnob,21
sentnob,30
sentnob,130
sentnob,80
sentnob,59
sentnob,107
sentnob,132
sentnob,24
sentnob,156
sentnob,27
sentnob,84
sentnob,28
sentnob,24
sentnob,48
sentnob,60
sentnob,64
sentnob,20
sentnob,23
sentnob,18
sentnob,19
sentnob,25
sentnob,108
sentnob,51
sentnob,26
sentnob,32
sentnob,46
sentnob,30
sentnob,54
sentnob,44
sentnob,40
sentnob,78
sentnob,42
sentnob,20
sentnob,139
sentnob,48
sentnob,155
sentnob,48
sentnob,22
sentnob,97
sentnob,92
sentnob,23
sentnob,123
sentnob,26
sentnob,70
sentnob,28
sentnob,21
sentnob,29
sentnob,20
sentnob,45
sentnob,104
sentnob,33
sentnob,58
sentnob,177
sentnob,49
sentnob,100
sentnob,67
sentnob,114
sentnob,64
sentnob,69
sentnob,75
sentnob,16
sentnob,28
sentnob,49
sentnob,178
sentnob,124
sentnob,85
sentnob,35
sentnob,32
sentnob,72
sentnob,31
sentnob,36
sentnob,28
sentnob,25
sentnob,91
sentnob,80
sentnob,46
sentnob,17
sentnob,40
sentnob,92
sentnob,25
sentnob,43
sentnob,24
sentnob,38
sentnob,41
sentnob,43
sentnob,102
sentnob,32
sentnob,125
sentnob,18
sentnob,22
sentnob,121
sentnob,45
sentnob,36
sentnob,46
sentnob,29
sentnob,23
sentnob,31
sentnob,18
sentnob,53
sentnob,36
sentnob,24
sentnob,51
sentnob,25
sentnob,70
sentnob,29
sentnob,54
sentnob,67
sentnob,35
sentnob,52
sentnob,52
sentnob,82
sentnob,27
sentnob,28
sentnob,20
sentnob,26
sentnob,25
sentnob,37
sentnob,31
sentnob,32
sentnob,29
sentnob,15
sentnob,31
sentnob,16
sentnob,109
sentnob,14
sentnob,135
sentnob,52
sentnob,24
sentnob,86
sentnob,32
sentnob,30
sentnob,54
sentnob,27
sentnob,41
sentnob,14
sentnob,18
sentnob,43
sentnob,52
sentnob,41
sentnob,43
sentnob,96
sentnob,89
sentnob,74
sentnob,42
sentnob,72
sentnob,45
sentnob,51
sentnob,25
sentnob,50
sentnob,21
sentnob,78
sentnob,15
sentnob,95
sentnob,53
sentnob,42
sentnob,42
sentnob,53
sentnob,39
sentnob,32
sentnob,61
sentnob,79
sentnob,100
sentnob,26
sentnob,70
sentnob,30
sentnob,27
sentnob,28
sentnob,17
sentnob,16
sentnob,79
sentnob,32
sentnob,165
sentnob,31
sentnob,45
sentnob,45
sentnob,41
sentnob,17
sentnob,119
sentnob,57
sentnob,50
sentnob,24
sentnob,63
sentnob,104
sentnob,23
sentnob,137
sentnob,19
sentnob,78
sentnob,117
sentnob,27
sentnob,61
sentnob,45
sentnob,35
sentnob,66
sentnob,44
sentnob,35
sentnob,24
sentnob,20
sentnob,59
sentnob,48
sentnob,10
sentnob,31
sentnob,20
sentnob,51
sentnob,90
sentnob,24
sentnob,14
sentnob,58
sentnob,35
sentnob,38
sentnob,79
sentnob,71
sentnob,16
sentnob,59
sentnob,101
sentnob,153
sentnob,20
sentnob,121
sentnob,32
sentnob,44
sentnob,43
sentnob,157
sentnob,70
sentnob,94
sentnob,131
sentnob,52
sentnob,18
sentnob,64
sentnob,37
sentnob,26
sentnob,61
sentnob,141
sentnob,73
sentnob,52
sentnob,45
sentnob,47
sentnob,43
sentnob,52
sentnob,64
sentnob,88
sentnob,71
sentnob,49
sentnob,98
sentnob,136
sentnob,173
sentnob,37
sentnob,103
sentnob,54
sentnob,54
sentnob,44
sentnob,22
sentnob,42
sentnob,35
sentnob,59
sentnob,108
sentnob,39
sentnob,34
sentnob,104
sentnob,104
sentnob,19
sentnob,17
sentnob,60
sentnob,43
sentnob,60
sentnob,80
sentnob,15
sentnob,31
sentnob,112
sentnob,59
sentnob,71
sentnob,145
sentnob,24
sentnob,26
sentnob,24
sentnob,134
sentnob,130
sentnob,27
sentnob,47
sentnob,34
sentnob,20
sentnob,40
sentnob,55
sentnob,21
sentnob,25
sentnob,122
sentnob,64
sentnob,26
sentnob,70
sentnob,130
sentnob,19
sentnob,56
sentnob,44
sentnob,116
sentnob,21
sentnob,30
sentnob,23
sentnob,128
sentnob,64
sentnob,17
sentnob,93
sentnob,37
sentnob,42
sentnob,36
sentnob,128
sentnob,46
sentnob,26
sentnob,19
sentnob,24
sentnob,22
sentnob,23
sentnob,63
sentnob,26
sentnob,55
sentnob,95
sentnob,25
sentnob,48
sentnob,46
sentnob,23
sentnob,28
sentnob,49
sentnob,176
sentnob,135
sentnob,32
sentnob,29
sentnob,21
sentnob,35
sentnob,50
sentnob,27
sentnob,42
sentnob,46
sentnob,52
sentnob,27
sentnob,34
sentnob,42
sentnob,21
sentnob,51
sentnob,17
sentnob,45
sentnob,147
sentnob,29
sentnob,54
sentnob,29
sentnob,71
sentnob,24
sentnob,73
sentnob,37
sentnob,31
sentnob,74
sentnob,31
sentnob,119
sentnob,29
sentnob,152
sentnob,34
sentnob,64
sentnob,113
sentnob,69
sentnob,42
sentnob,66
sentnob,65
sentnob,34
sentnob,71
sentnob,13
sentnob,23
sentnob,40
sentnob,28
sentnob,158
sentnob,58
sentnob,44
sentnob,41
sentnob,72
sentnob,27
sentnob,19
sentnob,45
sentnob,30
sentnob,53
sentnob,31
sentnob,76
sentnob,90
sentnob,54
sentnob,20
sentnob,47
sentnob,36
sentnob,14
sentnob,138
sentnob,108
sentnob,32
sentnob,98
sentnob,14
sentnob,50
sentnob,47
sentnob,39
sentnob,42
sentnob,35
sentnob,70
sentnob,25
sentnob,19
sentnob,43
sentnob,130
sentnob,82
sentnob,44
sentnob,16
sentnob,31
sentnob,44
sentnob,65
sentnob,49
sentnob,18
sentnob,68
sentnob,68
sentnob,34
sentnob,26
sentnob,60
sentnob,25
sentnob,33
sentnob,21
sentnob,44
sentnob,15
sentnob,20
sentnob,80
sentnob,26
sentnob,26
sentnob,23
sentnob,49
sentnob,43
sentnob,31
sentnob,53
sentnob,34
sentnob,22
sentnob,17
sentnob,100
sentnob,39
sentnob,23
sentnob,50
sentnob,45
sentnob,13
sentnob,114
sentnob,28
sentnob,26
sentnob,118
sentnob,91
sentnob,86
sentnob,39
sentnob,33
sentnob,23
sentnob,28
sentnob,65
sentnob,47
sentnob,35
sentnob,52
sentnob,52
sentnob,121
sentnob,35
sentnob,105
sentnob,17
sentnob,171
sentnob,17
sentnob,41
sentnob,39
sentnob,28
sentnob,131
sentnob,52
sentnob,56
sentnob,20
sentnob,26
sentnob,43
sentnob,63
sentnob,21
sentnob,15
sentnob,54
sentnob,28
sentnob,38
sentnob,51
sentnob,17
sentnob,22
sentnob,81
sentnob,34
sentnob,50
sentnob,97
sentnob,50
sentnob,42
sentnob,96
sentnob,14
sentnob,89
sentnob,26
sentnob,28
sentnob,37
sentnob,22
sentnob,33
sentnob,59
sentnob,175
sentnob,46
sentnob,51
sentnob,37
sentnob,85
sentnob,34
sentnob,169
sentnob,40
sentnob,155
sentnob,31
sentnob,33
sentnob,172
sentnob,47
sentnob,16
sentnob,23
sentnob,17
sentnob,35
sentnob,40
sentnob,50
sentnob,81
sentnob,26
sentnob,27
sentnob,31
sentnob,30
sentnob,23
sentnob,54
sentnob,44
sentnob,66
sentnob,78
sentnob,38
sentnob,31
sentnob,105
sentnob,22
sentnob,52
sentnob,56
sentnob,34
sentnob,36
sentnob,16
sentnob,50
sentnob,25
sentnob,25
sentnob,70
sentnob,57
sentnob,96
sentnob,22
sentnob,45
sentnob,21
sentnob,122
sentnob,58
sentnob,25
sentnob,95
sentnob,36
sentnob,53
sentnob,51
sentnob,21
sentnob,47
sentnob,31
sentnob,85
sentnob,105
sentnob,70
sentnob,34
sentnob,29
sentnob,39
sentnob,25
sentnob,23
sentnob,76
sentnob,116
sentnob,24
sentnob,17
sentnob,187
sentnob,73
sentnob,52
sentnob,19
sentnob,20
sentnob,74
sentnob,28
sentnob,48
sentnob,51
sentnob,43
sentnob,68
sentnob,22
sentnob,28
sentnob,63
sentnob,20
sentnob,147
sentnob,21
sentnob,32
sentnob,26
sentnob,31
sentnob,54
sentnob,73
sentnob,58
sentnob,32
sentnob,49
sentnob,59
sentnob,90
sentnob,94
sentnob,52
sentnob,47
sentnob,49
sentnob,52
sentnob,19
sentnob,60
sentnob,30
sentnob,46
sentnob,68
sentnob,101
sentnob,27
sentnob,81
sentnob,20
sentnob,66
sentnob,45
sentnob,34
sentnob,63
sentnob,109
sentnob,24
sentnob,64
sentnob,64
sentnob,27
sentnob,103
sentnob,21
sentnob,72
sentnob,120
sentnob,33
sentnob,77
sentnob,20
sentnob,100
sentnob,122
sentnob,68
sentnob,43
sentnob,26
sentnob,21
sentnob,39
sentnob,30
sentnob,31
sentnob,22
sentnob,56
sentnob,70
sentnob,22
sentnob,64
sentnob,72
sentnob,51
sentnob,163
sentnob,42
sentnob,108
sentnob,66
sentnob,33
sentnob,91
sentnob,25
sentnob,35
sentnob,48
sentnob,36
sentnob,29
sentnob,34
sentnob,28
sentnob,26
sentnob,22
sentnob,171
sentnob,172
sentnob,20
sentnob,30
sentnob,22
sentnob,105
sentnob,44
sentnob,71
sentnob,28
sentnob,70
sentnob,83
sentnob,31
sentnob,79
sentnob,37
sentnob,24
sentnob,154
sentnob,94
sentnob,94
sentnob,49
sentnob,70
sentnob,36
sentnob,29
sentnob,60
sentnob,20
sentnob,31
sentnob,40
sentnob,84
sentnob,76
sentnob,16
sentnob,69
sentnob,44
sentnob,26
sentnob,16
sentnob,51
sentnob,34
sentnob,44
sentnob,26
sentnob,75
sentnob,41
sentnob,24
sentnob,21
sentnob,82
sentnob,23
sentnob,21
sentnob,56
sentnob,53
sentnob,26
sentnob,68
sentnob,24
sentnob,40
sentnob,48
sentnob,42
sentnob,56
sentnob,133
sentnob,35
sentnob,115
sentnob,19
sentnob,59
sentnob,86
sentnob,42
sentnob,23
sentnob,21
sentnob,28
sentnob,59
sentnob,29
sentnob,45
sentnob,23
sentnob,22
sentnob,161
sentnob,152
sentnob,44
sentnob,86
sentnob,28
sentnob,23
sentnob,19
sentnob,46
sentnob,99
sentnob,20
sentnob,64
sentnob,47
sentnob,57
sentnob,76
sentnob,29
sentnob,60
sentnob,114
sentnob,40
sentnob,63
sentnob,41
sentnob,25
sentnob,25
sentnob,40
sentnob,57
sentnob,60
sentnob,26
sentnob,42
sentnob,94
sentnob,50
sentnob,42
sentnob,49
sentnob,20
sentnob,49
sentnob,32
sentnob,55
sentnob,47
sentnob,24
sentnob,47
sentnob,41
sentnob,43
sentnob,25
sentnob,78
sentnob,45
sentnob,36
sentnob,65
sentnob,32
sentnob,75
sentnob,42
sentnob,62
sentnob,22
sentnob,19
sentnob,29
sentnob,56
sentnob,45
sentnob,37
sentnob,114
sentnob,87
sentnob,16
sentnob,60
sentnob,93
sentnob,40
sentnob,25
sentnob,66
sentnob,43
sentnob,103
sentnob,69
sentnob,104
sentnob,63
sentnob,112
sentnob,125
sentnob,76
sentnob,85
sentnob,163
sentnob,45
sentnob,32
sentnob,60
sentnob,64
sentnob,33
sentnob,70
sentnob,62
sentnob,16
sentnob,22
sentnob,34
sentnob,44
sentnob,24
sentnob,15
sentnob,134
sentnob,24
sentnob,125
sentnob,79
sentnob,29
sentnob,50
sentnob,70
sentnob,111
sentnob,33
sentnob,36
sentnob,77
sentnob,55
sentnob,32
sentnob,151
sentnob,23
sentnob,22
sentnob,45
sentnob,99
sentnob,125
sentnob,37
sentnob,40
sentnob,147
sentnob,96
sentnob,19
sentnob,24
sentnob,36
sentnob,19
sentnob,71
sentnob,44
sentnob,63
sentnob,19
sentnob,36
sentnob,126
sentnob,29
sentnob,26
sentnob,100
sentnob,60
sentnob,65
sentnob,57
sentnob,19
sentnob,23
sentnob,32
sentnob,30
sentnob,17
sentnob,14
sentnob,36
sentnob,54
sentnob,107
sentnob,153
sentnob,65
sentnob,13
sentnob,45
sentnob,78
sentnob,36
sentnob,53
sentnob,25
sentnob,25
sentnob,32
sentnob,74
sentnob,84
sentnob,38
sentnob,134
sentnob,31
sentnob,27
sentnob,52
sentnob,53
sentnob,28
sentnob,148
sentnob,51
sentnob,76
sentnob,27
sentnob,40
sentnob,25
sentnob,86
sentnob,67
sentnob,39
sentnob,29
sentnob,30
sentnob,24
sentnob,67
sentnob,16
sentnob,27
sentnob,24
sentnob,33
sentnob,79
sentnob,24
sentnob,54
sentnob,14
sentnob,42
sentnob,20
sentnob,51
sentnob,33
sentnob,20
sentnob,42
sentnob,126
sentnob,29
sentnob,63
sentnob,17
sentnob,28
sentnob,73
sentnob,42
sentnob,87
sentnob,58
sentnob,21
sentnob,20
sentnob,17
sentnob,67
sentnob,86
sentnob,36
sentnob,40
sentnob,24
sentnob,34
sentnob,39
sentnob,62
sentnob,79
sentnob,19
sentnob,58
sentnob,39
sentnob,63
sentnob,37
sentnob,38
sentnob,27
sentnob,47
sentnob,129
sentnob,47
sentnob,20
sentnob,39
sentnob,84
sentnob,25
sentnob,28
sentnob,112
sentnob,142
sentnob,101
sentnob,14
sentnob,35
sentnob,134
sentnob,64
sentnob,33
sentnob,14
sentnob,19
sentnob,36
sentnob,37
sentnob,24
sentnob,35
sentnob,21
sentnob,42
sentnob,57
sentnob,44
sentnob,112
sentnob,28
sentnob,183
sentnob,36
sentnob,49
sentnob,59
sentnob,106
sentnob,16
sentnob,66
sentnob,21
sentnob,37
sentnob,50
sentnob,17
sentnob,71
sentnob,48
sentnob,42
sentnob,19
sentnob,53
sentnob,85
sentnob,21
sentnob,35
sentnob,46
sentnob,50
sentnob,20
sentnob,19
sentnob,25
sentnob,29
sentnob,118
sentnob,106
sentnob,21
sentnob,42
sentnob,36
sentnob,50
sentnob,40
sentnob,41
sentnob,62
sentnob,41
sentnob,34
sentnob,43
sentnob,61
sentnob,42
sentnob,47
sentnob,75
sentnob,29
sentnob,38
sentnob,32
sentnob,20
sentnob,126
sentnob,64
sentnob,27
sentnob,19
sentnob,87
sentnob,62
sentnob,37
sentnob,14
sentnob,37
sentnob,35
sentnob,44
sentnob,64
sentnob,115
sentnob,64
sentnob,25
sentnob,90
sentnob,32
sentnob,21
sentnob,31
sentnob,56
sentnob,49
sentnob,116
sentnob,44
sentnob,25
sentnob,138
sentnob,52
sentnob,47
sentnob,95
sentnob,15
sentnob,24
sentnob,149
sentnob,24
sentnob,58
sentnob,108
sentnob,37
sentnob,31
sentnob,32
sentnob,98
sentnob,24
sentnob,80
sentnob,155
sentnob,31
sentnob,43
sentnob,93
sentnob,29
sentnob,67
sentnob,31
sentnob,46
sentnob,33
sentnob,44
sentnob,28
sentnob,17
sentnob,74
sentnob,28
sentnob,24
sentnob,98
sentnob,110
sentnob,22
sentnob,123
sentnob,28
sentnob,37
sentnob,32
sentnob,126
sentnob,25
sentnob,93
sentnob,104
sentnob,38
sentnob,42
sentnob,68
sentnob,32
sentnob,49
sentnob,27
sentnob,89
sentnob,148
sentnob,102
sentnob,163
sentnob,30
sentnob,32
sentnob,58
sentnob,35
sentnob,118
sentnob,123
sentnob,83
sentnob,49
sentnob,22
sentnob,91
sentnob,46
sentnob,31
sentnob,111
sentnob,27
sentnob,42
sentnob,206
sentnob,59
sentnob,38
sentnob,23
sentnob,111
sentnob,16
sentnob,39
sentnob,37
sentnob,35
sentnob,35
sentnob,61
sentnob,94
sentnob,54
sentnob,35
sentnob,56
sentnob,67
sentnob,31
sentnob,20
sentnob,106
sentnob,26
sentnob,36
sentnob,19
sentnob,95
sentnob,20
sentnob,38
sentnob,76
sentnob,19
sentnob,61
sentnob,73
sentnob,18
sentnob,31
sentnob,100
sentnob,115
sentnob,72
sentnob,39
sentnob,149
sentnob,52
sentnob,36
sentnob,51
sentnob,22
sentnob,16
sentnob,34
sentnob,21
sentnob,47
sentnob,45
sentnob,131
sentnob,55
sentnob,65
sentnob,88
sentnob,38
sentnob,63
sentnob,32
sentnob,50
sentnob,94
sentnob,35
sentnob,26
sentnob,36
sentnob,23
sentnob,43
sentnob,73
sentnob,24
sentnob,77
sentnob,26
sentnob,36
sentnob,73
sentnob,35
sentnob,68
sentnob,94
sentnob,63
sentnob,31
sentnob,62
sentnob,92
sentnob,37
sentnob,22
sentnob,78
sentnob,25
sentnob,25
sentnob,52
sentnob,60
sentnob,28
sentnob,129
sentnob,16
sentnob,19
sentnob,29
sentnob,18
sentnob,121
sentnob,20
sentnob,59
sentnob,30
sentnob,116
sentnob,51
sentnob,29
sentnob,64
sentnob,36
sentnob,25
sentnob,33
sentnob,146
sentnob,147
sentnob,26
sentnob,26
sentnob,84
sentnob,29
sentnob,53
sentnob,20
sentnob,62
sentnob,29
sentnob,120
sentnob,25
sentnob,67
sentnob,25
sentnob,60
sentnob,43
sentnob,54
sentnob,17
sentnob,34
sentnob,16
sentnob,26
sentnob,16
sentnob,49
sentnob,36
sentnob,58
sentnob,35
sentnob,76
sentnob,77
sentnob,37
sentnob,30
sentnob,18
sentnob,121
sentnob,15
sentnob,36
sentnob,47
sentnob,24
sentnob,23
sentnob,116
sentnob,51
sentnob,21
sentnob,35
sentnob,46
sentnob,21
sentnob,77
sentnob,60
sentnob,35
sentnob,15
sentnob,24
sentnob,33
sentnob,71
sentnob,21
sentnob,43
sentnob,79
sentnob,25
sentnob,42
sentnob,45
sentnob,59
sentnob,54
sentnob,62
sentnob,29
sentnob,22
sentnob,21
sentnob,70
sentnob,58
sentnob,20
sentnob,61
sentnob,24
sentnob,70
sentnob,19
sentnob,30
sentnob,46
sentnob,46
sentnob,78
sentnob,120
sentnob,39
sentnob,17
sentnob,22
sentnob,21
sentnob,52
sentnob,130
sentnob,26
sentnob,39
sentnob,32
sentnob,106
sentnob,58
sentnob,30
sentnob,128
sentnob,65
sentnob,194
sentnob,22
sentnob,17
sentnob,81
sentnob,64
sentnob,22
sentnob,37
sentnob,42
sentnob,96
sentnob,26
sentnob,51
sentnob,50
sentnob,133
sentnob,24
sentnob,17
sentnob,37
sentnob,78
sentnob,105
sentnob,52
sentnob,67
sentnob,30
sentnob,91
sentnob,34
sentnob,74
sentnob,73
sentnob,43
sentnob,76
sentnob,116
sentnob,35
sentnob,17
sentnob,36
sentnob,53
sentnob,37
sentnob,28
sentnob,39
sentnob,25
sentnob,32
sentnob,61
sentnob,28
sentnob,27
sentnob,29
sentnob,60
sentnob,117
sentnob,43
sentnob,45
sentnob,44
sentnob,75
sentnob,119
sentnob,32
sentnob,55
sentnob,18
sentnob,25
sentnob,163
sentnob,19
sentnob,88
sentnob,25
sentnob,31
sentnob,26
sentnob,20
sentnob,25
sentnob,137
sentnob,30
sentnob,61
sentnob,21
sentnob,86
sentnob,60
sentnob,34
sentnob,155
sentnob,44
sentnob,77
sentnob,26
sentnob,44
sentnob,20
sentnob,20
sentnob,88
sentnob,48
sentnob,58
sentnob,101
sentnob,33
sentnob,25
sentnob,134
sentnob,33
sentnob,23
sentnob,33
sentnob,28
sentnob,27
sentnob,26
sentnob,18
sentnob,18
sentnob,30
sentnob,55
sentnob,62
sentnob,37
sentnob,20
sentnob,46
sentnob,63
sentnob,91
sentnob,27
sentnob,26
sentnob,17
sentnob,38
sentnob,28
sentnob,31
sentnob,33
sentnob,29
sentnob,22
sentnob,46
sentnob,35
sentnob,28
sentnob,19
sentnob,42
sentnob,79
sentnob,33
sentnob,47
sentnob,103
sentnob,60
sentnob,21
sentnob,11
sentnob,37
sentnob,7
sentnob,38
sentnob,45
sentnob,38
sentnob,16
sentnob,67
sentnob,18
sentnob,64
sentnob,70
sentnob,37
sentnob,19
sentnob,35
sentnob,37
sentnob,56
sentnob,196
sentnob,47
sentnob,23
sentnob,135
sentnob,31
sentnob,112
sentnob,24
sentnob,24
sentnob,63
sentnob,31
sentnob,92
sentnob,27
sentnob,66
sentnob,127
sentnob,17
sentnob,37
sentnob,18
sentnob,42
sentnob,67
sentnob,24
sentnob,34
sentnob,33
sentnob,36
sentnob,63
sentnob,66
sentnob,46
sentnob,37
sentnob,87
sentnob,20
sentnob,26
sentnob,53
sentnob,28
sentnob,23
sentnob,43
sentnob,141
sentnob,44
sentnob,80
sentnob,27
sentnob,26
sentnob,17
sentnob,59
sentnob,82
sentnob,46
sentnob,39
sentnob,61
sentnob,22
sentnob,83
sentnob,49
sentnob,130
sentnob,57
sentnob,44
sentnob,155
sentnob,17
sentnob,24
sentnob,39
sentnob,53
sentnob,117
sentnob,35
sentnob,53
sentnob,47
sentnob,27
sentnob,25
sentnob,36
sentnob,18
sentnob,106
sentnob,91
sentnob,40
sentnob,129
sentnob,46
sentnob,20
sentnob,26
sentnob,21
sentnob,107
sentnob,54
sentnob,80
sentnob,35
sentnob,65
sentnob,48
sentnob,153
sentnob,64
sentnob,20
sentnob,28
sentnob,76
sentnob,33
sentnob,27
sentnob,15
sentnob,167
sentnob,28
sentnob,32
sentnob,53
sentnob,35
sentnob,24
sentnob,64
sentnob,117
sentnob,68
sentnob,86
sentnob,41
sentnob,133
sentnob,40
sentnob,30
sentnob,58
sentnob,159
sentnob,61
sentnob,40
sentnob,101
sentnob,56
sentnob,17
sentnob,39
sentnob,81
sentnob,45
sentnob,26
sentnob,25
sentnob,34
sentnob,64
sentnob,29
sentnob,34
sentnob,35
sentnob,20
sentnob,41
sentnob,33
sentnob,91
sentnob,23
sentnob,28
sentnob,83
sentnob,31
sentnob,25
sentnob,53
sentnob,25
sentnob,50
sentnob,25
sentnob,24
sentnob,41
sentnob,56
sentnob,22
sentnob,20
sentnob,85
sentnob,21
sentnob,20
sentnob,63
sentnob,52
sentnob,52
sentnob,47
sentnob,39
sentnob,28
sentnob,165
sentnob,35
sentnob,130
sentnob,35
sentnob,68
sentnob,24
sentnob,36
sentnob,28
sentnob,19
sentnob,24
sentnob,27
sentnob,39
sentnob,17
sentnob,130
sentnob,25
sentnob,71
sentnob,126
sentnob,54
sentnob,169
sentnob,166
sentnob,84
sentnob,23
sentnob,24
sentnob,153
sentnob,17
sentnob,26
sentnob,19
sentnob,161
sentnob,82
sentnob,17
sentnob,137
sentnob,18
sentnob,65
sentnob,18
sentnob,57
sentnob,67
sentnob,75
sentnob,24
sentnob,87
sentnob,55
sentnob,21
sentnob,128
sentnob,35
sentnob,30
sentnob,33
sentnob,34
sentnob,36
sentnob,44
sentnob,25
sentnob,40
sentnob,39
sentnob,28
sentnob,137
sentnob,130
sentnob,34
sentnob,32
sentnob,41
sentnob,35
sentnob,17
sentnob,44
sentnob,25
sentnob,67
sentnob,18
sentnob,31
sentnob,48
sentnob,73
sentnob,42
sentnob,117
sentnob,26
sentnob,23
sentnob,48
sentnob,38
sentnob,75
sentnob,59
sentnob,26
sentnob,24
sentnob,48
sentnob,59
sentnob,77
sentnob,50
sentnob,45
sentnob,98
sentnob,59
sentnob,18
sentnob,28
sentnob,29
sentnob,36
sentnob,33
sentnob,18
sentnob,57
sentnob,47
sentnob,14
sentnob,27
sentnob,28
sentnob,37
sentnob,33
sentnob,59
sentnob,24
sentnob,70
sentnob,39
sentnob,114
sentnob,45
sentnob,30
sentnob,85
sentnob,34
sentnob,87
sentnob,43
sentnob,18
sentnob,47
sentnob,42
sentnob,31
sentnob,20
sentnob,25
sentnob,19
sentnob,119
sentnob,89
sentnob,44
sentnob,91
sentnob,22
sentnob,58
sentnob,18
sentnob,25
sentnob,142
sentnob,23
sentnob,26
sentnob,59
sentnob,24
sentnob,17
sentnob,28
sentnob,118
sentnob,21
sentnob,34
sentnob,71
sentnob,20
sentnob,76
sentnob,22
sentnob,81
sentnob,40
sentnob,24
sentnob,24
sentnob,49
sentnob,53
sentnob,35
sentnob,55
sentnob,33
sentnob,76
sentnob,54
sentnob,18
sentnob,61
sentnob,20
sentnob,23
sentnob,28
sentnob,32
sentnob,60
sentnob,30
sentnob,20
sentnob,33
sentnob,29
sentnob,143
sentnob,34
sentnob,24
sentnob,50
sentnob,82
sentnob,28
sentnob,51
sentnob,22
sentnob,21
sentnob,56
sentnob,151
sentnob,24
sentnob,67
sentnob,54
sentnob,37
sentnob,39
sentnob,16
sentnob,26
sentnob,77
sentnob,12
sentnob,136
sentnob,34
sentnob,35
sentnob,52
sentnob,34
sentnob,59
sentnob,19
sentnob,15
sentnob,47
sentnob,109
sentnob,151
sentnob,25
sentnob,72
sentnob,34
sentnob,27
sentnob,87
sentnob,31
sentnob,76
sentnob,70
sentnob,89
sentnob,106
sentnob,25
sentnob,18
sentnob,58
sentnob,19
sentnob,67
sentnob,68
sentnob,29
sentnob,40
sentnob,29
sentnob,102
sentnob,66
sentnob,31
sentnob,26
sentnob,78
sentnob,27
sentnob,109
sentnob,43
sentnob,25
sentnob,35
sentnob,87
sentnob,17
sentnob,24
sentnob,40
sentnob,17
sentnob,26
sentnob,14
sentnob,18
sentnob,19
sentnob,45
sentnob,81
sentnob,87
sentnob,25
sentnob,32
sentnob,38
sentnob,41
sentnob,72
sentnob,19
sentnob,20
sentnob,25
sentnob,79
sentnob,31
sentnob,30
sentnob,59
sentnob,27
sentnob,26
sentnob,85
sentnob,50
sentnob,49
sentnob,126
sentnob,48
sentnob,32
sentnob,67
sentnob,37
sentnob,45
sentnob,26
sentnob,38
sentnob,21
sentnob,35
sentnob,121
sentnob,76
sentnob,118
sentnob,57
sentnob,31
sentnob,27
sentnob,52
sentnob,77
sentnob,18
sentnob,108
sentnob,68
sentnob,45
sentnob,44
sentnob,28
sentnob,126
sentnob,58
sentnob,52
sentnob,29
sentnob,78
sentnob,45
sentnob,30
sentnob,22
sentnob,24
sentnob,18
sentnob,169
sentnob,17
sentnob,89
sentnob,28
sentnob,39
sentnob,87
sentnob,66
sentnob,26
sentnob,150
sentnob,20
sentnob,58
sentnob,63
sentnob,44
sentnob,45
sentnob,101
sentnob,63
sentnob,71
sentnob,65
sentnob,16
sentnob,162
sentnob,27
sentnob,129
sentnob,29
sentnob,139
sentnob,25
sentnob,118
sentnob,21
sentnob,34
sentnob,23
sentnob,73
sentnob,20
sentnob,59
sentnob,81
sentnob,68
sentnob,85
sentnob,62
sentnob,66
sentnob,22
sentnob,46
sentnob,40
sentnob,18
sentnob,64
sentnob,22
sentnob,50
sentnob,48
sentnob,44
sentnob,18
sentnob,19
sentnob,36
sentnob,51
sentnob,45
sentnob,55
sentnob,18
sentnob,20
sentnob,17
sentnob,34
sentnob,115
sentnob,26
sentnob,63
sentnob,46
sentnob,27
sentnob,20
sentnob,63
sentnob,70
sentnob,114
sentnob,21
sentnob,30
sentnob,22
sentnob,69
sentnob,22
sentnob,160
sentnob,52
sentnob,39
sentnob,96
sentnob,95
sentnob,21
sentnob,32
sentnob,90
sentnob,117
sentnob,23
sentnob,32
sentnob,94
sentnob,33
sentnob,70
sentnob,170
sentnob,90
sentnob,47
sentnob,34
sentnob,128
sentnob,52
sentnob,49
sentnob,84
sentnob,24
sentnob,44
sentnob,26
sentnob,74
sentnob,39
sentnob,31
sentnob,26
sentnob,46
sentnob,35
sentnob,137
sentnob,20
sentnob,94
sentnob,16
sentnob,43
sentnob,27
sentnob,18
sentnob,19
sentnob,19
sentnob,49
sentnob,151
sentnob,108
sentnob,77
sentnob,14
sentnob,52
sentnob,53
sentnob,22
sentnob,171
sentnob,26
sentnob,23
sentnob,64
sentnob,20
sentnob,39
sentnob,166
sentnob,118
sentnob,66
sentnob,42
sentnob,146
sentnob,51
sentnob,74
sentnob,25
sentnob,13
sentnob,24
sentnob,34
sentnob,32
sentnob,23
sentnob,26
sentnob,24
sentnob,15
sentnob,29
sentnob,50
sentnob,104
sentnob,23
sentnob,46
sentnob,79
sentnob,43
sentnob,123
sentnob,27
sentnob,20
sentnob,29
sentnob,21
sentnob,30
sentnob,39
sentnob,28
sentnob,61
sentnob,53
sentnob,37
sentnob,151
sentnob,14
sentnob,41
sentnob,18
sentnob,32
sentnob,52
sentnob,65
sentnob,39
sentnob,63
sentnob,71
sentnob,22
sentnob,49
sentnob,35
sentnob,63
sentnob,25
sentnob,20
sentnob,134
sentnob,42
sentnob,126
sentnob,81
sentnob,33
sentnob,21
sentnob,66
sentnob,25
sentnob,23
sentnob,100
sentnob,26
sentnob,72
sentnob,32
sentnob,61
sentnob,100
sentnob,33
sentnob,83
sentnob,83
sentnob,32
sentnob,144
sentnob,62
sentnob,16
sentnob,36
sentnob,28
sentnob,18
sentnob,51
sentnob,75
sentnob,65
sentnob,54
sentnob,43
sentnob,44
sentnob,45
sentnob,36
sentnob,181
sentnob,97
sentnob,94
sentnob,25
sentnob,120
sentnob,16
sentnob,17
sentnob,70
sentnob,72
sentnob,28
sentnob,26
sentnob,42
sentnob,16
sentnob,22
sentnob,34
sentnob,25
sentnob,23
sentnob,30
sentnob,70
sentnob,18
sentnob,94
sentnob,82
sentnob,102
sentnob,60
sentnob,22
sentnob,57
sentnob,67
sentnob,28
sentnob,32
sentnob,26
sentnob,28
sentnob,91
sentnob,54
sentnob,17
sentnob,69
sentnob,54
sentnob,31
sentnob,96
sentnob,17
sentnob,52
sentnob,168
sentnob,24
sentnob,100
sentnob,42
sentnob,76
sentnob,27
sentnob,60
sentnob,95
sentnob,24
sentnob,47
sentnob,30
sentnob,168
sentnob,34
sentnob,28
sentnob,103
sentnob,28
sentnob,35
sentnob,53
sentnob,64
sentnob,15
sentnob,56
sentnob,40
sentnob,74
sentnob,85
sentnob,62
sentnob,85
sentnob,44
sentnob,80
sentnob,18
sentnob,48
sentnob,119
sentnob,36
sentnob,16
sentnob,52
sentnob,55
sentnob,23
sentnob,184
sentnob,34
sentnob,51
sentnob,22
sentnob,126
sentnob,26
sentnob,76
sentnob,59
sentnob,19
sentnob,13
sentnob,84
sentnob,16
sentnob,62
sentnob,104
sentnob,26
sentnob,134
sentnob,49
sentnob,128
sentnob,33
sentnob,51
sentnob,40
sentnob,17
sentnob,82
sentnob,45
sentnob,55
sentnob,17
sentnob,100
sentnob,17
sentnob,131
sentnob,30
sentnob,65
sentnob,22
sentnob,54
sentnob,45
sentnob,19
sentnob,32
sentnob,36
sentnob,71
sentnob,20
sentnob,33
sentnob,37
sentnob,14
sentnob,48
sentnob,16
sentnob,19
sentnob,16
sentnob,57
sentnob,39
sentnob,28
sentnob,139
sentnob,41
sentnob,27
sentnob,53
sentnob,32
sentnob,65
sentnob,48
sentnob,16
sentnob,39
sentnob,71
sentnob,21
sentnob,89
sentnob,22
sentnob,124
sentnob,21
sentnob,21
sentnob,31
sentnob,44
sentnob,20
sentnob,111
sentnob,28
sentnob,29
sentnob,52
sentnob,35
sentnob,51
sentnob,45
sentnob,42
sentnob,43
sentnob,70
sentnob,52
sentnob,59
sentnob,32
sentnob,45
sentnob,91
sentnob,83
sentnob,66
sentnob,37
sentnob,136
sentnob,34
sentnob,32
sentnob,68
sentnob,85
sentnob,69
sentnob,20
sentnob,46
sentnob,136
sentnob,22
sentnob,38
sentnob,30
sentnob,52
sentnob,67
sentnob,22
sentnob,26
sentnob,17
sentnob,80
sentnob,45
sentnob,129
sentnob,129
sentnob,140
sentnob,135
sentnob,12
sentnob,33
sentnob,61
sentnob,91
sentnob,148
sentnob,25
sentnob,28
sentnob,37
sentnob,23
sentnob,55
sentnob,159
sentnob,102
sentnob,42
sentnob,23
sentnob,97
sentnob,93
sentnob,50
sentnob,12
sentnob,101
sentnob,114
sentnob,133
sentnob,37
sentnob,76
sentnob,44
sentnob,41
sentnob,54
sentnob,156
sentnob,57
sentnob,37
sentnob,74
sentnob,54
sentnob,27
sentnob,44
sentnob,194
sentnob,50
sentnob,39
sentnob,27
sentnob,40
sentnob,36
sentnob,22
sentnob,22
sentnob,55
sentnob,39
sentnob,68
sentnob,53
sentnob,123
sentnob,41
sentnob,49
sentnob,29
sentnob,41
sentnob,139
sentnob,83
sentnob,59
sentnob,50
sentnob,43
sentnob,160
sentnob,27
sentnob,22
sentnob,92
sentnob,29
sentnob,54
sentnob,46
sentnob,57
sentnob,75
sentnob,30
sentnob,18
sentnob,173
sentnob,33
sentnob,42
sentnob,53
sentnob,65
sentnob,45
sentnob,158
sentnob,18
sentnob,31
sentnob,97
sentnob,25
sentnob,37
sentnob,140
sentnob,37
sentnob,24
sentnob,52
sentnob,39
sentnob,27
sentnob,82
sentnob,122
sentnob,42
sentnob,29
sentnob,16
sentnob,70
sentnob,45
sentnob,77
sentnob,38
sentnob,59
sentnob,19
sentnob,49
sentnob,36
sentnob,36
sentnob,21
sentnob,26
sentnob,67
sentnob,29
sentnob,52
sentnob,27
sentnob,42
sentnob,16
sentnob,98
sentnob,98
sentnob,63
sentnob,32
sentnob,22
sentnob,53
sentnob,49
sentnob,39
sentnob,16
sentnob,25
sentnob,69
sentnob,17
sentnob,118
sentnob,119
sentnob,60
sentnob,25
sentnob,107
sentnob,21
sentnob,32
sentnob,25
sentnob,117
sentnob,34
sentnob,19
sentnob,178
sentnob,74
sentnob,24
sentnob,36
sentnob,73
sentnob,45
sentnob,27
sentnob,12
sentnob,29
sentnob,39
sentnob,25
sentnob,68
sentnob,32
sentnob,174
sentnob,98
sentnob,24
sentnob,50
sentnob,24
sentnob,30
sentnob,33
sentnob,69
sentnob,26
sentnob,54
sentnob,143
sentnob,29
sentnob,86
sentnob,23
sentnob,27
sentnob,48
sentnob,36
sentnob,89
sentnob,51
sentnob,109
sentnob,25
sentnob,21
sentnob,22
sentnob,60
sentnob,52
sentnob,147
sentnob,63
sentnob,53
sentnob,76
sentnob,24
sentnob,113
sentnob,25
sentnob,67
sentnob,54
sentnob,33
sentnob,45
sentnob,18
sentnob,103
sentnob,40
sentnob,26
sentnob,25
sentnob,85
sentnob,50
sentnob,59
sentnob,16
sentnob,21
sentnob,19
sentnob,53
sentnob,43
sentnob,28
sentnob,48
sentnob,38
sentnob,78
sentnob,128
sentnob,25
sentnob,33
sentnob,41
sentnob,21
sentnob,90
sentnob,51
sentnob,101
sentnob,17
sentnob,22
sentnob,45
sentnob,126
sentnob,122
sentnob,66
sentnob,28
sentnob,36
sentnob,13
sentnob,22
sentnob,79
sentnob,61
sentnob,65
sentnob,28
sentnob,51
sentnob,44
sentnob,25
sentnob,29
sentnob,77
sentnob,80
sentnob,89
sentnob,41
sentnob,51
sentnob,157
sentnob,47
sentnob,138
sentnob,19
sentnob,34
sentnob,19
sentnob,51
sentnob,113
sentnob,34
sentnob,125
sentnob,54
sentnob,20
sentnob,42
sentnob,38
sentnob,58
sentnob,19
sentnob,50
sentnob,25
sentnob,38
sentnob,17
sentnob,51
sentnob,21
sentnob,122
sentnob,73
sentnob,66
sentnob,21
sentnob,118
sentnob,88
sentnob,81
sentnob,16
sentnob,102
sentnob,90
sentnob,98
sentnob,105
sentnob,28
sentnob,60
sentnob,43
sentnob,37
sentnob,57
sentnob,27
sentnob,62
sentnob,51
sentnob,181
sentnob,69
sentnob,75
sentnob,78
sentnob,49
sentnob,22
sentnob,99
sentnob,29
sentnob,60
sentnob,49
sentnob,16
sentnob,27
sentnob,44
sentnob,48
sentnob,20
sentnob,25
sentnob,44
sentnob,61
sentnob,64
sentnob,31
sentnob,98
sentnob,20
sentnob,88
sentnob,51
sentnob,34
sentnob,20
sentnob,25
sentnob,84
sentnob,20
sentnob,68
sentnob,34
sentnob,72
sentnob,18
sentnob,21
sentnob,125
sentnob,47
sentnob,55
sentnob,107
sentnob,59
sentnob,23
sentnob,23
sentnob,37
sentnob,131
sentnob,22
sentnob,25
sentnob,42
sentnob,45
sentnob,33
sentnob,121
sentnob,19
sentnob,20
sentnob,55
sentnob,45
sentnob,93
sentnob,24
sentnob,83
sentnob,61
sentnob,18
sentnob,59
sentnob,29
sentnob,124
sentnob,41
sentnob,18
sentnob,81
sentnob,41
sentnob,33
sentnob,37
sentnob,34
sentnob,50
sentnob,19
sentnob,49
sentnob,22
sentnob,78
sentnob,77
sentnob,124
sentnob,21
sentnob,90
sentnob,19
sentnob,52
sentnob,30
sentnob,79
sentnob,87
sentnob,33
sentnob,42
sentnob,103
sentnob,47
sentnob,19
sentnob,66
sentnob,53
sentnob,30
sentnob,23
sentnob,36
sentnob,38
sentnob,72
sentnob,42
sentnob,32
sentnob,38
sentnob,70
sentnob,41
sentnob,33
sentnob,27
sentnob,34
sentnob,85
sentnob,97
sentnob,16
sentnob,71
sentnob,29
sentnob,17
sentnob,41
sentnob,91
sentnob,51
sentnob,126
sentnob,70
sentnob,41
sentnob,19
sentnob,85
sentnob,45
sentnob,64
sentnob,117
sentnob,50
sentnob,63
sentnob,40
sentnob,18
sentnob,45
sentnob,57
sentnob,157
sentnob,70
sentnob,43
sentnob,58
sentnob,124
sentnob,23
sentnob,59
sentnob,86
sentnob,30
sentnob,35
sentnob,41
sentnob,151
sentnob,30
sentnob,84
sentnob,24
sentnob,74
sentnob,38
sentnob,33
sentnob,24
sentnob,23
sentnob,45
sentnob,63
sentnob,42
sentnob,40
sentnob,105
sentnob,34
sentnob,44
sentnob,45
sentnob,51
sentnob,47
sentnob,17
sentnob,50
sentnob,121
sentnob,37
sentnob,33
sentnob,51
sentnob,34
sentnob,30
sentnob,26
sentnob,16
sentnob,79
sentnob,54
sentnob,121
sentnob,104
sentnob,84
sentnob,42
sentnob,84
sentnob,66
sentnob,56
sentnob,20
sentnob,102
sentnob,51
sentnob,118
sentnob,20
sentnob,35
sentnob,56
sentnob,63
sentnob,97
sentnob,28
sentnob,41
sentnob,25
sentnob,19
sentnob,41
sentnob,137
sentnob,61
sentnob,86
sentnob,51
sentnob,15
sentnob,36
sentnob,40
sentnob,35
sentnob,50
sentnob,70
sentnob,141
sentnob,41
sentnob,30
sentnob,34
sentnob,42
sentnob,29
sentnob,16
sentnob,30
sentnob,56
sentnob,40
sentnob,35
sentnob,39
sentnob,26
sentnob,37
sentnob,113
sentnob,86
sentnob,53
sentnob,53
sentnob,99
sentnob,19
sentnob,105
sentnob,49
sentnob,48
sentnob,26
sentnob,22
sentnob,54
sentnob,49
sentnob,30
sentnob,93
sentnob,83
sentnob,48
sentnob,30
sentnob,72
sentnob,133
sentnob,36
sentnob,30
sentnob,83
sentnob,28
sentnob,65
sentnob,35
sentnob,79
sentnob,125
sentnob,66
sentnob,18
sentnob,77
sentnob,15
sentnob,46
sentnob,62
sentnob,39
sentnob,22
sentnob,24
sentnob,90
sentnob,40
sentnob,29
sentnob,72
sentnob,167
sentnob,47
sentnob,64
sentnob,42
sentnob,42
sentnob,65
sentnob,66
sentnob,34
sentnob,168
sentnob,39
sentnob,53
sentnob,33
sentnob,19
sentnob,120
sentnob,84
sentnob,45
sentnob,54
sentnob,27
sentnob,104
sentnob,36
sentnob,100
sentnob,64
sentnob,21
sentnob,37
sentnob,33
sentnob,20
sentnob,104
sentnob,33
sentnob,35
sentnob,22
sentnob,37
sentnob,39
sentnob,56
sentnob,75
sentnob,28
sentnob,29
sentnob,114
sentnob,31
sentnob,49
sentnob,58
sentnob,41
sentnob,82
sentnob,24
sentnob,19
sentnob,63
sentnob,97
sentnob,41
sentnob,22
sentnob,31
sentnob,36
sentnob,112
sentnob,109
sentnob,163
sentnob,33
sentnob,51
sentnob,45
sentnob,73
sentnob,29
sentnob,41
sentnob,57
sentnob,96
sentnob,37
sentnob,158
sentnob,24
sentnob,30
sentnob,30
sentnob,20
sentnob,38
sentnob,83
sentnob,21
sentnob,109
sentnob,37
sentnob,59
sentnob,46
sentnob,31
sentnob,67
sentnob,107
sentnob,78
sentnob,25
sentnob,62
sentnob,31
sentnob,33
sentnob,23
sentnob,160
sentnob,53
sentnob,56
sentnob,148
sentnob,25
sentnob,35
sentnob,102
sentnob,23
sentnob,56
sentnob,25
sentnob,24
sentnob,21
sentnob,72
sentnob,38
sentnob,159
sentnob,28
sentnob,159
sentnob,109
sentnob,21
sentnob,64
sentnob,68
sentnob,94
sentnob,40
sentnob,74
sentnob,20
sentnob,33
sentnob,54
sentnob,80
sentnob,23
sentnob,116
sentnob,24
sentnob,32
sentnob,27
sentnob,25
sentnob,47
sentnob,20
sentnob,30
sentnob,61
sentnob,21
sentnob,16
sentnob,19
sentnob,22
sentnob,50
sentnob,91
sentnob,20
sentnob,105
sentnob,182
sentnob,15
sentnob,26
sentnob,34
sentnob,54
sentnob,89
sentnob,130
sentnob,20
sentnob,55
sentnob,19
sentnob,43
sentnob,27
sentnob,24
sentnob,29
sentnob,23
sentnob,34
sentnob,17
sentnob,19
sentnob,35
sentnob,105
sentnob,25
sentnob,31
sentnob,181
sentnob,15
sentnob,109
sentnob,28
sentnob,54
sentnob,51
sentnob,104
sentnob,14
sentnob,68
sentnob,102
sentnob,34
sentnob,62
sentnob,16
sentnob,90
sentnob,107
sentnob,33
sentnob,29
sentnob,44
sentnob,71
sentnob,66
sentnob,52
sentnob,26
sentnob,63
sentnob,103
sentnob,25
sentnob,35
sentnob,36
sentnob,30
sentnob,72
sentnob,22
sentnob,49
sentnob,90
sentnob,78
sentnob,23
sentnob,103
sentnob,66
sentnob,90
sentnob,21
sentnob,167
sentnob,28
sentnob,30
sentnob,159
sentnob,17
sentnob,45
sentnob,41
sentnob,65
sentnob,20
sentnob,36
sentnob,18
sentnob,19
sentnob,46
sentnob,100
sentnob,35
sentnob,27
sentnob,50
sentnob,37
sentnob,28
sentnob,21
sentnob,32
sentnob,41
sentnob,35
sentnob,26
sentnob,94
sentnob,39
sentnob,48
sentnob,57
sentnob,58
sentnob,39
sentnob,50
sentnob,40
sentnob,63
sentnob,73
sentnob,24
sentnob,35
sentnob,32
sentnob,38
sentnob,50
sentnob,88
sentnob,25
sentnob,36
sentnob,36
sentnob,77
sentnob,20
sentnob,154
sentnob,18
sentnob,52
sentnob,17
sentnob,20
sentnob,36
sentnob,25
sentnob,45
sentnob,70
sentnob,28
sentnob,32
sentnob,53
sentnob,24
sentnob,28
sentnob,66
sentnob,38
sentnob,28
sentnob,30
sentnob,27
sentnob,79
sentnob,83
sentnob,18
sentnob,30
sentnob,60
sentnob,33
sentnob,88
sentnob,26
sentnob,28
sentnob,46
sentnob,26
sentnob,48
sentnob,72
sentnob,30
sentnob,68
sentnob,40
sentnob,99
sentnob,36
sentnob,25
sentnob,60
sentnob,33
sentnob,30
sentnob,63
sentnob,155
sentnob,53
sentnob,20
sentnob,106
sentnob,32
sentnob,36
sentnob,62
sentnob,26
sentnob,24
sentnob,43
sentnob,34
sentnob,26
sentnob,67
sentnob,54
sentnob,40
sentnob,60
sentnob,26
sentnob,74
sentnob,33
sentnob,88
sentnob,28
sentnob,117
sentnob,28
sentnob,121
sentnob,28
sentnob,36
sentnob,18
sentnob,43
sentnob,92
sentnob,46
sentnob,38
sentnob,44
sentnob,44
sentnob,34
sentnob,49
sentnob,16
sentnob,25
sentnob,33
sentnob,33
sentnob,134
sentnob,13
sentnob,24
sentnob,94
sentnob,85
sentnob,21
sentnob,86
sentnob,37
sentnob,23
sentnob,18
sentnob,37
sentnob,27
sentnob,52
sentnob,147
sentnob,23
sentnob,18
sentnob,25
sentnob,61
sentnob,120
sentnob,95
sentnob,24
sentnob,46
sentnob,17
sentnob,25
sentnob,17
sentnob,53
sentnob,47
sentnob,21
sentnob,27
sentnob,19
sentnob,21
sentnob,48
sentnob,27
sentnob,43
sentnob,86
sentnob,30
sentnob,69
sentnob,75
sentnob,30
sentnob,52
sentnob,35
sentnob,31
sentnob,54
sentnob,22
sentnob,20
sentnob,151
sentnob,47
sentnob,53
sentnob,78
sentnob,16
sentnob,40
sentnob,21
sentnob,55
sentnob,69
sentnob,25
sentnob,69
sentnob,188
sentnob,24
sentnob,52
sentnob,72
sentnob,19
sentnob,78
sentnob,65
sentnob,63
sentnob,58
sentnob,29
sentnob,37
sentnob,18
sentnob,125
sentnob,18
sentnob,16
sentnob,99
sentnob,48
sentnob,91
sentnob,21
sentnob,27
sentnob,42
sentnob,57
sentnob,23
sentnob,81
sentnob,40
sentnob,16
sentnob,55
sentnob,130
sentnob,32
sentnob,53
sentnob,30
sentnob,15
sentnob,55
sentnob,35
sentnob,43
sentnob,67
sentnob,91
sentnob,30
sentnob,26
sentnob,24
sentnob,22
sentnob,46
sentnob,39
sentnob,76
sentnob,73
sentnob,20
sentnob,51
sentnob,71
sentnob,27
sentnob,70
sentnob,82
sentnob,22
sentnob,19
sentnob,17
sentnob,29
sentnob,44
sentnob,38
sentnob,40
sentnob,51
sentnob,26
sentnob,41
sentnob,27
sentnob,70
sentnob,17
sentnob,45
sentnob,56
sentnob,51
sentnob,29
sentnob,130
sentnob,30
sentnob,80
sentnob,141
sentnob,39
sentnob,45
sentnob,123
sentnob,17
sentnob,104
sentnob,18
sentnob,42
sentnob,63
sentnob,69
sentnob,25
sentnob,27
sentnob,26
sentnob,56
sentnob,58
sentnob,37
sentnob,36
sentnob,63
sentnob,21
sentnob,22
sentnob,57
sentnob,108
sentnob,80
sentnob,24
sentnob,27
sentnob,71
sentnob,73
sentnob,108
sentnob,17
sentnob,123
sentnob,54
sentnob,15
sentnob,38
sentnob,49
sentnob,23
sentnob,17
sentnob,51
sentnob,50
sentnob,56
sentnob,25
sentnob,50
sentnob,20
sentnob,19
sentnob,19
sentnob,96
sentnob,24
sentnob,17
sentnob,31
sentnob,54
sentnob,77
sentnob,32
sentnob,69
sentnob,30
sentnob,18
sentnob,121
sentnob,30
sentnob,19
sentnob,43
sentnob,27
sentnob,79
sentnob,19
sentnob,146
sentnob,20
sentnob,33
sentnob,59
sentnob,41
sentnob,21
sentnob,59
sentnob,70
sentnob,109
sentnob,30
sentnob,41
sentnob,15
sentnob,93
sentnob,20
sentnob,76
sentnob,57
sentnob,26
sentnob,55
sentnob,138
sentnob,19
sentnob,43
sentnob,90
sentnob,44
sentnob,63
sentnob,76
sentnob,40
sentnob,86
sentnob,52
sentnob,27
sentnob,70
sentnob,90
sentnob,30
sentnob,29
sentnob,82
sentnob,42
sentnob,139
sentnob,17
sentnob,80
sentnob,79
sentnob,86
sentnob,51
sentnob,52
sentnob,29
sentnob,63
sentnob,22
sentnob,110
sentnob,99
sentnob,110
sentnob,124
sentnob,29
sentnob,22
sentnob,38
sentnob,35
sentnob,115
sentnob,20
sentnob,27
sentnob,19
sentnob,27
sentnob,51
sentnob,103
sentnob,46
sentnob,34
sentnob,17
sentnob,35
sentnob,27
sentnob,42
sentnob,94
sentnob,92
sentnob,111
sentnob,44
sentnob,57
sentnob,45
sentnob,40
sentnob,14
sentnob,89
sentnob,29
sentnob,32
sentnob,46
sentnob,68
sentnob,171
sentnob,101
sentnob,147
sentnob,42
sentnob,20
sentnob,19
sentnob,73
sentnob,175
sentnob,22
sentnob,32
sentnob,74
sentnob,35
sentnob,39
sentnob,72
sentnob,36
sentnob,39
sentnob,48
sentnob,26
sentnob,23
sentnob,78
sentnob,33
sentnob,106
sentnob,16
sentnob,16
sentnob,80
sentnob,69
sentnob,63
sentnob,68
sentnob,123
sentnob,78
sentnob,16
sentnob,24
sentnob,34
sentnob,109
sentnob,51
sentnob,53
sentnob,84
sentnob,66
sentnob,119
sentnob,63
sentnob,42
sentnob,52
sentnob,139
sentnob,67
sentnob,31
sentnob,28
sentnob,30
sentnob,40
sentnob,27
sentnob,26
sentnob,36
sentnob,39
sentnob,118
sentnob,25
sentnob,111
sentnob,36
sentnob,151
sentnob,50
sentnob,13
sentnob,142
sentnob,20
sentnob,95
sentnob,104
sentnob,88
sentnob,25
sentnob,66
sentnob,142
sentnob,71
sentnob,36
sentnob,61
sentnob,112
sentnob,27
sentnob,155
sentnob,52
sentnob,115
sentnob,122
sentnob,9
sentnob,72
sentnob,70
sentnob,19
sentnob,36
sentnob,106
sentnob,22
sentnob,46
sentnob,40
sentnob,101
sentnob,20
sentnob,71
sentnob,18
sentnob,25
sentnob,115
sentnob,39
sentnob,24
sentnob,33
sentnob,94
sentnob,80
sentnob,108
sentnob,26
sentnob,15
sentnob,90
sentnob,83
sentnob,35
sentnob,22
sentnob,48
sentnob,50
sentnob,63
sentnob,91
sentnob,137
sentnob,39
sentnob,70
sentnob,56
sentnob,60
sentnob,21
sentnob,18
sentnob,69
sentnob,37
sentnob,58
sentnob,34
sentnob,21
sentnob,37
sentnob,80
sentnob,71
sentnob,68
sentnob,90
sentnob,64
sentnob,24
sentnob,21
sentnob,20
sentnob,24
sentnob,76
sentnob,90
sentnob,55
sentnob,66
sentnob,68
sentnob,26
sentnob,94
sentnob,36
sentnob,27
sentnob,26
sentnob,104
sentnob,22
sentnob,61
sentnob,68
sentnob,41
sentnob,33
sentnob,166
sentnob,28
sentnob,27
sentnob,55
sentnob,91
sentnob,44
sentnob,132
sentnob,137
sentnob,27
sentnob,57
sentnob,56
sentnob,23
sentnob,32
sentnob,25
sentnob,74
sentnob,47
sentnob,94
sentnob,59
sentnob,27
sentnob,20
sentnob,24
sentnob,78
sentnob,155
sentnob,38
sentnob,13
sentnob,24
sentnob,59
sentnob,18
sentnob,20
sentnob,51
sentnob,40
sentnob,39
sentnob,137
sentnob,16
sentnob,37
sentnob,63
sentnob,66
sentnob,104
sentnob,90
sentnob,39
sentnob,160
sentnob,25
sentnob,37
sentnob,46
sentnob,88
sentnob,31
sentnob,54
sentnob,38
sentnob,75
sentnob,31
sentnob,43
sentnob,16
sentnob,20
sentnob,51
sentnob,43
sentnob,41
sentnob,121
sentnob,24
sentnob,33
sentnob,137
sentnob,100
sentnob,45
sentnob,81
sentnob,29
sentnob,20
sentnob,38
sentnob,19
sentnob,135
sentnob,26
sentnob,28
sentnob,32
sentnob,63
sentnob,48
sentnob,34
sentnob,94
sentnob,56
sentnob,78
sentnob,21
sentnob,38
sentnob,40
sentnob,30
sentnob,105
sentnob,30
sentnob,42
sentnob,110
sentnob,48
sentnob,69
sentnob,72
sentnob,110
sentnob,22
sentnob,18
sentnob,19
sentnob,60
sentnob,66
sentnob,25
sentnob,89
sentnob,56
sentnob,38
sentnob,54
sentnob,65
sentnob,45
sentnob,27
sentnob,125
sentnob,18
sentnob,58
sentnob,57
sentnob,24
sentnob,101
sentnob,37
sentnob,63
sentnob,35
sentnob,43
sentnob,31
sentnob,18
sentnob,32
sentnob,58
sentnob,95
sentnob,29
sentnob,24
sentnob,22
sentnob,49
sentnob,35
sentnob,24
sentnob,42
sentnob,49
sentnob,55
sentnob,19
sentnob,28
sentnob,59
sentnob,43
sentnob,38
sentnob,46
sentnob,32
sentnob,157
sentnob,61
sentnob,33
sentnob,16
sentnob,93
sentnob,15
sentnob,157
sentnob,42
sentnob,25
sentnob,85
sentnob,24
sentnob,120
sentnob,124
sentnob,41
sentnob,158
sentnob,44
sentnob,49
sentnob,51
sentnob,16
sentnob,27
sentnob,45
sentnob,38
sentnob,27
sentnob,77
sentnob,40
sentnob,53
sentnob,185
sentnob,62
sentnob,63
sentnob,36
sentnob,116
sentnob,56
sentnob,39
sentnob,23
sentnob,48
sentnob,101
sentnob,123
sentnob,140
sentnob,33
sentnob,49
sentnob,59
sentnob,15
sentnob,35
sentnob,37
sentnob,38
sentnob,80
sentnob,26
sentnob,48
sentnob,80
sentnob,50
sentnob,15
sentnob,43
sentnob,25
sentnob,101
sentnob,49
sentnob,16
sentnob,98
sentnob,102
sentnob,151
sentnob,32
sentnob,65
sentnob,48
sentnob,44
sentnob,24
sentnob,41
sentnob,25
sentnob,70
sentnob,18
sentnob,139
sentnob,58
sentnob,37
sentnob,30
sentnob,80
sentnob,80
sentnob,87
sentnob,57
sentnob,100
sentnob,128
sentnob,30
sentnob,58
sentnob,103
sentnob,52
sentnob,69
sentnob,37
sentnob,66
sentnob,29
sentnob,138
sentnob,105
sentnob,45
sentnob,26
sentnob,47
sentnob,41
sentnob,52
sentnob,34
sentnob,92
sentnob,22
sentnob,16
sentnob,44
sentnob,28
sentnob,125
sentnob,31
sentnob,28
sentnob,12
sentnob,55
sentnob,60
sentnob,48
sentnob,92
sentnob,22
sentnob,96
sentnob,60
sentnob,73
sentnob,23
sentnob,18
sentnob,82
sentnob,29
sentnob,108
sentnob,16
sentnob,63
sentnob,39
sentnob,18
sentnob,86
sentnob,161
sentnob,105
sentnob,159
sentnob,103
sentnob,41
sentnob,31
sentnob,114
sentnob,19
sentnob,132
sentnob,42
sentnob,81
sentnob,56
sentnob,21
sentnob,115
sentnob,64
sentnob,17
sentnob,25
sentnob,168
sentnob,18
sentnob,14
sentnob,97
sentnob,25
sentnob,55
sentnob,128
sentnob,40
sentnob,131
sentnob,17
sentnob,25
sentnob,38
sentnob,76
sentnob,86
sentnob,170
sentnob,58
sentnob,43
sentnob,48
sentnob,23
sentnob,94
sentnob,37
sentnob,22
sentnob,25
sentnob,52
sentnob,62
sentnob,45
sentnob,114
sentnob,70
sentnob,50
sentnob,20
sentnob,65
sentnob,40
sentnob,72
sentnob,61
sentnob,27
sentnob,30
sentnob,34
sentnob,64
sentnob,46
sentnob,18
sentnob,24
sentnob,24
sentnob,86
sentnob,25
sentnob,42
sentnob,69
sentnob,78
sentnob,100
sentnob,44
sentnob,42
sentnob,43
sentnob,27
sentnob,54
sentnob,47
sentnob,36
sentnob,120
sentnob,76
sentnob,31
sentnob,84
sentnob,102
sentnob,38
sentnob,67
sentnob,139
sentnob,99
sentnob,78
sentnob,131
sentnob,51
sentnob,126
sentnob,37
sentnob,21
sentnob,53
sentnob,86
sentnob,58
sentnob,84
sentnob,20
sentnob,76
sentnob,30
sentnob,51
sentnob,65
sentnob,54
sentnob,77
sentnob,68
sentnob,32
sentnob,32
sentnob,17
sentnob,30
sentnob,19
sentnob,110
sentnob,46
sentnob,68
sentnob,44
sentnob,158
sentnob,58
sentnob,33
sentnob,100
sentnob,76
sentnob,161
sentnob,66
sentnob,33
sentnob,120
sentnob,55
sentnob,86
sentnob,22
sentnob,152
sentnob,33
sentnob,39
sentnob,35
sentnob,29
sentnob,21
sentnob,109
sentnob,55
sentnob,32
sentnob,33
sentnob,20
sentnob,43
sentnob,23
sentnob,47
sentnob,11
sentnob,84
sentnob,45
sentnob,47
sentnob,19
sentnob,18
sentnob,50
sentnob,96
sentnob,14
sentnob,40
sentnob,33
sentnob,72
sentnob,47
sentnob,47
sentnob,44
sentnob,82
sentnob,35
sentnob,24
sentnob,67
sentnob,173
sentnob,15
sentnob,108
sentnob,65
sentnob,51
sentnob,17
sentnob,41
sentnob,49
sentnob,85
sentnob,49
sentnob,38
sentnob,92
sentnob,42
sentnob,60
sentnob,119
sentnob,16
sentnob,116
sentnob,113
sentnob,28
sentnob,38
sentnob,87
sentnob,18
sentnob,77
sentnob,57
sentnob,32
sentnob,16
sentnob,35
sentnob,65
sentnob,26
sentnob,70
sentnob,40
sentnob,38
sentnob,44
sentnob,63
sentnob,20
sentnob,120
sentnob,48
sentnob,37
sentnob,32
sentnob,28
sentnob,48
sentnob,30
sentnob,52
sentnob,22
sentnob,29
sentnob,25
sentnob,85
sentnob,125
sentnob,119
sentnob,40
sentnob,96
sentnob,85
sentnob,111
sentnob,23
sentnob,35
sentnob,69
sentnob,158
sentnob,26
sentnob,109
sentnob,152
sentnob,109
sentnob,38
sentnob,59
sentnob,62
sentnob,38
sentnob,77
sentnob,22
sentnob,34
sentnob,14
sentnob,88
sentnob,106
sentnob,53
sentnob,27
sentnob,135
sentnob,38
sentnob,62
sentnob,42
sentnob,62
sentnob,29
sentnob,29
sentnob,27
sentnob,24
sentnob,70
sentnob,61
sentnob,17
sentnob,16
sentnob,26
sentnob,55
sentnob,28
sentnob,57
sentnob,113
sentnob,16
sentnob,98
sentnob,15
sentnob,75
sentnob,19
sentnob,50
sentnob,79
sentnob,15
sentnob,28
sentnob,22
sentnob,25
sentnob,58
sentnob,34
sentnob,73
sentnob,67
sentnob,37
sentnob,22
sentnob,16
sentnob,122
sentnob,31
sentnob,104
sentnob,63
sentnob,15
sentnob,54
sentnob,100
sentnob,15
sentnob,80
sentnob,46
sentnob,39
sentnob,22
sentnob,32
sentnob,30
sentnob,62
sentnob,27
sentnob,25
sentnob,67
sentnob,19
sentnob,32
sentnob,100
sentnob,22
sentnob,115
sentnob,38
sentnob,17
sentnob,64
sentnob,54
sentnob,19
sentnob,18
sentnob,36
sentnob,20
sentnob,83
sentnob,50
sentnob,30
sentnob,16
sentnob,37
sentnob,48
sentnob,31
sentnob,62
sentnob,25
sentnob,48
sentnob,94
sentnob,63
sentnob,39
sentnob,50
sentnob,20
sentnob,78
sentnob,151
sentnob,22
sentnob,34
sentnob,53
sentnob,62
sentnob,137
sentnob,32
sentnob,23
sentnob,44
sentnob,45
sentnob,27
sentnob,17
sentnob,157
sentnob,22
sentnob,26
sentnob,24
sentnob,85
sentnob,104
sentnob,111
sentnob,48
sentnob,62
sentnob,16
sentnob,40
sentnob,24
sentnob,34
sentnob,50
sentnob,115
sentnob,31
sentnob,41
sentnob,45
sentnob,48
sentnob,130
sentnob,80
sentnob,22
sentnob,31
sentnob,38
sentnob,19
sentnob,15
sentnob,79
sentnob,28
sentnob,55
sentnob,30
sentnob,144
sentnob,36
sentnob,22
sentnob,18
sentnob,29
sentnob,45
sentnob,128
sentnob,21
sentnob,30
sentnob,98
sentnob,39
sentnob,53
sentnob,22
sentnob,69
sentnob,33
sentnob,33
sentnob,32
sentnob,56
sentnob,23
sentnob,22
sentnob,74
sentnob,19
sentnob,23
sentnob,92
sentnob,17
sentnob,44
sentnob,42
sentnob,91
sentnob,84
sentnob,33
sentnob,99
sentnob,28
sentnob,22
sentnob,32
sentnob,44
sentnob,39
sentnob,68
sentnob,17
sentnob,26
sentnob,31
sentnob,96
sentnob,50
sentnob,83
sentnob,68
sentnob,95
sentnob,139
sentnob,57
sentnob,33
sentnob,18
sentnob,26
sentnob,29
sentnob,19
sentnob,21
sentnob,27
sentnob,26
sentnob,47
sentnob,104
sentnob,33
sentnob,17
sentnob,35
sentnob,87
sentnob,33
sentnob,33
sentnob,32
sentnob,63
sentnob,36
sentnob,78
sentnob,24
sentnob,47
sentnob,33
sentnob,18
sentnob,35
sentnob,16
sentnob,36
sentnob,21
sentnob,67
sentnob,108
sentnob,54
sentnob,58
sentnob,14
sentnob,33
sentnob,37
sentnob,67
sentnob,64
sentnob,26
sentnob,22
sentnob,58
sentnob,16
sentnob,33
sentnob,18
sentnob,41
sentnob,43
sentnob,48
sentnob,73
sentnob,62
sentnob,52
sentnob,65
sentnob,53
sentnob,25
sentnob,21
sentnob,44
sentnob,72
sentnob,35
sentnob,63
sentnob,18
sentnob,97
sentnob,27
sentnob,27
sentnob,52
sentnob,31
sentnob,52
sentnob,68
sentnob,56
sentnob,26
sentnob,53
sentnob,40
sentnob,46
sentnob,23
sentnob,49
sentnob,30
sentnob,119
sentnob,137
sentnob,24
sentnob,75
sentnob,97
sentnob,104
sentnob,143
sentnob,37
sentnob,75
sentnob,18
sentnob,14
sentnob,23
sentnob,60
sentnob,32
sentnob,145
sentnob,54
sentnob,148
sentnob,25
sentnob,42
sentnob,42
sentnob,49
sentnob,142
sentnob,44
sentnob,19
sentnob,52
sentnob,69
sentnob,82
sentnob,121
sentnob,27
sentnob,46
sentnob,77
sentnob,28
sentnob,42
sentnob,23
sentnob,62
sentnob,18
sentnob,26
sentnob,66
sentnob,27
sentnob,39
sentnob,29
sentnob,75
sentnob,27
sentnob,59
sentnob,63
sentnob,18
sentnob,29
sentnob,56
sentnob,35
sentnob,54
sentnob,122
sentnob,20
sentnob,56
sentnob,154
sentnob,50
sentnob,35
sentnob,31
sentnob,22
sentnob,27
sentnob,82
sentnob,25
sentnob,28
sentnob,40
sentnob,39
sentnob,68
sentnob,126
sentnob,41
sentnob,67
sentnob,37
sentnob,39
sentnob,143
sentnob,29
sentnob,51
sentnob,54
sentnob,21
sentnob,137
sentnob,51
sentnob,46
sentnob,87
sentnob,44
sentnob,27
sentnob,61
sentnob,27
sentnob,34
sentnob,105
sentnob,18
sentnob,22
sentnob,24
sentnob,97
sentnob,32
sentnob,60
sentnob,59
sentnob,28
sentnob,28
sentnob,26
sentnob,28
sentnob,37
sentnob,59
sentnob,33
sentnob,47
sentnob,67
sentnob,155
sentnob,28
sentnob,71
sentnob,47
sentnob,68
sentnob,22
sentnob,22
sentnob,15
sentnob,52
sentnob,139
sentnob,42
sentnob,90
sentnob,76
sentnob,34
sentnob,68
sentnob,55
sentnob,22
sentnob,21
sentnob,85
sentnob,36
sentnob,72
sentnob,41
sentnob,65
sentnob,63
sentnob,40
sentnob,26
sentnob,131
sentnob,16
sentnob,42
sentnob,19
sentnob,27
sentnob,43
sentnob,138
sentnob,47
sentnob,115
sentnob,55
sentnob,41
sentnob,36
sentnob,35
sentnob,25
sentnob,59
sentnob,19
sentnob,24
sentnob,27
sentnob,55
sentnob,68
sentnob,20
sentnob,60
sentnob,126
sentnob,37
sentnob,64
sentnob,50
sentnob,27
sentnob,84
sentnob,17
sentnob,22
sentnob,21
sentnob,22
sentnob,42
sentnob,18
sentnob,36
sentnob,124
sentnob,76
sentnob,37
sentnob,41
sentnob,21
sentnob,21
sentnob,109
sentnob,134
sentnob,23
sentnob,87
sentnob,38
sentnob,26
sentnob,94
sentnob,87
sentnob,26
sentnob,64
sentnob,40
sentnob,91
sentnob,47
sentnob,18
sentnob,116
sentnob,61
sentnob,53
sentnob,40
sentnob,63
sentnob,43
sentnob,123
sentnob,48
sentnob,20
sentnob,101
sentnob,72
sentnob,18
sentnob,46
sentnob,29
sentnob,104
sentnob,27
sentnob,76
sentnob,37
sentnob,56
sentnob,41
sentnob,70
sentnob,112
sentnob,51
sentnob,28
sentnob,27
sentnob,111
sentnob,36
sentnob,33
sentnob,59
sentnob,15
sentnob,59
sentnob,61
sentnob,21
sentnob,28
sentnob,27
sentnob,34
sentnob,21
sentnob,19
sentnob,75
sentnob,22
sentnob,58
sentnob,46
sentnob,38
sentnob,23
sentnob,48
sentnob,50
sentnob,48
sentnob,124
sentnob,43
sentnob,77
sentnob,27
sentnob,110
sentnob,30
sentnob,69
sentnob,24
sentnob,27
sentnob,26
sentnob,27
sentnob,22
sentnob,96
sentnob,104
sentnob,30
sentnob,82
sentnob,32
sentnob,22
sentnob,20
sentnob,44
sentnob,104
sentnob,10
sentnob,46
sentnob,26
sentnob,24
sentnob,52
sentnob,41
sentnob,44
sentnob,82
sentnob,42
sentnob,19
sentnob,35
sentnob,99
sentnob,49
sentnob,118
sentnob,32
sentnob,18
sentnob,82
sentnob,80
sentnob,36
sentnob,147
sentnob,35
sentnob,30
sentnob,56
sentnob,18
sentnob,18
sentnob,66
sentnob,25
sentnob,19
sentnob,76
sentnob,33
sentnob,38
sentnob,18
sentnob,36
sentnob,51
sentnob,48
sentnob,33
sentnob,67
sentnob,49
sentnob,19
sentnob,46
sentnob,22
sentnob,100
sentnob,90
sentnob,110
sentnob,47
sentnob,150
sentnob,43
sentnob,53
sentnob,43
sentnob,23
sentnob,24
sentnob,62
sentnob,23
sentnob,66
sentnob,51
sentnob,36
sentnob,20
sentnob,19
sentnob,30
sentnob,66
sentnob,49
sentnob,37
sentnob,19
sentnob,46
sentnob,23
sentnob,32
sentnob,81
sentnob,18
sentnob,34
sentnob,58
sentnob,34
sentnob,90
sentnob,60
sentnob,28
sentnob,62
sentnob,31
sentnob,81
sentnob,137
sentnob,56
sentnob,31
sentnob,32
sentnob,57
sentnob,85
sentnob,32
sentnob,33
sentnob,113
sentnob,74
sentnob,66
sentnob,16
sentnob,41
sentnob,70
sentnob,33
sentnob,110
sentnob,31
sentnob,52
sentnob,53
sentnob,53
sentnob,34
sentnob,45
sentnob,20
sentnob,16
sentnob,65
sentnob,23
sentnob,59
sentnob,25
sentnob,19
sentnob,74
sentnob,76
sentnob,50
sentnob,46
sentnob,43
sentnob,14
sentnob,17
sentnob,16
sentnob,68
sentnob,42
sentnob,63
sentnob,32
sentnob,88
sentnob,31
sentnob,44
sentnob,104
sentnob,40
sentnob,47
sentnob,37
sentnob,57
sentnob,85
sentnob,20
sentnob,57
sentnob,169
sentnob,34
sentnob,49
sentnob,19
sentnob,31
sentnob,67
sentnob,17
sentnob,46
sentnob,48
sentnob,36
sentnob,47
sentnob,26
sentnob,54
sentnob,26
sentnob,17
sentnob,64
sentnob,19
sentnob,65
sentnob,83
sentnob,20
sentnob,22
sentnob,28
sentnob,31
sentnob,61
sentnob,24
sentnob,52
sentnob,47
sentnob,32
sentnob,38
sentnob,27
sentnob,40
sentnob,49
sentnob,52
sentnob,42
sentnob,29
sentnob,18
sentnob,70
sentnob,25
sentnob,64
sentnob,46
sentnob,85
sentnob,22
sentnob,106
sentnob,24
sentnob,79
sentnob,18
sentnob,20
sentnob,167
sentnob,22
sentnob,66
sentnob,98
sentnob,50
sentnob,91
sentnob,71
sentnob,70
sentnob,135
sentnob,98
sentnob,65
sentnob,68
sentnob,21
sentnob,31
sentnob,32
sentnob,73
sentnob,33
sentnob,42
sentnob,47
sentnob,41
sentnob,32
sentnob,33
sentnob,62
sentnob,24
sentnob,68
sentnob,185
sentnob,28
sentnob,20
sentnob,25
sentnob,58
sentnob,115
sentnob,117
sentnob,31
sentnob,58
sentnob,29
sentnob,28
sentnob,45
sentnob,45
sentnob,33
sentnob,44
sentnob,137
sentnob,36
sentnob,52
sentnob,34
sentnob,86
sentnob,22
sentnob,32
sentnob,47
sentnob,68
sentnob,70
sentnob,58
sentnob,19
sentnob,29
sentnob,139
sentnob,17
sentnob,24
sentnob,105
sentnob,59
sentnob,118
sentnob,57
sentnob,31
sentnob,56
sentnob,152
sentnob,81
sentnob,44
sentnob,50
sentnob,22
sentnob,15
sentnob,39
sentnob,85
sentnob,89
sentnob,29
sentnob,79
sentnob,16
sentnob,77
sentnob,56
sentnob,54
sentnob,45
sentnob,149
sentnob,41
sentnob,59
sentnob,101
sentnob,66
sentnob,51
sentnob,25
sentnob,30
sentnob,24
sentnob,84
sentnob,21
sentnob,68
sentnob,24
sentnob,36
sentnob,27
sentnob,28
sentnob,39
sentnob,18
sentnob,26
sentnob,19
sentnob,29
sentnob,38
sentnob,98
sentnob,20
sentnob,21
sentnob,112
sentnob,87
sentnob,47
sentnob,139
sentnob,83
sentnob,16
sentnob,51
sentnob,137
sentnob,16
sentnob,70
sentnob,91
sentnob,186
sentnob,19
sentnob,89
sentnob,61
sentnob,36
sentnob,70
sentnob,121
sentnob,45
sentnob,81
sentnob,16
sentnob,79
sentnob,91
sentnob,114
sentnob,67
sentnob,27
sentnob,61
sentnob,19
sentnob,40
sentnob,136
sentnob,52
sentnob,69
sentnob,67
sentnob,17
sentnob,124
sentnob,46
sentnob,49
sentnob,32
sentnob,71
sentnob,51
sentnob,23
sentnob,155
sentnob,35
sentnob,31
sentnob,42
sentnob,76
sentnob,71
sentnob,40
sentnob,95
sentnob,19
sentnob,28
sentnob,74
sentnob,98
sentnob,26
sentnob,59
sentnob,55
sentnob,22
sentnob,56
sentnob,33
sentnob,41
sentnob,70
sentnob,36
sentnob,56
sentnob,28
sentnob,26
sentnob,99
sentnob,47
sentnob,92
sentnob,94
sentnob,28
sentnob,102
sentnob,42
sentnob,66
sentnob,20
sentnob,82
sentnob,38
sentnob,54
sentnob,31
sentnob,33
sentnob,19
sentnob,50
sentnob,122
sentnob,39
sentnob,101
sentnob,67
sentnob,67
sentnob,77
sentnob,69
sentnob,128
sentnob,33
sentnob,29
sentnob,24
sentnob,96
sentnob,51
sentnob,128
sentnob,62
sentnob,20
sentnob,22
sentnob,88
sentnob,37
sentnob,148
sentnob,39
sentnob,39
sentnob,123
sentnob,21
sentnob,83
sentnob,14
sentnob,180
sentnob,82
sentnob,25
sentnob,65
sentnob,57
sentnob,23
sentnob,50
sentnob,20
sentnob,133
sentnob,37
sentnob,49
sentnob,51
sentnob,121
sentnob,32
sentnob,44
sentnob,21
sentnob,105
sentnob,13
sentnob,34
sentnob,71
sentnob,47
sentnob,24
sentnob,41
sentnob,66
sentnob,27
sentnob,40
sentnob,20
sentnob,97
sentnob,34
sentnob,38
sentnob,90
sentnob,36
sentnob,88
sentnob,19
sentnob,46
sentnob,119
sentnob,27
sentnob,53
sentnob,51
sentnob,88
sentnob,24
sentnob,59
sentnob,32
sentnob,91
sentnob,39
sentnob,60
sentnob,26
sentnob,21
sentnob,38
sentnob,77
sentnob,24
sentnob,67
sentnob,152
sentnob,83
sentnob,29
sentnob,66
sentnob,38
sentnob,53
sentnob,114
sentnob,42
sentnob,24
sentnob,29
sentnob,39
sentnob,47
sentnob,104
sentnob,61
sentnob,92
sentnob,158
sentnob,35
sentnob,44
sentnob,43
sentnob,35
sentnob,26
sentnob,35
sentnob,61
sentnob,36
sentnob,24
sentnob,25
sentnob,54
sentnob,42
sentnob,51
sentnob,22
sentnob,75
sentnob,30
sentnob,49
sentnob,51
sentnob,19
sentnob,153
sentnob,42
sentnob,50
sentnob,47
sentnob,30
sentnob,40
sentnob,43
sentnob,27
sentnob,40
sentnob,66
sentnob,49
sentnob,39
sentnob,46
sentnob,34
sentnob,54
sentnob,29
sentnob,87
sentnob,40
sentnob,67
sentnob,25
sentnob,58
sentnob,35
sentnob,36
sentnob,93
sentnob,78
sentnob,61
sentnob,39
sentnob,83
sentnob,46
sentnob,41
sentnob,17
sentnob,66
sentnob,36
sentnob,29
sentnob,75
sentnob,24
sentnob,111
sentnob,53
sentnob,63
sentnob,17
sentnob,118
sentnob,34
sentnob,19
sentnob,51
sentnob,19
sentnob,40
sentnob,64
sentnob,49
sentnob,100
sentnob,35
sentnob,76
sentnob,94
sentnob,87
sentnob,30
sentnob,51
sentnob,55
sentnob,89
sentnob,45
sentnob,17
sentnob,25
sentnob,34
sentnob,23
sentnob,34
sentnob,26
sentnob,24
sentnob,91
sentnob,56
sentnob,15
sentnob,98
sentnob,47
sentnob,33
sentnob,126
sentnob,46
sentnob,24
sentnob,156
sentnob,69
sentnob,46
sentnob,17
sentnob,49
sentnob,17
sentnob,136
sentnob,20
sentnob,41
sentnob,54
sentnob,20
sentnob,23
sentnob,25
sentnob,94
sentnob,27
sentnob,115
sentnob,96
sentnob,35
sentnob,43
sentnob,21
sentnob,24
sentnob,28
sentnob,85
sentnob,47
sentnob,41
sentnob,59
sentnob,10
sentnob,28
sentnob,71
sentnob,38
sentnob,98
sentnob,54
sentnob,24
sentnob,30
sentnob,56
sentnob,53
sentnob,46
sentnob,23
sentnob,122
sentnob,143
sentnob,42
sentnob,110
sentnob,34
sentnob,22
sentnob,49
sentnob,64
sentnob,21
sentnob,40
sentnob,16
sentnob,66
sentnob,96
sentnob,23
sentnob,32
sentnob,104
sentnob,42
sentnob,51
sentnob,35
sentnob,106
sentnob,27
sentnob,135
sentnob,50
sentnob,54
sentnob,116
sentnob,56
sentnob,90
sentnob,35
sentnob,41
sentnob,21
sentnob,56
sentnob,105
sentnob,59
sentnob,65
sentnob,32
sentnob,99
sentnob,51
sentnob,24
sentnob,161
sentnob,39
sentnob,22
sentnob,18
sentnob,17
sentnob,47
sentnob,81
sentnob,14
sentnob,61
sentnob,59
sentnob,35
sentnob,67
sentnob,35
sentnob,160
sentnob,32
sentnob,101
sentnob,71
sentnob,32
sentnob,24
sentnob,32
sentnob,105
sentnob,29
sentnob,36
sentnob,91
sentnob,52
sentnob,38
sentnob,54
sentnob,40
sentnob,20
sentnob,64
sentnob,10
sentnob,59
sentnob,85
sentnob,22
sentnob,75
sentnob,70
sentnob,35
sentnob,23
sentnob,40
sentnob,105
sentnob,57
sentnob,21
sentnob,53
sentnob,143
sentnob,16
sentnob,95
sentnob,73
sentnob,40
sentnob,30
sentnob,34
sentnob,69
sentnob,112
sentnob,37
sentnob,22
sentnob,56
sentnob,78
sentnob,47
sentnob,32
sentnob,29
sentnob,41
sentnob,104
sentnob,75
sentnob,54
sentnob,19
sentnob,19
sentnob,22
sentnob,48
sentnob,53
sentnob,133
sentnob,104
sentnob,44
sentnob,89
sentnob,27
sentnob,43
sentnob,72
sentnob,39
sentnob,22
sentnob,41
sentnob,86
sentnob,37
sentnob,57
sentnob,151
sentnob,147
sentnob,145
sentnob,39
sentnob,21
sentnob,112
sentnob,17
sentnob,59
sentnob,54
sentnob,14
sentnob,114
sentnob,40
sentnob,38
sentnob,23
sentnob,76
sentnob,66
sentnob,32
sentnob,139
sentnob,27
sentnob,21
sentnob,24
sentnob,53
sentnob,91
sentnob,25
sentnob,25
sentnob,61
sentnob,51
sentnob,24
sentnob,39
sentnob,35
sentnob,67
sentnob,101
sentnob,46
sentnob,17
sentnob,19
sentnob,46
sentnob,16
sentnob,16
sentnob,40
sentnob,48
sentnob,105
sentnob,68
sentnob,24
sentnob,66
sentnob,66
sentnob,42
sentnob,36
sentnob,125
sentnob,29
sentnob,20
sentnob,86
sentnob,43
sentnob,53
sentnob,29
sentnob,83
sentnob,32
sentnob,44
sentnob,73
sentnob,36
sentnob,21
sentnob,61
sentnob,15
sentnob,100
sentnob,76
sentnob,31
sentnob,19
sentnob,40
sentnob,15
sentnob,30
sentnob,104
sentnob,29
sentnob,19
sentnob,131
sentnob,90
sentnob,35
sentnob,32
sentnob,21
sentnob,38
sentnob,33
sentnob,161
sentnob,43
sentnob,21
sentnob,25
sentnob,69
sentnob,68
sentnob,99
sentnob,19
sentnob,22
sentnob,30
sentnob,35
sentnob,43
sentnob,20
sentnob,40
sentnob,22
sentnob,29
sentnob,32
sentnob,25
sentnob,43
sentnob,28
sentnob,57
sentnob,42
sentnob,21
sentnob,69
sentnob,42
sentnob,78
sentnob,87
sentnob,27
sentnob,34
sentnob,38
sentnob,46
sentnob,45
sentnob,73
sentnob,61
sentnob,69
sentnob,17
sentnob,52
sentnob,46
sentnob,20
sentnob,26
sentnob,47
sentnob,104
sentnob,55
sentnob,27
sentnob,29
sentnob,37
sentnob,77
sentnob,87
sentnob,16
sentnob,67
sentnob,56
sentnob,26
sentnob,26
sentnob,16
sentnob,50
sentnob,18
sentnob,153
sentnob,26
sentnob,40
sentnob,80
sentnob,31
sentnob,28
sentnob,24
sentnob,48
sentnob,21
sentnob,74
sentnob,57
sentnob,46
sentnob,32
sentnob,61
sentnob,23
sentnob,25
sentnob,28
sentnob,102
sentnob,38
sentnob,112
sentnob,20
sentnob,74
sentnob,48
sentnob,31
sentnob,18
sentnob,30
sentnob,45
sentnob,29
sentnob,62
sentnob,75
sentnob,25
sentnob,54
sentnob,71
sentnob,82
sentnob,45
sentnob,162
sentnob,16
sentnob,57
sentnob,41
sentnob,21
sentnob,38
sentnob,29
sentnob,30
sentnob,18
sentnob,99
sentnob,16
sentnob,29
sentnob,64
sentnob,58
sentnob,15
sentnob,42
sentnob,87
sentnob,50
sentnob,18
sentnob,72
sentnob,27
sentnob,20
sentnob,79
sentnob,18
sentnob,171
sentnob,18
sentnob,95
sentnob,73
sentnob,38
sentnob,51
sentnob,30
sentnob,82
sentnob,37
sentnob,81
sentnob,83
sentnob,56
sentnob,126
sentnob,136
sentnob,22
sentnob,54
sentnob,112
sentnob,66
sentnob,28
sentnob,43
sentnob,20
sentnob,62
sentnob,29
sentnob,28
sentnob,51
sentnob,39
sentnob,34
sentnob,57
sentnob,39
sentnob,143
sentnob,18
sentnob,36
sentnob,64
sentnob,26
sentnob,90
sentnob,104
sentnob,44
sentnob,18
sentnob,60
sentnob,32
sentnob,24
sentnob,19
sentnob,102
sentnob,96
sentnob,19
sentnob,125
sentnob,35
sentnob,18
sentnob,54
sentnob,23
sentnob,42
sentnob,26
sentnob,79
sentnob,95
sentnob,165
sentnob,41
sentnob,72
sentnob,26
sentnob,16
sentnob,71
sentnob,18
sentnob,45
sentnob,97
sentnob,38
sentnob,47
sentnob,44
sentnob,100
sentnob,26
sentnob,28
sentnob,83
sentnob,34
sentnob,47
sentnob,48
sentnob,25
sentnob,101
sentnob,59
sentnob,31
sentnob,63
sentnob,23
sentnob,34
sentnob,24
sentnob,35
sentnob,82
sentnob,37
sentnob,41
sentnob,45
sentnob,21
sentnob,115
sentnob,27
sentnob,38
sentnob,19
sentnob,56
sentnob,27
sentnob,167
sentnob,35
sentnob,111
sentnob,56
sentnob,61
sentnob,162
sentnob,73
sentnob,42
sentnob,123
sentnob,28
sentnob,55
sentnob,47
sentnob,24
sentnob,82
sentnob,30
sentnob,47
sentnob,97
sentnob,40
sentnob,83
sentnob,47
sentnob,20
sentnob,42
sentnob,50
sentnob,200
sentnob,144
sentnob,42
sentnob,54
sentnob,39
sentnob,161
sentnob,38
sentnob,41
sentnob,46
sentnob,53
sentnob,93
sentnob,18
sentnob,29
sentnob,20
sentnob,90
sentnob,59
sentnob,32
sentnob,47
sentnob,14
sentnob,17
sentnob,41
sentnob,30
sentnob,19
sentnob,29
sentnob,39
sentnob,23
sentnob,56
sentnob,80
sentnob,29
sentnob,88
sentnob,91
sentnob,40
sentnob,16
sentnob,31
sentnob,50
sentnob,44
sentnob,131
sentnob,35
sentnob,77
sentnob,130
sentnob,85
sentnob,17
sentnob,49
sentnob,69
sentnob,32
sentnob,113
sentnob,36
sentnob,20
sentnob,52
sentnob,16
sentnob,50
sentnob,38
sentnob,38
sentnob,95
sentnob,44
sentnob,137
sentnob,44
sentnob,19
sentnob,64
sentnob,25
sentnob,34
sentnob,29
sentnob,144
sentnob,20
sentnob,94
sentnob,43
sentnob,19
sentnob,165
sentnob,17
sentnob,20
sentnob,53
sentnob,51
sentnob,16
sentnob,33
sentnob,18
sentnob,75
sentnob,21
sentnob,116
sentnob,20
sentnob,16
sentnob,21
sentnob,128
sentnob,47
sentnob,38
sentnob,61
sentnob,29
sentnob,64
sentnob,134
sentnob,42
sentnob,128
sentnob,16
sentnob,19
sentnob,24
sentnob,79
sentnob,40
sentnob,35
sentnob,34
sentnob,120
sentnob,145
sentnob,36
sentnob,37
sentnob,58
sentnob,13
sentnob,30
sentnob,14
sentnob,26
sentnob,38
sentnob,8
sentnob,63
sentnob,40
sentnob,57
sentnob,68
sentnob,71
sentnob,65
sentnob,56
sentnob,85
sentnob,52
sentnob,48
sentnob,117
sentnob,24
sentnob,35
sentnob,26
sentnob,17
sentnob,78
sentnob,20
sentnob,34
sentnob,21
sentnob,42
sentnob,82
sentnob,52
sentnob,63
sentnob,51
sentnob,59
sentnob,113
sentnob,73
sentnob,37
sentnob,18
sentnob,103
sentnob,153
sentnob,24
sentnob,49
sentnob,49
sentnob,18
sentnob,99
sentnob,23
sentnob,36
sentnob,99
sentnob,76
sentnob,45
sentnob,59
sentnob,25
sentnob,116
sentnob,96
sentnob,52
sentnob,18
sentnob,56
sentnob,36
sentnob,68
sentnob,24
sentnob,35
sentnob,81
sentnob,111
sentnob,70
sentnob,18
sentnob,44
sentnob,43
sentnob,72
sentnob,20
sentnob,36
sentnob,35
sentnob,79
sentnob,54
sentnob,58
sentnob,22
sentnob,20
sentnob,102
sentnob,57
sentnob,28
sentnob,22
sentnob,113
sentnob,22
sentnob,21
sentnob,49
sentnob,75
sentnob,43
sentnob,43
sentnob,46
sentnob,53
sentnob,52
sentnob,36
sentnob,50
sentnob,59
sentnob,164
sentnob,76
sentnob,27
sentnob,48
sentnob,17
sentnob,28
sentnob,48
sentnob,30
sentnob,53
sentnob,20
sentnob,35
sentnob,21
sentnob,129
sentnob,169
sentnob,46
sentnob,25
sentnob,41
sentnob,26
sentnob,27
sentnob,49
sentnob,24
sentnob,34
sentnob,98
sentnob,16
sentnob,31
sentnob,22
sentnob,84
sentnob,38
sentnob,89
sentnob,37
sentnob,16
sentnob,85
sentnob,27
sentnob,32
sentnob,84
sentnob,34
sentnob,95
sentnob,154
sentnob,113
sentnob,21
sentnob,35
sentnob,56
sentnob,24
sentnob,24
sentnob,34
sentnob,76
sentnob,37
sentnob,20
sentnob,21
sentnob,73
sentnob,15
sentnob,56
sentnob,129
sentnob,103
sentnob,36
sentnob,46
sentnob,24
sentnob,152
sentnob,95
sentnob,20
sentnob,31
sentnob,98
sentnob,102
sentnob,28
sentnob,41
sentnob,62
sentnob,22
sentnob,39
sentnob,46
sentnob,47
sentnob,91
sentnob,116
sentnob,56
sentnob,29
sentnob,46
sentnob,40
sentnob,122
sentnob,32
sentnob,59
sentnob,29
sentnob,89
sentnob,18
sentnob,111
sentnob,37
sentnob,30
sentnob,22
sentnob,18
sentnob,58
sentnob,35
sentnob,37
sentnob,47
sentnob,74
sentnob,55
sentnob,32
sentnob,82
sentnob,18
sentnob,77
sentnob,81
sentnob,32
sentnob,86
sentnob,16
sentnob,45
sentnob,72
sentnob,31
sentnob,13
sentnob,17
sentnob,47
sentnob,63
sentnob,31
sentnob,66
sentnob,30
sentnob,25
sentnob,29
sentnob,16
sentnob,23
sentnob,78
sentnob,39
sentnob,27
sentnob,89
sentnob,21
sentnob,66
sentnob,55
sentnob,51
sentnob,126
sentnob,21
sentnob,25
sentnob,73
sentnob,23
sentnob,32
sentnob,55
sentnob,16
sentnob,120
sentnob,23
sentnob,64
sentnob,28
sentnob,51
sentnob,18
sentnob,24
sentnob,36
sentnob,61
sentnob,23
sentnob,18
sentnob,21
sentnob,61
sentnob,139
sentnob,44
sentnob,99
sentnob,32
sentnob,32
sentnob,28
sentnob,51
sentnob,28
sentnob,21
sentnob,36
sentnob,33
sentnob,70
sentnob,21
sentnob,59
sentnob,19
sentnob,24
sentnob,16
sentnob,24
sentnob,29
sentnob,77
sentnob,57
sentnob,65
sentnob,18
sentnob,57
sentnob,52
sentnob,105
sentnob,37
sentnob,60
sentnob,34
sentnob,91
sentnob,20
sentnob,55
sentnob,141
sentnob,81
sentnob,43
sentnob,118
sentnob,76
sentnob,29
sentnob,44
sentnob,23
sentnob,16
sentnob,16
sentnob,19
sentnob,23
sentnob,140
sentnob,107
sentnob,49
sentnob,61
sentnob,74
sentnob,48
sentnob,27
sentnob,173
sentnob,30
sentnob,45
sentnob,65
sentnob,85
sentnob,85
sentnob,37
sentnob,90
sentnob,60
sentnob,19
sentnob,33
sentnob,38
sentnob,87
sentnob,46
sentnob,93
sentnob,58
sentnob,22
sentnob,49
sentnob,25
sentnob,22
sentnob,111
sentnob,125
sentnob,25
sentnob,22
sentnob,35
sentnob,19
sentnob,106
sentnob,54
sentnob,20
sentnob,54
sentnob,18
sentnob,99
sentnob,31
sentnob,24
sentnob,29
sentnob,124
sentnob,76
sentnob,36
sentnob,22
sentnob,111
sentnob,124
sentnob,57
sentnob,52
sentnob,25
sentnob,18
sentnob,33
sentnob,20
sentnob,18
sentnob,20
sentnob,37
sentnob,36
sentnob,93
sentnob,20
sentnob,22
sentnob,54
sentnob,51
sentnob,88
sentnob,112
sentnob,141
sentnob,24
sentnob,38
sentnob,150
sentnob,72
sentnob,17
sentnob,54
sentnob,22
sentnob,24
sentnob,76
sentnob,44
sentnob,14
sentnob,54
sentnob,137
sentnob,47
sentnob,29
sentnob,48
sentnob,23
sentnob,51
sentnob,44
sentnob,23
sentnob,56
sentnob,33
sentnob,23
sentnob,76
sentnob,44
sentnob,60
sentnob,27
sentnob,40
sentnob,18
sentnob,73
sentnob,21
sentnob,95
sentnob,35
sentnob,36
sentnob,20
sentnob,21
sentnob,29
sentnob,186
sentnob,19
sentnob,30
sentnob,41
sentnob,27
sentnob,65
sentnob,24
sentnob,63
sentnob,73
sentnob,42
sentnob,48
sentnob,138
sentnob,54
sentnob,17
sentnob,26
sentnob,16
sentnob,128
sentnob,34
sentnob,32
sentnob,34
sentnob,78
sentnob,25
sentnob,142
sentnob,31
sentnob,20
sentnob,30
sentnob,22
sentnob,86
sentnob,47
sentnob,23
sentnob,8
sentnob,15
sentnob,39
sentnob,74
sentnob,36
sentnob,38
sentnob,68
sentnob,25
sentnob,39
sentnob,83
sentnob,21
sentnob,67
sentnob,104
sentnob,38
sentnob,65
sentnob,32
sentnob,110
sentnob,189
sentnob,46
sentnob,17
sentnob,70
sentnob,14
sentnob,121
sentnob,33
sentnob,31
sentnob,23
sentnob,29
sentnob,91
sentnob,31
sentnob,103
sentnob,20
sentnob,99
sentnob,41
sentnob,28
sentnob,14
sentnob,35
sentnob,25
sentnob,56
sentnob,83
sentnob,117
sentnob,52
sentnob,33
sentnob,82
sentnob,33
sentnob,118
sentnob,77
sentnob,50
sentnob,86
sentnob,28
sentnob,22
sentnob,82
sentnob,86
sentnob,143
sentnob,20
sentnob,19
sentnob,25
sentnob,56
sentnob,26
sentnob,49
sentnob,17
sentnob,16
sentnob,48
sentnob,50
sentnob,72
sentnob,25
sentnob,165
sentnob,59
sentnob,60
sentnob,38
sentnob,18
sentnob,64
sentnob,58
sentnob,41
sentnob,24
sentnob,61
sentnob,22
sentnob,45
sentnob,55
sentnob,95
sentnob,64
sentnob,31
sentnob,134
sentnob,55
sentnob,36
sentnob,23
sentnob,27
sentnob,27
sentnob,23
sentnob,36
sentnob,83
sentnob,33
sentnob,36
sentnob,22
sentnob,23
sentnob,20
sentnob,92
sentnob,24
sentnob,38
sentnob,44
sentnob,35
sentnob,24
sentnob,42
sentnob,16
sentnob,59
sentnob,50
sentnob,55
sentnob,170
sentnob,31
sentnob,17
sentnob,86
sentnob,62
sentnob,71
sentnob,56
sentnob,80
sentnob,109
sentnob,42
sentnob,70
sentnob,23
sentnob,38
sentnob,37
sentnob,32
sentnob,57
sentnob,72
sentnob,32
sentnob,71
sentnob,28
sentnob,74
sentnob,66
sentnob,27
sentnob,72
sentnob,35
sentnob,49
sentnob,65
sentnob,143
sentnob,70
sentnob,120
sentnob,22
sentnob,60
sentnob,41
sentnob,49
sentnob,136
sentnob,101
sentnob,16
sentnob,66
sentnob,30
sentnob,92
sentnob,19
sentnob,50
sentnob,75
sentnob,41
sentnob,49
sentnob,38
sentnob,96
sentnob,36
sentnob,29
sentnob,150
sentnob,40
sentnob,24
sentnob,64
sentnob,65
sentnob,27
sentnob,18
sentnob,15
sentnob,58
sentnob,83
sentnob,16
sentnob,40
sentnob,57
sentnob,36
sentnob,40
sentnob,34
sentnob,122
sentnob,37
sentnob,24
sentnob,54
sentnob,88
sentnob,50
sentnob,42
sentnob,146
sentnob,132
sentnob,34
sentnob,55
sentnob,77
sentnob,64
sentnob,21
sentnob,30
sentnob,24
sentnob,50
sentnob,26
sentnob,56
sentnob,23
sentnob,18
sentnob,57
sentnob,34
sentnob,30
sentnob,49
sentnob,76
sentnob,20
sentnob,37
sentnob,40
sentnob,118
sentnob,99
sentnob,56
sentnob,86
sentnob,42
sentnob,29
sentnob,20
sentnob,65
sentnob,18
sentnob,84
sentnob,18
sentnob,17
sentnob,29
sentnob,24
sentnob,107
sentnob,81
sentnob,40
sentnob,37
sentnob,46
sentnob,22
sentnob,131
sentnob,17
sentnob,65
sentnob,23
sentnob,65
sentnob,31
sentnob,28
sentnob,17
sentnob,26
sentnob,108
sentnob,21
sentnob,52
sentnob,20
sentnob,45
sentnob,162
sentnob,16
sentnob,23
sentnob,19
sentnob,24
sentnob,85
sentnob,18
sentnob,77
sentnob,24
sentnob,37
sentnob,29
sentnob,46
sentnob,64
sentnob,50
sentnob,36
sentnob,82
sentnob,103
sentnob,24
sentnob,16
sentnob,19
sentnob,47
sentnob,34
sentnob,16
sentnob,26
sentnob,24
sentnob,28
sentnob,40
sentnob,29
sentnob,19
sentnob,18
sentnob,63
sentnob,23
sentnob,36
sentnob,27
sentnob,62
sentnob,24
sentnob,39
sentnob,23
sentnob,32
sentnob,53
sentnob,63
sentnob,49
sentnob,32
sentnob,110
sentnob,62
sentnob,35
sentnob,22
sentnob,44
sentnob,45
sentnob,26
sentnob,30
sentnob,17
sentnob,54
sentnob,19
sentnob,43
sentnob,18
sentnob,20
sentnob,55
sentnob,22
sentnob,89
sentnob,19
sentnob,84
sentnob,84
sentnob,43
sentnob,58
sentnob,121
sentnob,18
sentnob,19
sentnob,111
sentnob,60
sentnob,33
sentnob,116
sentnob,57
sentnob,122
sentnob,38
sentnob,34
sentnob,84
sentnob,83
sentnob,53
sentnob,57
sentnob,98
sentnob,100
sentnob,50
sentnob,23
sentnob,32
sentnob,11
sentnob,81
sentnob,30
sentnob,184
sentnob,74
sentnob,50
sentnob,21
sentnob,21
sentnob,23
sentnob,19
sentnob,52
sentnob,28
sentnob,19
sentnob,39
sentnob,26
sentnob,47
sentnob,50
sentnob,152
sentnob,67
sentnob,26
sentnob,52
sentnob,43
sentnob,38
sentnob,19
sentnob,31
sentnob,85
sentnob,50
sentnob,55
sentnob,17
sentnob,18
sentnob,56
sentnob,57
sentnob,44
sentnob,177
sentnob,29
sentnob,25
sentnob,53
sentnob,64
sentnob,38
sentnob,68
sentnob,32
sentnob,27
sentnob,67
sentnob,21
sentnob,149
sentnob,101
sentnob,22
sentnob,161
sentnob,26
sentnob,44
sentnob,53
sentnob,40
sentnob,24
sentnob,27
sentnob,21
sentnob,31
sentnob,143
sentnob,133
sentnob,37
sentnob,56
sentnob,24
sentnob,37
sentnob,44
sentnob,17
sentnob,16
sentnob,30
sentnob,24
sentnob,25
sentnob,20
sentnob,41
sentnob,17
sentnob,46
sentnob,63
sentnob,24
sentnob,87
sentnob,74
sentnob,24
sentnob,21
sentnob,60
sentnob,21
sentnob,49
sentnob,27
sentnob,21
sentnob,82
sentnob,33
sentnob,43
sentnob,52
sentnob,80
sentnob,122
sentnob,95
sentnob,20
sentnob,22
sentnob,23
sentnob,20
sentnob,20
sentnob,63
sentnob,27
sentnob,85
sentnob,60
sentnob,30
sentnob,80
sentnob,14
sentnob,22
sentnob,69
sentnob,83
sentnob,48
sentnob,18
sentnob,48
sentnob,93
sentnob,23
sentnob,41
sentnob,60
sentnob,25
sentnob,54
sentnob,31
sentnob,47
sentnob,29
sentnob,38
sentnob,24
sentnob,40
sentnob,72
sentnob,54
sentnob,35
sentnob,20
sentnob,47
sentnob,26
sentnob,58
sentnob,48
sentnob,16
sentnob,51
sentnob,31
sentnob,43
sentnob,40
sentnob,48
sentnob,82
sentnob,54
sentnob,60
sentnob,68
sentnob,59
sentnob,24
sentnob,73
sentnob,19
sentnob,34
sentnob,33
sentnob,49
sentnob,83
sentnob,31
sentnob,100
sentnob,48
sentnob,23
sentnob,70
sentnob,126
sentnob,116
sentnob,50
sentnob,68
sentnob,34
sentnob,72
sentnob,32
sentnob,28
sentnob,41
sentnob,54
sentnob,24
sentnob,24
sentnob,97
sentnob,101
sentnob,36
sentnob,34
sentnob,24
sentnob,59
sentnob,77
sentnob,26
sentnob,22
sentnob,38
sentnob,94
sentnob,13
sentnob,36
sentnob,46
sentnob,27
sentnob,20
sentnob,30
sentnob,132
sentnob,86
sentnob,54
sentnob,42
sentnob,27
sentnob,27
sentnob,116
sentnob,89
sentnob,48
sentnob,102
sentnob,20
sentnob,44
sentnob,50
sentnob,23
sentnob,50
sentnob,42
sentnob,34
sentnob,46
sentnob,82
sentnob,74
sentnob,31
sentnob,34
sentnob,42
sentnob,39
sentnob,71
sentnob,77
sentnob,23
sentnob,86
sentnob,30
sentnob,26
sentnob,69
sentnob,59
sentnob,114
sentnob,66
sentnob,19
sentnob,60
sentnob,106
sentnob,49
sentnob,22
sentnob,33
sentnob,34
sentnob,67
sentnob,34
sentnob,45
sentnob,28
sentnob,32
sentnob,16
sentnob,53
sentnob,95
sentnob,35
sentnob,47
sentnob,52
sentnob,45
sentnob,59
sentnob,24
sentnob,153
sentnob,91
sentnob,59
sentnob,21
sentnob,24
sentnob,20
sentnob,18
sentnob,37
sentnob,20
sentnob,36
sentnob,51
sentnob,45
sentnob,16
sentnob,58
sentnob,58
sentnob,165
sentnob,146
sentnob,23
sentnob,36
sentnob,18
sentnob,52
sentnob,24
sentnob,190
sentnob,55
sentnob,52
sentnob,95
sentnob,20
sentnob,44
sentnob,76
sentnob,41
sentnob,66
sentnob,48
sentnob,157
sentnob,48
sentnob,153
sentnob,15
sentnob,45
sentnob,37
sentnob,18
sentnob,76
sentnob,65
sentnob,93
sentnob,22
sentnob,78
sentnob,18
sentnob,20
sentnob,40
sentnob,64
sentnob,21
sentnob,26
sentnob,49
sentnob,62
sentnob,58
sentnob,19
sentnob,116
sentnob,85
sentnob,42
sentnob,32
sentnob,77
sentnob,24
sentnob,74
sentnob,78
sentnob,61
sentnob,24
sentnob,90
sentnob,23
sentnob,54
sentnob,25
sentnob,49
sentnob,146
sentnob,27
sentnob,36
sentnob,22
sentnob,45
sentnob,32
sentnob,27
sentnob,21
sentnob,57
sentnob,28
sentnob,43
sentnob,62
sentnob,44
sentnob,138
sentnob,14
sentnob,36
sentnob,89
sentnob,73
sentnob,156
sentnob,45
sentnob,55
sentnob,20
sentnob,26
sentnob,50
sentnob,25
sentnob,65
sentnob,23
sentnob,46
sentnob,36
sentnob,40
sentnob,20
sentnob,23
sentnob,30
sentnob,21
sentnob,31
sentnob,35
sentnob,72
sentnob,69
sentnob,31
sentnob,111
sentnob,31
sentnob,19
sentnob,40
sentnob,19
sentnob,67
sentnob,105
sentnob,25
sentnob,86
sentnob,26
sentnob,115
sentnob,37
sentnob,23
sentnob,29
sentnob,128
sentnob,16
sentnob,107
sentnob,93
sentnob,80
sentnob,24
sentnob,56
sentnob,60
sentnob,91
sentnob,47
sentnob,169
sentnob,151
sentnob,37
sentnob,26
sentnob,41
sentnob,27
sentnob,122
sentnob,71
sentnob,31
sentnob,33
sentnob,41
sentnob,43
sentnob,40
sentnob,48
sentnob,16
sentnob,73
sentnob,51
sentnob,35
sentnob,16
sentnob,41
sentnob,16
sentnob,26
sentnob,95
sentnob,43
sentnob,34
sentnob,22
sentnob,16
sentnob,80
sentnob,33
sentnob,132
sentnob,22
sentnob,32
sentnob,20
sentnob,31
sentnob,19
sentnob,120
sentnob,23
sentnob,143
sentnob,97
sentnob,35
sentnob,74
sentnob,137
sentnob,31
sentnob,108
sentnob,177
sentnob,31
sentnob,26
sentnob,23
sentnob,87
sentnob,19
sentnob,31
sentnob,101
sentnob,123
sentnob,121
sentnob,17
sentnob,17
sentnob,29
sentnob,53
sentnob,22
sentnob,142
sentnob,78
sentnob,25
sentnob,75
sentnob,61
sentnob,47
sentnob,24
sentnob,47
sentnob,129
sentnob,22
sentnob,22
sentnob,51
sentnob,37
sentnob,73
sentnob,24
sentnob,35
sentnob,82
sentnob,60
sentnob,20
sentnob,35
sentnob,21
sentnob,41
sentnob,35
sentnob,56
sentnob,29
sentnob,168
sentnob,131
sentnob,21
sentnob,24
sentnob,173
sentnob,65
sentnob,161
sentnob,94
sentnob,19
sentnob,79
sentnob,23
sentnob,25
sentnob,65
sentnob,30
sentnob,39
sentnob,34
sentnob,37
sentnob,22
sentnob,64
sentnob,26
sentnob,15
sentnob,23
sentnob,28
sentnob,48
sentnob,79
sentnob,109
sentnob,19
sentnob,24
sentnob,60
sentnob,27
sentnob,82
sentnob,78
sentnob,159
sentnob,27
sentnob,56
sentnob,35
sentnob,90
sentnob,55
sentnob,59
sentnob,17
sentnob,23
sentnob,41
sentnob,24
sentnob,53
sentnob,34
sentnob,24
sentnob,62
sentnob,34
sentnob,24
sentnob,55
sentnob,51
sentnob,34
sentnob,34
sentnob,33
sentnob,33
sentnob,38
sentnob,29
sentnob,36
sentnob,98
sentnob,119
sentnob,25
sentnob,54
sentnob,75
sentnob,92
sentnob,72
sentnob,144
sentnob,167
sentnob,36
sentnob,26
sentnob,30
sentnob,77
sentnob,118
sentnob,29
sentnob,110
sentnob,36
sentnob,48
sentnob,61
sentnob,24
sentnob,54
sentnob,100
sentnob,26
sentnob,132
sentnob,24
sentnob,38
sentnob,44
sentnob,64
sentnob,17
sentnob,167
sentnob,21
sentnob,29
sentnob,40
sentnob,17
sentnob,26
sentnob,29
sentnob,107
sentnob,84
sentnob,126
sentnob,125
sentnob,18
sentnob,145
sentnob,26
sentnob,21
sentnob,54
sentnob,92
sentnob,134
sentnob,24
sentnob,150
sentnob,30
sentnob,30
sentnob,66
sentnob,26
sentnob,63
sentnob,33
sentnob,47
sentnob,29
sentnob,39
sentnob,101
sentnob,19
sentnob,134
sentnob,44
sentnob,159
sentnob,22
sentnob,48
sentnob,23
sentnob,26
sentnob,116
sentnob,19
sentnob,42
sentnob,18
sentnob,18
sentnob,25
sentnob,46
sentnob,45
sentnob,21
sentnob,29
sentnob,23
sentnob,42
sentnob,62
sentnob,36
sentnob,16
sentnob,32
sentnob,45
sentnob,24
sentnob,20
sentnob,22
sentnob,22
sentnob,62
sentnob,62
sentnob,98
sentnob,20
sentnob,132
sentnob,154
sentnob,76
sentnob,74
sentnob,27
sentnob,19
sentnob,66
sentnob,81
sentnob,40
sentnob,17
sentnob,62
sentnob,130
sentnob,69
sentnob,19
sentnob,26
sentnob,49
sentnob,151
sentnob,26
sentnob,39
sentnob,34
sentnob,48
sentnob,71
sentnob,68
sentnob,62
sentnob,39
sentnob,74
sentnob,39
sentnob,20
sentnob,40
sentnob,116
sentnob,24
sentnob,22
sentnob,37
sentnob,20
sentnob,94
sentnob,17
sentnob,38
sentnob,98
sentnob,31
sentnob,111
sentnob,56
sentnob,50
sentnob,25
sentnob,48
sentnob,55
sentnob,33
sentnob,49
sentnob,49
sentnob,18
sentnob,85
sentnob,36
sentnob,154
sentnob,45
sentnob,108
sentnob,31
sentnob,56
sentnob,18
sentnob,43
sentnob,91
sentnob,16
sentnob,59
sentnob,34
sentnob,82
sentnob,40
sentnob,59
sentnob,72
sentnob,115
sentnob,129
sentnob,54
sentnob,18
sentnob,33
sentnob,27
sentnob,41
sentnob,50
sentnob,21
sentnob,52
sentnob,34
sentnob,38
sentnob,60
sentnob,40
sentnob,102
sentnob,19
sentnob,62
sentnob,20
sentnob,168
sentnob,85
sentnob,27
sentnob,58
sentnob,66
sentnob,33
sentnob,20
sentnob,45
sentnob,95
sentnob,24
sentnob,138
sentnob,47
sentnob,22
sentnob,29
sentnob,70
sentnob,18
sentnob,29
sentnob,29
sentnob,25
sentnob,66
sentnob,132
sentnob,56
sentnob,63
sentnob,37
sentnob,97
sentnob,15
sentnob,18
sentnob,84
sentnob,33
sentnob,26
sentnob,95
sentnob,74
sentnob,37
sentnob,48
sentnob,80
sentnob,95
sentnob,84
sentnob,43
sentnob,23
sentnob,29
sentnob,18
sentnob,70
sentnob,109
sentnob,103
sentnob,29
sentnob,64
sentnob,17
sentnob,87
sentnob,70
sentnob,84
sentnob,66
sentnob,44
sentnob,26
sentnob,22
sentnob,24
sentnob,91
sentnob,84
sentnob,75
sentnob,44
sentnob,75
sentnob,57
sentnob,54
sentnob,23
sentnob,18
sentnob,17
sentnob,55
sentnob,56
sentnob,59
sentnob,21
sentnob,19
sentnob,92
sentnob,100
sentnob,87
sentnob,145
sentnob,53
sentnob,38
sentnob,97
sentnob,59
sentnob,33
sentnob,179
sentnob,156
sentnob,45
sentnob,24
sentnob,102
sentnob,33
sentnob,58
sentnob,88
sentnob,40
sentnob,155
sentnob,41
sentnob,57
sentnob,55
sentnob,34
sentnob,66
sentnob,36
sentnob,43
sentnob,34
sentnob,58
sentnob,85
sentnob,95
sentnob,27
sentnob,32
sentnob,23
sentnob,17
sentnob,45
sentnob,27
sentnob,27
sentnob,33
sentnob,49
sentnob,28
sentnob,34
sentnob,31
sentnob,64
sentnob,101
sentnob,22
sentnob,37
sentnob,64
sentnob,99
sentnob,35
sentnob,34
sentnob,81
sentnob,35
sentnob,92
sentnob,21
sentnob,86
sentnob,39
sentnob,122
sentnob,22
sentnob,38
sentnob,47
sentnob,26
sentnob,66
sentnob,106
sentnob,87
sentnob,16
sentnob,19
sentnob,23
sentnob,83
sentnob,41
sentnob,21
sentnob,50
sentnob,156
sentnob,24
sentnob,45
sentnob,23
sentnob,37
sentnob,57
sentnob,52
sentnob,101
sentnob,47
sentnob,83
sentnob,61
sentnob,93
sentnob,43
sentnob,46
sentnob,76
sentnob,54
sentnob,52
sentnob,58
sentnob,114
sentnob,36
sentnob,37
sentnob,34
sentnob,23
sentnob,58
sentnob,98
sentnob,93
sentnob,16
sentnob,80
sentnob,80
sentnob,22
sentnob,51
sentnob,69
sentnob,35
sentnob,64
sentnob,59
sentnob,49
sentnob,21
sentnob,52
sentnob,30
sentnob,28
sentnob,106
sentnob,23
sentnob,32
sentnob,53
sentnob,31
sentnob,53
sentnob,43
sentnob,67
sentnob,48
sentnob,49
sentnob,24
sentnob,29
sentnob,88
sentnob,86
sentnob,88
sentnob,33
sentnob,27
sentnob,24
sentnob,120
sentnob,100
sentnob,105
sentnob,31
sentnob,81
sentnob,95
sentnob,26
sentnob,24
sentnob,31
sentnob,20
sentnob,28
sentnob,40
sentnob,31
sentnob,44
sentnob,132
sentnob,55
sentnob,109
sentnob,32
sentnob,29
sentnob,130
sentnob,51
sentnob,37
sentnob,44
sentnob,80
sentnob,36
sentnob,81
sentnob,38
sentnob,20
sentnob,66
sentnob,23
sentnob,27
sentnob,33
sentnob,37
sentnob,96
sentnob,16
sentnob,109
sentnob,74
sentnob,73
sentnob,28
sentnob,24
sentnob,109
sentnob,24
sentnob,54
sentnob,102
sentnob,29
sentnob,37
sentnob,18
sentnob,27
sentnob,41
sentnob,38
sentnob,27
sentnob,21
sentnob,67
sentnob,159
sentnob,113
sentnob,39
sentnob,43
sentnob,139
sentnob,28
sentnob,91
sentnob,109
sentnob,65
sentnob,43
sentnob,20
sentnob,144
sentnob,91
sentnob,154
sentnob,19
sentnob,82
sentnob,44
sentnob,44
sentnob,38
sentnob,28
sentnob,136
sentnob,99
sentnob,22
sentnob,176
sentnob,67
sentnob,85
sentnob,56
sentnob,25
sentnob,65
sentnob,68
sentnob,49
sentnob,23
sentnob,86
sentnob,182
sentnob,30
sentnob,55
sentnob,18
sentnob,47
sentnob,111
sentnob,33
sentnob,34
sentnob,32
sentnob,81
sentnob,26
sentnob,21
sentnob,32
sentnob,32
sentnob,71
sentnob,41
sentnob,19
sentnob,149
sentnob,66
sentnob,50
sentnob,24
sentnob,49
sentnob,45
sentnob,124
sentnob,62
sentnob,51
sentnob,23
sentnob,20
sentnob,80
sentnob,66
sentnob,162
sentnob,25
sentnob,35
sentnob,104
sentnob,14
sentnob,55
sentnob,30
sentnob,51
sentnob,66
sentnob,32
sentnob,45
sentnob,31
sentnob,19
sentnob,18
sentnob,69
sentnob,134
sentnob,93
sentnob,98
sentnob,94
sentnob,71
sentnob,153
sentnob,79
sentnob,58
sentnob,152
sentnob,61
sentnob,35
sentnob,26
sentnob,24
sentnob,133
sentnob,103
sentnob,131
sentnob,63
sentnob,25
sentnob,64
sentnob,61
sentnob,169
sentnob,84
sentnob,79
sentnob,37
sentnob,66
sentnob,18
sentnob,37
sentnob,24
sentnob,50
sentnob,33
sentnob,110
sentnob,87
sentnob,18
sentnob,79
sentnob,93
sentnob,58
sentnob,29
sentnob,39
sentnob,149
sentnob,28
sentnob,92
sentnob,31
sentnob,26
sentnob,28
sentnob,61
sentnob,23
sentnob,122
sentnob,138
sentnob,46
sentnob,68
sentnob,79
sentnob,27
sentnob,27
sentnob,69
sentnob,78
sentnob,124
sentnob,106
sentnob,54
sentnob,73
sentnob,75
sentnob,44
sentnob,33
sentnob,56
sentnob,31
sentnob,66
sentnob,27
sentnob,128
sentnob,21
sentnob,98
sentnob,19
sentnob,22
sentnob,36
sentnob,50
sentnob,19
sentnob,164
sentnob,44
sentnob,34
sentnob,50
sentnob,45
sentnob,37
sentnob,18
sentnob,17
sentnob,30
sentnob,31
sentnob,123
sentnob,51
sentnob,44
sentnob,71
sentnob,21
sentnob,159
sentnob,42
sentnob,33
sentnob,58
sentnob,85
sentnob,24
sentnob,40
sentnob,50
sentnob,46
sentnob,178
sentnob,18
sentnob,39
sentnob,54
sentnob,50
sentnob,18
sentnob,26
sentnob,31
sentnob,24
sentnob,21
sentnob,153
sentnob,89
sentnob,137
sentnob,23
sentnob,23
sentnob,44
sentnob,31
sentnob,112
sentnob,54
sentnob,111
sentnob,105
sentnob,70
sentnob,31
sentnob,140
sentnob,20
sentnob,38
sentnob,38
sentnob,49
sentnob,18
sentnob,50
sentnob,17
sentnob,45
sentnob,18
sentnob,50
sentnob,59
sentnob,38
sentnob,38
sentnob,39
sentnob,36
sentnob,126
sentnob,167
sentnob,23
sentnob,108
sentnob,49
sentnob,113
sentnob,58
sentnob,97
sentnob,18
sentnob,40
sentnob,47
sentnob,92
sentnob,21
sentnob,18
sentnob,64
sentnob,31
sentnob,29
sentnob,28
sentnob,113
sentnob,25
sentnob,66
sentnob,39
sentnob,72
sentnob,31
sentnob,41
sentnob,73
sentnob,56
sentnob,77
sentnob,35
sentnob,20
sentnob,21
sentnob,22
sentnob,55
sentnob,52
sentnob,31
sentnob,17
sentnob,125
sentnob,28
sentnob,23
sentnob,25
sentnob,141
sentnob,26
sentnob,122
sentnob,45
sentnob,21
sentnob,125
sentnob,41
sentnob,120
sentnob,40
sentnob,90
sentnob,54
sentnob,49
sentnob,40
sentnob,87
sentnob,21
sentnob,31
sentnob,105
sentnob,104
sentnob,43
sentnob,26
sentnob,16
sentnob,24
sentnob,52
sentnob,24
sentnob,29
sentnob,33
sentnob,40
sentnob,116
sentnob,158
sentnob,18
sentnob,48
sentnob,23
sentnob,47
sentnob,63
sentnob,37
sentnob,23
sentnob,42
sentnob,44
sentnob,50
sentnob,45
sentnob,39
sentnob,23
sentnob,49
sentnob,22
sentnob,30
sentnob,111
sentnob,21
sentnob,13
sentnob,80
sentnob,20
sentnob,80
sentnob,27
sentnob,28
sentnob,110
sentnob,98
sentnob,26
sentnob,17
sentnob,17
sentnob,58
sentnob,82
sentnob,45
sentnob,59
sentnob,121
sentnob,122
sentnob,98
sentnob,18
sentnob,33
sentnob,80
sentnob,83
sentnob,30
sentnob,110
sentnob,59
sentnob,30
sentnob,69
sentnob,113
sentnob,26
sentnob,25
sentnob,38
sentnob,65
sentnob,94
sentnob,128
sentnob,51
sentnob,28
sentnob,98
sentnob,21
sentnob,28
sentnob,99
sentnob,80
sentnob,37
sentnob,118
sentnob,63
sentnob,35
sentnob,20
sentnob,47
sentnob,37
sentnob,74
sentnob,39
sentnob,17
sentnob,69
sentnob,42
sentnob,19
sentnob,27
sentnob,8
sentnob,20
sentnob,24
sentnob,156
sentnob,45
sentnob,111
sentnob,21
sentnob,59
sentnob,44
sentnob,45
sentnob,50
sentnob,20
sentnob,26
sentnob,34
sentnob,50
sentnob,16
sentnob,33
sentnob,44
sentnob,73
sentnob,116
sentnob,36
sentnob,45
sentnob,114
sentnob,102
sentnob,26
sentnob,47
sentnob,54
sentnob,135
sentnob,95
sentnob,87
sentnob,83
sentnob,15
sentnob,94
sentnob,114
sentnob,19
sentnob,100
sentnob,166
sentnob,69
sentnob,84
sentnob,121
sentnob,65
sentnob,40
sentnob,50
sentnob,67
sentnob,18
sentnob,35
sentnob,23
sentnob,33
sentnob,27
sentnob,22
sentnob,33
sentnob,100
sentnob,152
sentnob,115
sentnob,72
sentnob,21
sentnob,27
sentnob,40
sentnob,40
sentnob,32
sentnob,54
sentnob,78
sentnob,70
sentnob,19
sentnob,46
sentnob,31
sentnob,42
sentnob,49
sentnob,25
sentnob,48
sentnob,36
sentnob,25
sentnob,22
sentnob,24
sentnob,42
sentnob,28
sentnob,131
sentnob,47
sentnob,19
sentnob,102
sentnob,49
sentnob,62
sentnob,81
sentnob,45
sentnob,56
sentnob,23
sentnob,20
sentnob,38
sentnob,35
sentnob,22
sentnob,31
sentnob,49
sentnob,22
sentnob,48
sentnob,91
sentnob,61
sentnob,106
sentnob,31
sentnob,140
sentnob,27
sentnob,73
sentnob,31
sentnob,44
sentnob,19
sentnob,14
sentnob,83
sentnob,23
sentnob,28
sentnob,31
sentnob,44
sentnob,31
sentnob,21
sentnob,52
sentnob,35
sentnob,48
sentnob,122
sentnob,116
sentnob,43
sentnob,47
sentnob,55
sentnob,65
sentnob,33
sentnob,24
sentnob,120
sentnob,56
sentnob,44
sentnob,66
sentnob,20
sentnob,127
sentnob,57
sentnob,54
sentnob,28
sentnob,43
sentnob,45
sentnob,53
sentnob,45
sentnob,25
sentnob,86
sentnob,19
sentnob,103
sentnob,102
sentnob,27
sentnob,31
sentnob,27
sentnob,51
sentnob,68
sentnob,182
sentnob,57
sentnob,13
sentnob,77
sentnob,65
sentnob,79
sentnob,34
sentnob,31
sentnob,15
sentnob,16
sentnob,61
sentnob,41
sentnob,39
sentnob,60
sentnob,64
sentnob,176
sentnob,15
sentnob,21
sentnob,32
sentnob,51
sentnob,73
sentnob,60
sentnob,27
sentnob,72
sentnob,118
sentnob,38
sentnob,59
sentnob,57
sentnob,61
sentnob,63
sentnob,57
sentnob,39
sentnob,55
sentnob,38
sentnob,36
sentnob,40
sentnob,43
sentnob,54
sentnob,15
sentnob,51
sentnob,28
sentnob,38
sentnob,51
sentnob,19
sentnob,24
sentnob,17
sentnob,50
sentnob,71
sentnob,152
sentnob,34
sentnob,23
sentnob,121
sentnob,43
sentnob,50
sentnob,30
sentnob,27
sentnob,75
sentnob,89
sentnob,25
sentnob,47
sentnob,173
sentnob,55
sentnob,115
sentnob,120
sentnob,130
sentnob,19
sentnob,30
sentnob,52
sentnob,39
sentnob,57
sentnob,54
sentnob,64
sentnob,60
sentnob,35
sentnob,55
sentnob,74
sentnob,82
sentnob,64
sentnob,21
sentnob,104
sentnob,37
sentnob,24
sentnob,140
sentnob,48
sentnob,65
sentnob,22
sentnob,102
sentnob,19
sentnob,81
sentnob,45
sentnob,21
sentnob,161
sentnob,98
sentnob,57
sentnob,22
sentnob,39
sentnob,23
sentnob,63
sentnob,56
sentnob,38
sentnob,70
sentnob,34
sentnob,30
sentnob,18
sentnob,30
sentnob,147
sentnob,178
sentnob,31
sentnob,59
sentnob,53
sentnob,91
sentnob,43
sentnob,80
sentnob,79
sentnob,54
sentnob,55
sentnob,16
sentnob,42
sentnob,27
sentnob,23
sentnob,100
sentnob,49
sentnob,95
sentnob,21
sentnob,31
sentnob,20
sentnob,38
sentnob,16
sentnob,85
sentnob,32
sentnob,36
sentnob,62
sentnob,85
sentnob,126
sentnob,38
sentnob,19
sentnob,48
sentnob,71
sentnob,24
sentnob,36
sentnob,37
sentnob,33
sentnob,30
sentnob,20
sentnob,51
sentnob,20
sentnob,29
sentnob,37
sentnob,26
sentnob,21
sentnob,87
sentnob,24
sentnob,18
sentnob,36
sentnob,115
sentnob,28
sentnob,22
sentnob,74
sentnob,100
sentnob,28
sentnob,24
sentnob,29
sentnob,96
sentnob,50
sentnob,45
sentnob,31
sentnob,75
sentnob,39
sentnob,19
sentnob,49
sentnob,29
sentnob,41
sentnob,75
sentnob,23
sentnob,32
sentnob,68
sentnob,147
sentnob,39
sentnob,27
sentnob,90
sentnob,118
sentnob,111
sentnob,113
sentnob,27
sentnob,38
sentnob,110
sentnob,54
sentnob,111
sentnob,24
sentnob,50
sentnob,56
sentnob,86
sentnob,62
sentnob,73
sentnob,26
sentnob,103
sentnob,28
sentnob,48
sentnob,28
sentnob,61
sentnob,32
sentnob,55
sentnob,38
sentnob,27
sentnob,87
sentnob,33
sentnob,21
sentnob,27
sentnob,100
sentnob,24
sentnob,173
sentnob,46
sentnob,60
sentnob,92
sentnob,156
sentnob,80
sentnob,81
sentnob,64
sentnob,75
sentnob,66
sentnob,119
sentnob,66
sentnob,40
sentnob,94
sentnob,24
sentnob,95
sentnob,44
sentnob,76
sentnob,102
sentnob,35
sentnob,57
sentnob,54
sentnob,46
sentnob,152
sentnob,27
sentnob,49
sentnob,34
sentnob,60
sentnob,31
sentnob,26
sentnob,132
sentnob,52
sentnob,102
sentnob,18
sentnob,21
sentnob,46
sentnob,37
sentnob,42
sentnob,30
sentnob,84
sentnob,42
sentnob,36
sentnob,22
sentnob,122
sentnob,24
sentnob,28
sentnob,37
sentnob,24
sentnob,35
sentnob,49
sentnob,94
sentnob,67
sentnob,27
sentnob,59
sentnob,25
sentnob,87
sentnob,61
sentnob,80
sentnob,19
sentnob,76
sentnob,90
sentnob,22
sentnob,32
sentnob,29
sentnob,50
sentnob,142
sentnob,46
sentnob,31
sentnob,82
sentnob,36
sentnob,29
sentnob,22
sentnob,54
sentnob,23
sentnob,41
sentnob,58
sentnob,38
sentnob,72
sentnob,51
sentnob,85
sentnob,36
sentnob,35
sentnob,86
sentnob,16
sentnob,22
sentnob,44
sentnob,66
sentnob,110
sentnob,72
sentnob,20
sentnob,28
sentnob,113
sentnob,20
sentnob,41
sentnob,39
sentnob,65
sentnob,33
sentnob,41
sentnob,35
sentnob,58
sentnob,27
sentnob,29
sentnob,107
sentnob,105
sentnob,33
sentnob,36
sentnob,48
sentnob,116
sentnob,40
sentnob,23
sentnob,21
sentnob,121
sentnob,29
sentnob,25
sentnob,69
sentnob,18
sentnob,44
sentnob,66
sentnob,28
sentnob,58
sentnob,35
sentnob,16
sentnob,35
sentnob,38
sentnob,34
sentnob,49
sentnob,19
sentnob,61
sentnob,80
sentnob,56
sentnob,46
sentnob,39
sentnob,16
sentnob,35
sentnob,43
sentnob,70
sentnob,48
sentnob,56
sentnob,42
sentnob,56
sentnob,125
sentnob,25
sentnob,48
sentnob,86
sentnob,21
sentnob,186
sentnob,70
sentnob,28
sentnob,48
sentnob,62
sentnob,133
sentnob,100
sentnob,90
sentnob,45
sentnob,39
sentnob,21
sentnob,116
sentnob,29
sentnob,162
sentnob,22
sentnob,81
sentnob,36
sentnob,66
sentnob,137
sentnob,83
sentnob,26
sentnob,21
sentnob,72
sentnob,61
sentnob,143
sentnob,59
sentnob,38
sentnob,49
sentnob,153
sentnob,35
sentnob,21
sentnob,42
sentnob,22
sentnob,57
sentnob,81
sentnob,23
sentnob,22
sentnob,16
sentnob,62
sentnob,51
sentnob,51
sentnob,17
sentnob,23
sentnob,40
sentnob,18
sentnob,28
sentnob,35
sentnob,58
sentnob,18
sentnob,10
sentnob,139
sentnob,45
sentnob,62
sentnob,22
sentnob,34
sentnob,48
sentnob,40
sentnob,57
sentnob,112
sentnob,47
sentnob,56
sentnob,20
sentnob,37
sentnob,25
sentnob,64
sentnob,23
sentnob,31
sentnob,66
sentnob,77
sentnob,80
sentnob,27
sentnob,32
sentnob,104
sentnob,37
sentnob,18
sentnob,111
sentnob,25
sentnob,19
sentnob,59
sentnob,54
sentnob,28
sentnob,25
sentnob,25
sentnob,17
sentnob,97
sentnob,14
sentnob,25
sentnob,28
sentnob,47
sentnob,99
sentnob,30
sentnob,33
sentnob,59
sentnob,18
sentnob,46
sentnob,42
sentnob,53
sentnob,16
sentnob,48
sentnob,82
sentnob,104
sentnob,33
sentnob,49
sentnob,23
sentnob,70
sentnob,50
sentnob,92
sentnob,65
sentnob,32
sentnob,34
sentnob,24
sentnob,21
sentnob,123
sentnob,140
sentnob,103
sentnob,104
sentnob,41
sentnob,60
sentnob,54
sentnob,18
sentnob,17
sentnob,18
sentnob,42
sentnob,17
sentnob,37
sentnob,19
sentnob,21
sentnob,56
sentnob,31
sentnob,35
sentnob,29
sentnob,150
sentnob,20
sentnob,9
sentnob,33
sentnob,22
sentnob,99
sentnob,97
sentnob,45
sentnob,80
sentnob,116
sentnob,52
sentnob,121
sentnob,76
sentnob,113
sentnob,60
sentnob,57
sentnob,20
sentnob,87
sentnob,47
sentnob,80
sentnob,102
sentnob,32
sentnob,18
sentnob,19
sentnob,78
sentnob,27
sentnob,59
sentnob,79
sentnob,112
sentnob,79
sentnob,43
sentnob,133
sentnob,51
sentnob,190
sentnob,27
sentnob,27
sentnob,18
sentnob,111
sentnob,110
sentnob,40
sentnob,51
sentnob,19
sentnob,52
sentnob,16
sentnob,126
sentnob,50
sentnob,23
sentnob,64
sentnob,38
sentnob,48
sentnob,160
sentnob,146
sentnob,91
sentnob,61
sentnob,29
sentnob,80
sentnob,35
sentnob,70
sentnob,22
sentnob,25
sentnob,96
sentnob,98
sentnob,120
sentnob,30
sentnob,37
sentnob,25
sentnob,31
sentnob,93
sentnob,28
sentnob,35
sentnob,49
sentnob,37
sentnob,33
sentnob,39
sentnob,26
sentnob,51
sentnob,50
sentnob,20
sentnob,54
sentnob,40
sentnob,41
sentnob,134
sentnob,32
sentnob,34
sentnob,21
sentnob,17
sentnob,27
sentnob,36
sentnob,18
sentnob,50
sentnob,91
sentnob,57
sentnob,25
sentnob,54
sentnob,78
sentnob,106
sentnob,73
sentnob,42
sentnob,18
sentnob,86
sentnob,52
sentnob,44
sentnob,22
sentnob,20
sentnob,32
sentnob,75
sentnob,58
sentnob,44
sentnob,45
sentnob,30
sentnob,103
sentnob,84
sentnob,40
sentnob,148
sentnob,31
sentnob,47
sentnob,22
sentnob,61
sentnob,103
sentnob,21
sentnob,105
sentnob,51
sentnob,112
sentnob,55
sentnob,45
sentnob,37
sentnob,109
sentnob,57
sentnob,41
sentnob,56
sentnob,23
sentnob,22
sentnob,17
sentnob,44
sentnob,159
sentnob,78
sentnob,55
sentnob,21
sentnob,74
sentnob,59
sentnob,36
sentnob,33
sentnob,56
sentnob,158
sentnob,36
sentnob,19
sentnob,38
sentnob,26
sentnob,40
sentnob,86
sentnob,97
sentnob,130
sentnob,18
sentnob,35
sentnob,24
sentnob,16
sentnob,20
sentnob,72
sentnob,125
sentnob,81
sentnob,56
sentnob,51
sentnob,19
sentnob,28
sentnob,72
sentnob,15
sentnob,42
sentnob,57
sentnob,38
sentnob,51
sentnob,101
sentnob,22
sentnob,67
sentnob,41
sentnob,43
sentnob,43
sentnob,64
sentnob,21
sentnob,121
sentnob,34
sentnob,22
sentnob,35
sentnob,23
sentnob,47
sentnob,21
sentnob,34
sentnob,49
sentnob,18
sentnob,80
sentnob,20
sentnob,25
sentnob,22
sentnob,23
sentnob,137
sentnob,37
sentnob,128
sentnob,56
sentnob,66
sentnob,71
sentnob,41
sentnob,17
sentnob,32
sentnob,137
sentnob,36
sentnob,25
sentnob,30
sentnob,36
sentnob,15
sentnob,17
sentnob,73
sentnob,117
sentnob,48
sentnob,65
sentnob,58
sentnob,39
sentnob,31
sentnob,19
sentnob,34
sentnob,59
sentnob,91
sentnob,71
sentnob,46
sentnob,126
sentnob,44
sentnob,23
sentnob,41
sentnob,38
sentnob,54
sentnob,105
sentnob,46
sentnob,21
sentnob,70
sentnob,36
sentnob,14
sentnob,37
sentnob,94
sentnob,30
sentnob,30
sentnob,52
sentnob,57
sentnob,19
sentnob,70
sentnob,47
sentnob,27
sentnob,144
sentnob,72
sentnob,36
sentnob,23
sentnob,22
sentnob,19
sentnob,112
sentnob,100
sentnob,46
sentnob,28
sentnob,41
sentnob,29
sentnob,21
sentnob,55
sentnob,59
sentnob,18
sentnob,82
sentnob,32
sentnob,64
sentnob,41
sentnob,17
sentnob,19
sentnob,41
sentnob,56
sentnob,73
sentnob,32
sentnob,19
sentnob,14
sentnob,53
sentnob,22
sentnob,19
sentnob,39
sentnob,32
sentnob,43
sentnob,130
sentnob,103
sentnob,53
sentnob,57
sentnob,29
sentnob,114
sentnob,69
sentnob,25
sentnob,48
sentnob,69
sentnob,43
sentnob,164
sentnob,56
sentnob,26
sentnob,18
sentnob,85
sentnob,40
sentnob,72
sentnob,132
sentnob,67
sentnob,132
sentnob,69
sentnob,110
sentnob,68
sentnob,33
sentnob,69
sentnob,82
sentnob,36
sentnob,36
sentnob,44
sentnob,71
sentnob,43
sentnob,56
sentnob,28
sentnob,21
sentnob,49
sentnob,20
sentnob,78
sentnob,116
sentnob,132
sentnob,83
sentnob,55
sentnob,21
sentnob,22
sentnob,44
sentnob,74
sentnob,123
sentnob,35
sentnob,55
sentnob,54
sentnob,66
sentnob,29
sentnob,98
sentnob,46
sentnob,65
sentnob,42
sentnob,43
sentnob,109
sentnob,40
sentnob,20
sentnob,44
sentnob,20
sentnob,67
sentnob,75
sentnob,92
sentnob,22
sentnob,48
sentnob,90
sentnob,48
sentnob,28
sentnob,57
sentnob,17
sentnob,14
sentnob,59
sentnob,72
sentnob,34
sentnob,119
sentnob,63
sentnob,47
sentnob,63
sentnob,25
sentnob,18
sentnob,39
sentnob,55
sentnob,15
sentnob,22
sentnob,63
sentnob,52
sentnob,21
sentnob,101
sentnob,50
sentnob,39
sentnob,83
sentnob,21
sentnob,9
sentnob,97
sentnob,35
sentnob,68
sentnob,29
sentnob,165
sentnob,115
sentnob,34
sentnob,30
sentnob,69
sentnob,33
sentnob,39
sentnob,63
sentnob,23
sentnob,29
sentnob,62
sentnob,33
sentnob,35
sentnob,33
sentnob,26
sentnob,181
sentnob,32
sentnob,16
sentnob,72
sentnob,54
sentnob,26
sentnob,44
sentnob,44
sentnob,21
sentnob,35
sentnob,43
sentnob,26
sentnob,100
sentnob,48
sentnob,109
sentnob,19
sentnob,21
sentnob,69
sentnob,125
sentnob,100
sentnob,43
sentnob,133
sentnob,75
sentnob,40
sentnob,96
sentnob,71
sentnob,49
sentnob,65
sentnob,20
sentnob,57
sentnob,135
sentnob,99
sentnob,49
sentnob,72
sentnob,105
sentnob,30
sentnob,23
sentnob,27
sentnob,16
sentnob,26
sentnob,42
sentnob,26
sentnob,52
sentnob,53
sentnob,19
sentnob,24
sentnob,63
sentnob,39
sentnob,18
sentnob,49
sentnob,31
sentnob,31
sentnob,38
sentnob,51
sentnob,116
sentnob,36
sentnob,47
sentnob,79
sentnob,32
sentnob,94
sentnob,72
sentnob,15
sentnob,26
sentnob,21
sentnob,47
sentnob,51
sentnob,21
sentnob,30
sentnob,53
sentnob,64
sentnob,34
sentnob,26
sentnob,128
sentnob,17
sentnob,37
sentnob,25
sentnob,56
sentnob,23
sentnob,36
sentnob,46
sentnob,114
sentnob,57
sentnob,20
sentnob,60
sentnob,59
sentnob,44
sentnob,39
sentnob,133
sentnob,48
sentnob,20
sentnob,78
sentnob,37
sentnob,34
sentnob,26
sentnob,30
sentnob,89
sentnob,19
sentnob,40
sentnob,27
sentnob,21
sentnob,18
sentnob,99
sentnob,38
sentnob,53
sentnob,21
sentnob,17
sentnob,46
sentnob,66
sentnob,83
sentnob,18
sentnob,21
sentnob,22
sentnob,22
sentnob,27
sentnob,34
sentnob,62
sentnob,18
sentnob,27
sentnob,91
sentnob,55
sentnob,153
sentnob,50
sentnob,157
sentnob,38
sentnob,48
sentnob,19
sentnob,27
sentnob,19
sentnob,52
sentnob,47
sentnob,128
sentnob,67
sentnob,49
sentnob,23
sentnob,117
sentnob,46
sentnob,62
sentnob,97
sentnob,24
sentnob,36
sentnob,27
sentnob,77
sentnob,53
sentnob,34
sentnob,47
sentnob,72
sentnob,101
sentnob,41
sentnob,37
sentnob,20
sentnob,41
sentnob,32
sentnob,47
sentnob,17
sentnob,52
sentnob,24
sentnob,53
sentnob,165
sentnob,21
sentnob,85
sentnob,50
sentnob,81
sentnob,129
sentnob,96
sentnob,16
sentnob,35
sentnob,36
sentnob,21
sentnob,153
sentnob,82
sentnob,36
sentnob,23
sentnob,19
sentnob,62
sentnob,22
sentnob,31
sentnob,19
sentnob,35
sentnob,28
sentnob,114
sentnob,84
sentnob,55
sentnob,14
sentnob,80
sentnob,22
sentnob,29
sentnob,21
sentnob,21
sentnob,76
sentnob,23
sentnob,70
sentnob,44
sentnob,73
sentnob,50
sentnob,36
sentnob,19
sentnob,27
sentnob,65
sentnob,36
sentnob,121
sentnob,58
sentnob,21
sentnob,55
sentnob,78
sentnob,84
sentnob,93
sentnob,25
sentnob,25
sentnob,33
sentnob,19
sentnob,20
sentnob,56
sentnob,65
sentnob,44
sentnob,114
sentnob,22
sentnob,46
sentnob,26
sentnob,47
sentnob,43
sentnob,79
sentnob,46
sentnob,51
sentnob,104
sentnob,46
sentnob,50
sentnob,28
sentnob,51
sentnob,31
sentnob,78
sentnob,68
sentnob,43
sentnob,124
sentnob,52
sentnob,94
sentnob,82
sentnob,106
sentnob,19
sentnob,70
sentnob,96
sentnob,80
sentnob,26
sentnob,33
sentnob,19
sentnob,35
sentnob,66
sentnob,121
sentnob,39
sentnob,40
sentnob,21
sentnob,47
sentnob,20
sentnob,27
sentnob,23
sentnob,58
sentnob,39
sentnob,51
sentnob,43
sentnob,20
sentnob,29
sentnob,16
sentnob,74
sentnob,28
sentnob,28
sentnob,18
sentnob,45
sentnob,36
sentnob,126
sentnob,37
sentnob,79
sentnob,92
sentnob,22
sentnob,23
sentnob,77
sentnob,157
sentnob,29
sentnob,44
sentnob,36
sentnob,82
sentnob,49
sentnob,54
sentnob,22
sentnob,22
sentnob,109
sentnob,53
sentnob,125
sentnob,21
sentnob,126
sentnob,21
sentnob,132
sentnob,97
sentnob,70
sentnob,24
sentnob,57
sentnob,24
sentnob,21
sentnob,32
sentnob,47
sentnob,143
sentnob,22
sentnob,78
sentnob,33
sentnob,75
sentnob,22
sentnob,35
sentnob,37
sentnob,24
sentnob,84
sentnob,17
sentnob,34
sentnob,90
sentnob,41
sentnob,22
sentnob,26
sentnob,171
sentnob,55
sentnob,25
sentnob,17
sentnob,42
sentnob,24
sentnob,128
sentnob,15
sentnob,95
sentnob,69
sentnob,45
sentnob,90
sentnob,42
sentnob,124
sentnob,41
sentnob,75
sentnob,117
sentnob,145
sentnob,96
sentnob,49
sentnob,27
sentnob,20
sentnob,48
sentnob,80
sentnob,26
sentnob,20
sentnob,72
sentnob,114
sentnob,52
sentnob,72
sentnob,25
sentnob,112
sentnob,66
sentnob,51
sentnob,46
sentnob,18
sentnob,54
sentnob,42
sentnob,23
sentnob,49
sentnob,86
sentnob,21
sentnob,150
sentnob,47
sentnob,37
sentnob,23
sentnob,95
sentnob,89
sentnob,45
sentnob,35
sentnob,31
sentnob,21
sentnob,41
sentnob,44
sentnob,32
sentnob,80
sentnob,77
sentnob,40
sentnob,68
sentnob,24
sentnob,103
sentnob,97
sentnob,44
sentnob,59
sentnob,16
sentnob,29
sentnob,32
sentnob,77
sentnob,129
sentnob,57
sentnob,72
sentnob,33
sentnob,32
sentnob,17
sentnob,95
sentnob,167
sentnob,42
sentnob,28
sentnob,26
sentnob,30
sentnob,63
sentnob,31
sentnob,48
sentnob,35
sentnob,57
sentnob,47
sentnob,77
sentnob,56
sentnob,23
sentnob,22
sentnob,102
sentnob,41
sentnob,66
sentnob,50
sentnob,54
sentnob,37
sentnob,32
sentnob,118
sentnob,44
sentnob,21
sentnob,37
sentnob,21
sentnob,20
sentnob,31
sentnob,35
sentnob,134
sentnob,19
sentnob,20
sentnob,20
sentnob,73
sentnob,27
sentnob,111
sentnob,104
sentnob,50
sentnob,101
sentnob,42
sentnob,72
sentnob,106
sentnob,159
sentnob,72
sentnob,190
sentnob,70
sentnob,67
sentnob,109
sentnob,24
sentnob,19
sentnob,94
sentnob,50
sentnob,33
sentnob,64
sentnob,59
sentnob,52
sentnob,26
sentnob,76
sentnob,71
sentnob,26
sentnob,23
sentnob,106
sentnob,29
sentnob,55
sentnob,21
sentnob,24
sentnob,77
sentnob,39
sentnob,47
sentnob,52
sentnob,83
sentnob,82
sentnob,30
sentnob,74
sentnob,45
sentnob,82
sentnob,98
sentnob,72
sentnob,32
sentnob,97
sentnob,76
sentnob,38
sentnob,25
sentnob,35
sentnob,26
sentnob,23
sentnob,77
sentnob,31
sentnob,25
sentnob,60
sentnob,27
sentnob,54
sentnob,76
sentnob,73
sentnob,55
sentnob,19
sentnob,46
sentnob,88
sentnob,160
sentnob,15
sentnob,36
sentnob,109
sentnob,90
sentnob,22
sentnob,39
sentnob,100
sentnob,41
sentnob,34
sentnob,38
sentnob,30
sentnob,41
sentnob,38
sentnob,24
sentnob,42
sentnob,59
sentnob,47
sentnob,48
sentnob,22
sentnob,51
sentnob,40
sentnob,30
sentnob,53
sentnob,28
sentnob,29
sentnob,119
sentnob,91
sentnob,68
sentnob,137
sentnob,31
sentnob,38
sentnob,100
sentnob,18
sentnob,33
sentnob,77
sentnob,17
sentnob,46
sentnob,35
sentnob,18
sentnob,17
sentnob,102
sentnob,34
sentnob,117
sentnob,19
sentnob,53
sentnob,68
sentnob,15
sentnob,56
sentnob,23
sentnob,24
sentnob,25
sentnob,51
sentnob,44
sentnob,74
sentnob,31
sentnob,38
sentnob,65
sentnob,23
sentnob,73
sentnob,18
sentnob,44
sentnob,36
sentnob,35
sentnob,80
sentnob,23
sentnob,39
sentnob,80
sentnob,64
sentnob,19
sentnob,128
sentnob,34
sentnob,31
sentnob,19
sentnob,68
sentnob,24
sentnob,23
sentnob,111
sentnob,100
sentnob,35
sentnob,38
sentnob,16
sentnob,108
sentnob,25
sentnob,19
sentnob,51
sentnob,26
sentnob,47
sentnob,33
sentnob,49
sentnob,27
sentnob,119
sentnob,21
sentnob,29
sentnob,16
sentnob,32
sentnob,15
sentnob,96
sentnob,17
sentnob,35
sentnob,31
sentnob,20
sentnob,53
sentnob,32
sentnob,29
sentnob,44
sentnob,20
sentnob,60
sentnob,43
sentnob,20
sentnob,33
sentnob,50
sentnob,40
sentnob,24
sentnob,16
sentnob,51
sentnob,48
sentnob,30
sentnob,25
sentnob,21
sentnob,44
sentnob,44
sentnob,102
sentnob,48
sentnob,77
sentnob,107
sentnob,44
sentnob,107
sentnob,47
sentnob,51
sentnob,90
sentnob,120
sentnob,112
sentnob,21
sentnob,69
sentnob,66
sentnob,88
sentnob,37
sentnob,60
sentnob,16
sentnob,67
sentnob,30
sentnob,60
sentnob,52
sentnob,183
sentnob,33
sentnob,132
sentnob,34
sentnob,21
sentnob,29
sentnob,20
sentnob,18
sentnob,57
sentnob,13
sentnob,148
sentnob,103
sentnob,70
sentnob,55
sentnob,82
sentnob,33
sentnob,64
sentnob,18
sentnob,64
sentnob,30
sentnob,46
sentnob,132
sentnob,82
sentnob,39
sentnob,14
sentnob,36
sentnob,85
sentnob,64
sentnob,22
sentnob,139
sentnob,52
sentnob,30
sentnob,40
sentnob,43
sentnob,27
sentnob,46
sentnob,74
sentnob,38
sentnob,72
sentnob,40
sentnob,41
sentnob,35
sentnob,77
sentnob,31
sentnob,36
sentnob,38
sentnob,43
sentnob,105
sentnob,63
sentnob,20
sentnob,20
sentnob,51
sentnob,25
sentnob,21
sentnob,82
sentnob,16
sentnob,40
sentnob,57
sentnob,70
sentnob,22
sentnob,114
sentnob,18
sentnob,72
sentnob,28
sentnob,23
sentnob,28
sentnob,51
sentnob,43
sentnob,22
sentnob,51
sentnob,31
sentnob,31
sentnob,56
sentnob,24
sentnob,25
sentnob,147
sentnob,21
sentnob,24
sentnob,52
sentnob,83
sentnob,40
sentnob,39
sentnob,33
sentnob,41
sentnob,29
sentnob,58
sentnob,82
sentnob,27
sentnob,42
sentnob,19
sentnob,73
sentnob,55
sentnob,72
sentnob,62
sentnob,32
sentnob,100
sentnob,51
sentnob,14
sentnob,67
sentnob,52
sentnob,30
sentnob,67
sentnob,20
sentnob,83
sentnob,21
sentnob,77
sentnob,74
sentnob,17
sentnob,54
sentnob,17
sentnob,45
sentnob,15
sentnob,16
sentnob,50
sentnob,45
sentnob,35
sentnob,85
sentnob,160
sentnob,19
sentnob,56
sentnob,43
sentnob,102
sentnob,102
sentnob,151
sentnob,111
sentnob,54
sentnob,23
sentnob,107
sentnob,64
sentnob,73
sentnob,43
sentnob,69
sentnob,70
sentnob,19
sentnob,36
sentnob,20
sentnob,51
sentnob,30
sentnob,39
sentnob,69
sentnob,61
sentnob,28
sentnob,15
sentnob,34
sentnob,49
sentnob,23
sentnob,26
sentnob,47
sentnob,73
sentnob,116
sentnob,25
sentnob,33
sentnob,64
sentnob,135
sentnob,125
sentnob,76
sentnob,27
sentnob,31
sentnob,63
sentnob,86
sentnob,23
sentnob,26
sentnob,27
sentnob,107
sentnob,33
sentnob,37
sentnob,29
sentnob,18
sentnob,34
sentnob,37
sentnob,29
sentnob,26
sentnob,90
sentnob,37
sentnob,17
sentnob,75
sentnob,89
sentnob,28
sentnob,36
sentnob,91
sentnob,64
sentnob,21
sentnob,70
sentnob,72
sentnob,122
sentnob,52
sentnob,25
sentnob,76
sentnob,32
sentnob,44
sentnob,86
sentnob,72
sentnob,22
sentnob,108
sentnob,21
sentnob,30
sentnob,49
sentnob,33
sentnob,22
sentnob,23
sentnob,34
sentnob,18
sentnob,73
sentnob,135
sentnob,57
sentnob,16
sentnob,21
sentnob,38
sentnob,45
sentnob,32
sentnob,52
sentnob,21
sentnob,41
sentnob,18
sentnob,30
sentnob,57
sentnob,123
sentnob,62
sentnob,100
sentnob,28
sentnob,20
sentnob,47
sentnob,23
sentnob,20
sentnob,28
sentnob,51
sentnob,43
sentnob,55
sentnob,38
sentnob,22
sentnob,30
sentnob,21
sentnob,25
sentnob,16
sentnob,23
sentnob,33
sentnob,65
sentnob,30
sentnob,58
sentnob,81
sentnob,89
sentnob,75
sentnob,97
sentnob,68
sentnob,26
sentnob,25
sentnob,111
sentnob,56
sentnob,64
sentnob,15
sentnob,54
sentnob,36
sentnob,67
sentnob,40
sentnob,97
sentnob,52
sentnob,34
sentnob,53
sentnob,29
sentnob,83
sentnob,72
sentnob,51
sentnob,16
sentnob,64
sentnob,19
sentnob,19
sentnob,94
sentnob,40
sentnob,48
sentnob,19
sentnob,61
sentnob,47
sentnob,64
sentnob,29
sentnob,44
sentnob,26
sentnob,75
sentnob,47
sentnob,28
sentnob,45
sentnob,31
sentnob,112
sentnob,18
sentnob,29
sentnob,27
sentnob,17
sentnob,86
sentnob,74
sentnob,43
sentnob,84
sentnob,70
sentnob,93
sentnob,36
sentnob,21
sentnob,23
sentnob,17
sentnob,21
sentnob,68
sentnob,16
sentnob,24
sentnob,115
sentnob,149
sentnob,62
sentnob,95
sentnob,21
sentnob,22
sentnob,67
sentnob,122
sentnob,54
sentnob,109
sentnob,25
sentnob,82
sentnob,31
sentnob,144
sentnob,72
sentnob,17
sentnob,140
sentnob,25
sentnob,116
sentnob,95
sentnob,56
sentnob,75
sentnob,22
sentnob,36
sentnob,79
sentnob,56
sentnob,37
sentnob,59
sentnob,16
sentnob,64
sentnob,70
sentnob,65
sentnob,59
sentnob,52
sentnob,40
sentnob,64
sentnob,24
sentnob,38
sentnob,42
sentnob,23
sentnob,19
sentnob,51
sentnob,59
sentnob,38
sentnob,23
sentnob,22
sentnob,82
sentnob,146
sentnob,39
sentnob,90
sentnob,51
sentnob,28
sentnob,15
sentnob,29
sentnob,20
sentnob,52
sentnob,15
sentnob,65
sentnob,19
sentnob,68
sentnob,40
sentnob,36
sentnob,64
sentnob,134
sentnob,65
sentnob,38
sentnob,38
sentnob,75
sentnob,44
sentnob,100
sentnob,95
sentnob,123
sentnob,128
sentnob,29
sentnob,36
sentnob,29
sentnob,40
sentnob,29
sentnob,63
sentnob,62
sentnob,27
sentnob,39
sentnob,32
sentnob,115
sentnob,173
sentnob,136
sentnob,39
sentnob,52
sentnob,44
sentnob,38
sentnob,89
sentnob,90
sentnob,31
sentnob,24
sentnob,14
sentnob,44
sentnob,120
sentnob,44
sentnob,18
sentnob,45
sentnob,31
sentnob,89
sentnob,68
sentnob,62
sentnob,21
sentnob,39
sentnob,118
sentnob,20
sentnob,18
sentnob,29
sentnob,131
sentnob,18
sentnob,42
sentnob,63
sentnob,15
sentnob,18
sentnob,54
sentnob,24
sentnob,31
sentnob,27
sentnob,76
sentnob,83
sentnob,84
sentnob,25
sentnob,35
sentnob,21
sentnob,42
sentnob,26
sentnob,53
sentnob,26
sentnob,35
sentnob,56
sentnob,45
sentnob,93
sentnob,62
sentnob,35
sentnob,29
sentnob,43
sentnob,64
sentnob,15
sentnob,43
sentnob,28
sentnob,96
sentnob,64
sentnob,51
sentnob,33
sentnob,40
sentnob,33
sentnob,59
sentnob,23
sentnob,39
sentnob,71
sentnob,72
sentnob,26
sentnob,56
sentnob,29
sentnob,36
sentnob,104
sentnob,74
sentnob,82
sentnob,18
sentnob,53
sentnob,43
sentnob,40
sentnob,40
sentnob,56
sentnob,37
sentnob,32
sentnob,24
sentnob,23
sentnob,152
sentnob,35
sentnob,113
sentnob,130
sentnob,22
sentnob,61
sentnob,43
sentnob,20
sentnob,80
sentnob,63
sentnob,91
sentnob,15
sentnob,55
sentnob,90
sentnob,65
sentnob,34
sentnob,82
sentnob,115
sentnob,48
sentnob,37
sentnob,142
sentnob,63
sentnob,81
sentnob,36
sentnob,22
sentnob,18
sentnob,27
sentnob,69
sentnob,98
sentnob,40
sentnob,36
sentnob,58
sentnob,55
sentnob,96
sentnob,84
sentnob,83
sentnob,53
sentnob,15
sentnob,67
sentnob,87
sentnob,59
sentnob,63
sentnob,57
sentnob,24
sentnob,49
sentnob,15
sentnob,31
sentnob,68
sentnob,61
sentnob,69
sentnob,83
sentnob,99
sentnob,58
sentnob,54
sentnob,20
sentnob,35
sentnob,33
sentnob,118
sentnob,28
sentnob,45
sentnob,44
sentnob,39
sentnob,32
sentnob,26
sentnob,28
sentnob,46
sentnob,37
sentnob,38
sentnob,45
sentnob,44
sentnob,46
sentnob,21
sentnob,48
sentnob,125
sentnob,41
sentnob,76
sentnob,136
sentnob,17
sentnob,133
sentnob,56
sentnob,98
sentnob,21
sentnob,22
sentnob,54
sentnob,42
sentnob,23
sentnob,73
sentnob,75
sentnob,35
sentnob,113
sentnob,35
sentnob,16
sentnob,22
sentnob,46
sentnob,33
sentnob,29
sentnob,32
sentnob,41
sentnob,19
sentnob,18
sentnob,43
sentnob,22
sentnob,21
sentnob,26
sentnob,122
sentnob,27
sentnob,26
sentnob,20
sentnob,16
sentnob,19
sentnob,61
sentnob,58
sentnob,83
sentnob,57
sentnob,24
sentnob,160
sentnob,94
sentnob,123
sentnob,53
sentnob,79
sentnob,37
sentnob,79
sentnob,143
sentnob,35
sentnob,116
sentnob,46
sentnob,61
sentnob,63
sentnob,92
sentnob,159
sentnob,85
sentnob,33
sentnob,95
sentnob,48
sentnob,55
sentnob,30
sentnob,35
sentnob,28
sentnob,54
sentnob,52
sentnob,24
sentnob,99
sentnob,86
sentnob,21
sentnob,94
sentnob,70
sentnob,33
sentnob,200
sentnob,18
sentnob,49
sentnob,36
sentnob,66
sentnob,26
sentnob,141
sentnob,177
sentnob,19
sentnob,74
sentnob,93
sentnob,107
sentnob,25
sentnob,70
sentnob,62
sentnob,44
sentnob,64
sentnob,53
sentnob,107
sentnob,23
sentnob,29
sentnob,97
sentnob,136
sentnob,31
sentnob,65
sentnob,84
sentnob,37
sentnob,23
sentnob,33
sentnob,33
sentnob,111
sentnob,37
sentnob,92
sentnob,33
sentnob,37
sentnob,44
sentnob,19
sentnob,20
sentnob,28
sentnob,25
sentnob,97
sentnob,17
sentnob,29
sentnob,51
sentnob,138
sentnob,38
sentnob,46
sentnob,91
sentnob,74
sentnob,128
sentnob,27
sentnob,41
sentnob,112
sentnob,18
sentnob,67
sentnob,33
sentnob,45
sentnob,31
sentnob,160
sentnob,44
sentnob,93
sentnob,146
sentnob,59
sentnob,50
sentnob,23
sentnob,40
sentnob,80
sentnob,31
sentnob,46
sentnob,63
sentnob,20
sentnob,19
sentnob,81
sentnob,71
sentnob,68
sentnob,132
sentnob,140
sentnob,100
sentnob,51
sentnob,113
sentnob,76
sentnob,38
sentnob,46
sentnob,92
sentnob,37
sentnob,71
sentnob,72
sentnob,60
sentnob,28
sentnob,27
sentnob,28
sentnob,40
sentnob,31
sentnob,34
sentnob,46
sentnob,22
sentnob,17
sentnob,109
sentnob,55
sentnob,35
sentnob,114
sentnob,29
sentnob,30
sentnob,18
sentnob,32
sentnob,46
bd_shs,21
bd_shs,109
bd_shs,33
bd_shs,37
bd_shs,21
bd_shs,50
bd_shs,33
bd_shs,33
bd_shs,12
bd_shs,13
bd_shs,41
bd_shs,24
bd_shs,63
bd_shs,57
bd_shs,68
bd_shs,33
bd_shs,22
bd_shs,31
bd_shs,33
bd_shs,24
bd_shs,31
bd_shs,15
bd_shs,10
bd_shs,20
bd_shs,12
bd_shs,8
bd_shs,11
bd_shs,11
bd_shs,16
bd_shs,13
bd_shs,53
bd_shs,31
bd_shs,26
bd_shs,14
bd_shs,18
bd_shs,17
bd_shs,12
bd_shs,14
bd_shs,30
bd_shs,40
bd_shs,31
bd_shs,15
bd_shs,12
bd_shs,17
bd_shs,23
bd_shs,39
bd_shs,20
bd_shs,30
bd_shs,14
bd_shs,7
bd_shs,12
bd_shs,25
bd_shs,19
bd_shs,120
bd_shs,24
bd_shs,31
bd_shs,31
bd_shs,41
bd_shs,43
bd_shs,15
bd_shs,8
bd_shs,15
bd_shs,50
bd_shs,69
bd_shs,10
bd_shs,16
bd_shs,42
bd_shs,251
bd_shs,16
bd_shs,22
bd_shs,8
bd_shs,10
bd_shs,47
bd_shs,70
bd_shs,58
bd_shs,86
bd_shs,42
bd_shs,50
bd_shs,27
bd_shs,142
bd_shs,12
bd_shs,62
bd_shs,49
bd_shs,24
bd_shs,79
bd_shs,15
bd_shs,84
bd_shs,29
bd_shs,14
bd_shs,17
bd_shs,41
bd_shs,31
bd_shs,89
bd_shs,36
bd_shs,31
bd_shs,70
bd_shs,43
bd_shs,60
bd_shs,172
bd_shs,229
bd_shs,43
bd_shs,12
bd_shs,18
bd_shs,25
bd_shs,24
bd_shs,23
bd_shs,24
bd_shs,45
bd_shs,28
bd_shs,50
bd_shs,32
bd_shs,74
bd_shs,65
bd_shs,23
bd_shs,20
bd_shs,11
bd_shs,17
bd_shs,37
bd_shs,15
bd_shs,59
bd_shs,73
bd_shs,48
bd_shs,67
bd_shs,18
bd_shs,147
bd_shs,67
bd_shs,15
bd_shs,32
bd_shs,16
bd_shs,13
bd_shs,15
bd_shs,92
bd_shs,19
bd_shs,12
bd_shs,26
bd_shs,34
bd_shs,12
bd_shs,9
bd_shs,17
bd_shs,12
bd_shs,23
bd_shs,18
bd_shs,44
bd_shs,14
bd_shs,13
bd_shs,24
bd_shs,76
bd_shs,211
bd_shs,16
bd_shs,19
bd_shs,32
bd_shs,45
bd_shs,26
bd_shs,62
bd_shs,20
bd_shs,21
bd_shs,91
bd_shs,19
bd_shs,11
bd_shs,23
bd_shs,27
bd_shs,21
bd_shs,26
bd_shs,11
bd_shs,27
bd_shs,40
bd_shs,13
bd_shs,120
bd_shs,108
bd_shs,21
bd_shs,89
bd_shs,44
bd_shs,22
bd_shs,31
bd_shs,77
bd_shs,44
bd_shs,70
bd_shs,25
bd_shs,22
bd_shs,25
bd_shs,41
bd_shs,28
bd_shs,18
bd_shs,10
bd_shs,11
bd_shs,34
bd_shs,23
bd_shs,21
bd_shs,19
bd_shs,23
bd_shs,22
bd_shs,17
bd_shs,84
bd_shs,20
bd_shs,100
bd_shs,28
bd_shs,19
bd_shs,15
bd_shs,49
bd_shs,12
bd_shs,41
bd_shs,18
bd_shs,75
bd_shs,19
bd_shs,17
bd_shs,17
bd_shs,18
bd_shs,33
bd_shs,80
bd_shs,17
bd_shs,82
bd_shs,76
bd_shs,46
bd_shs,32
bd_shs,13
bd_shs,69
bd_shs,14
bd_shs,41
bd_shs,27
bd_shs,70
bd_shs,37
bd_shs,42
bd_shs,17
bd_shs,25
bd_shs,52
bd_shs,35
bd_shs,93
bd_shs,42
bd_shs,135
bd_shs,22
bd_shs,23
bd_shs,35
bd_shs,23
bd_shs,24
bd_shs,23
bd_shs,62
bd_shs,21
bd_shs,14
bd_shs,63
bd_shs,27
bd_shs,15
bd_shs,28
bd_shs,24
bd_shs,20
bd_shs,24
bd_shs,21
bd_shs,17
bd_shs,34
bd_shs,43
bd_shs,27
bd_shs,16
bd_shs,25
bd_shs,22
bd_shs,20
bd_shs,108
bd_shs,29
bd_shs,52
bd_shs,17
bd_shs,24
bd_shs,22
bd_shs,25
bd_shs,118
bd_shs,148
bd_shs,21
bd_shs,21
bd_shs,22
bd_shs,48
bd_shs,18
bd_shs,24
bd_shs,23
bd_shs,34
bd_shs,35
bd_shs,27
bd_shs,29
bd_shs,44
bd_shs,36
bd_shs,40
bd_shs,11
bd_shs,27
bd_shs,35
bd_shs,44
bd_shs,34
bd_shs,33
bd_shs,23
bd_shs,120
bd_shs,32
bd_shs,104
bd_shs,23
bd_shs,23
bd_shs,32
bd_shs,36
bd_shs,24
bd_shs,10
bd_shs,31
bd_shs,25
bd_shs,45
bd_shs,49
bd_shs,23
bd_shs,25
bd_shs,55
bd_shs,21
bd_shs,16
bd_shs,59
bd_shs,25
bd_shs,32
bd_shs,43
bd_shs,46
bd_shs,85
bd_shs,33
bd_shs,12
bd_shs,22
bd_shs,46
bd_shs,47
bd_shs,32
bd_shs,25
bd_shs,22
bd_shs,17
bd_shs,64
bd_shs,21
bd_shs,26
bd_shs,42
bd_shs,50
bd_shs,23
bd_shs,31
bd_shs,21
bd_shs,121
bd_shs,20
bd_shs,21
bd_shs,61
bd_shs,26
bd_shs,46
bd_shs,18
bd_shs,44
bd_shs,42
bd_shs,30
bd_shs,81
bd_shs,122
bd_shs,169
bd_shs,35
bd_shs,20
bd_shs,54
bd_shs,41
bd_shs,13
bd_shs,27
bd_shs,34
bd_shs,24
bd_shs,32
bd_shs,22
bd_shs,19
bd_shs,30
bd_shs,47
bd_shs,75
bd_shs,26
bd_shs,26
bd_shs,46
bd_shs,27
bd_shs,18
bd_shs,23
bd_shs,29
bd_shs,36
bd_shs,57
bd_shs,23
bd_shs,30
bd_shs,43
bd_shs,126
bd_shs,99
bd_shs,24
bd_shs,37
bd_shs,71
bd_shs,39
bd_shs,21
bd_shs,48
bd_shs,22
bd_shs,16
bd_shs,24
bd_shs,26
bd_shs,19
bd_shs,60
bd_shs,34
bd_shs,90
bd_shs,33
bd_shs,17
bd_shs,21
bd_shs,16
bd_shs,17
bd_shs,14
bd_shs,15
bd_shs,36
bd_shs,25
bd_shs,14
bd_shs,14
bd_shs,40
bd_shs,15
bd_shs,12
bd_shs,37
bd_shs,47
bd_shs,29
bd_shs,12
bd_shs,11
bd_shs,12
bd_shs,11
bd_shs,31
bd_shs,70
bd_shs,46
bd_shs,152
bd_shs,42
bd_shs,28
bd_shs,16
bd_shs,12
bd_shs,19
bd_shs,34
bd_shs,31
bd_shs,14
bd_shs,28
bd_shs,75
bd_shs,17
bd_shs,48
bd_shs,109
bd_shs,30
bd_shs,14
bd_shs,54
bd_shs,1171
bd_shs,25
bd_shs,29
bd_shs,13
bd_shs,18
bd_shs,143
bd_shs,141
bd_shs,44
bd_shs,54
bd_shs,37
bd_shs,98
bd_shs,91
bd_shs,21
bd_shs,25
bd_shs,49
bd_shs,28
bd_shs,22
bd_shs,17
bd_shs,22
bd_shs,19
bd_shs,15
bd_shs,27
bd_shs,30
bd_shs,27
bd_shs,15
bd_shs,20
bd_shs,18
bd_shs,14
bd_shs,24
bd_shs,127
bd_shs,28
bd_shs,28
bd_shs,24
bd_shs,27
bd_shs,21
bd_shs,23
bd_shs,68
bd_shs,73
bd_shs,20
bd_shs,15
bd_shs,68
bd_shs,17
bd_shs,31
bd_shs,37
bd_shs,16
bd_shs,138
bd_shs,39
bd_shs,23
bd_shs,64
bd_shs,46
bd_shs,22
bd_shs,16
bd_shs,24
bd_shs,19
bd_shs,21
bd_shs,31
bd_shs,18
bd_shs,21
bd_shs,24
bd_shs,21
bd_shs,16
bd_shs,19
bd_shs,18
bd_shs,52
bd_shs,48
bd_shs,27
bd_shs,18
bd_shs,54
bd_shs,19
bd_shs,28
bd_shs,26
bd_shs,72
bd_shs,82
bd_shs,73
bd_shs,49
bd_shs,44
bd_shs,19
bd_shs,27
bd_shs,21
bd_shs,27
bd_shs,34
bd_shs,22
bd_shs,26
bd_shs,16
bd_shs,21
bd_shs,20
bd_shs,20
bd_shs,23
bd_shs,112
bd_shs,20
bd_shs,25
bd_shs,39
bd_shs,22
bd_shs,16
bd_shs,39
bd_shs,16
bd_shs,23
bd_shs,22
bd_shs,20
bd_shs,30
bd_shs,11
bd_shs,82
bd_shs,102
bd_shs,16
bd_shs,20
bd_shs,46
bd_shs,23
bd_shs,82
bd_shs,105
bd_shs,19
bd_shs,21
bd_shs,26
bd_shs,24
bd_shs,24
bd_shs,30
bd_shs,72
bd_shs,23
bd_shs,155
bd_shs,23
bd_shs,80
bd_shs,214
bd_shs,20
bd_shs,32
bd_shs,44
bd_shs,19
bd_shs,34
bd_shs,60
bd_shs,14
bd_shs,19
bd_shs,23
bd_shs,71
bd_shs,145
bd_shs,46
bd_shs,17
bd_shs,24
bd_shs,99
bd_shs,31
bd_shs,82
bd_shs,11
bd_shs,98
bd_shs,33
bd_shs,25
bd_shs,130
bd_shs,70
bd_shs,37
bd_shs,9
bd_shs,47
bd_shs,47
bd_shs,25
bd_shs,39
bd_shs,14
bd_shs,19
bd_shs,29
bd_shs,42
bd_shs,13
bd_shs,20
bd_shs,16
bd_shs,28
bd_shs,13
bd_shs,16
bd_shs,15
bd_shs,8
bd_shs,18
bd_shs,31
bd_shs,14
bd_shs,16
bd_shs,40
bd_shs,55
bd_shs,12
bd_shs,17
bd_shs,23
bd_shs,32
bd_shs,13
bd_shs,17
bd_shs,27
bd_shs,41
bd_shs,42
bd_shs,17
bd_shs,19
bd_shs,25
bd_shs,18
bd_shs,22
bd_shs,33
bd_shs,17
bd_shs,31
bd_shs,25
bd_shs,74
bd_shs,50
bd_shs,18
bd_shs,24
bd_shs,19
bd_shs,28
bd_shs,24
bd_shs,16
bd_shs,43
bd_shs,26
bd_shs,11
bd_shs,27
bd_shs,37
bd_shs,22
bd_shs,17
bd_shs,26
bd_shs,108
bd_shs,38
bd_shs,54
bd_shs,32
bd_shs,16
bd_shs,20
bd_shs,13
bd_shs,14
bd_shs,16
bd_shs,20
bd_shs,13
bd_shs,36
bd_shs,25
bd_shs,41
bd_shs,20
bd_shs,16
bd_shs,79
bd_shs,183
bd_shs,83
bd_shs,18
bd_shs,18
bd_shs,19
bd_shs,18
bd_shs,54
bd_shs,40
bd_shs,22
bd_shs,24
bd_shs,21
bd_shs,30
bd_shs,19
bd_shs,11
bd_shs,15
bd_shs,24
bd_shs,19
bd_shs,39
bd_shs,18
bd_shs,49
bd_shs,15
bd_shs,18
bd_shs,18
bd_shs,11
bd_shs,11
bd_shs,50
bd_shs,40
bd_shs,16
bd_shs,13
bd_shs,39
bd_shs,47
bd_shs,24
bd_shs,21
bd_shs,31
bd_shs,44
bd_shs,23
bd_shs,32
bd_shs,24
bd_shs,27
bd_shs,20
bd_shs,21
bd_shs,22
bd_shs,39
bd_shs,24
bd_shs,79
bd_shs,45
bd_shs,8
bd_shs,8
bd_shs,20
bd_shs,18
bd_shs,20
bd_shs,14
bd_shs,13
bd_shs,44
bd_shs,31
bd_shs,20
bd_shs,10
bd_shs,11
bd_shs,25
bd_shs,30
bd_shs,24
bd_shs,58
bd_shs,21
bd_shs,18
bd_shs,16
bd_shs,27
bd_shs,60
bd_shs,40
bd_shs,27
bd_shs,21
bd_shs,20
bd_shs,21
bd_shs,41
bd_shs,42
bd_shs,12
bd_shs,14
bd_shs,29
bd_shs,17
bd_shs,60
bd_shs,23
bd_shs,19
bd_shs,19
bd_shs,11
bd_shs,18
bd_shs,29
bd_shs,27
bd_shs,15
bd_shs,22
bd_shs,15
bd_shs,11
bd_shs,12
bd_shs,33
bd_shs,39
bd_shs,22
bd_shs,17
bd_shs,65
bd_shs,15
bd_shs,8
bd_shs,17
bd_shs,47
bd_shs,27
bd_shs,108
bd_shs,10
bd_shs,30
bd_shs,38
bd_shs,59
bd_shs,24
bd_shs,17
bd_shs,23
bd_shs,14
bd_shs,18
bd_shs,23
bd_shs,38
bd_shs,32
bd_shs,22
bd_shs,68
bd_shs,21
bd_shs,16
bd_shs,36
bd_shs,22
bd_shs,36
bd_shs,19
bd_shs,26
bd_shs,20
bd_shs,52
bd_shs,26
bd_shs,42
bd_shs,27
bd_shs,27
bd_shs,42
bd_shs,60
bd_shs,34
bd_shs,34
bd_shs,21
bd_shs,23
bd_shs,326
bd_shs,79
bd_shs,34
bd_shs,26
bd_shs,14
bd_shs,15
bd_shs,11
bd_shs,12
bd_shs,12
bd_shs,16
bd_shs,24
bd_shs,20
bd_shs,23
bd_shs,25
bd_shs,29
bd_shs,10
bd_shs,55
bd_shs,15
bd_shs,14
bd_shs,10
bd_shs,10
bd_shs,20
bd_shs,21
bd_shs,22
bd_shs,41
bd_shs,35
bd_shs,78
bd_shs,26
bd_shs,22
bd_shs,44
bd_shs,33
bd_shs,20
bd_shs,28
bd_shs,55
bd_shs,81
bd_shs,51
bd_shs,39
bd_shs,20
bd_shs,13
bd_shs,24
bd_shs,22
bd_shs,20
bd_shs,30
bd_shs,30
bd_shs,15
bd_shs,230
bd_shs,18
bd_shs,8
bd_shs,35
bd_shs,30
bd_shs,20
bd_shs,47
bd_shs,22
bd_shs,23
bd_shs,23
bd_shs,69
bd_shs,48
bd_shs,40
bd_shs,21
bd_shs,11
bd_shs,38
bd_shs,16
bd_shs,28
bd_shs,14
bd_shs,43
bd_shs,34
bd_shs,15
bd_shs,13
bd_shs,15
bd_shs,41
bd_shs,15
bd_shs,31
bd_shs,4
bd_shs,8
bd_shs,113
bd_shs,17
bd_shs,14
bd_shs,76
bd_shs,34
bd_shs,18
bd_shs,31
bd_shs,42
bd_shs,33
bd_shs,37
bd_shs,25
bd_shs,28
bd_shs,9
bd_shs,7
bd_shs,3
bd_shs,7
bd_shs,14
bd_shs,10
bd_shs,17
bd_shs,12
bd_shs,13
bd_shs,22
bd_shs,2
bd_shs,8
bd_shs,12
bd_shs,30
bd_shs,39
bd_shs,5
bd_shs,4
bd_shs,21
bd_shs,36
bd_shs,15
bd_shs,17
bd_shs,6
bd_shs,10
bd_shs,21
bd_shs,12
bd_shs,15
bd_shs,58
bd_shs,9
bd_shs,16
bd_shs,8
bd_shs,21
bd_shs,17
bd_shs,32
bd_shs,63
bd_shs,28
bd_shs,25
bd_shs,60
bd_shs,17
bd_shs,11
bd_shs,163
bd_shs,71
bd_shs,19
bd_shs,21
bd_shs,17
bd_shs,42
bd_shs,29
bd_shs,59
bd_shs,17
bd_shs,48
bd_shs,38
bd_shs,25
bd_shs,10
bd_shs,12
bd_shs,11
bd_shs,37
bd_shs,17
bd_shs,23
bd_shs,23
bd_shs,30
bd_shs,39
bd_shs,26
bd_shs,46
bd_shs,23
bd_shs,17
bd_shs,51
bd_shs,64
bd_shs,235
bd_shs,16
bd_shs,11
bd_shs,22
bd_shs,191
bd_shs,18
bd_shs,22
bd_shs,53
bd_shs,20
bd_shs,37
bd_shs,29
bd_shs,15
bd_shs,28
bd_shs,7
bd_shs,16
bd_shs,21
bd_shs,11
bd_shs,13
bd_shs,13
bd_shs,12
bd_shs,37
bd_shs,19
bd_shs,10
bd_shs,5
bd_shs,8
bd_shs,11
bd_shs,19
bd_shs,28
bd_shs,13
bd_shs,11
bd_shs,30
bd_shs,13
bd_shs,12
bd_shs,10
bd_shs,24
bd_shs,11
bd_shs,14
bd_shs,34
bd_shs,8
bd_shs,15
bd_shs,14
bd_shs,5
bd_shs,22
bd_shs,15
bd_shs,13
bd_shs,12
bd_shs,32
bd_shs,11
bd_shs,20
bd_shs,16
bd_shs,55
bd_shs,37
bd_shs,29
bd_shs,37
bd_shs,30
bd_shs,22
bd_shs,53
bd_shs,25
bd_shs,23
bd_shs,11
bd_shs,16
bd_shs,16
bd_shs,34
bd_shs,12
bd_shs,71
bd_shs,24
bd_shs,25
bd_shs,64
bd_shs,22
bd_shs,43
bd_shs,12
bd_shs,11
bd_shs,43
bd_shs,14
bd_shs,22
bd_shs,29
bd_shs,105
bd_shs,80
bd_shs,23
bd_shs,13
bd_shs,9
bd_shs,25
bd_shs,32
bd_shs,20
bd_shs,34
bd_shs,17
bd_shs,18
bd_shs,12
bd_shs,33
bd_shs,15
bd_shs,9
bd_shs,9
bd_shs,17
bd_shs,9
bd_shs,16
bd_shs,16
bd_shs,8
bd_shs,15
bd_shs,26
bd_shs,43
bd_shs,20
bd_shs,11
bd_shs,25
bd_shs,13
bd_shs,10
bd_shs,8
bd_shs,18
bd_shs,25
bd_shs,13
bd_shs,10
bd_shs,82
bd_shs,11
bd_shs,13
bd_shs,5
bd_shs,16
bd_shs,16
bd_shs,13
bd_shs,13
bd_shs,45
bd_shs,14
bd_shs,26
bd_shs,20
bd_shs,25
bd_shs,62
bd_shs,17
bd_shs,17
bd_shs,16
bd_shs,16
bd_shs,10
bd_shs,9
bd_shs,23
bd_shs,7
bd_shs,21
bd_shs,24
bd_shs,20
bd_shs,18
bd_shs,14
bd_shs,25
bd_shs,31
bd_shs,17
bd_shs,85
bd_shs,78
bd_shs,17
bd_shs,64
bd_shs,44
bd_shs,30
bd_shs,24
bd_shs,12
bd_shs,32
bd_shs,33
bd_shs,46
bd_shs,25
bd_shs,103
bd_shs,32
bd_shs,13
bd_shs,14
bd_shs,19
bd_shs,27
bd_shs,26
bd_shs,27
bd_shs,32
bd_shs,128
bd_shs,17
bd_shs,9
bd_shs,23
bd_shs,23
bd_shs,16
bd_shs,24
bd_shs,23
bd_shs,40
bd_shs,33
bd_shs,30
bd_shs,33
bd_shs,10
bd_shs,37
bd_shs,25
bd_shs,128
bd_shs,6
bd_shs,51
bd_shs,12
bd_shs,59
bd_shs,18
bd_shs,77
bd_shs,35
bd_shs,45
bd_shs,28
bd_shs,53
bd_shs,42
bd_shs,17
bd_shs,42
bd_shs,24
bd_shs,54
bd_shs,40
bd_shs,40
bd_shs,37
bd_shs,15
bd_shs,14
bd_shs,66
bd_shs,21
bd_shs,14
bd_shs,33
bd_shs,25
bd_shs,19
bd_shs,16
bd_shs,17
bd_shs,9
bd_shs,21
bd_shs,7
bd_shs,13
bd_shs,21
bd_shs,22
bd_shs,10
bd_shs,10
bd_shs,12
bd_shs,22
bd_shs,55
bd_shs,11
bd_shs,34
bd_shs,23
bd_shs,8
bd_shs,15
bd_shs,18
bd_shs,5
bd_shs,9
bd_shs,17
bd_shs,73
bd_shs,15
bd_shs,11
bd_shs,10
bd_shs,19
bd_shs,20
bd_shs,33
bd_shs,24
bd_shs,11
bd_shs,12
bd_shs,21
bd_shs,6
bd_shs,9
bd_shs,23
bd_shs,26
bd_shs,45
bd_shs,121
bd_shs,14
bd_shs,43
bd_shs,37
bd_shs,20
bd_shs,7
bd_shs,16
bd_shs,21
bd_shs,17
bd_shs,24
bd_shs,25
bd_shs,27
bd_shs,31
bd_shs,51
bd_shs,17
bd_shs,40
bd_shs,13
bd_shs,13
bd_shs,10
bd_shs,19
bd_shs,7
bd_shs,10
bd_shs,16
bd_shs,11
bd_shs,16
bd_shs,9
bd_shs,19
bd_shs,31
bd_shs,19
bd_shs,35
bd_shs,174
bd_shs,19
bd_shs,31
bd_shs,19
bd_shs,42
bd_shs,9
bd_shs,9
bd_shs,16
bd_shs,49
bd_shs,28
bd_shs,20
bd_shs,6
bd_shs,12
bd_shs,9
bd_shs,122
bd_shs,17
bd_shs,9
bd_shs,114
bd_shs,11
bd_shs,18
bd_shs,10
bd_shs,44
bd_shs,27
bd_shs,8
bd_shs,16
bd_shs,12
bd_shs,26
bd_shs,10
bd_shs,51
bd_shs,13
bd_shs,32
bd_shs,23
bd_shs,14
bd_shs,114
bd_shs,9
bd_shs,13
bd_shs,70
bd_shs,35
bd_shs,17
bd_shs,17
bd_shs,27
bd_shs,82
bd_shs,11
bd_shs,12
bd_shs,11
bd_shs,12
bd_shs,15
bd_shs,13
bd_shs,9
bd_shs,19
bd_shs,11
bd_shs,13
bd_shs,24
bd_shs,12
bd_shs,23
bd_shs,22
bd_shs,28
bd_shs,20
bd_shs,9
bd_shs,21
bd_shs,13
bd_shs,7
bd_shs,27
bd_shs,21
bd_shs,17
bd_shs,9
bd_shs,9
bd_shs,16
bd_shs,12
bd_shs,12
bd_shs,11
bd_shs,19
bd_shs,13
bd_shs,23
bd_shs,63
bd_shs,21
bd_shs,23
bd_shs,26
bd_shs,9
bd_shs,11
bd_shs,49
bd_shs,16
bd_shs,41
bd_shs,23
bd_shs,19
bd_shs,13
bd_shs,9
bd_shs,9
bd_shs,9
bd_shs,16
bd_shs,26
bd_shs,55
bd_shs,24
bd_shs,9
bd_shs,27
bd_shs,131
bd_shs,14
bd_shs,40
bd_shs,9
bd_shs,16
bd_shs,9
bd_shs,38
bd_shs,34
bd_shs,14
bd_shs,9
bd_shs,8
bd_shs,41
bd_shs,8
bd_shs,9
bd_shs,21
bd_shs,38
bd_shs,11
bd_shs,19
bd_shs,13
bd_shs,30
bd_shs,21
bd_shs,12
bd_shs,26
bd_shs,18
bd_shs,88
bd_shs,33
bd_shs,21
bd_shs,17
bd_shs,23
bd_shs,16
bd_shs,15
bd_shs,27
bd_shs,29
bd_shs,14
bd_shs,64
bd_shs,11
bd_shs,28
bd_shs,31
bd_shs,22
bd_shs,20
bd_shs,21
bd_shs,29
bd_shs,22
bd_shs,12
bd_shs,77
bd_shs,19
bd_shs,8
bd_shs,14
bd_shs,6
bd_shs,17
bd_shs,12
bd_shs,30
bd_shs,11
bd_shs,14
bd_shs,7
bd_shs,15
bd_shs,15
bd_shs,8
bd_shs,23
bd_shs,6
bd_shs,11
bd_shs,14
bd_shs,33
bd_shs,85
bd_shs,16
bd_shs,16
bd_shs,37
bd_shs,36
bd_shs,22
bd_shs,16
bd_shs,34
bd_shs,32
bd_shs,8
bd_shs,24
bd_shs,77
bd_shs,43
bd_shs,38
bd_shs,18
bd_shs,46
bd_shs,85
bd_shs,44
bd_shs,86
bd_shs,28
bd_shs,16
bd_shs,214
bd_shs,13
bd_shs,11
bd_shs,30
bd_shs,15
bd_shs,14
bd_shs,37
bd_shs,31
bd_shs,15
bd_shs,26
bd_shs,57
bd_shs,17
bd_shs,25
bd_shs,29
bd_shs,41
bd_shs,80
bd_shs,13
bd_shs,19
bd_shs,23
bd_shs,13
bd_shs,52
bd_shs,16
bd_shs,19
bd_shs,52
bd_shs,33
bd_shs,66
bd_shs,14
bd_shs,10
bd_shs,146
bd_shs,28
bd_shs,137
bd_shs,42
bd_shs,158
bd_shs,35
bd_shs,29
bd_shs,25
bd_shs,43
bd_shs,94
bd_shs,15
bd_shs,62
bd_shs,7
bd_shs,37
bd_shs,16
bd_shs,17
bd_shs,22
bd_shs,31
bd_shs,36
bd_shs,11
bd_shs,14
bd_shs,29
bd_shs,40
bd_shs,25
bd_shs,29
bd_shs,15
bd_shs,12
bd_shs,13
bd_shs,27
bd_shs,19
bd_shs,71
bd_shs,23
bd_shs,15
bd_shs,13
bd_shs,27
bd_shs,42
bd_shs,54
bd_shs,19
bd_shs,48
bd_shs,13
bd_shs,26
bd_shs,13
bd_shs,33
bd_shs,33
bd_shs,35
bd_shs,27
bd_shs,11
bd_shs,12
bd_shs,15
bd_shs,16
bd_shs,26
bd_shs,54
bd_shs,33
bd_shs,21
bd_shs,28
bd_shs,29
bd_shs,70
bd_shs,18
bd_shs,43
bd_shs,18
bd_shs,19
bd_shs,14
bd_shs,35
bd_shs,33
bd_shs,13
bd_shs,82
bd_shs,19
bd_shs,34
bd_shs,11
bd_shs,20
bd_shs,11
bd_shs,14
bd_shs,41
bd_shs,22
bd_shs,27
bd_shs,30
bd_shs,39
bd_shs,21
bd_shs,13
bd_shs,84
bd_shs,49
bd_shs,11
bd_shs,34
bd_shs,11
bd_shs,18
bd_shs,18
bd_shs,11
bd_shs,31
bd_shs,10
bd_shs,12
bd_shs,20
bd_shs,22
bd_shs,12
bd_shs,26
bd_shs,26
bd_shs,2
bd_shs,70
bd_shs,23
bd_shs,42
bd_shs,13
bd_shs,20
bd_shs,19
bd_shs,82
bd_shs,15
bd_shs,38
bd_shs,23
bd_shs,22
bd_shs,43
bd_shs,45
bd_shs,137
bd_shs,30
bd_shs,52
bd_shs,26
bd_shs,15
bd_shs,144
bd_shs,33
bd_shs,26
bd_shs,11
bd_shs,63
bd_shs,49
bd_shs,20
bd_shs,48
bd_shs,11
bd_shs,17
bd_shs,85
bd_shs,37
bd_shs,31
bd_shs,15
bd_shs,50
bd_shs,20
bd_shs,102
bd_shs,35
bd_shs,61
bd_shs,30
bd_shs,52
bd_shs,33
bd_shs,84
bd_shs,45
bd_shs,34
bd_shs,21
bd_shs,34
bd_shs,96
bd_shs,43
bd_shs,31
bd_shs,104
bd_shs,24
bd_shs,40
bd_shs,80
bd_shs,19
bd_shs,54
bd_shs,15
bd_shs,21
bd_shs,46
bd_shs,24
bd_shs,21
bd_shs,19
bd_shs,10
bd_shs,58
bd_shs,64
bd_shs,80
bd_shs,38
bd_shs,40
bd_shs,28
bd_shs,23
bd_shs,15
bd_shs,40
bd_shs,14
bd_shs,55
bd_shs,24
bd_shs,52
bd_shs,10
bd_shs,10
bd_shs,5
bd_shs,47
bd_shs,34
bd_shs,22
bd_shs,12
bd_shs,59
bd_shs,28
bd_shs,175
bd_shs,10
bd_shs,24
bd_shs,20
bd_shs,21
bd_shs,20
bd_shs,27
bd_shs,21
bd_shs,33
bd_shs,21
bd_shs,38
bd_shs,94
bd_shs,36
bd_shs,26
bd_shs,44
bd_shs,34
bd_shs,30
bd_shs,39
bd_shs,117
bd_shs,79
bd_shs,47
bd_shs,268
bd_shs,67
bd_shs,30
bd_shs,33
bd_shs,117
bd_shs,70
bd_shs,29
bd_shs,32
bd_shs,13
bd_shs,68
bd_shs,39
bd_shs,70
bd_shs,45
bd_shs,50
bd_shs,56
bd_shs,53
bd_shs,58
bd_shs,56
bd_shs,116
bd_shs,151
bd_shs,12
bd_shs,114
bd_shs,8
bd_shs,10
bd_shs,60
bd_shs,19
bd_shs,13
bd_shs,20
bd_shs,33
bd_shs,34
bd_shs,38
bd_shs,43
bd_shs,50
bd_shs,19
bd_shs,16
bd_shs,20
bd_shs,22
bd_shs,32
bd_shs,77
bd_shs,61
bd_shs,17
bd_shs,14
bd_shs,24
bd_shs,9
bd_shs,10
bd_shs,16
bd_shs,7
bd_shs,9
bd_shs,7
bd_shs,104
bd_shs,40
bd_shs,20
bd_shs,7
bd_shs,36
bd_shs,19
bd_shs,15
bd_shs,52
bd_shs,39
bd_shs,53
bd_shs,19
bd_shs,13
bd_shs,27
bd_shs,18
bd_shs,25
bd_shs,10
bd_shs,16
bd_shs,7
bd_shs,7
bd_shs,29
bd_shs,114
bd_shs,49
bd_shs,19
bd_shs,15
bd_shs,143
bd_shs,10
bd_shs,19
bd_shs,25
bd_shs,16
bd_shs,17
bd_shs,34
bd_shs,32
bd_shs,17
bd_shs,21
bd_shs,13
bd_shs,15
bd_shs,21
bd_shs,9
bd_shs,18
bd_shs,7
bd_shs,20
bd_shs,70
bd_shs,29
bd_shs,145
bd_shs,79
bd_shs,60
bd_shs,18
bd_shs,14
bd_shs,24
bd_shs,33
bd_shs,157
bd_shs,139
bd_shs,14
bd_shs,52
bd_shs,64
bd_shs,71
bd_shs,14
bd_shs,33
bd_shs,73
bd_shs,17
bd_shs,7
bd_shs,59
bd_shs,49
bd_shs,23
bd_shs,7
bd_shs,17
bd_shs,12
bd_shs,16
bd_shs,15
bd_shs,21
bd_shs,13
bd_shs,18
bd_shs,16
bd_shs,9
bd_shs,34
bd_shs,11
bd_shs,13
bd_shs,34
bd_shs,99
bd_shs,19
bd_shs,21
bd_shs,80
bd_shs,50
bd_shs,12
bd_shs,31
bd_shs,11
bd_shs,31
bd_shs,57
bd_shs,66
bd_shs,20
bd_shs,8
bd_shs,12
bd_shs,21
bd_shs,19
bd_shs,68
bd_shs,41
bd_shs,15
bd_shs,19
bd_shs,34
bd_shs,19
bd_shs,27
bd_shs,21
bd_shs,11
bd_shs,53
bd_shs,17
bd_shs,10
bd_shs,32
bd_shs,41
bd_shs,15
bd_shs,31
bd_shs,29
bd_shs,13
bd_shs,11
bd_shs,68
bd_shs,39
bd_shs,18
bd_shs,22
bd_shs,16
bd_shs,66
bd_shs,9
bd_shs,30
bd_shs,9
bd_shs,25
bd_shs,58
bd_shs,81
bd_shs,32
bd_shs,18
bd_shs,100
bd_shs,60
bd_shs,132
bd_shs,39
bd_shs,31
bd_shs,30
bd_shs,50
bd_shs,19
bd_shs,24
bd_shs,37
bd_shs,38
bd_shs,21
bd_shs,149
bd_shs,152
bd_shs,48
bd_shs,44
bd_shs,46
bd_shs,14
bd_shs,78
bd_shs,36
bd_shs,46
bd_shs,77
bd_shs,29
bd_shs,19
bd_shs,24
bd_shs,91
bd_shs,113
bd_shs,37
bd_shs,43
bd_shs,54
bd_shs,22
bd_shs,46
bd_shs,55
bd_shs,38
bd_shs,33
bd_shs,151
bd_shs,62
bd_shs,23
bd_shs,30
bd_shs,63
bd_shs,28
bd_shs,19
bd_shs,38
bd_shs,20
bd_shs,13
bd_shs,48
bd_shs,51
bd_shs,13
bd_shs,77
bd_shs,22
bd_shs,46
bd_shs,78
bd_shs,72
bd_shs,40
bd_shs,33
bd_shs,38
bd_shs,55
bd_shs,15
bd_shs,17
bd_shs,16
bd_shs,92
bd_shs,15
bd_shs,17
bd_shs,93
bd_shs,48
bd_shs,17
bd_shs,535
bd_shs,25
bd_shs,61
bd_shs,27
bd_shs,22
bd_shs,26
bd_shs,48
bd_shs,21
bd_shs,48
bd_shs,50
bd_shs,13
bd_shs,17
bd_shs,51
bd_shs,19
bd_shs,15
bd_shs,16
bd_shs,17
bd_shs,21
bd_shs,18
bd_shs,29
bd_shs,41
bd_shs,19
bd_shs,26
bd_shs,16
bd_shs,63
bd_shs,43
bd_shs,17
bd_shs,24
bd_shs,24
bd_shs,28
bd_shs,46
bd_shs,25
bd_shs,40
bd_shs,20
bd_shs,57
bd_shs,11
bd_shs,27
bd_shs,27
bd_shs,50
bd_shs,13
bd_shs,12
bd_shs,30
bd_shs,50
bd_shs,25
bd_shs,39
bd_shs,31
bd_shs,16
bd_shs,20
bd_shs,30
bd_shs,75
bd_shs,36
bd_shs,17
bd_shs,23
bd_shs,33
bd_shs,22
bd_shs,34
bd_shs,68
bd_shs,13
bd_shs,44
bd_shs,25
bd_shs,23
bd_shs,18
bd_shs,16
bd_shs,20
bd_shs,52
bd_shs,36
bd_shs,22
bd_shs,33
bd_shs,28
bd_shs,29
bd_shs,43
bd_shs,22
bd_shs,17
bd_shs,11
bd_shs,54
bd_shs,56
bd_shs,49
bd_shs,48
bd_shs,61
bd_shs,25
bd_shs,18
bd_shs,62
bd_shs,11
bd_shs,86
bd_shs,22
bd_shs,10
bd_shs,15
bd_shs,43
bd_shs,12
bd_shs,29
bd_shs,32
bd_shs,20
bd_shs,24
bd_shs,135
bd_shs,38
bd_shs,20
bd_shs,65
bd_shs,89
bd_shs,68
bd_shs,94
bd_shs,56
bd_shs,22
bd_shs,24
bd_shs,29
bd_shs,29
bd_shs,51
bd_shs,38
bd_shs,9
bd_shs,42
bd_shs,89
bd_shs,54
bd_shs,33
bd_shs,17
bd_shs,11
bd_shs,69
bd_shs,68
bd_shs,120
bd_shs,25
bd_shs,28
bd_shs,19
bd_shs,27
bd_shs,35
bd_shs,17
bd_shs,17
bd_shs,23
bd_shs,28
bd_shs,15
bd_shs,15
bd_shs,49
bd_shs,16
bd_shs,22
bd_shs,19
bd_shs,51
bd_shs,309
bd_shs,16
bd_shs,59
bd_shs,52
bd_shs,49
bd_shs,16
bd_shs,20
bd_shs,17
bd_shs,72
bd_shs,13
bd_shs,52
bd_shs,16
bd_shs,16
bd_shs,15
bd_shs,58
bd_shs,24
bd_shs,20
bd_shs,204
bd_shs,32
bd_shs,52
bd_shs,56
bd_shs,116
bd_shs,36
bd_shs,20
bd_shs,20
bd_shs,21
bd_shs,56
bd_shs,41
bd_shs,19
bd_shs,16
bd_shs,12
bd_shs,9
bd_shs,31
bd_shs,40
bd_shs,13
bd_shs,30
bd_shs,178
bd_shs,99
bd_shs,35
bd_shs,33
bd_shs,238
bd_shs,21
bd_shs,127
bd_shs,220
bd_shs,57
bd_shs,71
bd_shs,31
bd_shs,28
bd_shs,32
bd_shs,47
bd_shs,87
bd_shs,55
bd_shs,58
bd_shs,203
bd_shs,45
bd_shs,157
bd_shs,126
bd_shs,112
bd_shs,213
bd_shs,50
bd_shs,56
bd_shs,71
bd_shs,31
bd_shs,21
bd_shs,21
bd_shs,96
bd_shs,33
bd_shs,57
bd_shs,28
bd_shs,32
bd_shs,25
bd_shs,56
bd_shs,96
bd_shs,274
bd_shs,30
bd_shs,36
bd_shs,55
bd_shs,18
bd_shs,25
bd_shs,118
bd_shs,23
bd_shs,63
bd_shs,13
bd_shs,78
bd_shs,37
bd_shs,13
bd_shs,42
bd_shs,22
bd_shs,34
bd_shs,34
bd_shs,34
bd_shs,44
bd_shs,25
bd_shs,104
bd_shs,45
bd_shs,66
bd_shs,50
bd_shs,7
bd_shs,36
bd_shs,17
bd_shs,18
bd_shs,138
bd_shs,47
bd_shs,16
bd_shs,25
bd_shs,24
bd_shs,241
bd_shs,34
bd_shs,59
bd_shs,11
bd_shs,45
bd_shs,50
bd_shs,9
bd_shs,29
bd_shs,93
bd_shs,27
bd_shs,21
bd_shs,9
bd_shs,14
bd_shs,85
bd_shs,11
bd_shs,38
bd_shs,13
bd_shs,37
bd_shs,34
bd_shs,23
bd_shs,56
bd_shs,27
bd_shs,26
bd_shs,31
bd_shs,35
bd_shs,27
bd_shs,30
bd_shs,17
bd_shs,256
bd_shs,17
bd_shs,49
bd_shs,22
bd_shs,15
bd_shs,110
bd_shs,21
bd_shs,41
bd_shs,72
bd_shs,46
bd_shs,21
bd_shs,7
bd_shs,28
bd_shs,12
bd_shs,47
bd_shs,73
bd_shs,19
bd_shs,28
bd_shs,35
bd_shs,98
bd_shs,16
bd_shs,25
bd_shs,18
bd_shs,41
bd_shs,21
bd_shs,73
bd_shs,11
bd_shs,9
bd_shs,206
bd_shs,23
bd_shs,23
bd_shs,57
bd_shs,80
bd_shs,29
bd_shs,267
bd_shs,19
bd_shs,14
bd_shs,132
bd_shs,51
bd_shs,83
bd_shs,25
bd_shs,28
bd_shs,53
bd_shs,9
bd_shs,6
bd_shs,43
bd_shs,7
bd_shs,20
bd_shs,17
bd_shs,51
bd_shs,17
bd_shs,29
bd_shs,16
bd_shs,13
bd_shs,204
bd_shs,18
bd_shs,46
bd_shs,16
bd_shs,10
bd_shs,48
bd_shs,59
bd_shs,45
bd_shs,143
bd_shs,61
bd_shs,25
bd_shs,25
bd_shs,38
bd_shs,8
bd_shs,28
bd_shs,11
bd_shs,10
bd_shs,25
bd_shs,8
bd_shs,12
bd_shs,9
bd_shs,34
bd_shs,11
bd_shs,9
bd_shs,21
bd_shs,7
bd_shs,42
bd_shs,13
bd_shs,16
bd_shs,56
bd_shs,9
bd_shs,10
bd_shs,21
bd_shs,8
bd_shs,20
bd_shs,9
bd_shs,14
bd_shs,25
bd_shs,23
bd_shs,10
bd_shs,3
bd_shs,19
bd_shs,28
bd_shs,17
bd_shs,18
bd_shs,38
bd_shs,14
bd_shs,26
bd_shs,24
bd_shs,53
bd_shs,6
bd_shs,7
bd_shs,27
bd_shs,6
bd_shs,9
bd_shs,9
bd_shs,9
bd_shs,11
bd_shs,62
bd_shs,11
bd_shs,10
bd_shs,10
bd_shs,10
bd_shs,15
bd_shs,10
bd_shs,16
bd_shs,7
bd_shs,14
bd_shs,7
bd_shs,44
bd_shs,5
bd_shs,6
bd_shs,30
bd_shs,49
bd_shs,18
bd_shs,14
bd_shs,6
bd_shs,43
bd_shs,16
bd_shs,7
bd_shs,6
bd_shs,20
bd_shs,30
bd_shs,31
bd_shs,7
bd_shs,47
bd_shs,17
bd_shs,7
bd_shs,12
bd_shs,16
bd_shs,31
bd_shs,15
bd_shs,23
bd_shs,81
bd_shs,50
bd_shs,10
bd_shs,60
bd_shs,3
bd_shs,23
bd_shs,11
bd_shs,34
bd_shs,10
bd_shs,19
bd_shs,78
bd_shs,110
bd_shs,7
bd_shs,11
bd_shs,56
bd_shs,7
bd_shs,20
bd_shs,26
bd_shs,18
bd_shs,63
bd_shs,24
bd_shs,29
bd_shs,6
bd_shs,6
bd_shs,11
bd_shs,14
bd_shs,19
bd_shs,56
bd_shs,14
bd_shs,181
bd_shs,38
bd_shs,275
bd_shs,17
bd_shs,66
bd_shs,48
bd_shs,129
bd_shs,35
bd_shs,6
bd_shs,23
bd_shs,61
bd_shs,27
bd_shs,16
bd_shs,11
bd_shs,14
bd_shs,160
bd_shs,198
bd_shs,11
bd_shs,9
bd_shs,24
bd_shs,48
bd_shs,67
bd_shs,51
bd_shs,24
bd_shs,30
bd_shs,37
bd_shs,44
bd_shs,12
bd_shs,24
bd_shs,16
bd_shs,30
bd_shs,33
bd_shs,29
bd_shs,141
bd_shs,17
bd_shs,19
bd_shs,6
bd_shs,12
bd_shs,12
bd_shs,52
bd_shs,94
bd_shs,13
bd_shs,38
bd_shs,44
bd_shs,28
bd_shs,6
bd_shs,21
bd_shs,58
bd_shs,27
bd_shs,14
bd_shs,26
bd_shs,94
bd_shs,42
bd_shs,6
bd_shs,34
bd_shs,123
bd_shs,57
bd_shs,15
bd_shs,23
bd_shs,36
bd_shs,66
bd_shs,50
bd_shs,65
bd_shs,176
bd_shs,41
bd_shs,13
bd_shs,14
bd_shs,9
bd_shs,43
bd_shs,17
bd_shs,7
bd_shs,39
bd_shs,122
bd_shs,59
bd_shs,81
bd_shs,84
bd_shs,69
bd_shs,48
bd_shs,64
bd_shs,44
bd_shs,39
bd_shs,54
bd_shs,7
bd_shs,358
bd_shs,51
bd_shs,53
bd_shs,98
bd_shs,229
bd_shs,59
bd_shs,127
bd_shs,105
bd_shs,152
bd_shs,16
bd_shs,19
bd_shs,54
bd_shs,23
bd_shs,45
bd_shs,339
bd_shs,72
bd_shs,73
bd_shs,68
bd_shs,45
bd_shs,18
bd_shs,62
bd_shs,55
bd_shs,61
bd_shs,182
bd_shs,81
bd_shs,18
bd_shs,24
bd_shs,245
bd_shs,32
bd_shs,190
bd_shs,29
bd_shs,32
bd_shs,29
bd_shs,31
bd_shs,37
bd_shs,31
bd_shs,116
bd_shs,31
bd_shs,164
bd_shs,25
bd_shs,36
bd_shs,29
bd_shs,55
bd_shs,21
bd_shs,53
bd_shs,17
bd_shs,51
bd_shs,22
bd_shs,47
bd_shs,38
bd_shs,27
bd_shs,10
bd_shs,10
bd_shs,22
bd_shs,9
bd_shs,28
bd_shs,40
bd_shs,45
bd_shs,9
bd_shs,99
bd_shs,20
bd_shs,9
bd_shs,31
bd_shs,5
bd_shs,5
bd_shs,56
bd_shs,24
bd_shs,8
bd_shs,35
bd_shs,33
bd_shs,126
bd_shs,23
bd_shs,23
bd_shs,15
bd_shs,24
bd_shs,39
bd_shs,6
bd_shs,24
bd_shs,27
bd_shs,41
bd_shs,59
bd_shs,13
bd_shs,20
bd_shs,13
bd_shs,20
bd_shs,14
bd_shs,22
bd_shs,6
bd_shs,22
bd_shs,18
bd_shs,217
bd_shs,21
bd_shs,24
bd_shs,22
bd_shs,12
bd_shs,13
bd_shs,5
bd_shs,5
bd_shs,30
bd_shs,90
bd_shs,47
bd_shs,67
bd_shs,140
bd_shs,37
bd_shs,101
bd_shs,54
bd_shs,9
bd_shs,46
bd_shs,27
bd_shs,43
bd_shs,34
bd_shs,31
bd_shs,73
bd_shs,29
bd_shs,24
bd_shs,49
bd_shs,59
bd_shs,20
bd_shs,22
bd_shs,51
bd_shs,15
bd_shs,14
bd_shs,25
bd_shs,41
bd_shs,24
bd_shs,15
bd_shs,109
bd_shs,44
bd_shs,15
bd_shs,13
bd_shs,23
bd_shs,10
bd_shs,18
bd_shs,19
bd_shs,39
bd_shs,183
bd_shs,35
bd_shs,36
bd_shs,34
bd_shs,132
bd_shs,81
bd_shs,16
bd_shs,350
bd_shs,25
bd_shs,14
bd_shs,36
bd_shs,63
bd_shs,19
bd_shs,13
bd_shs,12
bd_shs,18
bd_shs,17
bd_shs,18
bd_shs,16
bd_shs,16
bd_shs,35
bd_shs,14
bd_shs,14
bd_shs,29
bd_shs,28
bd_shs,31
bd_shs,53
bd_shs,60
bd_shs,17
bd_shs,115
bd_shs,33
bd_shs,28
bd_shs,36
bd_shs,23
bd_shs,9
bd_shs,35
bd_shs,17
bd_shs,31
bd_shs,16
bd_shs,23
bd_shs,23
bd_shs,16
bd_shs,138
bd_shs,22
bd_shs,13
bd_shs,43
bd_shs,53
bd_shs,16
bd_shs,12
bd_shs,13
bd_shs,22
bd_shs,22
bd_shs,23
bd_shs,36
bd_shs,44
bd_shs,23
bd_shs,20
bd_shs,12
bd_shs,73
bd_shs,89
bd_shs,71
bd_shs,34
bd_shs,18
bd_shs,37
bd_shs,49
bd_shs,53
bd_shs,42
bd_shs,22
bd_shs,26
bd_shs,67
bd_shs,49
bd_shs,82
bd_shs,22
bd_shs,46
bd_shs,19
bd_shs,19
bd_shs,27
bd_shs,38
bd_shs,69
bd_shs,51
bd_shs,33
bd_shs,24
bd_shs,580
bd_shs,94
bd_shs,13
bd_shs,13
bd_shs,80
bd_shs,30
bd_shs,23
bd_shs,32
bd_shs,30
bd_shs,23
bd_shs,14
bd_shs,22
bd_shs,26
bd_shs,47
bd_shs,9
bd_shs,10
bd_shs,26
bd_shs,26
bd_shs,100
bd_shs,178
bd_shs,9
bd_shs,21
bd_shs,20
bd_shs,36
bd_shs,91
bd_shs,27
bd_shs,48
bd_shs,75
bd_shs,17
bd_shs,606
bd_shs,35
bd_shs,24
bd_shs,30
bd_shs,156
bd_shs,80
bd_shs,219
bd_shs,108
bd_shs,42
bd_shs,13
bd_shs,650
bd_shs,29
bd_shs,11
bd_shs,109
bd_shs,29
bd_shs,19
bd_shs,66
bd_shs,15
bd_shs,18
bd_shs,38
bd_shs,22
bd_shs,35
bd_shs,84
bd_shs,21
bd_shs,36
bd_shs,17
bd_shs,92
bd_shs,261
bd_shs,47
bd_shs,47
bd_shs,34
bd_shs,88
bd_shs,42
bd_shs,8
bd_shs,8
bd_shs,48
bd_shs,10
bd_shs,23
bd_shs,14
bd_shs,34
bd_shs,5
bd_shs,4
bd_shs,34
bd_shs,43
bd_shs,163
bd_shs,34
bd_shs,39
bd_shs,16
bd_shs,39
bd_shs,55
bd_shs,45
bd_shs,22
bd_shs,20
bd_shs,74
bd_shs,91
bd_shs,100
bd_shs,10
bd_shs,25
bd_shs,30
bd_shs,22
bd_shs,23
bd_shs,16
bd_shs,34
bd_shs,51
bd_shs,52
bd_shs,36
bd_shs,18
bd_shs,48
bd_shs,10
bd_shs,28
bd_shs,29
bd_shs,20
bd_shs,26
bd_shs,47
bd_shs,64
bd_shs,25
bd_shs,24
bd_shs,15
bd_shs,38
bd_shs,131
bd_shs,45
bd_shs,56
bd_shs,17
bd_shs,16
bd_shs,50
bd_shs,297
bd_shs,26
bd_shs,97
bd_shs,58
bd_shs,17
bd_shs,26
bd_shs,21
bd_shs,20
bd_shs,32
bd_shs,249
bd_shs,24
bd_shs,17
bd_shs,52
bd_shs,5
bd_shs,32
bd_shs,77
bd_shs,27
bd_shs,12
bd_shs,30
bd_shs,21
bd_shs,28
bd_shs,24
bd_shs,7
bd_shs,19
bd_shs,22
bd_shs,23
bd_shs,13
bd_shs,56
bd_shs,90
bd_shs,22
bd_shs,188
bd_shs,25
bd_shs,15
bd_shs,27
bd_shs,19
bd_shs,21
bd_shs,28
bd_shs,14
bd_shs,22
bd_shs,35
bd_shs,17
bd_shs,27
bd_shs,29
bd_shs,36
bd_shs,25
bd_shs,18
bd_shs,15
bd_shs,40
bd_shs,37
bd_shs,16
bd_shs,9
bd_shs,8
bd_shs,31
bd_shs,31
bd_shs,42
bd_shs,18
bd_shs,37
bd_shs,23
bd_shs,23
bd_shs,19
bd_shs,37
bd_shs,40
bd_shs,29
bd_shs,80
bd_shs,40
bd_shs,37
bd_shs,53
bd_shs,42
bd_shs,22
bd_shs,19
bd_shs,26
bd_shs,12
bd_shs,28
bd_shs,194
bd_shs,32
bd_shs,16
bd_shs,15
bd_shs,12
bd_shs,23
bd_shs,80
bd_shs,20
bd_shs,17
bd_shs,16
bd_shs,44
bd_shs,338
bd_shs,19
bd_shs,32
bd_shs,36
bd_shs,20
bd_shs,47
bd_shs,37
bd_shs,23
bd_shs,51
bd_shs,13
bd_shs,20
bd_shs,21
bd_shs,50
bd_shs,38
bd_shs,52
bd_shs,76
bd_shs,60
bd_shs,61
bd_shs,48
bd_shs,33
bd_shs,36
bd_shs,34
bd_shs,19
bd_shs,35
bd_shs,74
bd_shs,67
bd_shs,17
bd_shs,53
bd_shs,22
bd_shs,83
bd_shs,27
bd_shs,9
bd_shs,28
bd_shs,15
bd_shs,32
bd_shs,21
bd_shs,66
bd_shs,58
bd_shs,108
bd_shs,19
bd_shs,68
bd_shs,34
bd_shs,33
bd_shs,53
bd_shs,22
bd_shs,26
bd_shs,34
bd_shs,27
bd_shs,12
bd_shs,41
bd_shs,22
bd_shs,40
bd_shs,44
bd_shs,64
bd_shs,55
bd_shs,23
bd_shs,25
bd_shs,23
bd_shs,8
bd_shs,8
bd_shs,15
bd_shs,21
bd_shs,43
bd_shs,70
bd_shs,31
bd_shs,38
bd_shs,22
bd_shs,29
bd_shs,82
bd_shs,27
bd_shs,59
bd_shs,39
bd_shs,25
bd_shs,16
bd_shs,585
bd_shs,122
bd_shs,32
bd_shs,23
bd_shs,32
bd_shs,9
bd_shs,80
bd_shs,24
bd_shs,22
bd_shs,43
bd_shs,27
bd_shs,11
bd_shs,19
bd_shs,18
bd_shs,34
bd_shs,15
bd_shs,12
bd_shs,80
bd_shs,48
bd_shs,35
bd_shs,6
bd_shs,19
bd_shs,71
bd_shs,14
bd_shs,14
bd_shs,14
bd_shs,86
bd_shs,74
bd_shs,13
bd_shs,52
bd_shs,18
bd_shs,50
bd_shs,64
bd_shs,46
bd_shs,93
bd_shs,144
bd_shs,80
bd_shs,45
bd_shs,7
bd_shs,19
bd_shs,56
bd_shs,102
bd_shs,56
bd_shs,39
bd_shs,127
bd_shs,16
bd_shs,12
bd_shs,9
bd_shs,47
bd_shs,56
bd_shs,13
bd_shs,73
bd_shs,11
bd_shs,24
bd_shs,31
bd_shs,25
bd_shs,7
bd_shs,11
bd_shs,25
bd_shs,129
bd_shs,5
bd_shs,21
bd_shs,19
bd_shs,28
bd_shs,21
bd_shs,27
bd_shs,41
bd_shs,20
bd_shs,69
bd_shs,15
bd_shs,20
bd_shs,26
bd_shs,6
bd_shs,31
bd_shs,35
bd_shs,59
bd_shs,91
bd_shs,26
bd_shs,41
bd_shs,21
bd_shs,41
bd_shs,27
bd_shs,68
bd_shs,89
bd_shs,37
bd_shs,15
bd_shs,32
bd_shs,45
bd_shs,16
bd_shs,19
bd_shs,30
bd_shs,66
bd_shs,43
bd_shs,40
bd_shs,121
bd_shs,15
bd_shs,54
bd_shs,43
bd_shs,90
bd_shs,27
bd_shs,37
bd_shs,32
bd_shs,60
bd_shs,51
bd_shs,62
bd_shs,59
bd_shs,44
bd_shs,30
bd_shs,92
bd_shs,53
bd_shs,24
bd_shs,15
bd_shs,93
bd_shs,7
bd_shs,26
bd_shs,17
bd_shs,37
bd_shs,77
bd_shs,32
bd_shs,59
bd_shs,64
bd_shs,11
bd_shs,28
bd_shs,57
bd_shs,35
bd_shs,12
bd_shs,35
bd_shs,16
bd_shs,14
bd_shs,40
bd_shs,23
bd_shs,14
bd_shs,4
bd_shs,29
bd_shs,22
bd_shs,16
bd_shs,52
bd_shs,34
bd_shs,50
bd_shs,11
bd_shs,91
bd_shs,15
bd_shs,20
bd_shs,19
bd_shs,58
bd_shs,19
bd_shs,23
bd_shs,11
bd_shs,73
bd_shs,191
bd_shs,32
bd_shs,35
bd_shs,72
bd_shs,50
bd_shs,90
bd_shs,27
bd_shs,20
bd_shs,5
bd_shs,30
bd_shs,30
bd_shs,11
bd_shs,72
bd_shs,75
bd_shs,9
bd_shs,50
bd_shs,54
bd_shs,20
bd_shs,26
bd_shs,129
bd_shs,49
bd_shs,8
bd_shs,23
bd_shs,11
bd_shs,56
bd_shs,39
bd_shs,17
bd_shs,9
bd_shs,17
bd_shs,48
bd_shs,88
bd_shs,69
bd_shs,18
bd_shs,67
bd_shs,61
bd_shs,40
bd_shs,26
bd_shs,239
bd_shs,20
bd_shs,82
bd_shs,19
bd_shs,55
bd_shs,18
bd_shs,28
bd_shs,44
bd_shs,19
bd_shs,110
bd_shs,56
bd_shs,74
bd_shs,28
bd_shs,33
bd_shs,93
bd_shs,43
bd_shs,54
bd_shs,19
bd_shs,17
bd_shs,18
bd_shs,15
bd_shs,10
bd_shs,8
bd_shs,11
bd_shs,8
bd_shs,10
bd_shs,27
bd_shs,29
bd_shs,92
bd_shs,75
bd_shs,15
bd_shs,15
bd_shs,419
bd_shs,21
bd_shs,6
bd_shs,35
bd_shs,52
bd_shs,71
bd_shs,9
bd_shs,9
bd_shs,38
bd_shs,25
bd_shs,39
bd_shs,9
bd_shs,7
bd_shs,41
bd_shs,6
bd_shs,24
bd_shs,23
bd_shs,150
bd_shs,4
bd_shs,7
bd_shs,79
bd_shs,66
bd_shs,90
bd_shs,15
bd_shs,21
bd_shs,19
bd_shs,19
bd_shs,25
bd_shs,88
bd_shs,12
bd_shs,16
bd_shs,162
bd_shs,36
bd_shs,30
bd_shs,254
bd_shs,24
bd_shs,18
bd_shs,32
bd_shs,16
bd_shs,37
bd_shs,9
bd_shs,77
bd_shs,139
bd_shs,31
bd_shs,50
bd_shs,24
bd_shs,15
bd_shs,69
bd_shs,27
bd_shs,33
bd_shs,300
bd_shs,60
bd_shs,31
bd_shs,9
bd_shs,12
bd_shs,6
bd_shs,112
bd_shs,15
bd_shs,199
bd_shs,13
bd_shs,18
bd_shs,9
bd_shs,59
bd_shs,20
bd_shs,25
bd_shs,139
bd_shs,115
bd_shs,62
bd_shs,9
bd_shs,18
bd_shs,33
bd_shs,19
bd_shs,23
bd_shs,17
bd_shs,44
bd_shs,18
bd_shs,22
bd_shs,35
bd_shs,51
bd_shs,10
bd_shs,13
bd_shs,25
bd_shs,28
bd_shs,22
bd_shs,36
bd_shs,33
bd_shs,20
bd_shs,39
bd_shs,28
bd_shs,32
bd_shs,165
bd_shs,14
bd_shs,20
bd_shs,45
bd_shs,63
bd_shs,93
bd_shs,21
bd_shs,33
bd_shs,29
bd_shs,21
bd_shs,28
bd_shs,93
bd_shs,30
bd_shs,35
bd_shs,45
bd_shs,34
bd_shs,8
bd_shs,67
bd_shs,62
bd_shs,16
bd_shs,20
bd_shs,12
bd_shs,14
bd_shs,19
bd_shs,36
bd_shs,18
bd_shs,6
bd_shs,50
bd_shs,140
bd_shs,7
bd_shs,57
bd_shs,16
bd_shs,6
bd_shs,16
bd_shs,20
bd_shs,35
bd_shs,48
bd_shs,15
bd_shs,51
bd_shs,48
bd_shs,87
bd_shs,16
bd_shs,20
bd_shs,33
bd_shs,49
bd_shs,24
bd_shs,25
bd_shs,35
bd_shs,11
bd_shs,73
bd_shs,6
bd_shs,25
bd_shs,57
bd_shs,17
bd_shs,26
bd_shs,47
bd_shs,13
bd_shs,92
bd_shs,79
bd_shs,52
bd_shs,12
bd_shs,21
bd_shs,43
bd_shs,23
bd_shs,12
bd_shs,42
bd_shs,43
bd_shs,25
bd_shs,23
bd_shs,30
bd_shs,33
bd_shs,25
bd_shs,40
bd_shs,51
bd_shs,8
bd_shs,34
bd_shs,12
bd_shs,20
bd_shs,32
bd_shs,109
bd_shs,33
bd_shs,27
bd_shs,50
bd_shs,22
bd_shs,18
bd_shs,44
bd_shs,32
bd_shs,6
bd_shs,24
bd_shs,26
bd_shs,29
bd_shs,19
bd_shs,26
bd_shs,12
bd_shs,12
bd_shs,18
bd_shs,49
bd_shs,271
bd_shs,57
bd_shs,54
bd_shs,48
bd_shs,104
bd_shs,44
bd_shs,48
bd_shs,38
bd_shs,40
bd_shs,57
bd_shs,24
bd_shs,48
bd_shs,23
bd_shs,45
bd_shs,65
bd_shs,140
bd_shs,67
bd_shs,73
bd_shs,54
bd_shs,39
bd_shs,15
bd_shs,47
bd_shs,30
bd_shs,55
bd_shs,24
bd_shs,16
bd_shs,43
bd_shs,57
bd_shs,40
bd_shs,54
bd_shs,43
bd_shs,14
bd_shs,42
bd_shs,59
bd_shs,17
bd_shs,20
bd_shs,15
bd_shs,44
bd_shs,101
bd_shs,13
bd_shs,154
bd_shs,64
bd_shs,38
bd_shs,68
bd_shs,39
bd_shs,179
bd_shs,42
bd_shs,41
bd_shs,20
bd_shs,19
bd_shs,11
bd_shs,59
bd_shs,13
bd_shs,12
bd_shs,21
bd_shs,39
bd_shs,21
bd_shs,80
bd_shs,18
bd_shs,28
bd_shs,30
bd_shs,21
bd_shs,28
bd_shs,12
bd_shs,85
bd_shs,14
bd_shs,8
bd_shs,12
bd_shs,9
bd_shs,93
bd_shs,49
bd_shs,41
bd_shs,11
bd_shs,42
bd_shs,17
bd_shs,95
bd_shs,9
bd_shs,7
bd_shs,14
bd_shs,21
bd_shs,16
bd_shs,42
bd_shs,24
bd_shs,30
bd_shs,13
bd_shs,9
bd_shs,104
bd_shs,86
bd_shs,84
bd_shs,22
bd_shs,20
bd_shs,33
bd_shs,29
bd_shs,48
bd_shs,92
bd_shs,41
bd_shs,39
bd_shs,56
bd_shs,84
bd_shs,109
bd_shs,23
bd_shs,14
bd_shs,45
bd_shs,56
bd_shs,37
bd_shs,12
bd_shs,12
bd_shs,31
bd_shs,26
bd_shs,9
bd_shs,17
bd_shs,19
bd_shs,143
bd_shs,38
bd_shs,28
bd_shs,37
bd_shs,41
bd_shs,19
bd_shs,11
bd_shs,12
bd_shs,9
bd_shs,18
bd_shs,27
bd_shs,16
bd_shs,51
bd_shs,17
bd_shs,10
bd_shs,18
bd_shs,8
bd_shs,9
bd_shs,5
bd_shs,24
bd_shs,23
bd_shs,44
bd_shs,24
bd_shs,81
bd_shs,11
bd_shs,37
bd_shs,27
bd_shs,15
bd_shs,12
bd_shs,41
bd_shs,39
bd_shs,10
bd_shs,9
bd_shs,19
bd_shs,24
bd_shs,78
bd_shs,13
bd_shs,71
bd_shs,11
bd_shs,18
bd_shs,65
bd_shs,14
bd_shs,21
bd_shs,17
bd_shs,17
bd_shs,21
bd_shs,19
bd_shs,25
bd_shs,7
bd_shs,15
bd_shs,12
bd_shs,15
bd_shs,34
bd_shs,10
bd_shs,12
bd_shs,37
bd_shs,72
bd_shs,41
bd_shs,14
bd_shs,20
bd_shs,9
bd_shs,55
bd_shs,10
bd_shs,9
bd_shs,12
bd_shs,38
bd_shs,42
bd_shs,5
bd_shs,44
bd_shs,15
bd_shs,12
bd_shs,23
bd_shs,158
bd_shs,9
bd_shs,11
bd_shs,10
bd_shs,16
bd_shs,5
bd_shs,5
bd_shs,8
bd_shs,44
bd_shs,11
bd_shs,15
bd_shs,22
bd_shs,16
bd_shs,15
bd_shs,27
bd_shs,13
bd_shs,12
bd_shs,40
bd_shs,22
bd_shs,5
bd_shs,35
bd_shs,15
bd_shs,45
bd_shs,140
bd_shs,25
bd_shs,13
bd_shs,9
bd_shs,50
bd_shs,15
bd_shs,19
bd_shs,20
bd_shs,10
bd_shs,22
bd_shs,16
bd_shs,11
bd_shs,12
bd_shs,45
bd_shs,12
bd_shs,15
bd_shs,17
bd_shs,10
bd_shs,16
bd_shs,36
bd_shs,23
bd_shs,14
bd_shs,23
bd_shs,10
bd_shs,28
bd_shs,23
bd_shs,24
bd_shs,36
bd_shs,21
bd_shs,10
bd_shs,11
bd_shs,12
bd_shs,25
bd_shs,17
bd_shs,12
bd_shs,13
bd_shs,17
bd_shs,39
bd_shs,20
bd_shs,23
bd_shs,13
bd_shs,66
bd_shs,55
bd_shs,9
bd_shs,25
bd_shs,27
bd_shs,16
bd_shs,166
bd_shs,9
bd_shs,20
bd_shs,10
bd_shs,17
bd_shs,15
bd_shs,18
bd_shs,14
bd_shs,9
bd_shs,7
bd_shs,20
bd_shs,23
bd_shs,38
bd_shs,39
bd_shs,13
bd_shs,68
bd_shs,7
bd_shs,9
bd_shs,110
bd_shs,53
bd_shs,9
bd_shs,10
bd_shs,63
bd_shs,16
bd_shs,20
bd_shs,12
bd_shs,21
bd_shs,10
bd_shs,17
bd_shs,33
bd_shs,11
bd_shs,173
bd_shs,19
bd_shs,9
bd_shs,63
bd_shs,10
bd_shs,9
bd_shs,17
bd_shs,53
bd_shs,51
bd_shs,90
bd_shs,37
bd_shs,23
bd_shs,11
bd_shs,12
bd_shs,5
bd_shs,19
bd_shs,13
bd_shs,14
bd_shs,9
bd_shs,9
bd_shs,22
bd_shs,8
bd_shs,13
bd_shs,20
bd_shs,27
bd_shs,46
bd_shs,15
bd_shs,73
bd_shs,11
bd_shs,49
bd_shs,12
bd_shs,28
bd_shs,31
bd_shs,19
bd_shs,8
bd_shs,22
bd_shs,40
bd_shs,25
bd_shs,41
bd_shs,27
bd_shs,48
bd_shs,17
bd_shs,13
bd_shs,26
bd_shs,74
bd_shs,36
bd_shs,16
bd_shs,72
bd_shs,59
bd_shs,62
bd_shs,12
bd_shs,56
bd_shs,54
bd_shs,81
bd_shs,58
bd_shs,13
bd_shs,6
bd_shs,25
bd_shs,14
bd_shs,52
bd_shs,28
bd_shs,9
bd_shs,7
bd_shs,7
bd_shs,10
bd_shs,15
bd_shs,20
bd_shs,12
bd_shs,17
bd_shs,13
bd_shs,12
bd_shs,10
bd_shs,10
bd_shs,49
bd_shs,11
bd_shs,16
bd_shs,8
bd_shs,26
bd_shs,11
bd_shs,8
bd_shs,47
bd_shs,18
bd_shs,16
bd_shs,30
bd_shs,17
bd_shs,19
bd_shs,15
bd_shs,16
bd_shs,11
bd_shs,23
bd_shs,25
bd_shs,9
bd_shs,21
bd_shs,45
bd_shs,22
bd_shs,46
bd_shs,28
bd_shs,28
bd_shs,26
bd_shs,15
bd_shs,25
bd_shs,18
bd_shs,19
bd_shs,16
bd_shs,17
bd_shs,72
bd_shs,71
bd_shs,33
bd_shs,58
bd_shs,43
bd_shs,21
bd_shs,49
bd_shs,20
bd_shs,19
bd_shs,7
bd_shs,15
bd_shs,31
bd_shs,6
bd_shs,5
bd_shs,18
bd_shs,8
bd_shs,36
bd_shs,14
bd_shs,12
bd_shs,5
bd_shs,11
bd_shs,27
bd_shs,9
bd_shs,9
bd_shs,46
bd_shs,29
bd_shs,33
bd_shs,10
bd_shs,147
bd_shs,18
bd_shs,5
bd_shs,9
bd_shs,12
bd_shs,18
bd_shs,38
bd_shs,17
bd_shs,23
bd_shs,32
bd_shs,20
bd_shs,8
bd_shs,15
bd_shs,22
bd_shs,86
bd_shs,5
bd_shs,13
bd_shs,17
bd_shs,58
bd_shs,2
bd_shs,8
bd_shs,26
bd_shs,18
bd_shs,18
bd_shs,15
bd_shs,5
bd_shs,56
bd_shs,34
bd_shs,52
bd_shs,19
bd_shs,78
bd_shs,38
bd_shs,28
bd_shs,16
bd_shs,12
bd_shs,17
bd_shs,14
bd_shs,10
bd_shs,21
bd_shs,16
bd_shs,19
bd_shs,50
bd_shs,8
bd_shs,45
bd_shs,24
bd_shs,14
bd_shs,11
bd_shs,139
bd_shs,23
bd_shs,122
bd_shs,46
bd_shs,39
bd_shs,35
bd_shs,23
bd_shs,38
bd_shs,38
bd_shs,23
bd_shs,56
bd_shs,48
bd_shs,10
bd_shs,73
bd_shs,24
bd_shs,25
bd_shs,3
bd_shs,21
bd_shs,12
bd_shs,78
bd_shs,16
bd_shs,187
bd_shs,6
bd_shs,84
bd_shs,14
bd_shs,130
bd_shs,7
bd_shs,68
bd_shs,19
bd_shs,22
bd_shs,31
bd_shs,14
bd_shs,18
bd_shs,15
bd_shs,28
bd_shs,26
bd_shs,100
bd_shs,50
bd_shs,8
bd_shs,45
bd_shs,20
bd_shs,17
bd_shs,8
bd_shs,25
bd_shs,32
bd_shs,18
bd_shs,77
bd_shs,16
bd_shs,18
bd_shs,28
bd_shs,15
bd_shs,66
bd_shs,8
bd_shs,24
bd_shs,32
bd_shs,21
bd_shs,63
bd_shs,103
bd_shs,10
bd_shs,126
bd_shs,26
bd_shs,9
bd_shs,113
bd_shs,34
bd_shs,41
bd_shs,18
bd_shs,18
bd_shs,15
bd_shs,20
bd_shs,9
bd_shs,124
bd_shs,102
bd_shs,32
bd_shs,79
bd_shs,53
bd_shs,31
bd_shs,138
bd_shs,40
bd_shs,22
bd_shs,52
bd_shs,6
bd_shs,39
bd_shs,17
bd_shs,19
bd_shs,11
bd_shs,16
bd_shs,31
bd_shs,21
bd_shs,17
bd_shs,106
bd_shs,38
bd_shs,16
bd_shs,20
bd_shs,15
bd_shs,17
bd_shs,40
bd_shs,38
bd_shs,12
bd_shs,8
bd_shs,28
bd_shs,45
bd_shs,14
bd_shs,94
bd_shs,63
bd_shs,9
bd_shs,58
bd_shs,9
bd_shs,84
bd_shs,7
bd_shs,28
bd_shs,12
bd_shs,13
bd_shs,54
bd_shs,68
bd_shs,29
bd_shs,6
bd_shs,22
bd_shs,21
bd_shs,37
bd_shs,41
bd_shs,167
bd_shs,47
bd_shs,15
bd_shs,17
bd_shs,57
bd_shs,8
bd_shs,68
bd_shs,37
bd_shs,18
bd_shs,43
bd_shs,13
bd_shs,21
bd_shs,14
bd_shs,7
bd_shs,6
bd_shs,13
bd_shs,12
bd_shs,17
bd_shs,16
bd_shs,13
bd_shs,68
bd_shs,18
bd_shs,13
bd_shs,28
bd_shs,141
bd_shs,12
bd_shs,18
bd_shs,11
bd_shs,26
bd_shs,84
bd_shs,696
bd_shs,22
bd_shs,25
bd_shs,36
bd_shs,62
bd_shs,44
bd_shs,111
bd_shs,28
bd_shs,6
bd_shs,19
bd_shs,5
bd_shs,75
bd_shs,26
bd_shs,14
bd_shs,14
bd_shs,10
bd_shs,25
bd_shs,23
bd_shs,24
bd_shs,43
bd_shs,6
bd_shs,76
bd_shs,7
bd_shs,17
bd_shs,15
bd_shs,38
bd_shs,41
bd_shs,42
bd_shs,8
bd_shs,13
bd_shs,24
bd_shs,6
bd_shs,6
bd_shs,36
bd_shs,25
bd_shs,24
bd_shs,10
bd_shs,5
bd_shs,2
bd_shs,5
bd_shs,10
bd_shs,59
bd_shs,25
bd_shs,9
bd_shs,23
bd_shs,42
bd_shs,5
bd_shs,42
bd_shs,60
bd_shs,12
bd_shs,18
bd_shs,15
bd_shs,68
bd_shs,12
bd_shs,6
bd_shs,36
bd_shs,46
bd_shs,40
bd_shs,5
bd_shs,60
bd_shs,36
bd_shs,55
bd_shs,40
bd_shs,125
bd_shs,37
bd_shs,227
bd_shs,47
bd_shs,23
bd_shs,42
bd_shs,15
bd_shs,74
bd_shs,15
bd_shs,49
bd_shs,39
bd_shs,16
bd_shs,13
bd_shs,13
bd_shs,170
bd_shs,9
bd_shs,13
bd_shs,16
bd_shs,9
bd_shs,49
bd_shs,30
bd_shs,8
bd_shs,177
bd_shs,49
bd_shs,211
bd_shs,39
bd_shs,38
bd_shs,10
bd_shs,9
bd_shs,36
bd_shs,231
bd_shs,44
bd_shs,52
bd_shs,12
bd_shs,36
bd_shs,25
bd_shs,64
bd_shs,9
bd_shs,52
bd_shs,12
bd_shs,14
bd_shs,15
bd_shs,23
bd_shs,16
bd_shs,33
bd_shs,65
bd_shs,27
bd_shs,28
bd_shs,24
bd_shs,35
bd_shs,35
bd_shs,13
bd_shs,211
bd_shs,140
bd_shs,93
bd_shs,11
bd_shs,16
bd_shs,24
bd_shs,6
bd_shs,51
bd_shs,12
bd_shs,14
bd_shs,61
bd_shs,39
bd_shs,24
bd_shs,16
bd_shs,24
bd_shs,32
bd_shs,22
bd_shs,21
bd_shs,21
bd_shs,54
bd_shs,15
bd_shs,27
bd_shs,17
bd_shs,42
bd_shs,12
bd_shs,60
bd_shs,24
bd_shs,28
bd_shs,31
bd_shs,5
bd_shs,16
bd_shs,19
bd_shs,20
bd_shs,10
bd_shs,17
bd_shs,14
bd_shs,8
bd_shs,14
bd_shs,48
bd_shs,22
bd_shs,24
bd_shs,26
bd_shs,21
bd_shs,22
bd_shs,13
bd_shs,47
bd_shs,22
bd_shs,4
bd_shs,20
bd_shs,9
bd_shs,29
bd_shs,23
bd_shs,30
bd_shs,35
bd_shs,32
bd_shs,64
bd_shs,15
bd_shs,26
bd_shs,21
bd_shs,5
bd_shs,50
bd_shs,16
bd_shs,23
bd_shs,31
bd_shs,20
bd_shs,38
bd_shs,11
bd_shs,10
bd_shs,14
bd_shs,29
bd_shs,34
bd_shs,17
bd_shs,14
bd_shs,9
bd_shs,24
bd_shs,18
bd_shs,11
bd_shs,42
bd_shs,21
bd_shs,13
bd_shs,31
bd_shs,13
bd_shs,14
bd_shs,11
bd_shs,7
bd_shs,21
bd_shs,29
bd_shs,12
bd_shs,13
bd_shs,41
bd_shs,24
bd_shs,19
bd_shs,27
bd_shs,41
bd_shs,6
bd_shs,21
bd_shs,5
bd_shs,11
bd_shs,10
bd_shs,6
bd_shs,17
bd_shs,19
bd_shs,7
bd_shs,5
bd_shs,7
bd_shs,17
bd_shs,8
bd_shs,102
bd_shs,6
bd_shs,10
bd_shs,11
bd_shs,15
bd_shs,9
bd_shs,16
bd_shs,9
bd_shs,42
bd_shs,26
bd_shs,15
bd_shs,40
bd_shs,32
bd_shs,24
bd_shs,21
bd_shs,20
bd_shs,17
bd_shs,22
bd_shs,81
bd_shs,14
bd_shs,43
bd_shs,23
bd_shs,234
bd_shs,11
bd_shs,20
bd_shs,39
bd_shs,29
bd_shs,16
bd_shs,12
bd_shs,27
bd_shs,32
bd_shs,73
bd_shs,37
bd_shs,9
bd_shs,15
bd_shs,42
bd_shs,49
bd_shs,6
bd_shs,14
bd_shs,25
bd_shs,20
bd_shs,22
bd_shs,18
bd_shs,60
bd_shs,11
bd_shs,12
bd_shs,21
bd_shs,17
bd_shs,46
bd_shs,22
bd_shs,206
bd_shs,43
bd_shs,19
bd_shs,37
bd_shs,30
bd_shs,20
bd_shs,19
bd_shs,18
bd_shs,8
bd_shs,30
bd_shs,13
bd_shs,40
bd_shs,11
bd_shs,7
bd_shs,9
bd_shs,18
bd_shs,6
bd_shs,6
bd_shs,13
bd_shs,17
bd_shs,42
bd_shs,27
bd_shs,38
bd_shs,12
bd_shs,19
bd_shs,12
bd_shs,10
bd_shs,10
bd_shs,13
bd_shs,27
bd_shs,53
bd_shs,16
bd_shs,41
bd_shs,13
bd_shs,20
bd_shs,10
bd_shs,10
bd_shs,6
bd_shs,16
bd_shs,63
bd_shs,47
bd_shs,16
bd_shs,9
bd_shs,21
bd_shs,15
bd_shs,7
bd_shs,55
bd_shs,39
bd_shs,3
bd_shs,15
bd_shs,35
bd_shs,9
bd_shs,46
bd_shs,16
bd_shs,6
bd_shs,14
bd_shs,17
bd_shs,32
bd_shs,103
bd_shs,19
bd_shs,12
bd_shs,6
bd_shs,28
bd_shs,30
bd_shs,87
bd_shs,63
bd_shs,18
bd_shs,6
bd_shs,41
bd_shs,23
bd_shs,13
bd_shs,34
bd_shs,26
bd_shs,19
bd_shs,24
bd_shs,18
bd_shs,12
bd_shs,35
bd_shs,114
bd_shs,17
bd_shs,48
bd_shs,32
bd_shs,22
bd_shs,37
bd_shs,11
bd_shs,64
bd_shs,11
bd_shs,17
bd_shs,16
bd_shs,42
bd_shs,18
bd_shs,11
bd_shs,8
bd_shs,32
bd_shs,24
bd_shs,31
bd_shs,91
bd_shs,165
bd_shs,40
bd_shs,53
bd_shs,16
bd_shs,13
bd_shs,12
bd_shs,10
bd_shs,5
bd_shs,55
bd_shs,16
bd_shs,8
bd_shs,56
bd_shs,24
bd_shs,25
bd_shs,11
bd_shs,13
bd_shs,31
bd_shs,33
bd_shs,35
bd_shs,15
bd_shs,15
bd_shs,211
bd_shs,37
bd_shs,21
bd_shs,11
bd_shs,38
bd_shs,15
bd_shs,10
bd_shs,26
bd_shs,33
bd_shs,49
bd_shs,62
bd_shs,18
bd_shs,7
bd_shs,12
bd_shs,134
bd_shs,6
bd_shs,11
bd_shs,10
bd_shs,23
bd_shs,16
bd_shs,95
bd_shs,5
bd_shs,16
bd_shs,9
bd_shs,92
bd_shs,18
bd_shs,35
bd_shs,9
bd_shs,15
bd_shs,7
bd_shs,25
bd_shs,58
bd_shs,22
bd_shs,73
bd_shs,29
bd_shs,29
bd_shs,58
bd_shs,13
bd_shs,10
bd_shs,6
bd_shs,19
bd_shs,13
bd_shs,17
bd_shs,13
bd_shs,33
bd_shs,11
bd_shs,30
bd_shs,102
bd_shs,10
bd_shs,9
bd_shs,10
bd_shs,38
bd_shs,6
bd_shs,28
bd_shs,36
bd_shs,6
bd_shs,40
bd_shs,49
bd_shs,47
bd_shs,34
bd_shs,13
bd_shs,28
bd_shs,10
bd_shs,32
bd_shs,15
bd_shs,116
bd_shs,43
bd_shs,21
bd_shs,31
bd_shs,13
bd_shs,20
bd_shs,15
bd_shs,34
bd_shs,9
bd_shs,175
bd_shs,62
bd_shs,15
bd_shs,55
bd_shs,125
bd_shs,11
bd_shs,10
bd_shs,23
bd_shs,35
bd_shs,193
bd_shs,13
bd_shs,24
bd_shs,139
bd_shs,22
bd_shs,105
bd_shs,15
bd_shs,45
bd_shs,69
bd_shs,22
bd_shs,167
bd_shs,37
bd_shs,23
bd_shs,26
bd_shs,22
bd_shs,58
bd_shs,50
bd_shs,13
bd_shs,411
bd_shs,9
bd_shs,14
bd_shs,29
bd_shs,31
bd_shs,32
bd_shs,40
bd_shs,13
bd_shs,10
bd_shs,23
bd_shs,59
bd_shs,5
bd_shs,42
bd_shs,11
bd_shs,35
bd_shs,16
bd_shs,22
bd_shs,94
bd_shs,31
bd_shs,70
bd_shs,38
bd_shs,15
bd_shs,38
bd_shs,106
bd_shs,38
bd_shs,26
bd_shs,37
bd_shs,150
bd_shs,83
bd_shs,17
bd_shs,7
bd_shs,69
bd_shs,97
bd_shs,13
bd_shs,24
bd_shs,91
bd_shs,41
bd_shs,19
bd_shs,63
bd_shs,26
bd_shs,112
bd_shs,75
bd_shs,34
bd_shs,32
bd_shs,16
bd_shs,21
bd_shs,48
bd_shs,8
bd_shs,33
bd_shs,13
bd_shs,10
bd_shs,13
bd_shs,8
bd_shs,16
bd_shs,49
bd_shs,17
bd_shs,12
bd_shs,11
bd_shs,44
bd_shs,9
bd_shs,87
bd_shs,99
bd_shs,61
bd_shs,21
bd_shs,160
bd_shs,70
bd_shs,44
bd_shs,17
bd_shs,15
bd_shs,38
bd_shs,5
bd_shs,60
bd_shs,16
bd_shs,40
bd_shs,16
bd_shs,52
bd_shs,44
bd_shs,6
bd_shs,32
bd_shs,13
bd_shs,2
bd_shs,14
bd_shs,32
bd_shs,27
bd_shs,12
bd_shs,20
bd_shs,12
bd_shs,12
bd_shs,65
bd_shs,16
bd_shs,39
bd_shs,51
bd_shs,11
bd_shs,17
bd_shs,103
bd_shs,18
bd_shs,155
bd_shs,18
bd_shs,188
bd_shs,54
bd_shs,16
bd_shs,80
bd_shs,30
bd_shs,20
bd_shs,30
bd_shs,28
bd_shs,124
bd_shs,24
bd_shs,28
bd_shs,25
bd_shs,45
bd_shs,15
bd_shs,27
bd_shs,168
bd_shs,2
bd_shs,23
bd_shs,13
bd_shs,21
bd_shs,32
bd_shs,21
bd_shs,16
bd_shs,15
bd_shs,21
bd_shs,44
bd_shs,51
bd_shs,27
bd_shs,18
bd_shs,7
bd_shs,5
bd_shs,5
bd_shs,15
bd_shs,9
bd_shs,14
bd_shs,6
bd_shs,5
bd_shs,13
bd_shs,21
bd_shs,24
bd_shs,102
bd_shs,25
bd_shs,127
bd_shs,23
bd_shs,19
bd_shs,23
bd_shs,9
bd_shs,18
bd_shs,37
bd_shs,37
bd_shs,9
bd_shs,58
bd_shs,32
bd_shs,35
bd_shs,17
bd_shs,95
bd_shs,6
bd_shs,27
bd_shs,110
bd_shs,12
bd_shs,20
bd_shs,21
bd_shs,38
bd_shs,29
bd_shs,11
bd_shs,51
bd_shs,70
bd_shs,44
bd_shs,69
bd_shs,25
bd_shs,17
bd_shs,37
bd_shs,74
bd_shs,42
bd_shs,18
bd_shs,10
bd_shs,16
bd_shs,21
bd_shs,81
bd_shs,52
bd_shs,62
bd_shs,13
bd_shs,36
bd_shs,17
bd_shs,13
bd_shs,23
bd_shs,30
bd_shs,19
bd_shs,57
bd_shs,56
bd_shs,10
bd_shs,98
bd_shs,6
bd_shs,23
bd_shs,101
bd_shs,220
bd_shs,36
bd_shs,30
bd_shs,24
bd_shs,124
bd_shs,34
bd_shs,43
bd_shs,31
bd_shs,29
bd_shs,207
bd_shs,55
bd_shs,120
bd_shs,31
bd_shs,32
bd_shs,29
bd_shs,13
bd_shs,22
bd_shs,26
bd_shs,33
bd_shs,11
bd_shs,49
bd_shs,13
bd_shs,28
bd_shs,49
bd_shs,58
bd_shs,27
bd_shs,34
bd_shs,42
bd_shs,12
bd_shs,23
bd_shs,37
bd_shs,25
bd_shs,33
bd_shs,58
bd_shs,125
bd_shs,56
bd_shs,6
bd_shs,28
bd_shs,74
bd_shs,33
bd_shs,60
bd_shs,41
bd_shs,45
bd_shs,46
bd_shs,52
bd_shs,42
bd_shs,33
bd_shs,11
bd_shs,37
bd_shs,72
bd_shs,98
bd_shs,19
bd_shs,74
bd_shs,23
bd_shs,40
bd_shs,26
bd_shs,35
bd_shs,44
bd_shs,10
bd_shs,19
bd_shs,24
bd_shs,49
bd_shs,28
bd_shs,160
bd_shs,15
bd_shs,49
bd_shs,136
bd_shs,2
bd_shs,9
bd_shs,9
bd_shs,28
bd_shs,8
bd_shs,26
bd_shs,50
bd_shs,7
bd_shs,5
bd_shs,44
bd_shs,19
bd_shs,35
bd_shs,15
bd_shs,7
bd_shs,50
bd_shs,15
bd_shs,15
bd_shs,41
bd_shs,13
bd_shs,23
bd_shs,19
bd_shs,12
bd_shs,69
bd_shs,37
bd_shs,13
bd_shs,12
bd_shs,11
bd_shs,12
bd_shs,85
bd_shs,13
bd_shs,6
bd_shs,9
bd_shs,76
bd_shs,83
bd_shs,31
bd_shs,56
bd_shs,9
bd_shs,24
bd_shs,24
bd_shs,10
bd_shs,27
bd_shs,74
bd_shs,39
bd_shs,80
bd_shs,92
bd_shs,23
bd_shs,20
bd_shs,108
bd_shs,8
bd_shs,9
bd_shs,24
bd_shs,11
bd_shs,30
bd_shs,7
bd_shs,6
bd_shs,62
bd_shs,19
bd_shs,21
bd_shs,27
bd_shs,6
bd_shs,28
bd_shs,7
bd_shs,21
bd_shs,25
bd_shs,125
bd_shs,17
bd_shs,16
bd_shs,82
bd_shs,38
bd_shs,7
bd_shs,24
bd_shs,15
bd_shs,31
bd_shs,55
bd_shs,22
bd_shs,6
bd_shs,23
bd_shs,56
bd_shs,17
bd_shs,64
bd_shs,133
bd_shs,125
bd_shs,61
bd_shs,6
bd_shs,28
bd_shs,133
bd_shs,115
bd_shs,162
bd_shs,23
bd_shs,30
bd_shs,68
bd_shs,125
bd_shs,26
bd_shs,196
bd_shs,24
bd_shs,36
bd_shs,74
bd_shs,177
bd_shs,28
bd_shs,39
bd_shs,31
bd_shs,31
bd_shs,73
bd_shs,206
bd_shs,48
bd_shs,175
bd_shs,59
bd_shs,36
bd_shs,35
bd_shs,28
bd_shs,30
bd_shs,82
bd_shs,12
bd_shs,24
bd_shs,25
bd_shs,21
bd_shs,76
bd_shs,60
bd_shs,152
bd_shs,50
bd_shs,91
bd_shs,49
bd_shs,27
bd_shs,72
bd_shs,318
bd_shs,73
bd_shs,34
bd_shs,32
bd_shs,27
bd_shs,44
bd_shs,43
bd_shs,24
bd_shs,73
bd_shs,88
bd_shs,33
bd_shs,27
bd_shs,151
bd_shs,22
bd_shs,92
bd_shs,55
bd_shs,29
bd_shs,47
bd_shs,28
bd_shs,95
bd_shs,99
bd_shs,45
bd_shs,29
bd_shs,31
bd_shs,61
bd_shs,93
bd_shs,21
bd_shs,16
bd_shs,34
bd_shs,53
bd_shs,12
bd_shs,46
bd_shs,52
bd_shs,116
bd_shs,47
bd_shs,34
bd_shs,22
bd_shs,36
bd_shs,36
bd_shs,20
bd_shs,45
bd_shs,29
bd_shs,17
bd_shs,16
bd_shs,64
bd_shs,88
bd_shs,63
bd_shs,55
bd_shs,24
bd_shs,20
bd_shs,53
bd_shs,19
bd_shs,59
bd_shs,91
bd_shs,32
bd_shs,27
bd_shs,14
bd_shs,30
bd_shs,42
bd_shs,123
bd_shs,19
bd_shs,93
bd_shs,25
bd_shs,14
bd_shs,122
bd_shs,72
bd_shs,45
bd_shs,204
bd_shs,16
bd_shs,134
bd_shs,26
bd_shs,204
bd_shs,68
bd_shs,153
bd_shs,55
bd_shs,27
bd_shs,54
bd_shs,26
bd_shs,39
bd_shs,13
bd_shs,38
bd_shs,58
bd_shs,23
bd_shs,143
bd_shs,45
bd_shs,75
bd_shs,118
bd_shs,58
bd_shs,32
bd_shs,30
bd_shs,75
bd_shs,30
bd_shs,22
bd_shs,171
bd_shs,79
bd_shs,69
bd_shs,60
bd_shs,53
bd_shs,44
bd_shs,44
bd_shs,42
bd_shs,88
bd_shs,30
bd_shs,108
bd_shs,127
bd_shs,27
bd_shs,55
bd_shs,41
bd_shs,17
bd_shs,122
bd_shs,75
bd_shs,152
bd_shs,56
bd_shs,71
bd_shs,213
bd_shs,60
bd_shs,22
bd_shs,87
bd_shs,52
bd_shs,13
bd_shs,228
bd_shs,79
bd_shs,22
bd_shs,38
bd_shs,73
bd_shs,9
bd_shs,85
bd_shs,111
bd_shs,107
bd_shs,97
bd_shs,66
bd_shs,50
bd_shs,81
bd_shs,40
bd_shs,105
bd_shs,50
bd_shs,31
bd_shs,140
bd_shs,127
bd_shs,83
bd_shs,54
bd_shs,29
bd_shs,25
bd_shs,18
bd_shs,60
bd_shs,39
bd_shs,26
bd_shs,26
bd_shs,74
bd_shs,42
bd_shs,38
bd_shs,28
bd_shs,46
bd_shs,59
bd_shs,76
bd_shs,19
bd_shs,30
bd_shs,26
bd_shs,60
bd_shs,43
bd_shs,41
bd_shs,123
bd_shs,46
bd_shs,52
bd_shs,117
bd_shs,22
bd_shs,91
bd_shs,38
bd_shs,76
bd_shs,14
bd_shs,56
bd_shs,72
bd_shs,19
bd_shs,36
bd_shs,81
bd_shs,263
bd_shs,68
bd_shs,41
bd_shs,41
bd_shs,82
bd_shs,110
bd_shs,50
bd_shs,57
bd_shs,1141
bd_shs,42
bd_shs,15
bd_shs,9
bd_shs,9
bd_shs,15
bd_shs,167
bd_shs,53
bd_shs,43
bd_shs,18
bd_shs,35
bd_shs,16
bd_shs,19
bd_shs,34
bd_shs,40
bd_shs,24
bd_shs,28
bd_shs,44
bd_shs,71
bd_shs,15
bd_shs,27
bd_shs,15
bd_shs,25
bd_shs,247
bd_shs,42
bd_shs,12
bd_shs,10
bd_shs,52
bd_shs,36
bd_shs,17
bd_shs,26
bd_shs,92
bd_shs,75
bd_shs,68
bd_shs,107
bd_shs,83
bd_shs,77
bd_shs,25
bd_shs,20
bd_shs,114
bd_shs,23
bd_shs,64
bd_shs,23
bd_shs,14
bd_shs,17
bd_shs,33
bd_shs,19
bd_shs,20
bd_shs,15
bd_shs,20
bd_shs,19
bd_shs,50
bd_shs,38
bd_shs,24
bd_shs,10
bd_shs,14
bd_shs,61
bd_shs,23
bd_shs,22
bd_shs,13
bd_shs,16
bd_shs,37
bd_shs,62
bd_shs,23
bd_shs,15
bd_shs,15
bd_shs,170
bd_shs,28
bd_shs,142
bd_shs,35
bd_shs,13
bd_shs,8
bd_shs,19
bd_shs,15
bd_shs,70
bd_shs,87
bd_shs,16
bd_shs,12
bd_shs,15
bd_shs,72
bd_shs,26
bd_shs,15
bd_shs,227
bd_shs,41
bd_shs,78
bd_shs,43
bd_shs,210
bd_shs,73
bd_shs,49
bd_shs,571
bd_shs,142
bd_shs,59
bd_shs,37
bd_shs,74
bd_shs,87
bd_shs,90
bd_shs,194
bd_shs,43
bd_shs,55
bd_shs,36
bd_shs,14
bd_shs,32
bd_shs,68
bd_shs,43
bd_shs,25
bd_shs,115
bd_shs,31
bd_shs,62
bd_shs,165
bd_shs,39
bd_shs,24
bd_shs,16
bd_shs,14
bd_shs,12
bd_shs,27
bd_shs,71
bd_shs,16
bd_shs,47
bd_shs,20
bd_shs,31
bd_shs,73
bd_shs,445
bd_shs,54
bd_shs,13
bd_shs,19
bd_shs,11
bd_shs,23
bd_shs,8
bd_shs,23
bd_shs,22
bd_shs,20
bd_shs,21
bd_shs,24
bd_shs,14
bd_shs,15
bd_shs,16
bd_shs,16
bd_shs,9
bd_shs,18
bd_shs,14
bd_shs,26
bd_shs,12
bd_shs,29
bd_shs,33
bd_shs,14
bd_shs,103
bd_shs,21
bd_shs,33
bd_shs,42
bd_shs,66
bd_shs,24
bd_shs,40
bd_shs,27
bd_shs,36
bd_shs,22
bd_shs,86
bd_shs,36
bd_shs,9
bd_shs,15
bd_shs,9
bd_shs,13
bd_shs,25
bd_shs,13
bd_shs,14
bd_shs,61
bd_shs,17
bd_shs,53
bd_shs,26
bd_shs,48
bd_shs,36
bd_shs,39
bd_shs,65
bd_shs,30
bd_shs,25
bd_shs,12
bd_shs,8
bd_shs,71
bd_shs,114
bd_shs,18
bd_shs,27
bd_shs,55
bd_shs,65
bd_shs,36
bd_shs,53
bd_shs,28
bd_shs,53
bd_shs,157
bd_shs,258
bd_shs,5
bd_shs,469
bd_shs,32
bd_shs,215
bd_shs,123
bd_shs,24
bd_shs,101
bd_shs,31
bd_shs,81
bd_shs,21
bd_shs,82
bd_shs,39
bd_shs,25
bd_shs,68
bd_shs,35
bd_shs,48
bd_shs,26
bd_shs,93
bd_shs,27
bd_shs,30
bd_shs,12
bd_shs,30
bd_shs,84
bd_shs,241
bd_shs,50
bd_shs,31
bd_shs,33
bd_shs,82
bd_shs,26
bd_shs,45
bd_shs,26
bd_shs,49
bd_shs,50
bd_shs,89
bd_shs,136
bd_shs,69
bd_shs,12
bd_shs,21
bd_shs,11
bd_shs,18
bd_shs,52
bd_shs,26
bd_shs,65
bd_shs,15
bd_shs,27
bd_shs,41
bd_shs,68
bd_shs,58
bd_shs,24
bd_shs,49
bd_shs,9
bd_shs,43
bd_shs,121
bd_shs,97
bd_shs,11
bd_shs,145
bd_shs,54
bd_shs,41
bd_shs,24
bd_shs,34
bd_shs,14
bd_shs,48
bd_shs,45
bd_shs,12
bd_shs,13
bd_shs,68
bd_shs,262
bd_shs,158
bd_shs,57
bd_shs,57
bd_shs,72
bd_shs,39
bd_shs,157
bd_shs,28
bd_shs,49
bd_shs,70
bd_shs,168
bd_shs,76
bd_shs,28
bd_shs,29
bd_shs,78
bd_shs,63
bd_shs,57
bd_shs,21
bd_shs,24
bd_shs,13
bd_shs,121
bd_shs,51
bd_shs,53
bd_shs,21
bd_shs,23
bd_shs,64
bd_shs,31
bd_shs,39
bd_shs,61
bd_shs,13
bd_shs,35
bd_shs,32
bd_shs,63
bd_shs,8
bd_shs,41
bd_shs,13
bd_shs,81
bd_shs,24
bd_shs,43
bd_shs,278
bd_shs,40
bd_shs,46
bd_shs,99
bd_shs,22
bd_shs,26
bd_shs,38
bd_shs,10
bd_shs,18
bd_shs,42
bd_shs,140
bd_shs,76
bd_shs,82
bd_shs,18
bd_shs,48
bd_shs,307
bd_shs,190
bd_shs,141
bd_shs,56
bd_shs,21
bd_shs,36
bd_shs,40
bd_shs,130
bd_shs,21
bd_shs,41
bd_shs,152
bd_shs,33
bd_shs,16
bd_shs,31
bd_shs,44
bd_shs,281
bd_shs,127
bd_shs,40
bd_shs,22
bd_shs,45
bd_shs,38
bd_shs,123
bd_shs,68
bd_shs,13
bd_shs,10
bd_shs,20
bd_shs,128
bd_shs,69
bd_shs,80
bd_shs,6
bd_shs,19
bd_shs,111
bd_shs,159
bd_shs,7
bd_shs,38
bd_shs,29
bd_shs,18
bd_shs,55
bd_shs,29
bd_shs,20
bd_shs,43
bd_shs,50
bd_shs,33
bd_shs,39
bd_shs,85
bd_shs,36
bd_shs,72
bd_shs,20
bd_shs,28
bd_shs,27
bd_shs,13
bd_shs,8
bd_shs,105
bd_shs,32
bd_shs,9
bd_shs,10
bd_shs,11
bd_shs,33
bd_shs,42
bd_shs,33
bd_shs,75
bd_shs,57
bd_shs,160
bd_shs,12
bd_shs,13
bd_shs,10
bd_shs,14
bd_shs,94
bd_shs,16
bd_shs,44
bd_shs,25
bd_shs,44
bd_shs,274
bd_shs,30
bd_shs,60
bd_shs,27
bd_shs,14
bd_shs,25
bd_shs,14
bd_shs,54
bd_shs,36
bd_shs,7
bd_shs,12
bd_shs,21
bd_shs,22
bd_shs,171
bd_shs,22
bd_shs,26
bd_shs,25
bd_shs,11
bd_shs,10
bd_shs,10
bd_shs,17
bd_shs,24
bd_shs,10
bd_shs,22
bd_shs,35
bd_shs,154
bd_shs,44
bd_shs,25
bd_shs,11
bd_shs,14
bd_shs,34
bd_shs,165
bd_shs,15
bd_shs,23
bd_shs,19
bd_shs,13
bd_shs,10
bd_shs,36
bd_shs,21
bd_shs,37
bd_shs,154
bd_shs,103
bd_shs,39
bd_shs,34
bd_shs,86
bd_shs,15
bd_shs,13
bd_shs,70
bd_shs,26
bd_shs,161
bd_shs,117
bd_shs,29
bd_shs,22
bd_shs,19
bd_shs,180
bd_shs,77
bd_shs,27
bd_shs,39
bd_shs,68
bd_shs,35
bd_shs,28
bd_shs,9
bd_shs,33
bd_shs,27
bd_shs,41
bd_shs,34
bd_shs,52
bd_shs,9
bd_shs,9
bd_shs,9
bd_shs,10
bd_shs,28
bd_shs,28
bd_shs,59
bd_shs,30
bd_shs,37
bd_shs,19
bd_shs,283
bd_shs,52
bd_shs,93
bd_shs,74
bd_shs,49
bd_shs,93
bd_shs,182
bd_shs,650
bd_shs,10
bd_shs,30
bd_shs,19
bd_shs,66
bd_shs,65
bd_shs,15
bd_shs,164
bd_shs,33
bd_shs,27
bd_shs,27
bd_shs,19
bd_shs,333
bd_shs,10
bd_shs,9
bd_shs,14
bd_shs,40
bd_shs,34
bd_shs,43
bd_shs,23
bd_shs,140
bd_shs,84
bd_shs,123
bd_shs,135
bd_shs,82
bd_shs,46
bd_shs,190
bd_shs,311
bd_shs,300
bd_shs,1194
bd_shs,159
bd_shs,108
bd_shs,39
bd_shs,164
bd_shs,50
bd_shs,38
bd_shs,15
bd_shs,127
bd_shs,105
bd_shs,73
bd_shs,37
bd_shs,132
bd_shs,164
bd_shs,37
bd_shs,178
bd_shs,48
bd_shs,27
bd_shs,30
bd_shs,26
bd_shs,227
bd_shs,42
bd_shs,29
bd_shs,29
bd_shs,76
bd_shs,43
bd_shs,57
bd_shs,36
bd_shs,19
bd_shs,42
bd_shs,15
bd_shs,21
bd_shs,38
bd_shs,43
bd_shs,111
bd_shs,64
bd_shs,32
bd_shs,101
bd_shs,4
bd_shs,25
bd_shs,26
bd_shs,17
bd_shs,317
bd_shs,43
bd_shs,22
bd_shs,59
bd_shs,33
bd_shs,8
bd_shs,27
bd_shs,57
bd_shs,34
bd_shs,10
bd_shs,47
bd_shs,9
bd_shs,113
bd_shs,45
bd_shs,255
bd_shs,36
bd_shs,50
bd_shs,27
bd_shs,16
bd_shs,75
bd_shs,43
bd_shs,32
bd_shs,28
bd_shs,43
bd_shs,11
bd_shs,42
bd_shs,53
bd_shs,26
bd_shs,16
bd_shs,87
bd_shs,37
bd_shs,66
bd_shs,68
bd_shs,14
bd_shs,54
bd_shs,24
bd_shs,20
bd_shs,95
bd_shs,18
bd_shs,35
bd_shs,23
bd_shs,48
bd_shs,156
bd_shs,135
bd_shs,32
bd_shs,66
bd_shs,54
bd_shs,28
bd_shs,40
bd_shs,79
bd_shs,19
bd_shs,52
bd_shs,37
bd_shs,16
bd_shs,31
bd_shs,17
bd_shs,27
bd_shs,16
bd_shs,14
bd_shs,25
bd_shs,39
bd_shs,28
bd_shs,42
bd_shs,54
bd_shs,11
bd_shs,20
bd_shs,98
bd_shs,24
bd_shs,32
bd_shs,52
bd_shs,119
bd_shs,65
bd_shs,27
bd_shs,70
bd_shs,44
bd_shs,31
bd_shs,49
bd_shs,15
bd_shs,66
bd_shs,130
bd_shs,33
bd_shs,38
bd_shs,59
bd_shs,76
bd_shs,15
bd_shs,98
bd_shs,25
bd_shs,7
bd_shs,5
bd_shs,14
bd_shs,56
bd_shs,46
bd_shs,13
bd_shs,34
bd_shs,17
bd_shs,52
bd_shs,67
bd_shs,53
bd_shs,57
bd_shs,19
bd_shs,32
bd_shs,66
bd_shs,7
bd_shs,128
bd_shs,58
bd_shs,95
bd_shs,32
bd_shs,30
bd_shs,26
bd_shs,35
bd_shs,24
bd_shs,35
bd_shs,9
bd_shs,28
bd_shs,23
bd_shs,21
bd_shs,63
bd_shs,95
bd_shs,28
bd_shs,118
bd_shs,25
bd_shs,14
bd_shs,6
bd_shs,7
bd_shs,10
bd_shs,16
bd_shs,12
bd_shs,85
bd_shs,73
bd_shs,32
bd_shs,149
bd_shs,14
bd_shs,7
bd_shs,20
bd_shs,20
bd_shs,123
bd_shs,15
bd_shs,15
bd_shs,34
bd_shs,12
bd_shs,67
bd_shs,216
bd_shs,256
bd_shs,276
bd_shs,31
bd_shs,93
bd_shs,38
bd_shs,21
bd_shs,75
bd_shs,67
bd_shs,17
bd_shs,30
bd_shs,36
bd_shs,29
bd_shs,39
bd_shs,49
bd_shs,38
bd_shs,6
bd_shs,20
bd_shs,39
bd_shs,67
bd_shs,9
bd_shs,8
bd_shs,28
bd_shs,138
bd_shs,9
bd_shs,8
bd_shs,38
bd_shs,36
bd_shs,14
bd_shs,52
bd_shs,6
bd_shs,20
bd_shs,36
bd_shs,26
bd_shs,49
bd_shs,187
bd_shs,35
bd_shs,42
bd_shs,83
bd_shs,56
bd_shs,80
bd_shs,20
bd_shs,90
bd_shs,25
bd_shs,22
bd_shs,26
bd_shs,16
bd_shs,12
bd_shs,22
bd_shs,30
bd_shs,100
bd_shs,12
bd_shs,102
bd_shs,18
bd_shs,21
bd_shs,22
bd_shs,7
bd_shs,7
bd_shs,23
bd_shs,23
bd_shs,34
bd_shs,21
bd_shs,75
bd_shs,30
bd_shs,1473
bd_shs,38
bd_shs,20
bd_shs,61
bd_shs,15
bd_shs,44
bd_shs,12
bd_shs,11
bd_shs,26
bd_shs,18
bd_shs,58
bd_shs,17
bd_shs,10
bd_shs,37
bd_shs,21
bd_shs,167
bd_shs,22
bd_shs,8
bd_shs,10
bd_shs,18
bd_shs,109
bd_shs,29
bd_shs,38
bd_shs,12
bd_shs,70
bd_shs,64
bd_shs,8
bd_shs,38
bd_shs,22
bd_shs,51
bd_shs,16
bd_shs,11
bd_shs,5
bd_shs,77
bd_shs,6
bd_shs,49
bd_shs,30
bd_shs,15
bd_shs,26
bd_shs,27
bd_shs,6
bd_shs,21
bd_shs,15
bd_shs,90
bd_shs,103
bd_shs,41
bd_shs,40
bd_shs,20
bd_shs,22
bd_shs,229
bd_shs,34
bd_shs,14
bd_shs,25
bd_shs,74
bd_shs,18
bd_shs,78
bd_shs,16
bd_shs,7
bd_shs,24
bd_shs,35
bd_shs,16
bd_shs,35
bd_shs,27
bd_shs,62
bd_shs,11
bd_shs,38
bd_shs,291
bd_shs,12
bd_shs,56
bd_shs,50
bd_shs,52
bd_shs,23
bd_shs,42
bd_shs,29
bd_shs,55
bd_shs,29
bd_shs,98
bd_shs,130
bd_shs,25
bd_shs,40
bd_shs,37
bd_shs,31
bd_shs,31
bd_shs,68
bd_shs,12
bd_shs,51
bd_shs,62
bd_shs,12
bd_shs,21
bd_shs,14
bd_shs,10
bd_shs,213
bd_shs,23
bd_shs,198
bd_shs,11
bd_shs,59
bd_shs,234
bd_shs,60
bd_shs,17
bd_shs,19
bd_shs,21
bd_shs,133
bd_shs,18
bd_shs,35
bd_shs,74
bd_shs,24
bd_shs,7
bd_shs,10
bd_shs,170
bd_shs,25
bd_shs,269
bd_shs,31
bd_shs,15
bd_shs,4
bd_shs,14
bd_shs,105
bd_shs,24
bd_shs,28
bd_shs,42
bd_shs,21
bd_shs,27
bd_shs,9
bd_shs,23
bd_shs,26
bd_shs,13
bd_shs,18
bd_shs,115
bd_shs,19
bd_shs,1076
bd_shs,13
bd_shs,20
bd_shs,14
bd_shs,36
bd_shs,7
bd_shs,25
bd_shs,15
bd_shs,42
bd_shs,165
bd_shs,15
bd_shs,157
bd_shs,50
bd_shs,22
bd_shs,17
bd_shs,8
bd_shs,86
bd_shs,120
bd_shs,16
bd_shs,36
bd_shs,65
bd_shs,31
bd_shs,60
bd_shs,60
bd_shs,35
bd_shs,245
bd_shs,34
bd_shs,30
bd_shs,84
bd_shs,23
bd_shs,32
bd_shs,53
bd_shs,90
bd_shs,66
bd_shs,12
bd_shs,9
bd_shs,51
bd_shs,17
bd_shs,16
bd_shs,22
bd_shs,59
bd_shs,15
bd_shs,114
bd_shs,15
bd_shs,44
bd_shs,166
bd_shs,55
bd_shs,11
bd_shs,7
bd_shs,26
bd_shs,12
bd_shs,17
bd_shs,9
bd_shs,11
bd_shs,20
bd_shs,8
bd_shs,8
bd_shs,20
bd_shs,17
bd_shs,19
bd_shs,96
bd_shs,14
bd_shs,167
bd_shs,57
bd_shs,7
bd_shs,13
bd_shs,15
bd_shs,35
bd_shs,34
bd_shs,16
bd_shs,63
bd_shs,11
bd_shs,13
bd_shs,9
bd_shs,19
bd_shs,19
bd_shs,39
bd_shs,16
bd_shs,22
bd_shs,44
bd_shs,11
bd_shs,65
bd_shs,8
bd_shs,20
bd_shs,7
bd_shs,8
bd_shs,10
bd_shs,20
bd_shs,174
bd_shs,42
bd_shs,79
bd_shs,117
bd_shs,26
bd_shs,32
bd_shs,17
bd_shs,95
bd_shs,10
bd_shs,35
bd_shs,67
bd_shs,11
bd_shs,13
bd_shs,62
bd_shs,42
bd_shs,296
bd_shs,7
bd_shs,12
bd_shs,76
bd_shs,49
bd_shs,50
bd_shs,12
bd_shs,174
bd_shs,24
bd_shs,15
bd_shs,13
bd_shs,26
bd_shs,11
bd_shs,16
bd_shs,10
bd_shs,20
bd_shs,22
bd_shs,32
bd_shs,100
bd_shs,96
bd_shs,88
bd_shs,20
bd_shs,25
bd_shs,142
bd_shs,53
bd_shs,19
bd_shs,79
bd_shs,45
bd_shs,66
bd_shs,36
bd_shs,86
bd_shs,59
bd_shs,55
bd_shs,54
bd_shs,133
bd_shs,179
bd_shs,83
bd_shs,39
bd_shs,60
bd_shs,97
bd_shs,88
bd_shs,144
bd_shs,20
bd_shs,47
bd_shs,23
bd_shs,134
bd_shs,27
bd_shs,49
bd_shs,11
bd_shs,51
bd_shs,61
bd_shs,146
bd_shs,46
bd_shs,24
bd_shs,30
bd_shs,36
bd_shs,39
bd_shs,58
bd_shs,62
bd_shs,43
bd_shs,29
bd_shs,19
bd_shs,72
bd_shs,60
bd_shs,61
bd_shs,34
bd_shs,50
bd_shs,101
bd_shs,35
bd_shs,32
bd_shs,37
bd_shs,156
bd_shs,30
bd_shs,46
bd_shs,141
bd_shs,67
bd_shs,111
bd_shs,35
bd_shs,37
bd_shs,140
bd_shs,35
bd_shs,465
bd_shs,101
bd_shs,92
bd_shs,15
bd_shs,22
bd_shs,23
bd_shs,30
bd_shs,23
bd_shs,36
bd_shs,21
bd_shs,16
bd_shs,24
bd_shs,16
bd_shs,14
bd_shs,26
bd_shs,47
bd_shs,33
bd_shs,25
bd_shs,29
bd_shs,18
bd_shs,13
bd_shs,33
bd_shs,25
bd_shs,75
bd_shs,118
bd_shs,68
bd_shs,40
bd_shs,24
bd_shs,18
bd_shs,98
bd_shs,19
bd_shs,11
bd_shs,188
bd_shs,32
bd_shs,51
bd_shs,13
bd_shs,18
bd_shs,6
bd_shs,29
bd_shs,17
bd_shs,21
bd_shs,20
bd_shs,46
bd_shs,20
bd_shs,19
bd_shs,24
bd_shs,115
bd_shs,18
bd_shs,14
bd_shs,20
bd_shs,27
bd_shs,23
bd_shs,34
bd_shs,46
bd_shs,14
bd_shs,10
bd_shs,12
bd_shs,43
bd_shs,560
bd_shs,47
bd_shs,66
bd_shs,56
bd_shs,113
bd_shs,48
bd_shs,70
bd_shs,96
bd_shs,36
bd_shs,43
bd_shs,243
bd_shs,293
bd_shs,63
bd_shs,16
bd_shs,15
bd_shs,20
bd_shs,11
bd_shs,9
bd_shs,131
bd_shs,65
bd_shs,111
bd_shs,56
bd_shs,123
bd_shs,64
bd_shs,111
bd_shs,28
bd_shs,54
bd_shs,153
bd_shs,62
bd_shs,16
bd_shs,36
bd_shs,38
bd_shs,1308
bd_shs,25
bd_shs,41
bd_shs,88
bd_shs,82
bd_shs,59
bd_shs,41
bd_shs,52
bd_shs,178
bd_shs,43
bd_shs,9
bd_shs,36
bd_shs,73
bd_shs,8
bd_shs,16
bd_shs,93
bd_shs,5
bd_shs,19
bd_shs,26
bd_shs,33
bd_shs,31
bd_shs,51
bd_shs,69
bd_shs,45
bd_shs,61
bd_shs,44
bd_shs,99
bd_shs,47
bd_shs,7
bd_shs,48
bd_shs,189
bd_shs,54
bd_shs,47
bd_shs,81
bd_shs,79
bd_shs,101
bd_shs,16
bd_shs,62
bd_shs,59
bd_shs,32
bd_shs,217
bd_shs,602
bd_shs,180
bd_shs,16
bd_shs,127
bd_shs,191
bd_shs,71
bd_shs,27
bd_shs,198
bd_shs,384
bd_shs,19
bd_shs,64
bd_shs,10
bd_shs,14
bd_shs,19
bd_shs,10
bd_shs,70
bd_shs,21
bd_shs,95
bd_shs,202
bd_shs,121
bd_shs,28
bd_shs,112
bd_shs,29
bd_shs,163
bd_shs,73
bd_shs,41
bd_shs,51
bd_shs,70
bd_shs,22
bd_shs,174
bd_shs,26
bd_shs,6
bd_shs,85
bd_shs,16
bd_shs,64
bd_shs,18
bd_shs,33
bd_shs,35
bd_shs,26
bd_shs,21
bd_shs,9
bd_shs,42
bd_shs,17
bd_shs,16
bd_shs,52
bd_shs,36
bd_shs,16
bd_shs,15
bd_shs,70
bd_shs,29
bd_shs,14
bd_shs,96
bd_shs,84
bd_shs,155
bd_shs,160
bd_shs,42
bd_shs,14
bd_shs,18
bd_shs,348
bd_shs,89
bd_shs,69
bd_shs,22
bd_shs,31
bd_shs,109
bd_shs,93
bd_shs,153
bd_shs,84
bd_shs,12
bd_shs,93
bd_shs,118
bd_shs,40
bd_shs,17
bd_shs,437
bd_shs,50
bd_shs,24
bd_shs,22
bd_shs,78
bd_shs,21
bd_shs,13
bd_shs,78
bd_shs,14
bd_shs,15
bd_shs,58
bd_shs,9
bd_shs,111
bd_shs,64
bd_shs,84
bd_shs,15
bd_shs,17
bd_shs,114
bd_shs,13
bd_shs,17
bd_shs,189
bd_shs,291
bd_shs,40
bd_shs,7
bd_shs,22
bd_shs,207
bd_shs,52
bd_shs,22
bd_shs,8
bd_shs,17
bd_shs,15
bd_shs,19
bd_shs,7
bd_shs,6
bd_shs,8
bd_shs,8
bd_shs,26
bd_shs,14
bd_shs,98
bd_shs,8
bd_shs,51
bd_shs,19
bd_shs,37
bd_shs,51
bd_shs,32
bd_shs,48
bd_shs,45
bd_shs,46
bd_shs,35
bd_shs,37
bd_shs,24
bd_shs,21
bd_shs,13
bd_shs,35
bd_shs,21
bd_shs,41
bd_shs,9
bd_shs,58
bd_shs,30
bd_shs,72
bd_shs,25
bd_shs,316
bd_shs,39
bd_shs,80
bd_shs,116
bd_shs,42
bd_shs,3
bd_shs,38
bd_shs,8
bd_shs,42
bd_shs,301
bd_shs,8
bd_shs,25
bd_shs,40
bd_shs,38
bd_shs,53
bd_shs,26
bd_shs,26
bd_shs,130
bd_shs,53
bd_shs,88
bd_shs,167
bd_shs,55
bd_shs,125
bd_shs,150
bd_shs,47
bd_shs,17
bd_shs,91
bd_shs,27
bd_shs,30
bd_shs,19
bd_shs,32
bd_shs,9
bd_shs,20
bd_shs,62
bd_shs,19
bd_shs,106
bd_shs,71
bd_shs,53
bd_shs,63
bd_shs,10
bd_shs,45
bd_shs,41
bd_shs,51
bd_shs,49
bd_shs,334
bd_shs,16
bd_shs,9
bd_shs,52
bd_shs,130
bd_shs,164
bd_shs,23
bd_shs,47
bd_shs,62
bd_shs,79
bd_shs,8
bd_shs,32
bd_shs,37
bd_shs,66
bd_shs,38
bd_shs,111
bd_shs,20
bd_shs,53
bd_shs,64
bd_shs,19
bd_shs,233
bd_shs,26
bd_shs,18
bd_shs,31
bd_shs,18
bd_shs,67
bd_shs,15
bd_shs,42
bd_shs,22
bd_shs,56
bd_shs,16
bd_shs,9
bd_shs,67
bd_shs,25
bd_shs,20
bd_shs,23
bd_shs,48
bd_shs,58
bd_shs,19
bd_shs,6
bd_shs,63
bd_shs,11
bd_shs,6
bd_shs,10
bd_shs,8
bd_shs,13
bd_shs,28
bd_shs,42
bd_shs,76
bd_shs,100
bd_shs,44
bd_shs,91
bd_shs,141
bd_shs,10
bd_shs,30
bd_shs,95
bd_shs,118
bd_shs,37
bd_shs,120
bd_shs,138
bd_shs,43
bd_shs,60
bd_shs,26
bd_shs,35
bd_shs,23
bd_shs,13
bd_shs,11
bd_shs,20
bd_shs,455
bd_shs,19
bd_shs,77
bd_shs,10
bd_shs,29
bd_shs,42
bd_shs,94
bd_shs,29
bd_shs,19
bd_shs,56
bd_shs,56
bd_shs,30
bd_shs,149
bd_shs,33
bd_shs,18
bd_shs,142
bd_shs,68
bd_shs,169
bd_shs,55
bd_shs,138
bd_shs,161
bd_shs,1065
bd_shs,25
bd_shs,62
bd_shs,125
bd_shs,36
bd_shs,94
bd_shs,309
bd_shs,49
bd_shs,16
bd_shs,73
bd_shs,22
bd_shs,89
bd_shs,130
bd_shs,98
bd_shs,131
bd_shs,70
bd_shs,25
bd_shs,34
bd_shs,88
bd_shs,44
bd_shs,41
bd_shs,32
bd_shs,35
bd_shs,23
bd_shs,40
bd_shs,170
bd_shs,83
bd_shs,221
bd_shs,60
bd_shs,316
bd_shs,17
bd_shs,11
bd_shs,67
bd_shs,17
bd_shs,111
bd_shs,40
bd_shs,73
bd_shs,43
bd_shs,12
bd_shs,265
bd_shs,97
bd_shs,104
bd_shs,39
bd_shs,532
bd_shs,29
bd_shs,19
bd_shs,20
bd_shs,132
bd_shs,44
bd_shs,26
bd_shs,65
bd_shs,108
bd_shs,65
bd_shs,35
bd_shs,59
bd_shs,31
bd_shs,91
bd_shs,26
bd_shs,34
bd_shs,60
bd_shs,177
bd_shs,69
bd_shs,46
bd_shs,46
bd_shs,126
bd_shs,21
bd_shs,68
bd_shs,614
bd_shs,17
bd_shs,124
bd_shs,39
bd_shs,183
bd_shs,113
bd_shs,63
bd_shs,75
bd_shs,49
bd_shs,168
bd_shs,132
bd_shs,11
bd_shs,16
bd_shs,57
bd_shs,3
bd_shs,39
bd_shs,23
bd_shs,30
bd_shs,35
bd_shs,20
bd_shs,6
bd_shs,118
bd_shs,57
bd_shs,13
bd_shs,14
bd_shs,30
bd_shs,12
bd_shs,19
bd_shs,11
bd_shs,6
bd_shs,38
bd_shs,44
bd_shs,36
bd_shs,39
bd_shs,151
bd_shs,14
bd_shs,21
bd_shs,7
bd_shs,136
bd_shs,7
bd_shs,29
bd_shs,46
bd_shs,39
bd_shs,6
bd_shs,180
bd_shs,10
bd_shs,27
bd_shs,28
bd_shs,29
bd_shs,8
bd_shs,17
bd_shs,24
bd_shs,64
bd_shs,44
bd_shs,58
bd_shs,55
bd_shs,18
bd_shs,20
bd_shs,23
bd_shs,104
bd_shs,10
bd_shs,10
bd_shs,29
bd_shs,17
bd_shs,110
bd_shs,61
bd_shs,142
bd_shs,41
bd_shs,62
bd_shs,35
bd_shs,11
bd_shs,101
bd_shs,10
bd_shs,247
bd_shs,33
bd_shs,26
bd_shs,45
bd_shs,67
bd_shs,7
bd_shs,71
bd_shs,79
bd_shs,38
bd_shs,6
bd_shs,50
bd_shs,73
bd_shs,27
bd_shs,31
bd_shs,36
bd_shs,57
bd_shs,20
bd_shs,111
bd_shs,93
bd_shs,73
bd_shs,124
bd_shs,46
bd_shs,113
bd_shs,38
bd_shs,70
bd_shs,30
bd_shs,18
bd_shs,32
bd_shs,32
bd_shs,64
bd_shs,30
bd_shs,19
bd_shs,87
bd_shs,104
bd_shs,144
bd_shs,35
bd_shs,83
bd_shs,43
bd_shs,16
bd_shs,34
bd_shs,89
bd_shs,74
bd_shs,40
bd_shs,82
bd_shs,22
bd_shs,10
bd_shs,12
bd_shs,213
bd_shs,20
bd_shs,47
bd_shs,41
bd_shs,13
bd_shs,32
bd_shs,92
bd_shs,35
bd_shs,10
bd_shs,33
bd_shs,83
bd_shs,77
bd_shs,37
bd_shs,96
bd_shs,39
bd_shs,22
bd_shs,44
bd_shs,86
bd_shs,19
bd_shs,49
bd_shs,6
bd_shs,23
bd_shs,85
bd_shs,23
bd_shs,24
bd_shs,149
bd_shs,102
bd_shs,55
bd_shs,36
bd_shs,22
bd_shs,91
bd_shs,143
bd_shs,32
bd_shs,57
bd_shs,25
bd_shs,33
bd_shs,33
bd_shs,48
bd_shs,52
bd_shs,152
bd_shs,53
bd_shs,38
bd_shs,95
bd_shs,88
bd_shs,15
bd_shs,65
bd_shs,23
bd_shs,42
bd_shs,48
bd_shs,243
bd_shs,63
bd_shs,107
bd_shs,31
bd_shs,71
bd_shs,25
bd_shs,115
bd_shs,204
bd_shs,30
bd_shs,29
bd_shs,178
bd_shs,52
bd_shs,20
bd_shs,25
bd_shs,22
bd_shs,211
bd_shs,23
bd_shs,24
bd_shs,11
bd_shs,6
bd_shs,13
bd_shs,21
bd_shs,62
bd_shs,147
bd_shs,32
bd_shs,105
bd_shs,17
bd_shs,25
bd_shs,37
bd_shs,61
bd_shs,30
bd_shs,19
bd_shs,103
bd_shs,28
bd_shs,25
bd_shs,85
bd_shs,62
bd_shs,27
bd_shs,57
bd_shs,28
bd_shs,15
bd_shs,13
bd_shs,68
bd_shs,130
bd_shs,141
bd_shs,176
bd_shs,113
bd_shs,10
bd_shs,58
bd_shs,536
bd_shs,79
bd_shs,123
bd_shs,518
bd_shs,16
bd_shs,116
bd_shs,187
bd_shs,25
bd_shs,144
bd_shs,20
bd_shs,19
bd_shs,30
bd_shs,33
bd_shs,89
bd_shs,47
bd_shs,48
bd_shs,39
bd_shs,152
bd_shs,31
bd_shs,68
bd_shs,37
bd_shs,33
bd_shs,31
bd_shs,19
bd_shs,53
bd_shs,101
bd_shs,38
bd_shs,26
bd_shs,11
bd_shs,63
bd_shs,52
bd_shs,12
bd_shs,21
bd_shs,30
bd_shs,49
bd_shs,113
bd_shs,28
bd_shs,26
bd_shs,22
bd_shs,51
bd_shs,89
bd_shs,26
bd_shs,115
bd_shs,38
bd_shs,24
bd_shs,42
bd_shs,21
bd_shs,29
bd_shs,50
bd_shs,74
bd_shs,95
bd_shs,135
bd_shs,68
bd_shs,35
bd_shs,25
bd_shs,106
bd_shs,28
bd_shs,97
bd_shs,31
bd_shs,78
bd_shs,36
bd_shs,58
bd_shs,31
bd_shs,25
bd_shs,1345
bd_shs,94
bd_shs,20
bd_shs,178
bd_shs,27
bd_shs,44
bd_shs,13
bd_shs,31
bd_shs,99
bd_shs,55
bd_shs,62
bd_shs,23
bd_shs,28
bd_shs,40
bd_shs,33
bd_shs,63
bd_shs,60
bd_shs,47
bd_shs,123
bd_shs,167
bd_shs,48
bd_shs,30
bd_shs,42
bd_shs,62
bd_shs,233
bd_shs,19
bd_shs,184
bd_shs,50
bd_shs,48
bd_shs,35
bd_shs,32
bd_shs,30
bd_shs,33
bd_shs,87
bd_shs,48
bd_shs,15
bd_shs,14
bd_shs,102
bd_shs,22
bd_shs,12
bd_shs,55
bd_shs,57
bd_shs,11
bd_shs,24
bd_shs,12
bd_shs,59
bd_shs,47
bd_shs,45
bd_shs,54
bd_shs,62
bd_shs,152
bd_shs,15
bd_shs,157
bd_shs,32
bd_shs,44
bd_shs,18
bd_shs,18
bd_shs,34
bd_shs,38
bd_shs,188
bd_shs,54
bd_shs,14
bd_shs,35
bd_shs,12
bd_shs,10
bd_shs,12
bd_shs,13
bd_shs,9
bd_shs,61
bd_shs,19
bd_shs,13
bd_shs,86
bd_shs,46
bd_shs,70
bd_shs,136
bd_shs,26
bd_shs,24
bd_shs,68
bd_shs,67
bd_shs,76
bd_shs,79
bd_shs,23
bd_shs,55
bd_shs,63
bd_shs,12
bd_shs,72
bd_shs,176
bd_shs,136
bd_shs,63
bd_shs,39
bd_shs,21
bd_shs,19
bd_shs,41
bd_shs,117
bd_shs,175
bd_shs,357
bd_shs,49
bd_shs,13
bd_shs,32
bd_shs,52
bd_shs,24
bd_shs,97
bd_shs,81
bd_shs,13
bd_shs,17
bd_shs,8
bd_shs,194
bd_shs,32
bd_shs,40
bd_shs,33
bd_shs,22
bd_shs,41
bd_shs,33
bd_shs,66
bd_shs,56
bd_shs,80
bd_shs,11
bd_shs,26
bd_shs,43
bd_shs,19
bd_shs,140
bd_shs,41
bd_shs,19
bd_shs,31
bd_shs,44
bd_shs,20
bd_shs,51
bd_shs,16
bd_shs,46
bd_shs,5
bd_shs,17
bd_shs,21
bd_shs,233
bd_shs,14
bd_shs,167
bd_shs,9
bd_shs,14
bd_shs,35
bd_shs,30
bd_shs,37
bd_shs,11
bd_shs,103
bd_shs,14
bd_shs,32
bd_shs,21
bd_shs,29
bd_shs,14
bd_shs,174
bd_shs,28
bd_shs,57
bd_shs,61
bd_shs,10
bd_shs,27
bd_shs,76
bd_shs,38
bd_shs,9
bd_shs,13
bd_shs,56
bd_shs,70
bd_shs,38
bd_shs,12
bd_shs,10
bd_shs,52
bd_shs,15
bd_shs,66
bd_shs,40
bd_shs,17
bd_shs,73
bd_shs,44
bd_shs,10
bd_shs,159
bd_shs,33
bd_shs,46
bd_shs,38
bd_shs,13
bd_shs,25
bd_shs,49
bd_shs,52
bd_shs,165
bd_shs,100
bd_shs,56
bd_shs,268
bd_shs,9
bd_shs,98
bd_shs,18
bd_shs,39
bd_shs,20
bd_shs,27
bd_shs,13
bd_shs,31
bd_shs,24
bd_shs,42
bd_shs,63
bd_shs,17
bd_shs,130
bd_shs,16
bd_shs,28
bd_shs,20
bd_shs,21
bd_shs,30
bd_shs,65
bd_shs,90
bd_shs,4
bd_shs,49
bd_shs,21
bd_shs,27
bd_shs,11
bd_shs,23
bd_shs,19
bd_shs,63
bd_shs,19
bd_shs,35
bd_shs,55
bd_shs,94
bd_shs,77
bd_shs,30
bd_shs,23
bd_shs,39
bd_shs,16
bd_shs,32
bd_shs,46
bd_shs,53
bd_shs,14
bd_shs,67
bd_shs,463
bd_shs,50
bd_shs,71
bd_shs,38
bd_shs,39
bd_shs,44
bd_shs,85
bd_shs,42
bd_shs,29
bd_shs,84
bd_shs,67
bd_shs,15
bd_shs,58
bd_shs,47
bd_shs,35
bd_shs,31
bd_shs,102
bd_shs,220
bd_shs,30
bd_shs,49
bd_shs,31
bd_shs,106
bd_shs,71
bd_shs,23
bd_shs,17
bd_shs,20
bd_shs,29
bd_shs,16
bd_shs,26
bd_shs,27
bd_shs,63
bd_shs,26
bd_shs,22
bd_shs,16
bd_shs,17
bd_shs,15
bd_shs,28
bd_shs,23
bd_shs,45
bd_shs,37
bd_shs,17
bd_shs,49
bd_shs,18
bd_shs,16
bd_shs,23
bd_shs,35
bd_shs,45
bd_shs,27
bd_shs,35
bd_shs,21
bd_shs,55
bd_shs,19
bd_shs,21
bd_shs,88
bd_shs,52
bd_shs,54
bd_shs,13
bd_shs,13
bd_shs,24
bd_shs,11
bd_shs,29
bd_shs,28
bd_shs,31
bd_shs,36
bd_shs,29
bd_shs,32
bd_shs,21
bd_shs,19
bd_shs,25
bd_shs,118
bd_shs,26
bd_shs,51
bd_shs,101
bd_shs,15
bd_shs,19
bd_shs,9
bd_shs,16
bd_shs,13
bd_shs,29
bd_shs,17
bd_shs,71
bd_shs,30
bd_shs,16
bd_shs,27
bd_shs,48
bd_shs,18
bd_shs,25
bd_shs,22
bd_shs,12
bd_shs,91
bd_shs,24
bd_shs,69
bd_shs,9
bd_shs,57
bd_shs,22
bd_shs,21
bd_shs,21
bd_shs,121
bd_shs,32
bd_shs,44
bd_shs,60
bd_shs,26
bd_shs,58
bd_shs,21
bd_shs,88
bd_shs,69
bd_shs,30
bd_shs,38
bd_shs,55
bd_shs,45
bd_shs,19
bd_shs,28
bd_shs,186
bd_shs,23
bd_shs,44
bd_shs,20
bd_shs,32
bd_shs,22
bd_shs,20
bd_shs,22
bd_shs,26
bd_shs,76
bd_shs,128
bd_shs,25
bd_shs,53
bd_shs,68
bd_shs,242
bd_shs,24
bd_shs,21
bd_shs,19
bd_shs,16
bd_shs,20
bd_shs,97
bd_shs,19
bd_shs,21
bd_shs,16
bd_shs,13
bd_shs,40
bd_shs,32
bd_shs,36
bd_shs,16
bd_shs,29
bd_shs,28
bd_shs,28
bd_shs,14
bd_shs,18
bd_shs,50
bd_shs,66
bd_shs,22
bd_shs,116
bd_shs,14
bd_shs,68
bd_shs,23
bd_shs,27
bd_shs,18
bd_shs,71
bd_shs,22
bd_shs,78
bd_shs,47
bd_shs,31
bd_shs,18
bd_shs,25
bd_shs,256
bd_shs,14
bd_shs,19
bd_shs,96
bd_shs,16
bd_shs,18
bd_shs,68
bd_shs,60
bd_shs,39
bd_shs,27
bd_shs,38
bd_shs,106
bd_shs,57
bd_shs,34
bd_shs,28
bd_shs,62
bd_shs,39
bd_shs,12
bd_shs,12
bd_shs,27
bd_shs,22
bd_shs,26
bd_shs,67
bd_shs,36
bd_shs,18
bd_shs,47
bd_shs,29
bd_shs,32
bd_shs,20
bd_shs,31
bd_shs,17
bd_shs,72
bd_shs,21
bd_shs,29
bd_shs,65
bd_shs,41
bd_shs,82
bd_shs,27
bd_shs,31
bd_shs,30
bd_shs,34
bd_shs,17
bd_shs,17
bd_shs,17
bd_shs,53
bd_shs,21
bd_shs,108
bd_shs,81
bd_shs,23
bd_shs,49
bd_shs,20
bd_shs,75
bd_shs,16
bd_shs,21
bd_shs,23
bd_shs,13
bd_shs,33
bd_shs,50
bd_shs,55
bd_shs,56
bd_shs,24
bd_shs,26
bd_shs,10
bd_shs,35
bd_shs,52
bd_shs,160
bd_shs,98
bd_shs,27
bd_shs,27
bd_shs,163
bd_shs,46
bd_shs,27
bd_shs,163
bd_shs,65
bd_shs,30
bd_shs,115
bd_shs,41
bd_shs,40
bd_shs,41
bd_shs,13
bd_shs,500
bd_shs,34
bd_shs,26
bd_shs,63
bd_shs,51
bd_shs,59
bd_shs,109
bd_shs,47
bd_shs,17
bd_shs,17
bd_shs,38
bd_shs,26
bd_shs,24
bd_shs,46
bd_shs,83
bd_shs,29
bd_shs,47
bd_shs,100
bd_shs,41
bd_shs,12
bd_shs,40
bd_shs,124
bd_shs,33
bd_shs,55
bd_shs,49
bd_shs,21
bd_shs,16
bd_shs,56
bd_shs,73
bd_shs,25
bd_shs,20
bd_shs,19
bd_shs,18
bd_shs,63
bd_shs,33
bd_shs,19
bd_shs,44
bd_shs,83
bd_shs,19
bd_shs,38
bd_shs,14
bd_shs,21
bd_shs,14
bd_shs,7
bd_shs,58
bd_shs,23
bd_shs,31
bd_shs,57
bd_shs,18
bd_shs,18
bd_shs,19
bd_shs,23
bd_shs,19
bd_shs,39
bd_shs,17
bd_shs,28
bd_shs,31
bd_shs,28
bd_shs,28
bd_shs,63
bd_shs,40
bd_shs,29
bd_shs,22
bd_shs,61
bd_shs,76
bd_shs,20
bd_shs,53
bd_shs,26
bd_shs,26
bd_shs,35
bd_shs,23
bd_shs,26
bd_shs,30
bd_shs,24
bd_shs,18
bd_shs,24
bd_shs,21
bd_shs,73
bd_shs,47
bd_shs,22
bd_shs,14
bd_shs,14
bd_shs,18
bd_shs,14
bd_shs,32
bd_shs,44
bd_shs,33
bd_shs,55
bd_shs,60
bd_shs,27
bd_shs,95
bd_shs,52
bd_shs,30
bd_shs,21
bd_shs,18
bd_shs,76
bd_shs,27
bd_shs,167
bd_shs,89
bd_shs,139
bd_shs,13
bd_shs,37
bd_shs,44
bd_shs,37
bd_shs,15
bd_shs,10
bd_shs,65
bd_shs,89
bd_shs,39
bd_shs,55
bd_shs,24
bd_shs,63
bd_shs,22
bd_shs,36
bd_shs,121
bd_shs,48
bd_shs,55
bd_shs,44
bd_shs,94
bd_shs,39
bd_shs,66
bd_shs,30
bd_shs,43
bd_shs,35
bd_shs,64
bd_shs,107
bd_shs,110
bd_shs,18
bd_shs,23
bd_shs,61
bd_shs,60
bd_shs,25
bd_shs,21
bd_shs,52
bd_shs,68
bd_shs,44
bd_shs,28
bd_shs,44
bd_shs,91
bd_shs,41
bd_shs,28
bd_shs,39
bd_shs,57
bd_shs,83
bd_shs,26
bd_shs,58
bd_shs,38
bd_shs,39
bd_shs,89
bd_shs,44
bd_shs,76
bd_shs,53
bd_shs,21
bd_shs,40
bd_shs,36
bd_shs,27
bd_shs,31
bd_shs,133
bd_shs,36
bd_shs,57
bd_shs,20
bd_shs,40
bd_shs,123
bd_shs,16
bd_shs,14
bd_shs,167
bd_shs,24
bd_shs,81
bd_shs,33
bd_shs,104
bd_shs,38
bd_shs,67
bd_shs,62
bd_shs,30
bd_shs,80
bd_shs,104
bd_shs,37
bd_shs,27
bd_shs,31
bd_shs,42
bd_shs,97
bd_shs,25
bd_shs,91
bd_shs,25
bd_shs,17
bd_shs,64
bd_shs,101
bd_shs,57
bd_shs,28
bd_shs,69
bd_shs,252
bd_shs,82
bd_shs,55
bd_shs,56
bd_shs,45
bd_shs,111
bd_shs,46
bd_shs,35
bd_shs,10
bd_shs,66
bd_shs,8
bd_shs,202
bd_shs,36
bd_shs,27
bd_shs,21
bd_shs,24
bd_shs,18
bd_shs,32
bd_shs,78
bd_shs,129
bd_shs,86
bd_shs,12
bd_shs,25
bd_shs,77
bd_shs,60
bd_shs,67
bd_shs,12
bd_shs,51
bd_shs,17
bd_shs,89
bd_shs,118
bd_shs,72
bd_shs,43
bd_shs,84
bd_shs,107
bd_shs,86
bd_shs,98
bd_shs,111
bd_shs,88
bd_shs,52
bd_shs,22
bd_shs,70
bd_shs,26
bd_shs,40
bd_shs,25
bd_shs,111
bd_shs,16
bd_shs,63
bd_shs,10
bd_shs,92
bd_shs,44
bd_shs,13
bd_shs,97
bd_shs,22
bd_shs,18
bd_shs,41
bd_shs,29
bd_shs,24
bd_shs,14
bd_shs,52
bd_shs,55
bd_shs,39
bd_shs,37
bd_shs,17
bd_shs,104
bd_shs,72
bd_shs,15
bd_shs,15
bd_shs,15
bd_shs,112
bd_shs,8
bd_shs,23
bd_shs,34
bd_shs,23
bd_shs,76
bd_shs,22
bd_shs,23
bd_shs,60
bd_shs,37
bd_shs,31
bd_shs,28
bd_shs,16
bd_shs,44
bd_shs,22
bd_shs,59
bd_shs,32
bd_shs,32
bd_shs,37
bd_shs,70
bd_shs,22
bd_shs,42
bd_shs,13
bd_shs,45
bd_shs,24
bd_shs,30
bd_shs,26
bd_shs,23
bd_shs,128
bd_shs,55
bd_shs,23
bd_shs,15
bd_shs,36
bd_shs,74
bd_shs,49
bd_shs,110
bd_shs,31
bd_shs,26
bd_shs,60
bd_shs,38
bd_shs,30
bd_shs,37
bd_shs,30
bd_shs,25
bd_shs,49
bd_shs,49
bd_shs,29
bd_shs,36
bd_shs,13
bd_shs,128
bd_shs,14
bd_shs,17
bd_shs,20
bd_shs,23
bd_shs,43
bd_shs,31
bd_shs,10
bd_shs,58
bd_shs,18
bd_shs,271
bd_shs,27
bd_shs,52
bd_shs,74
bd_shs,13
bd_shs,57
bd_shs,16
bd_shs,16
bd_shs,14
bd_shs,61
bd_shs,23
bd_shs,34
bd_shs,23
bd_shs,22
bd_shs,18
bd_shs,30
bd_shs,25
bd_shs,57
bd_shs,29
bd_shs,21
bd_shs,10
bd_shs,19
bd_shs,43
bd_shs,21
bd_shs,31
bd_shs,68
bd_shs,71
bd_shs,21
bd_shs,15
bd_shs,34
bd_shs,10
bd_shs,24
bd_shs,56
bd_shs,108
bd_shs,65
bd_shs,31
bd_shs,27
bd_shs,258
bd_shs,27
bd_shs,14
bd_shs,16
bd_shs,20
bd_shs,26
bd_shs,51
bd_shs,19
bd_shs,13
bd_shs,18
bd_shs,44
bd_shs,16
bd_shs,12
bd_shs,21
bd_shs,102
bd_shs,18
bd_shs,61
bd_shs,132
bd_shs,39
bd_shs,48
bd_shs,25
bd_shs,21
bd_shs,17
bd_shs,26
bd_shs,24
bd_shs,84
bd_shs,21
bd_shs,12
bd_shs,46
bd_shs,23
bd_shs,54
bd_shs,18
bd_shs,20
bd_shs,14
bd_shs,50
bd_shs,47
bd_shs,22
bd_shs,10
bd_shs,47
bd_shs,53
bd_shs,34
bd_shs,21
bd_shs,23
bd_shs,81
bd_shs,10
bd_shs,140
bd_shs,21
bd_shs,40
bd_shs,143
bd_shs,65
bd_shs,32
bd_shs,16
bd_shs,20
bd_shs,52
bd_shs,21
bd_shs,24
bd_shs,35
bd_shs,46
bd_shs,40
bd_shs,27
bd_shs,36
bd_shs,30
bd_shs,51
bd_shs,25
bd_shs,90
bd_shs,68
bd_shs,49
bd_shs,171
bd_shs,114
bd_shs,60
bd_shs,30
bd_shs,63
bd_shs,20
bd_shs,37
bd_shs,40
bd_shs,28
bd_shs,9
bd_shs,81
bd_shs,19
bd_shs,28
bd_shs,13
bd_shs,25
bd_shs,21
bd_shs,44
bd_shs,52
bd_shs,20
bd_shs,20
bd_shs,46
bd_shs,80
bd_shs,47
bd_shs,39
bd_shs,11
bd_shs,38
bd_shs,63
bd_shs,24
bd_shs,28
bd_shs,37
bd_shs,8
bd_shs,22
bd_shs,10
bd_shs,18
bd_shs,20
bd_shs,15
bd_shs,31
bd_shs,25
bd_shs,60
bd_shs,127
bd_shs,12
bd_shs,12
bd_shs,9
bd_shs,46
bd_shs,24
bd_shs,12
bd_shs,12
bd_shs,12
bd_shs,24
bd_shs,33
bd_shs,19
bd_shs,18
bd_shs,69
bd_shs,14
bd_shs,19
bd_shs,24
bd_shs,56
bd_shs,15
bd_shs,41
bd_shs,9
bd_shs,30
bd_shs,19
bd_shs,34
bd_shs,18
bd_shs,24
bd_shs,20
bd_shs,37
bd_shs,34
bd_shs,24
bd_shs,12
bd_shs,17
bd_shs,234
bd_shs,113
bd_shs,45
bd_shs,20
bd_shs,39
bd_shs,40
bd_shs,18
bd_shs,35
bd_shs,23
bd_shs,20
bd_shs,69
bd_shs,58
bd_shs,42
bd_shs,30
bd_shs,86
bd_shs,20
bd_shs,14
bd_shs,32
bd_shs,52
bd_shs,22
bd_shs,34
bd_shs,75
bd_shs,20
bd_shs,81
bd_shs,22
bd_shs,93
bd_shs,17
bd_shs,14
bd_shs,111
bd_shs,35
bd_shs,22
bd_shs,15
bd_shs,34
bd_shs,51
bd_shs,65
bd_shs,51
bd_shs,6
bd_shs,62
bd_shs,149
bd_shs,115
bd_shs,22
bd_shs,61
bd_shs,80
bd_shs,26
bd_shs,44
bd_shs,35
bd_shs,248
bd_shs,27
bd_shs,79
bd_shs,35
bd_shs,80
bd_shs,30
bd_shs,39
bd_shs,20
bd_shs,28
bd_shs,52
bd_shs,20
bd_shs,87
bd_shs,47
bd_shs,184
bd_shs,23
bd_shs,64
bd_shs,28
bd_shs,21
bd_shs,48
bd_shs,11
bd_shs,67
bd_shs,63
bd_shs,46
bd_shs,86
bd_shs,14
bd_shs,11
bd_shs,31
bd_shs,12
bd_shs,37
bd_shs,57
bd_shs,60
bd_shs,121
bd_shs,16
bd_shs,28
bd_shs,17
bd_shs,10
bd_shs,11
bd_shs,66
bd_shs,26
bd_shs,19
bd_shs,13
bd_shs,57
bd_shs,123
bd_shs,138
bd_shs,50
bd_shs,142
bd_shs,41
bd_shs,97
bd_shs,43
bd_shs,10
bd_shs,27
bd_shs,80
bd_shs,31
bd_shs,43
bd_shs,40
bd_shs,13
bd_shs,44
bd_shs,14
bd_shs,7
bd_shs,8
bd_shs,85
bd_shs,180
bd_shs,31
bd_shs,14
bd_shs,29
bd_shs,8
bd_shs,16
bd_shs,17
bd_shs,15
bd_shs,11
bd_shs,15
bd_shs,9
bd_shs,135
bd_shs,48
bd_shs,112
bd_shs,89
bd_shs,144
bd_shs,49
bd_shs,18
bd_shs,27
bd_shs,85
bd_shs,763
bd_shs,168
bd_shs,80
bd_shs,163
bd_shs,37
bd_shs,78
bd_shs,7
bd_shs,68
bd_shs,20
bd_shs,140
bd_shs,105
bd_shs,30
bd_shs,231
bd_shs,47
bd_shs,47
bd_shs,60
bd_shs,125
bd_shs,19
bd_shs,23
bd_shs,34
bd_shs,85
bd_shs,66
bd_shs,12
bd_shs,77
bd_shs,186
bd_shs,44
bd_shs,102
bd_shs,56
bd_shs,100
bd_shs,100
bd_shs,23
bd_shs,142
bd_shs,24
bd_shs,119
bd_shs,20
bd_shs,36
bd_shs,131
bd_shs,43
bd_shs,22
bd_shs,51
bd_shs,149
bd_shs,47
bd_shs,40
bd_shs,22
bd_shs,14
bd_shs,21
bd_shs,28
bd_shs,62
bd_shs,14
bd_shs,13
bd_shs,24
bd_shs,34
bd_shs,57
bd_shs,19
bd_shs,11
bd_shs,15
bd_shs,11
bd_shs,55
bd_shs,64
bd_shs,63
bd_shs,7
bd_shs,36
bd_shs,42
bd_shs,70
bd_shs,100
bd_shs,11
bd_shs,183
bd_shs,37
bd_shs,19
bd_shs,13
bd_shs,59
bd_shs,140
bd_shs,20
bd_shs,157
bd_shs,18
bd_shs,20
bd_shs,15
bd_shs,15
bd_shs,21
bd_shs,31
bd_shs,19
bd_shs,31
bd_shs,23
bd_shs,18
bd_shs,7
bd_shs,16
bd_shs,89
bd_shs,133
bd_shs,17
bd_shs,19
bd_shs,39
bd_shs,26
bd_shs,86
bd_shs,21
bd_shs,35
bd_shs,57
bd_shs,24
bd_shs,45
bd_shs,39
bd_shs,115
bd_shs,38
bd_shs,35
bd_shs,20
bd_shs,14
bd_shs,30
bd_shs,42
bd_shs,15
bd_shs,51
bd_shs,53
bd_shs,33
bd_shs,12
bd_shs,13
bd_shs,53
bd_shs,14
bd_shs,38
bd_shs,49
bd_shs,42
bd_shs,79
bd_shs,277
bd_shs,64
bd_shs,54
bd_shs,33
bd_shs,66
bd_shs,49
bd_shs,19
bd_shs,65
bd_shs,14
bd_shs,72
bd_shs,142
bd_shs,51
bd_shs,120
bd_shs,38
bd_shs,23
bd_shs,41
bd_shs,248
bd_shs,343
bd_shs,23
bd_shs,34
bd_shs,22
bd_shs,25
bd_shs,158
bd_shs,25
bd_shs,21
bd_shs,13
bd_shs,62
bd_shs,33
bd_shs,62
bd_shs,28
bd_shs,29
bd_shs,74
bd_shs,30
bd_shs,40
bd_shs,33
bd_shs,29
bd_shs,27
bd_shs,117
bd_shs,17
bd_shs,12
bd_shs,55
bd_shs,22
bd_shs,116
bd_shs,38
bd_shs,25
bd_shs,44
bd_shs,34
bd_shs,38
bd_shs,25
bd_shs,33
bd_shs,21
bd_shs,20
bd_shs,40
bd_shs,140
bd_shs,48
bd_shs,53
bd_shs,27
bd_shs,56
bd_shs,63
bd_shs,26
bd_shs,48
bd_shs,43
bd_shs,29
bd_shs,42
bd_shs,25
bd_shs,24
bd_shs,26
bd_shs,265
bd_shs,26
bd_shs,61
bd_shs,50
bd_shs,67
bd_shs,34
bd_shs,15
bd_shs,30
bd_shs,22
bd_shs,36
bd_shs,24
bd_shs,24
bd_shs,31
bd_shs,22
bd_shs,309
bd_shs,70
bd_shs,82
bd_shs,22
bd_shs,38
bd_shs,33
bd_shs,37
bd_shs,51
bd_shs,39
bd_shs,43
bd_shs,101
bd_shs,135
bd_shs,22
bd_shs,61
bd_shs,38
bd_shs,31
bd_shs,38
bd_shs,27
bd_shs,29
bd_shs,77
bd_shs,124
bd_shs,60
bd_shs,47
bd_shs,69
bd_shs,21
bd_shs,31
bd_shs,24
bd_shs,35
bd_shs,11
bd_shs,54
bd_shs,67
bd_shs,26
bd_shs,102
bd_shs,162
bd_shs,57
bd_shs,22
bd_shs,98
bd_shs,29
bd_shs,21
bd_shs,54
bd_shs,28
bd_shs,27
bd_shs,69
bd_shs,129
bd_shs,47
bd_shs,8
bd_shs,14
bd_shs,36
bd_shs,125
bd_shs,74
bd_shs,11
bd_shs,32
bd_shs,12
bd_shs,26
bd_shs,41
bd_shs,27
bd_shs,10
bd_shs,671
bd_shs,74
bd_shs,25
bd_shs,30
bd_shs,5
bd_shs,27
bd_shs,11
bd_shs,23
bd_shs,17
bd_shs,18
bd_shs,66
bd_shs,9
bd_shs,77
bd_shs,121
bd_shs,14
bd_shs,41
bd_shs,16
bd_shs,15
bd_shs,17
bd_shs,21
bd_shs,12
bd_shs,18
bd_shs,6
bd_shs,12
bd_shs,67
bd_shs,13
bd_shs,23
bd_shs,201
bd_shs,44
bd_shs,379
bd_shs,31
bd_shs,45
bd_shs,11
bd_shs,62
bd_shs,22
bd_shs,51
bd_shs,83
bd_shs,65
bd_shs,39
bd_shs,22
bd_shs,24
bd_shs,10
bd_shs,33
bd_shs,22
bd_shs,32
bd_shs,31
bd_shs,42
bd_shs,32
bd_shs,31
bd_shs,16
bd_shs,26
bd_shs,35
bd_shs,12
bd_shs,27
bd_shs,47
bd_shs,45
bd_shs,55
bd_shs,15
bd_shs,298
bd_shs,67
bd_shs,22
bd_shs,149
bd_shs,13
bd_shs,46
bd_shs,18
bd_shs,30
bd_shs,25
bd_shs,20
bd_shs,23
bd_shs,47
bd_shs,43
bd_shs,34
bd_shs,66
bd_shs,9
bd_shs,44
bd_shs,12
bd_shs,25
bd_shs,51
bd_shs,37
bd_shs,18
bd_shs,58
bd_shs,40
bd_shs,48
bd_shs,28
bd_shs,24
bd_shs,81
bd_shs,27
bd_shs,23
bd_shs,15
bd_shs,55
bd_shs,31
bd_shs,10
bd_shs,20
bd_shs,30
bd_shs,8
bd_shs,7
bd_shs,53
bd_shs,64
bd_shs,39
bd_shs,24
bd_shs,23
bd_shs,16
bd_shs,49
bd_shs,89
bd_shs,16
bd_shs,81
bd_shs,22
bd_shs,40
bd_shs,12
bd_shs,16
bd_shs,56
bd_shs,20
bd_shs,28
bd_shs,16
bd_shs,63
bd_shs,26
bd_shs,8
bd_shs,29
bd_shs,15
bd_shs,18
bd_shs,11
bd_shs,108
bd_shs,20
bd_shs,13
bd_shs,49
bd_shs,70
bd_shs,16
bd_shs,10
bd_shs,12
bd_shs,11
bd_shs,9
bd_shs,42
bd_shs,10
bd_shs,10
bd_shs,23
bd_shs,9
bd_shs,12
bd_shs,17
bd_shs,16
bd_shs,16
bd_shs,12
bd_shs,12
bd_shs,12
bd_shs,27
bd_shs,8
bd_shs,12
bd_shs,10
bd_shs,71
bd_shs,42
bd_shs,16
bd_shs,64
bd_shs,14
bd_shs,38
bd_shs,31
bd_shs,57
bd_shs,51
bd_shs,23
bd_shs,55
bd_shs,31
bd_shs,67
bd_shs,34
bd_shs,9
bd_shs,21
bd_shs,14
bd_shs,15
bd_shs,36
bd_shs,12
bd_shs,22
bd_shs,10
bd_shs,64
bd_shs,41
bd_shs,52
bd_shs,11
bd_shs,35
bd_shs,17
bd_shs,17
bd_shs,104
bd_shs,46
bd_shs,40
bd_shs,40
bd_shs,124
bd_shs,16
bd_shs,13
bd_shs,25
bd_shs,39
bd_shs,14
bd_shs,30
bd_shs,17
bd_shs,68
bd_shs,17
bd_shs,19
bd_shs,12
bd_shs,29
bd_shs,107
bd_shs,10
bd_shs,20
bd_shs,27
bd_shs,50
bd_shs,18
bd_shs,55
bd_shs,119
bd_shs,36
bd_shs,96
bd_shs,16
bd_shs,137
bd_shs,33
bd_shs,98
bd_shs,38
bd_shs,25
bd_shs,22
bd_shs,16
bd_shs,23
bd_shs,29
bd_shs,11
bd_shs,13
bd_shs,38
bd_shs,36
bd_shs,59
bd_shs,70
bd_shs,43
bd_shs,16
bd_shs,60
bd_shs,32
bd_shs,66
bd_shs,45
bd_shs,13
bd_shs,10
bd_shs,47
bd_shs,39
bd_shs,23
bd_shs,47
bd_shs,38
bd_shs,35
bd_shs,126
bd_shs,124
bd_shs,32
bd_shs,90
bd_shs,68
bd_shs,41
bd_shs,31
bd_shs,52
bd_shs,40
bd_shs,25
bd_shs,37
bd_shs,26
bd_shs,56
bd_shs,13
bd_shs,41
bd_shs,8
bd_shs,33
bd_shs,21
bd_shs,71
bd_shs,17
bd_shs,49
bd_shs,31
bd_shs,22
bd_shs,12
bd_shs,30
bd_shs,57
bd_shs,60
bd_shs,121
bd_shs,24
bd_shs,16
bd_shs,23
bd_shs,13
bd_shs,30
bd_shs,27
bd_shs,35
bd_shs,68
bd_shs,24
bd_shs,108
bd_shs,21
bd_shs,53
bd_shs,23
bd_shs,46
bd_shs,15
bd_shs,18
bd_shs,15
bd_shs,28
bd_shs,19
bd_shs,19
bd_shs,22
bd_shs,46
bd_shs,20
bd_shs,25
bd_shs,22
bd_shs,53
bd_shs,10
bd_shs,31
bd_shs,32
bd_shs,18
bd_shs,5
bd_shs,19
bd_shs,47
bd_shs,9
bd_shs,13
bd_shs,16
bd_shs,39
bd_shs,21
bd_shs,175
bd_shs,48
bd_shs,52
bd_shs,79
bd_shs,40
bd_shs,19
bd_shs,39
bd_shs,19
bd_shs,16
bd_shs,17
bd_shs,9
bd_shs,46
bd_shs,49
bd_shs,25
bd_shs,48
bd_shs,26
bd_shs,108
bd_shs,117
bd_shs,20
bd_shs,21
bd_shs,15
bd_shs,62
bd_shs,76
bd_shs,34
bd_shs,97
bd_shs,8
bd_shs,160
bd_shs,10
bd_shs,46
bd_shs,42
bd_shs,43
bd_shs,30
bd_shs,16
bd_shs,29
bd_shs,13
bd_shs,45
bd_shs,46
bd_shs,25
bd_shs,41
bd_shs,50
bd_shs,80
bd_shs,38
bd_shs,53
bd_shs,22
bd_shs,25
bd_shs,22
bd_shs,11
bd_shs,19
bd_shs,14
bd_shs,20
bd_shs,20
bd_shs,21
bd_shs,207
bd_shs,129
bd_shs,113
bd_shs,68
bd_shs,22
bd_shs,27
bd_shs,63
bd_shs,53
bd_shs,17
bd_shs,27
bd_shs,35
bd_shs,35
bd_shs,49
bd_shs,186
bd_shs,64
bd_shs,30
bd_shs,35
bd_shs,49
bd_shs,98
bd_shs,90
bd_shs,76
bd_shs,16
bd_shs,9
bd_shs,66
bd_shs,18
bd_shs,11
bd_shs,196
bd_shs,16
bd_shs,17
bd_shs,29
bd_shs,23
bd_shs,43
bd_shs,53
bd_shs,24
bd_shs,32
bd_shs,19
bd_shs,37
bd_shs,50
bd_shs,30
bd_shs,18
bd_shs,25
bd_shs,65
bd_shs,9
bd_shs,55
bd_shs,25
bd_shs,16
bd_shs,12
bd_shs,25
bd_shs,238
bd_shs,29
bd_shs,36
bd_shs,33
bd_shs,46
bd_shs,22
bd_shs,130
bd_shs,69
bd_shs,21
bd_shs,12
bd_shs,19
bd_shs,4
bd_shs,22
bd_shs,31
bd_shs,8
bd_shs,166
bd_shs,24
bd_shs,21
bd_shs,73
bd_shs,23
bd_shs,29
bd_shs,39
bd_shs,23
bd_shs,34
bd_shs,36
bd_shs,37
bd_shs,45
bd_shs,23
bd_shs,147
bd_shs,33
bd_shs,27
bd_shs,25
bd_shs,14
bd_shs,11
bd_shs,56
bd_shs,15
bd_shs,32
bd_shs,28
bd_shs,30
bd_shs,21
bd_shs,30
bd_shs,77
bd_shs,23
bd_shs,13
bd_shs,73
bd_shs,10
bd_shs,34
bd_shs,14
bd_shs,11
bd_shs,49
bd_shs,39
bd_shs,31
bd_shs,274
bd_shs,76
bd_shs,63
bd_shs,22
bd_shs,22
bd_shs,47
bd_shs,51
bd_shs,29
bd_shs,96
bd_shs,20
bd_shs,29
bd_shs,90
bd_shs,49
bd_shs,9
bd_shs,10
bd_shs,19
bd_shs,44
bd_shs,431
bd_shs,31
bd_shs,211
bd_shs,32
bd_shs,34
bd_shs,17
bd_shs,50
bd_shs,222
bd_shs,9
bd_shs,8
bd_shs,29
bd_shs,21
bd_shs,46
bd_shs,11
bd_shs,42
bd_shs,18
bd_shs,27
bd_shs,18
bd_shs,100
bd_shs,19
bd_shs,179
bd_shs,32
bd_shs,11
bd_shs,77
bd_shs,70
bd_shs,64
bd_shs,26
bd_shs,29
bd_shs,35
bd_shs,19
bd_shs,10
bd_shs,10
bd_shs,26
bd_shs,13
bd_shs,11
bd_shs,8
bd_shs,72
bd_shs,20
bd_shs,54
bd_shs,42
bd_shs,32
bd_shs,22
bd_shs,27
bd_shs,6
bd_shs,35
bd_shs,19
bd_shs,13
bd_shs,53
bd_shs,65
bd_shs,35
bd_shs,14
bd_shs,7
bd_shs,7
bd_shs,9
bd_shs,11
bd_shs,14
bd_shs,16
bd_shs,26
bd_shs,9
bd_shs,18
bd_shs,65
bd_shs,7
bd_shs,24
bd_shs,14
bd_shs,7
bd_shs,82
bd_shs,20
bd_shs,85
bd_shs,45
bd_shs,16
bd_shs,9
bd_shs,6
bd_shs,30
bd_shs,100
bd_shs,13
bd_shs,83
bd_shs,19
bd_shs,18
bd_shs,20
bd_shs,51
bd_shs,25
bd_shs,29
bd_shs,35
bd_shs,53
bd_shs,10
bd_shs,7
bd_shs,15
bd_shs,60
bd_shs,49
bd_shs,71
bd_shs,79
bd_shs,9
bd_shs,71
bd_shs,57
bd_shs,28
bd_shs,8
bd_shs,6
bd_shs,21
bd_shs,18
bd_shs,39
bd_shs,13
bd_shs,19
bd_shs,15
bd_shs,17
bd_shs,11
bd_shs,12
bd_shs,6
bd_shs,26
bd_shs,83
bd_shs,26
bd_shs,8
bd_shs,5
bd_shs,38
bd_shs,24
bd_shs,23
bd_shs,30
bd_shs,17
bd_shs,75
bd_shs,36
bd_shs,112
bd_shs,33
bd_shs,20
bd_shs,40
bd_shs,120
bd_shs,20
bd_shs,85
bd_shs,46
bd_shs,36
bd_shs,22
bd_shs,155
bd_shs,19
bd_shs,46
bd_shs,53
bd_shs,30
bd_shs,70
bd_shs,438
bd_shs,27
bd_shs,26
bd_shs,45
bd_shs,5
bd_shs,8
bd_shs,14
bd_shs,6
bd_shs,24
bd_shs,29
bd_shs,68
bd_shs,63
bd_shs,76
bd_shs,57
bd_shs,58
bd_shs,275
bd_shs,35
bd_shs,88
bd_shs,140
bd_shs,60
bd_shs,4
bd_shs,100
bd_shs,9
bd_shs,28
bd_shs,24
bd_shs,43
bd_shs,8
bd_shs,32
bd_shs,199
bd_shs,21
bd_shs,42
bd_shs,43
bd_shs,14
bd_shs,71
bd_shs,19
bd_shs,36
bd_shs,94
bd_shs,25
bd_shs,46
bd_shs,53
bd_shs,62
bd_shs,250
bd_shs,17
bd_shs,88
bd_shs,17
bd_shs,25
bd_shs,23
bd_shs,15
bd_shs,58
bd_shs,23
bd_shs,70
bd_shs,37
bd_shs,448
bd_shs,16
bd_shs,102
bd_shs,213
bd_shs,91
bd_shs,116
bd_shs,6
bd_shs,27
bd_shs,29
bd_shs,108
bd_shs,62
bd_shs,42
bd_shs,32
bd_shs,52
bd_shs,13
bd_shs,357
bd_shs,54
bd_shs,34
bd_shs,19
bd_shs,39
bd_shs,33
bd_shs,33
bd_shs,22
bd_shs,27
bd_shs,65
bd_shs,20
bd_shs,75
bd_shs,18
bd_shs,8
bd_shs,33
bd_shs,17
bd_shs,51
bd_shs,57
bd_shs,41
bd_shs,59
bd_shs,28
bd_shs,45
bd_shs,17
bd_shs,2
bd_shs,5
bd_shs,30
bd_shs,32
bd_shs,8
bd_shs,21
bd_shs,24
bd_shs,18
bd_shs,16
bd_shs,27
bd_shs,33
bd_shs,51
bd_shs,30
bd_shs,14
bd_shs,122
bd_shs,37
bd_shs,22
bd_shs,19
bd_shs,81
bd_shs,13
bd_shs,18
bd_shs,38
bd_shs,76
bd_shs,18
bd_shs,29
bd_shs,16
bd_shs,29
bd_shs,3
bd_shs,6
bd_shs,41
bd_shs,15
bd_shs,93
bd_shs,26
bd_shs,10
bd_shs,15
bd_shs,10
bd_shs,42
bd_shs,41
bd_shs,40
bd_shs,39
bd_shs,12
bd_shs,23
bd_shs,39
bd_shs,12
bd_shs,124
bd_shs,13
bd_shs,17
bd_shs,25
bd_shs,6
bd_shs,6
bd_shs,17
bd_shs,31
bd_shs,13
bd_shs,14
bd_shs,43
bd_shs,238
bd_shs,27
bd_shs,16
bd_shs,121
bd_shs,13
bd_shs,21
bd_shs,83
bd_shs,18
bd_shs,90
bd_shs,12
bd_shs,7
bd_shs,71
bd_shs,13
bd_shs,110
bd_shs,19
bd_shs,30
bd_shs,20
bd_shs,42
bd_shs,13
bd_shs,7
bd_shs,23
bd_shs,19
bd_shs,43
bd_shs,85
bd_shs,36
bd_shs,10
bd_shs,28
bd_shs,46
bd_shs,60
bd_shs,43
bd_shs,21
bd_shs,26
bd_shs,21
bd_shs,13
bd_shs,15
bd_shs,86
bd_shs,17
bd_shs,19
bd_shs,18
bd_shs,14
bd_shs,14
bd_shs,36
bd_shs,75
bd_shs,32
bd_shs,23
bd_shs,40
bd_shs,21
bd_shs,11
bd_shs,92
bd_shs,17
bd_shs,23
bd_shs,19
bd_shs,37
bd_shs,93
bd_shs,44
bd_shs,35
bd_shs,14
bd_shs,4
bd_shs,144
bd_shs,29
bd_shs,156
bd_shs,34
bd_shs,50
bd_shs,6
bd_shs,10
bd_shs,27
bd_shs,6
bd_shs,15
bd_shs,8
bd_shs,47
bd_shs,15
bd_shs,22
bd_shs,20
bd_shs,22
bd_shs,15
bd_shs,23
bd_shs,20
bd_shs,9
bd_shs,2
bd_shs,31
bd_shs,7
bd_shs,22
bd_shs,6
bd_shs,12
bd_shs,13
bd_shs,6
bd_shs,21
bd_shs,22
bd_shs,19
bd_shs,18
bd_shs,3
bd_shs,80
bd_shs,13
bd_shs,18
bd_shs,18
bd_shs,6
bd_shs,7
bd_shs,109
bd_shs,10
bd_shs,5
bd_shs,12
bd_shs,28
bd_shs,29
bd_shs,14
bd_shs,5
bd_shs,39
bd_shs,147
bd_shs,13
bd_shs,18
bd_shs,6
bd_shs,5
bd_shs,30
bd_shs,22
bd_shs,13
bd_shs,36
bd_shs,31
bd_shs,36
bd_shs,21
bd_shs,9
bd_shs,7
bd_shs,5
bd_shs,32
bd_shs,25
bd_shs,5
bd_shs,58
bd_shs,24
bd_shs,32
bd_shs,14
bd_shs,26
bd_shs,21
bd_shs,5
bd_shs,6
bd_shs,18
bd_shs,32
bd_shs,5
bd_shs,23
bd_shs,6
bd_shs,21
bd_shs,10
bd_shs,4
bd_shs,35
bd_shs,55
bd_shs,21
bd_shs,3
bd_shs,45
bd_shs,49
bd_shs,30
bd_shs,10
bd_shs,32
bd_shs,17
bd_shs,18
bd_shs,13
bd_shs,13
bd_shs,43
bd_shs,169
bd_shs,14
bd_shs,32
bd_shs,14
bd_shs,9
bd_shs,39
bd_shs,8
bd_shs,19
bd_shs,21
bd_shs,38
bd_shs,6
bd_shs,16
bd_shs,8
bd_shs,38
bd_shs,34
bd_shs,23
bd_shs,25
bd_shs,10
bd_shs,10
bd_shs,32
bd_shs,37
bd_shs,82
bd_shs,71
bd_shs,30
bd_shs,12
bd_shs,34
bd_shs,22
bd_shs,21
bd_shs,14
bd_shs,25
bd_shs,19
bd_shs,21
bd_shs,16
bd_shs,20
bd_shs,99
bd_shs,57
bd_shs,10
bd_shs,16
bd_shs,45
bd_shs,111
bd_shs,186
bd_shs,33
bd_shs,37
bd_shs,27
bd_shs,18
bd_shs,10
bd_shs,30
bd_shs,29
bd_shs,22
bd_shs,41
bd_shs,38
bd_shs,25
bd_shs,10
bd_shs,58
bd_shs,22
bd_shs,63
bd_shs,100
bd_shs,30
bd_shs,16
bd_shs,14
bd_shs,11
bd_shs,25
bd_shs,17
bd_shs,10
bd_shs,15
bd_shs,34
bd_shs,62
bd_shs,12
bd_shs,25
bd_shs,21
bd_shs,38
bd_shs,18
bd_shs,55
bd_shs,28
bd_shs,23
bd_shs,9
bd_shs,31
bd_shs,10
bd_shs,98
bd_shs,58
bd_shs,15
bd_shs,11
bd_shs,35
bd_shs,9
bd_shs,208
bd_shs,14
bd_shs,22
bd_shs,18
bd_shs,22
bd_shs,23
bd_shs,90
bd_shs,18
bd_shs,25
bd_shs,11
bd_shs,31
bd_shs,19
bd_shs,18
bd_shs,28
bd_shs,33
bd_shs,45
bd_shs,17
bd_shs,24
bd_shs,12
bd_shs,23
bd_shs,13
bd_shs,13
bd_shs,27
bd_shs,18
bd_shs,13
bd_shs,13
bd_shs,32
bd_shs,19
bd_shs,103
bd_shs,35
bd_shs,46
bd_shs,37
bd_shs,47
bd_shs,50
bd_shs,26
bd_shs,55
bd_shs,31
bd_shs,32
bd_shs,119
bd_shs,29
bd_shs,23
bd_shs,31
bd_shs,21
bd_shs,20
bd_shs,27
bd_shs,18
bd_shs,18
bd_shs,16
bd_shs,22
bd_shs,10
bd_shs,16
bd_shs,38
bd_shs,23
bd_shs,11
bd_shs,22
bd_shs,60
bd_shs,21
bd_shs,83
bd_shs,29
bd_shs,75
bd_shs,36
bd_shs,96
bd_shs,65
bd_shs,10
bd_shs,19
bd_shs,17
bd_shs,26
bd_shs,42
bd_shs,19
bd_shs,18
bd_shs,23
bd_shs,13
bd_shs,7
bd_shs,17
bd_shs,11
bd_shs,34
bd_shs,35
bd_shs,97
bd_shs,22
bd_shs,54
bd_shs,7
bd_shs,5
bd_shs,20
bd_shs,25
bd_shs,13
bd_shs,50
bd_shs,21
bd_shs,35
bd_shs,18
bd_shs,12
bd_shs,24
bd_shs,38
bd_shs,24
bd_shs,98
bd_shs,36
bd_shs,54
bd_shs,24
bd_shs,60
bd_shs,12
bd_shs,21
bd_shs,52
bd_shs,18
bd_shs,10
bd_shs,25
bd_shs,82
bd_shs,44
bd_shs,16
bd_shs,13
bd_shs,16
bd_shs,37
bd_shs,30
bd_shs,7
bd_shs,52
bd_shs,8
bd_shs,7
bd_shs,29
bd_shs,7
bd_shs,7
bd_shs,41
bd_shs,18
bd_shs,31
bd_shs,105
bd_shs,7
bd_shs,23
bd_shs,19
bd_shs,25
bd_shs,27
bd_shs,46
bd_shs,9
bd_shs,14
bd_shs,10
bd_shs,7
bd_shs,7
bd_shs,20
bd_shs,36
bd_shs,21
bd_shs,8
bd_shs,32
bd_shs,4
bd_shs,27
bd_shs,5
bd_shs,18
bd_shs,6
bd_shs,37
bd_shs,15
bd_shs,97
bd_shs,23
bd_shs,24
bd_shs,86
bd_shs,144
bd_shs,37
bd_shs,10
bd_shs,27
bd_shs,30
bd_shs,47
bd_shs,41
bd_shs,25
bd_shs,107
bd_shs,25
bd_shs,70
bd_shs,42
bd_shs,27
bd_shs,125
bd_shs,57
bd_shs,18
bd_shs,45
bd_shs,52
bd_shs,520
bd_shs,56
bd_shs,10
bd_shs,13
bd_shs,26
bd_shs,82
bd_shs,69
bd_shs,36
bd_shs,21
bd_shs,44
bd_shs,74
bd_shs,44
bd_shs,52
bd_shs,55
bd_shs,21
bd_shs,43
bd_shs,32
bd_shs,38
bd_shs,26
bd_shs,25
bd_shs,24
bd_shs,64
bd_shs,37
bd_shs,35
bd_shs,20
bd_shs,121
bd_shs,72
bd_shs,32
bd_shs,52
bd_shs,45
bd_shs,32
bd_shs,32
bd_shs,19
bd_shs,35
bd_shs,19
bd_shs,29
bd_shs,43
bd_shs,35
bd_shs,119
bd_shs,155
bd_shs,12
bd_shs,133
bd_shs,38
bd_shs,36
bd_shs,23
bd_shs,43
bd_shs,37
bd_shs,60
bd_shs,28
bd_shs,91
bd_shs,23
bd_shs,111
bd_shs,19
bd_shs,28
bd_shs,8
bd_shs,61
bd_shs,6
bd_shs,62
bd_shs,167
bd_shs,29
bd_shs,33
bd_shs,77
bd_shs,63
bd_shs,88
bd_shs,42
bd_shs,42
bd_shs,47
bd_shs,36
bd_shs,70
bd_shs,29
bd_shs,101
bd_shs,99
bd_shs,212
bd_shs,79
bd_shs,257
bd_shs,57
bd_shs,70
bd_shs,18
bd_shs,140
bd_shs,13
bd_shs,12
bd_shs,47
bd_shs,62
bd_shs,47
bd_shs,8
bd_shs,12
bd_shs,2
bd_shs,15
bd_shs,5
bd_shs,16
bd_shs,14
bd_shs,32
bd_shs,9
bd_shs,19
bd_shs,20
bd_shs,9
bd_shs,21
bd_shs,31
bd_shs,249
bd_shs,57
bd_shs,14
bd_shs,41
bd_shs,6
bd_shs,36
bd_shs,11
bd_shs,30
bd_shs,12
bd_shs,36
bd_shs,13
bd_shs,3
bd_shs,11
bd_shs,28
bd_shs,7
bd_shs,28
bd_shs,21
bd_shs,7
bd_shs,26
bd_shs,16
bd_shs,9
bd_shs,26
bd_shs,12
bd_shs,30
bd_shs,13
bd_shs,9
bd_shs,18
bd_shs,16
bd_shs,26
bd_shs,7
bd_shs,49
bd_shs,22
bd_shs,44
bd_shs,12
bd_shs,16
bd_shs,25
bd_shs,20
bd_shs,16
bd_shs,27
bd_shs,13
bd_shs,28
bd_shs,27
bd_shs,29
bd_shs,42
bd_shs,43
bd_shs,17
bd_shs,32
bd_shs,6
bd_shs,19
bd_shs,24
bd_shs,24
bd_shs,23
bd_shs,5
bd_shs,7
bd_shs,55
bd_shs,46
bd_shs,16
bd_shs,12
bd_shs,53
bd_shs,7
bd_shs,38
bd_shs,19
bd_shs,15
bd_shs,29
bd_shs,48
bd_shs,26
bd_shs,25
bd_shs,22
bd_shs,12
bd_shs,27
bd_shs,41
bd_shs,25
bd_shs,8
bd_shs,42
bd_shs,32
bd_shs,14
bd_shs,12
bd_shs,62
bd_shs,24
bd_shs,44
bd_shs,47
bd_shs,7
bd_shs,11
bd_shs,18
bd_shs,19
bd_shs,14
bd_shs,93
bd_shs,54
bd_shs,29
bd_shs,50
bd_shs,49
bd_shs,70
bd_shs,21
bd_shs,58
bd_shs,14
bd_shs,25
bd_shs,23
bd_shs,27
bd_shs,29
bd_shs,20
bd_shs,14
bd_shs,26
bd_shs,7
bd_shs,16
bd_shs,27
bd_shs,24
bd_shs,56
bd_shs,31
bd_shs,18
bd_shs,26
bd_shs,154
bd_shs,51
bd_shs,15
bd_shs,20
bd_shs,75
bd_shs,20
bd_shs,146
bd_shs,10
bd_shs,29
bd_shs,57
bd_shs,9
bd_shs,12
bd_shs,18
bd_shs,23
bd_shs,11
bd_shs,24
bd_shs,16
bd_shs,2097
bd_shs,27
bd_shs,18
bd_shs,15
bd_shs,22
bd_shs,26
bd_shs,19
bd_shs,81
bd_shs,24
bd_shs,103
bd_shs,17
bd_shs,73
bd_shs,21
bd_shs,55
bd_shs,36
bd_shs,17
bd_shs,15
bd_shs,23
bd_shs,25
bd_shs,30
bd_shs,18
bd_shs,41
bd_shs,13
bd_shs,47
bd_shs,59
bd_shs,18
bd_shs,12
bd_shs,18
bd_shs,22
bd_shs,32
bd_shs,37
bd_shs,60
bd_shs,24
bd_shs,13
bd_shs,20
bd_shs,26
bd_shs,129
bd_shs,76
bd_shs,122
bd_shs,129
bd_shs,10
bd_shs,37
bd_shs,24
bd_shs,19
bd_shs,31
bd_shs,20
bd_shs,15
bd_shs,150
bd_shs,17
bd_shs,70
bd_shs,20
bd_shs,45
bd_shs,29
bd_shs,11
bd_shs,50
bd_shs,14
bd_shs,14
bd_shs,156
bd_shs,15
bd_shs,8
bd_shs,27
bd_shs,88
bd_shs,25
bd_shs,106
bd_shs,67
bd_shs,39
bd_shs,24
bd_shs,46
bd_shs,23
bd_shs,15
bd_shs,25
bd_shs,71
bd_shs,14
bd_shs,48
bd_shs,18
bd_shs,16
bd_shs,8
bd_shs,52
bd_shs,20
bd_shs,20
bd_shs,19
bd_shs,17
bd_shs,27
bd_shs,30
bd_shs,70
bd_shs,17
bd_shs,7
bd_shs,22
bd_shs,40
bd_shs,37
bd_shs,37
bd_shs,108
bd_shs,41
bd_shs,34
bd_shs,29
bd_shs,44
bd_shs,8
bd_shs,20
bd_shs,11
bd_shs,23
bd_shs,25
bd_shs,18
bd_shs,6
bd_shs,83
bd_shs,13
bd_shs,8
bd_shs,30
bd_shs,14
bd_shs,22
bd_shs,25
bd_shs,28
bd_shs,73
bd_shs,32
bd_shs,19
bd_shs,24
bd_shs,16
bd_shs,35
bd_shs,7
bd_shs,17
bd_shs,155
bd_shs,12
bd_shs,66
bd_shs,6
bd_shs,17
bd_shs,8
bd_shs,94
bd_shs,8
bd_shs,38
bd_shs,9
bd_shs,19
bd_shs,6
bd_shs,98
bd_shs,25
bd_shs,20
bd_shs,34
bd_shs,10
bd_shs,15
bd_shs,234
bd_shs,35
bd_shs,33
bd_shs,49
bd_shs,27
bd_shs,27
bd_shs,48
bd_shs,66
bd_shs,7
bd_shs,20
bd_shs,45
bd_shs,114
bd_shs,37
bd_shs,16
bd_shs,97
bd_shs,7
bd_shs,149
bd_shs,54
bd_shs,69
bd_shs,82
bd_shs,30
bd_shs,34
bd_shs,13
bd_shs,13
bd_shs,114
bd_shs,38
bd_shs,35
bd_shs,62
bd_shs,126
bd_shs,20
bd_shs,3
bd_shs,20
bd_shs,81
bd_shs,79
bd_shs,47
bd_shs,25
bd_shs,14
bd_shs,42
bd_shs,10
bd_shs,55
bd_shs,14
bd_shs,61
bd_shs,35
bd_shs,5
bd_shs,51
bd_shs,29
bd_shs,17
bd_shs,24
bd_shs,11
bd_shs,10
bd_shs,4
bd_shs,9
bd_shs,179
bd_shs,24
bd_shs,20
bd_shs,59
bd_shs,43
bd_shs,14
bd_shs,44
bd_shs,14
bd_shs,27
bd_shs,70
bd_shs,17
bd_shs,15
bd_shs,15
bd_shs,17
bd_shs,12
bd_shs,49
bd_shs,23
bd_shs,41
bd_shs,14
bd_shs,25
bd_shs,18
bd_shs,5
bd_shs,60
bd_shs,8
bd_shs,5
bd_shs,16
bd_shs,21
bd_shs,7
bd_shs,14
bd_shs,22
bd_shs,37
bd_shs,15
bd_shs,13
bd_shs,17
bd_shs,16
bd_shs,5
bd_shs,34
bd_shs,18
bd_shs,43
bd_shs,35
bd_shs,22
bd_shs,149
bd_shs,52
bd_shs,40
bd_shs,81
bd_shs,5
bd_shs,13
bd_shs,15
bd_shs,41
bd_shs,16
bd_shs,14
bd_shs,21
bd_shs,24
bd_shs,99
bd_shs,34
bd_shs,51
bd_shs,34
bd_shs,5
bd_shs,31
bd_shs,49
bd_shs,22
bd_shs,22
bd_shs,150
bd_shs,64
bd_shs,63
bd_shs,94
bd_shs,36
bd_shs,20
bd_shs,37
bd_shs,44
bd_shs,51
bd_shs,101
bd_shs,119
bd_shs,36
bd_shs,10
bd_shs,17
bd_shs,26
bd_shs,49
bd_shs,25
bd_shs,55
bd_shs,5
bd_shs,18
bd_shs,8
bd_shs,16
bd_shs,4
bd_shs,22
bd_shs,48
bd_shs,10
bd_shs,34
bd_shs,39
bd_shs,5
bd_shs,31
bd_shs,155
bd_shs,54
bd_shs,83
bd_shs,95
bd_shs,27
bd_shs,65
bd_shs,34
bd_shs,42
bd_shs,36
bd_shs,21
bd_shs,22
bd_shs,36
bd_shs,15
bd_shs,130
bd_shs,20
bd_shs,8
bd_shs,48
bd_shs,113
bd_shs,24
bd_shs,15
bd_shs,59
bd_shs,48
bd_shs,15
bd_shs,13
bd_shs,18
bd_shs,26
bd_shs,34
bd_shs,9
bd_shs,34
bd_shs,29
bd_shs,27
bd_shs,7
bd_shs,16
bd_shs,66
bd_shs,18
bd_shs,52
bd_shs,97
bd_shs,19
bd_shs,25
bd_shs,9
bd_shs,9
bd_shs,14
bd_shs,5
bd_shs,35
bd_shs,111
bd_shs,14
bd_shs,39
bd_shs,7
bd_shs,5
bd_shs,94
bd_shs,16
bd_shs,31
bd_shs,15
bd_shs,13
bd_shs,22
bd_shs,20
bd_shs,68
bd_shs,105
bd_shs,12
bd_shs,99
bd_shs,41
bd_shs,25
bd_shs,7
bd_shs,58
bd_shs,21
bd_shs,31
bd_shs,36
bd_shs,23
bd_shs,14
bd_shs,394
bd_shs,8
bd_shs,14
bd_shs,43
bd_shs,10
bd_shs,23
bd_shs,19
bd_shs,34
bd_shs,110
bd_shs,25
bd_shs,22
bd_shs,13
bd_shs,20
bd_shs,16
bd_shs,38
bd_shs,18
bd_shs,25
bd_shs,21
bd_shs,22
bd_shs,6
bd_shs,120
bd_shs,3
bd_shs,34
bd_shs,15
bd_shs,11
bd_shs,113
bd_shs,14
bd_shs,24
bd_shs,37
bd_shs,25
bd_shs,10
bd_shs,99
bd_shs,6
bd_shs,16
bd_shs,48
bd_shs,18
bd_shs,17
bd_shs,18
bd_shs,35
bd_shs,65
bd_shs,47
bd_shs,8
bd_shs,19
bd_shs,13
bd_shs,50
bd_shs,22
bd_shs,32
bd_shs,19
bd_shs,26
bd_shs,43
bd_shs,98
bd_shs,79
bd_shs,24
bd_shs,37
bd_shs,14
bd_shs,24
bd_shs,115
bd_shs,93
bd_shs,22
bd_shs,7
bd_shs,40
bd_shs,43
bd_shs,69
bd_shs,7
bd_shs,158
bd_shs,34
bd_shs,16
bd_shs,149
bd_shs,58
bd_shs,21
bd_shs,44
bd_shs,26
bd_shs,21
bd_shs,5
bd_shs,3
bd_shs,91
bd_shs,9
bd_shs,21
bd_shs,57
bd_shs,26
bd_shs,15
bd_shs,10
bd_shs,17
bd_shs,8
bd_shs,13
bd_shs,91
bd_shs,2
bd_shs,18
bd_shs,6
bd_shs,23
bd_shs,17
bd_shs,17
bd_shs,524
bd_shs,62
bd_shs,29
bd_shs,60
bd_shs,25
bd_shs,9
bd_shs,9
bd_shs,9
bd_shs,29
bd_shs,6
bd_shs,55
bd_shs,32
bd_shs,23
bd_shs,21
bd_shs,40
bd_shs,81
bd_shs,28
bd_shs,12
bd_shs,11
bd_shs,6
bd_shs,24
bd_shs,9
bd_shs,20
bd_shs,23
bd_shs,23
bd_shs,16
bd_shs,44
bd_shs,30
bd_shs,31
bd_shs,24
bd_shs,69
bd_shs,6
bd_shs,18
bd_shs,19
bd_shs,44
bd_shs,96
bd_shs,187
bd_shs,120
bd_shs,76
bd_shs,48
bd_shs,17
bd_shs,25
bd_shs,103
bd_shs,66
bd_shs,170
bd_shs,46
bd_shs,42
bd_shs,251
bd_shs,32
bd_shs,53
bd_shs,32
bd_shs,20
bd_shs,13
bd_shs,3
bd_shs,9
bd_shs,147
bd_shs,9
bd_shs,7
bd_shs,18
bd_shs,8
bd_shs,10
bd_shs,109
bd_shs,71
bd_shs,18
bd_shs,22
bd_shs,10
bd_shs,70
bd_shs,14
bd_shs,109
bd_shs,15
bd_shs,21
bd_shs,40
bd_shs,22
bd_shs,69
bd_shs,10
bd_shs,14
bd_shs,17
bd_shs,15
bd_shs,8
bd_shs,16
bd_shs,61
bd_shs,6
bd_shs,40
bd_shs,4
bd_shs,21
bd_shs,8
bd_shs,28
bd_shs,18
bd_shs,16
bd_shs,101
bd_shs,14
bd_shs,24
bd_shs,27
bd_shs,28
bd_shs,31
bd_shs,43
bd_shs,66
bd_shs,25
bd_shs,51
bd_shs,33
bd_shs,63
bd_shs,32
bd_shs,10
bd_shs,29
bd_shs,36
bd_shs,25
bd_shs,20
bd_shs,11
bd_shs,109
bd_shs,17
bd_shs,15
bd_shs,14
bd_shs,16
bd_shs,36
bd_shs,18
bd_shs,33
bd_shs,23
bd_shs,12
bd_shs,84
bd_shs,53
bd_shs,12
bd_shs,22
bd_shs,232
bd_shs,33
bd_shs,31
bd_shs,23
bd_shs,18
bd_shs,56
bd_shs,28
bd_shs,9
bd_shs,69
bd_shs,80
bd_shs,19
bd_shs,18
bd_shs,82
bd_shs,15
bd_shs,27
bd_shs,22
bd_shs,10
bd_shs,91
bd_shs,29
bd_shs,17
bd_shs,102
bd_shs,14
bd_shs,123
bd_shs,146
bd_shs,9
bd_shs,85
bd_shs,42
bd_shs,8
bd_shs,22
bd_shs,15
bd_shs,30
bd_shs,34
bd_shs,37
bd_shs,33
bd_shs,106
bd_shs,32
bd_shs,40
bd_shs,36
bd_shs,12
bd_shs,26
bd_shs,5
bd_shs,24
bd_shs,15
bd_shs,17
bd_shs,8
bd_shs,22
bd_shs,11
bd_shs,96
bd_shs,44
bd_shs,16
bd_shs,104
bd_shs,63
bd_shs,117
bd_shs,52
bd_shs,134
bd_shs,10
bd_shs,50
bd_shs,36
bd_shs,26
bd_shs,21
bd_shs,381
bd_shs,100
bd_shs,12
bd_shs,32
bd_shs,72
bd_shs,80
bd_shs,15
bd_shs,25
bd_shs,395
bd_shs,41
bd_shs,7
bd_shs,69
bd_shs,84
bd_shs,37
bd_shs,13
bd_shs,59
bd_shs,13
bd_shs,37
bd_shs,11
bd_shs,13
bd_shs,27
bd_shs,11
bd_shs,45
bd_shs,88
bd_shs,50
bd_shs,11
bd_shs,41
bd_shs,5
bd_shs,9
bd_shs,13
bd_shs,6
bd_shs,92
bd_shs,21
bd_shs,23
bd_shs,30
bd_shs,36
bd_shs,34
bd_shs,44
bd_shs,13
bd_shs,23
bd_shs,18
bd_shs,74
bd_shs,574
bd_shs,39
bd_shs,84
bd_shs,133
bd_shs,10
bd_shs,34
bd_shs,67
bd_shs,8
bd_shs,8
bd_shs,7
bd_shs,116
bd_shs,25
bd_shs,4
bd_shs,8
bd_shs,38
bd_shs,49
bd_shs,14
bd_shs,44
bd_shs,33
bd_shs,36
bd_shs,7
bd_shs,21
bd_shs,20
bd_shs,41
bd_shs,64
bd_shs,35
bd_shs,19
bd_shs,11
bd_shs,38
bd_shs,23
bd_shs,26
bd_shs,17
bd_shs,4
bd_shs,48
bd_shs,50
bd_shs,19
bd_shs,392
bd_shs,67
bd_shs,38
bd_shs,29
bd_shs,35
bd_shs,59
bd_shs,11
bd_shs,18
bd_shs,23
bd_shs,62
bd_shs,17
bd_shs,76
bd_shs,16
bd_shs,15
bd_shs,46
bd_shs,18
bd_shs,24
bd_shs,56
bd_shs,17
bd_shs,60
bd_shs,17
bd_shs,19
bd_shs,17
bd_shs,21
bd_shs,12
bd_shs,25
bd_shs,22
bd_shs,22
bd_shs,11
bd_shs,27
bd_shs,24
bd_shs,47
bd_shs,12
bd_shs,11
bd_shs,26
bd_shs,12
bd_shs,30
bd_shs,32
bd_shs,20
bd_shs,58
bd_shs,48
bd_shs,14
bd_shs,16
bd_shs,21
bd_shs,12
bd_shs,38
bd_shs,19
bd_shs,22
bd_shs,15
bd_shs,62
bd_shs,12
bd_shs,13
bd_shs,52
bd_shs,23
bd_shs,14
bd_shs,12
bd_shs,16
bd_shs,8
bd_shs,26
bd_shs,27
bd_shs,45
bd_shs,20
bd_shs,9
bd_shs,43
bd_shs,57
bd_shs,43
bd_shs,21
bd_shs,11
bd_shs,18
bd_shs,76
bd_shs,19
bd_shs,25
bd_shs,18
bd_shs,35
bd_shs,44
bd_shs,35
bd_shs,63
bd_shs,63
bd_shs,84
bd_shs,37
bd_shs,107
bd_shs,65
bd_shs,10
bd_shs,11
bd_shs,14
bd_shs,23
bd_shs,46
bd_shs,69
bd_shs,17
bd_shs,7
bd_shs,172
bd_shs,23
bd_shs,433
bd_shs,17
bd_shs,18
bd_shs,47
bd_shs,30
bd_shs,31
bd_shs,59
bd_shs,91
bd_shs,26
bd_shs,210
bd_shs,14
bd_shs,28
bd_shs,3
bd_shs,19
bd_shs,6
bd_shs,272
bd_shs,3
bd_shs,12
bd_shs,14
bd_shs,106
bd_shs,7
bd_shs,42
bd_shs,6
bd_shs,7
bd_shs,28
bd_shs,23
bd_shs,10
bd_shs,15
bd_shs,6
bd_shs,470
bd_shs,287
bd_shs,32
bd_shs,10
bd_shs,8
bd_shs,46
bd_shs,51
bd_shs,39
bd_shs,30
bd_shs,62
bd_shs,7
bd_shs,40
bd_shs,32
bd_shs,38
bd_shs,46
bd_shs,34
bd_shs,23
bd_shs,81
bd_shs,7
bd_shs,16
bd_shs,20
bd_shs,78
bd_shs,93
bd_shs,18
bd_shs,59
bd_shs,78
bd_shs,21
bd_shs,15
bd_shs,38
bd_shs,48
bd_shs,13
bd_shs,40
bd_shs,26
bd_shs,22
bd_shs,79
bd_shs,8
bd_shs,9
bd_shs,28
bd_shs,175
bd_shs,151
bd_shs,43
bd_shs,75
bd_shs,73
bd_shs,34
bd_shs,130
bd_shs,38
bd_shs,27
bd_shs,48
bd_shs,55
bd_shs,85
bd_shs,62
bd_shs,7
bd_shs,21
bd_shs,69
bd_shs,33
bd_shs,38
bd_shs,119
bd_shs,39
bd_shs,65
bd_shs,73
bd_shs,13
bd_shs,13
bd_shs,41
bd_shs,29
bd_shs,61
bd_shs,27
bd_shs,29
bd_shs,24
bd_shs,5
bd_shs,37
bd_shs,41
bd_shs,69
bd_shs,16
bd_shs,8
bd_shs,43
bd_shs,65
bd_shs,69
bd_shs,45
bd_shs,20
bd_shs,21
bd_shs,22
bd_shs,67
bd_shs,16
bd_shs,9
bd_shs,8
bd_shs,18
bd_shs,82
bd_shs,92
bd_shs,107
bd_shs,73
bd_shs,28
bd_shs,13
bd_shs,84
bd_shs,11
bd_shs,131
bd_shs,23
bd_shs,73
bd_shs,43
bd_shs,49
bd_shs,15
bd_shs,18
bd_shs,69
bd_shs,21
bd_shs,13
bd_shs,35
bd_shs,32
bd_shs,142
bd_shs,65
bd_shs,159
bd_shs,97
bd_shs,40
bd_shs,56
bd_shs,40
bd_shs,93
bd_shs,21
bd_shs,71
bd_shs,8
bd_shs,32
bd_shs,32
bd_shs,81
bd_shs,37
bd_shs,28
bd_shs,56
bd_shs,42
bd_shs,234
bd_shs,24
bd_shs,95
bd_shs,11
bd_shs,39
bd_shs,16
bd_shs,20
bd_shs,66
bd_shs,37
bd_shs,29
bd_shs,41
bd_shs,7
bd_shs,97
bd_shs,50
bd_shs,33
bd_shs,25
bd_shs,12
bd_shs,77
bd_shs,12
bd_shs,26
bd_shs,41
bd_shs,53
bd_shs,10
bd_shs,22
bd_shs,15
bd_shs,9
bd_shs,67
bd_shs,10
bd_shs,18
bd_shs,19
bd_shs,36
bd_shs,28
bd_shs,21
bd_shs,27
bd_shs,49
bd_shs,29
bd_shs,41
bd_shs,51
bd_shs,43
bd_shs,25
bd_shs,31
bd_shs,32
bd_shs,88
bd_shs,19
bd_shs,14
bd_shs,8
bd_shs,372
bd_shs,54
bd_shs,19
bd_shs,47
bd_shs,31
bd_shs,35
bd_shs,25
bd_shs,19
bd_shs,9
bd_shs,65
bd_shs,29
bd_shs,29
bd_shs,57
bd_shs,51
bd_shs,22
bd_shs,52
bd_shs,53
bd_shs,132
bd_shs,20
bd_shs,40
bd_shs,22
bd_shs,25
bd_shs,13
bd_shs,27
bd_shs,35
bd_shs,54
bd_shs,100
bd_shs,40
bd_shs,53
bd_shs,15
bd_shs,58
bd_shs,63
bd_shs,14
bd_shs,93
bd_shs,98
bd_shs,20
bd_shs,51
bd_shs,77
bd_shs,29
bd_shs,372
bd_shs,12
bd_shs,15
bd_shs,48
bd_shs,17
bd_shs,31
bd_shs,88
bd_shs,146
bd_shs,106
bd_shs,40
bd_shs,57
bd_shs,13
bd_shs,40
bd_shs,37
bd_shs,96
bd_shs,312
bd_shs,77
bd_shs,11
bd_shs,19
bd_shs,52
bd_shs,68
bd_shs,54
bd_shs,9
bd_shs,16
bd_shs,6
bd_shs,9
bd_shs,27
bd_shs,31
bd_shs,68
bd_shs,43
bd_shs,23
bd_shs,14
bd_shs,33
bd_shs,19
bd_shs,16
bd_shs,26
bd_shs,383
bd_shs,20
bd_shs,12
bd_shs,52
bd_shs,10
bd_shs,7
bd_shs,49
bd_shs,156
bd_shs,12
bd_shs,12
bd_shs,7
bd_shs,32
bd_shs,11
bd_shs,16
bd_shs,68
bd_shs,33
bd_shs,14
bd_shs,41
bd_shs,29
bd_shs,6
bd_shs,64
bd_shs,62
bd_shs,13
bd_shs,13
bd_shs,14
bd_shs,13
bd_shs,6
bd_shs,93
bd_shs,43
bd_shs,34
bd_shs,43
bd_shs,35
bd_shs,11
bd_shs,14
bd_shs,66
bd_shs,28
bd_shs,24
bd_shs,15
bd_shs,16
bd_shs,21
bd_shs,14
bd_shs,37
bd_shs,16
bd_shs,9
bd_shs,10
bd_shs,94
bd_shs,11
bd_shs,28
bd_shs,11
bd_shs,24
bd_shs,39
bd_shs,22
bd_shs,12
bd_shs,16
bd_shs,10
bd_shs,58
bd_shs,36
bd_shs,18
bd_shs,11
bd_shs,10
bd_shs,12
bd_shs,17
bd_shs,52
bd_shs,27
bd_shs,14
bd_shs,29
bd_shs,38
bd_shs,12
bd_shs,55
bd_shs,12
bd_shs,12
bd_shs,12
bd_shs,13
bd_shs,36
bd_shs,12
bd_shs,13
bd_shs,20
bd_shs,72
bd_shs,60
bd_shs,14
bd_shs,21
bd_shs,23
bd_shs,76
bd_shs,27
bd_shs,24
bd_shs,17
bd_shs,64
bd_shs,31
bd_shs,22
bd_shs,16
bd_shs,24
bd_shs,52
bd_shs,9
bd_shs,10
bd_shs,14
bd_shs,111
bd_shs,5
bd_shs,9
bd_shs,32
bd_shs,61
bd_shs,28
bd_shs,40
bd_shs,20
bd_shs,9
bd_shs,6
bd_shs,45
bd_shs,20
bd_shs,12
bd_shs,13
bd_shs,12
bd_shs,16
bd_shs,6
bd_shs,13
bd_shs,7
bd_shs,36
bd_shs,7
bd_shs,13
bd_shs,17
bd_shs,6
bd_shs,38
bd_shs,10
bd_shs,23
bd_shs,13
bd_shs,53
bd_shs,28
bd_shs,25
bd_shs,9
bd_shs,7
bd_shs,23
bd_shs,20
bd_shs,12
bd_shs,13
bd_shs,19
bd_shs,36
bd_shs,53
bd_shs,26
bd_shs,11
bd_shs,9
bd_shs,11
bd_shs,14
bd_shs,30
bd_shs,44
bd_shs,40
bd_shs,25
bd_shs,70
bd_shs,32
bd_shs,52
bd_shs,16
bd_shs,71
bd_shs,58
bd_shs,17
bd_shs,14
bd_shs,19
bd_shs,17
bd_shs,48
bd_shs,90
bd_shs,12
bd_shs,63
bd_shs,42
bd_shs,24
bd_shs,22
bd_shs,9
bd_shs,71
bd_shs,19
bd_shs,8
bd_shs,28
bd_shs,77
bd_shs,21
bd_shs,12
bd_shs,11
bd_shs,13
bd_shs,26
bd_shs,83
bd_shs,19
bd_shs,103
bd_shs,136
bd_shs,101
bd_shs,19
bd_shs,19
bd_shs,68
bd_shs,75
bd_shs,6
bd_shs,24
bd_shs,41
bd_shs,42
bd_shs,40
bd_shs,121
bd_shs,7
bd_shs,92
bd_shs,52
bd_shs,10
bd_shs,12
bd_shs,15
bd_shs,39
bd_shs,9
bd_shs,31
bd_shs,12
bd_shs,13
bd_shs,286
bd_shs,37
bd_shs,17
bd_shs,13
bd_shs,18
bd_shs,8
bd_shs,33
bd_shs,9
bd_shs,14
bd_shs,30
bd_shs,10
bd_shs,15
bd_shs,39
bd_shs,28
bd_shs,22
bd_shs,18
bd_shs,15
bd_shs,16
bd_shs,15
bd_shs,5
bd_shs,41
bd_shs,36
bd_shs,39
bd_shs,93
bd_shs,41
bd_shs,47
bd_shs,12
bd_shs,13
bd_shs,41
bd_shs,12
bd_shs,57
bd_shs,79
bd_shs,97
bd_shs,32
bd_shs,18
bd_shs,94
bd_shs,51
bd_shs,24
bd_shs,36
bd_shs,37
bd_shs,9
bd_shs,47
bd_shs,18
bd_shs,17
bd_shs,15
bd_shs,72
bd_shs,20
bd_shs,142
bd_shs,21
bd_shs,104
bd_shs,20
bd_shs,18
bd_shs,15
bd_shs,18
bd_shs,44
bd_shs,90
bd_shs,13
bd_shs,57
bd_shs,65
bd_shs,9
bd_shs,10
bd_shs,136
bd_shs,89
bd_shs,127
bd_shs,48
bd_shs,31
bd_shs,39
bd_shs,266
bd_shs,26
bd_shs,72
bd_shs,24
bd_shs,74
bd_shs,25
bd_shs,12
bd_shs,9
bd_shs,17
bd_shs,8
bd_shs,5
bd_shs,48
bd_shs,23
bd_shs,7
bd_shs,60
bd_shs,16
bd_shs,124
bd_shs,55
bd_shs,30
bd_shs,13
bd_shs,39
bd_shs,10
bd_shs,26
bd_shs,41
bd_shs,15
bd_shs,54
bd_shs,31
bd_shs,42
bd_shs,12
bd_shs,27
bd_shs,22
bd_shs,34
bd_shs,41
bd_shs,60
bd_shs,26
bd_shs,34
bd_shs,35
bd_shs,111
bd_shs,19
bd_shs,144
bd_shs,69
bd_shs,120
bd_shs,39
bd_shs,48
bd_shs,17
bd_shs,87
bd_shs,25
bd_shs,11
bd_shs,18
bd_shs,40
bd_shs,36
bd_shs,112
bd_shs,41
bd_shs,32
bd_shs,25
bd_shs,16
bd_shs,32
bd_shs,29
bd_shs,41
bd_shs,38
bd_shs,54
bd_shs,57
bd_shs,61
bd_shs,242
bd_shs,31
bd_shs,120
bd_shs,41
bd_shs,152
bd_shs,106
bd_shs,29
bd_shs,26
bd_shs,45
bd_shs,121
bd_shs,50
bd_shs,72
bd_shs,110
bd_shs,18
bd_shs,25
bd_shs,43
bd_shs,12
bd_shs,14
bd_shs,18
bd_shs,21
bd_shs,21
bd_shs,23
bd_shs,17
bd_shs,19
bd_shs,42
bd_shs,17
bd_shs,108
bd_shs,12
bd_shs,13
bd_shs,38
bd_shs,107
bd_shs,20
bd_shs,26
bd_shs,28
bd_shs,71
bd_shs,48
bd_shs,113
bd_shs,113
bd_shs,40
bd_shs,32
bd_shs,68
bd_shs,70
bd_shs,50
bd_shs,28
bd_shs,27
bd_shs,24
bd_shs,17
bd_shs,33
bd_shs,44
bd_shs,12
bd_shs,28
bd_shs,48
bd_shs,34
bd_shs,8
bd_shs,12
bd_shs,8
bd_shs,35
bd_shs,29
bd_shs,24
bd_shs,5
bd_shs,12
bd_shs,16
bd_shs,33
bd_shs,14
bd_shs,38
bd_shs,6
bd_shs,51
bd_shs,69
bd_shs,53
bd_shs,172
bd_shs,17
bd_shs,289
bd_shs,58
bd_shs,21
bd_shs,56
bd_shs,65
bd_shs,8
bd_shs,13
bd_shs,12
bd_shs,37
bd_shs,38
bd_shs,104
bd_shs,15
bd_shs,46
bd_shs,13
bd_shs,12
bd_shs,11
bd_shs,26
bd_shs,16
bd_shs,23
bd_shs,26
bd_shs,26
bd_shs,18
bd_shs,26
bd_shs,126
bd_shs,23
bd_shs,10
bd_shs,28
bd_shs,67
bd_shs,11
bd_shs,33
bd_shs,84
bd_shs,152
bd_shs,66
bd_shs,20
bd_shs,27
bd_shs,106
bd_shs,13
bd_shs,108
bd_shs,53
bd_shs,30
bd_shs,60
bd_shs,34
bd_shs,43
bd_shs,86
bd_shs,45
bd_shs,85
bd_shs,36
bd_shs,43
bd_shs,41
bd_shs,25
bd_shs,22
bd_shs,16
bd_shs,38
bd_shs,6
bd_shs,44
bd_shs,19
bd_shs,18
bd_shs,218
bd_shs,29
bd_shs,18
bd_shs,25
bd_shs,83
bd_shs,50
bd_shs,15
bd_shs,10
bd_shs,63
bd_shs,13
bd_shs,50
bd_shs,218
bd_shs,17
bd_shs,15
bd_shs,97
bd_shs,33
bd_shs,63
bd_shs,8
bd_shs,31
bd_shs,69
bd_shs,165
bd_shs,9
bd_shs,14
bd_shs,9
bd_shs,7
bd_shs,68
bd_shs,5
bd_shs,25
bd_shs,30
bd_shs,16
bd_shs,7
bd_shs,5
bd_shs,17
bd_shs,16
bd_shs,6
bd_shs,11
bd_shs,19
bd_shs,17
bd_shs,38
bd_shs,14
bd_shs,9
bd_shs,45
bd_shs,19
bd_shs,10
bd_shs,79
bd_shs,10
bd_shs,46
bd_shs,19
bd_shs,51
bd_shs,10
bd_shs,5
bd_shs,44
bd_shs,22
bd_shs,12
bd_shs,15
bd_shs,19
bd_shs,7
bd_shs,13
bd_shs,18
bd_shs,25
bd_shs,17
bd_shs,20
bd_shs,15
bd_shs,15
bd_shs,15
bd_shs,19
bd_shs,48
bd_shs,18
bd_shs,14
bd_shs,20
bd_shs,26
bd_shs,58
bd_shs,42
bd_shs,146
bd_shs,17
bd_shs,25
bd_shs,47
bd_shs,24
bd_shs,15
bd_shs,14
bd_shs,21
bd_shs,30
bd_shs,23
bd_shs,32
bd_shs,12
bd_shs,15
bd_shs,36
bd_shs,60
bd_shs,24
bd_shs,31
bd_shs,29
bd_shs,30
bd_shs,37
bd_shs,63
bd_shs,16
bd_shs,19
bd_shs,13
bd_shs,18
bd_shs,95
bd_shs,16
bd_shs,42
bd_shs,44
bd_shs,22
bd_shs,16
bd_shs,31
bd_shs,41
bd_shs,78
bd_shs,39
bd_shs,25
bd_shs,12
bd_shs,119
bd_shs,72
bd_shs,53
bd_shs,40
bd_shs,66
bd_shs,47
bd_shs,15
bd_shs,136
bd_shs,40
bd_shs,15
bd_shs,61
bd_shs,75
bd_shs,16
bd_shs,8
bd_shs,13
bd_shs,12
bd_shs,51
bd_shs,11
bd_shs,16
bd_shs,69
bd_shs,46
bd_shs,28
bd_shs,28
bd_shs,40
bd_shs,1224
bd_shs,22
bd_shs,84
bd_shs,73
bd_shs,6
bd_shs,22
bd_shs,118
bd_shs,145
bd_shs,24
bd_shs,103
bd_shs,23
bd_shs,116
bd_shs,28
bd_shs,28
bd_shs,19
bd_shs,15
bd_shs,13
bd_shs,49
bd_shs,23
bd_shs,17
bd_shs,22
bd_shs,18
bd_shs,17
bd_shs,10
bd_shs,6
bd_shs,40
bd_shs,105
bd_shs,15
bd_shs,13
bd_shs,45
bd_shs,46
bd_shs,18
bd_shs,20
bd_shs,26
bd_shs,14
bd_shs,46
bd_shs,22
bd_shs,10
bd_shs,74
bd_shs,12
bd_shs,98
bd_shs,86
bd_shs,25
bd_shs,17
bd_shs,107
bd_shs,45
bd_shs,68
bd_shs,12
bd_shs,37
bd_shs,6
bd_shs,39
bd_shs,20
bd_shs,62
bd_shs,12
bd_shs,10
bd_shs,15
bd_shs,19
bd_shs,20
bd_shs,59
bd_shs,7
bd_shs,18
bd_shs,30
bd_shs,46
bd_shs,28
bd_shs,64
bd_shs,35
bd_shs,25
bd_shs,44
bd_shs,23
bd_shs,21
bd_shs,23
bd_shs,20
bd_shs,22
bd_shs,31
bd_shs,37
bd_shs,17
bd_shs,10
bd_shs,33
bd_shs,12
bd_shs,9
bd_shs,10
bd_shs,47
bd_shs,15
bd_shs,8
bd_shs,15
bd_shs,8
bd_shs,82
bd_shs,55
bd_shs,31
bd_shs,39
bd_shs,23
bd_shs,247
bd_shs,34
bd_shs,12
bd_shs,53
bd_shs,16
bd_shs,88
bd_shs,31
bd_shs,35
bd_shs,67
bd_shs,40
bd_shs,19
bd_shs,9
bd_shs,86
bd_shs,17
bd_shs,168
bd_shs,45
bd_shs,156
bd_shs,9
bd_shs,46
bd_shs,22
bd_shs,145
bd_shs,46
bd_shs,43
bd_shs,77
bd_shs,46
bd_shs,19
bd_shs,10
bd_shs,79
bd_shs,19
bd_shs,23
bd_shs,23
bd_shs,14
bd_shs,8
bd_shs,21
bd_shs,13
bd_shs,22
bd_shs,25
bd_shs,46
bd_shs,41
bd_shs,15
bd_shs,9
bd_shs,12
bd_shs,55
bd_shs,572
bd_shs,67
bd_shs,81
bd_shs,68
bd_shs,54
bd_shs,65
bd_shs,35
bd_shs,13
bd_shs,194
bd_shs,13
bd_shs,18
bd_shs,41
bd_shs,84
bd_shs,17
bd_shs,72
bd_shs,19
bd_shs,38
bd_shs,11
bd_shs,16
bd_shs,75
bd_shs,15
bd_shs,20
bd_shs,18
bd_shs,11
bd_shs,22
bd_shs,17
bd_shs,15
bd_shs,22
bd_shs,42
bd_shs,30
bd_shs,32
bd_shs,38
bd_shs,11
bd_shs,18
bd_shs,9
bd_shs,11
bd_shs,9
bd_shs,61
bd_shs,16
bd_shs,17
bd_shs,75
bd_shs,30
bd_shs,40
bd_shs,70
bd_shs,13
bd_shs,40
bd_shs,25
bd_shs,70
bd_shs,5
bd_shs,16
bd_shs,18
bd_shs,554
bd_shs,131
bd_shs,28
bd_shs,21
bd_shs,99
bd_shs,11
bd_shs,43
bd_shs,14
bd_shs,18
bd_shs,15
bd_shs,32
bd_shs,15
bd_shs,20
bd_shs,39
bd_shs,23
bd_shs,18
bd_shs,91
bd_shs,14
bd_shs,21
bd_shs,14
bd_shs,16
bd_shs,13
bd_shs,25
bd_shs,30
bd_shs,79
bd_shs,27
bd_shs,11
bd_shs,25
bd_shs,14
bd_shs,22
bd_shs,15
bd_shs,28
bd_shs,27
bd_shs,32
bd_shs,23
bd_shs,23
bd_shs,68
bd_shs,16
bd_shs,11
bd_shs,27
bd_shs,24
bd_shs,37
bd_shs,21
bd_shs,20
bd_shs,57
bd_shs,52
bd_shs,14
bd_shs,27
bd_shs,51
bd_shs,111
bd_shs,17
bd_shs,32
bd_shs,30
bd_shs,55
bd_shs,14
bd_shs,22
bd_shs,21
bd_shs,27
bd_shs,21
bd_shs,49
bd_shs,20
bd_shs,35
bd_shs,52
bd_shs,18
bd_shs,7
bd_shs,23
bd_shs,29
bd_shs,21
bd_shs,25
bd_shs,21
bd_shs,22
bd_shs,26
bd_shs,60
bd_shs,21
bd_shs,35
bd_shs,24
bd_shs,52
bd_shs,13
bd_shs,34
bd_shs,64
bd_shs,26
bd_shs,28
bd_shs,17
bd_shs,39
bd_shs,97
bd_shs,18
bd_shs,10
bd_shs,24
bd_shs,32
bd_shs,32
bd_shs,10
bd_shs,10
bd_shs,16
bd_shs,25
bd_shs,25
bd_shs,96
bd_shs,42
bd_shs,30
bd_shs,10
bd_shs,9
bd_shs,19
bd_shs,13
bd_shs,19
bd_shs,18
bd_shs,32
bd_shs,22
bd_shs,18
bd_shs,142
bd_shs,53
bd_shs,25
bd_shs,44
bd_shs,23
bd_shs,23
bd_shs,13
bd_shs,14
bd_shs,21
bd_shs,15
bd_shs,37
bd_shs,10
bd_shs,14
bd_shs,93
bd_shs,6
bd_shs,40
bd_shs,15
bd_shs,57
bd_shs,46
bd_shs,16
bd_shs,21
bd_shs,19
bd_shs,31
bd_shs,19
bd_shs,17
bd_shs,36
bd_shs,52
bd_shs,60
bd_shs,18
bd_shs,30
bd_shs,10
bd_shs,10
bd_shs,110
bd_shs,17
bd_shs,22
bd_shs,9
bd_shs,17
bd_shs,54
bd_shs,45
bd_shs,22
bd_shs,11
bd_shs,10
bd_shs,61
bd_shs,7
bd_shs,24
bd_shs,55
bd_shs,16
bd_shs,126
bd_shs,18
bd_shs,27
bd_shs,34
bd_shs,60
bd_shs,56
bd_shs,53
bd_shs,90
bd_shs,65
bd_shs,19
bd_shs,39
bd_shs,36
bd_shs,41
bd_shs,33
bd_shs,49
bd_shs,33
bd_shs,46
bd_shs,52
bd_shs,17
bd_shs,116
bd_shs,16
bd_shs,11
bd_shs,22
bd_shs,6
bd_shs,11
bd_shs,13
bd_shs,14
bd_shs,34
bd_shs,56
bd_shs,33
bd_shs,72
bd_shs,37
bd_shs,7
bd_shs,38
bd_shs,37
bd_shs,27
bd_shs,44
bd_shs,28
bd_shs,48
bd_shs,10
bd_shs,7
bd_shs,25
bd_shs,68
bd_shs,10
bd_shs,6
bd_shs,7
bd_shs,10
bd_shs,10
bd_shs,56
bd_shs,76
bd_shs,157
bd_shs,26
bd_shs,7
bd_shs,22
bd_shs,10
bd_shs,35
bd_shs,15
bd_shs,15
bd_shs,184
bd_shs,45
bd_shs,103
bd_shs,63
bd_shs,41
bd_shs,23
bd_shs,34
bd_shs,108
bd_shs,20
bd_shs,29
bd_shs,11
bd_shs,20
bd_shs,18
bd_shs,27
bd_shs,17
bd_shs,22
bd_shs,28
bd_shs,161
bd_shs,48
bd_shs,18
bd_shs,36
bd_shs,67
bd_shs,48
bd_shs,60
bd_shs,92
bd_shs,22
bd_shs,28
bd_shs,53
bd_shs,19
bd_shs,38
bd_shs,179
bd_shs,111
bd_shs,78
bd_shs,124
bd_shs,33
bd_shs,34
bd_shs,36
bd_shs,155
bd_shs,46
bd_shs,57
bd_shs,108
bd_shs,39
bd_shs,21
bd_shs,21
bd_shs,67
bd_shs,14
bd_shs,15
bd_shs,21
bd_shs,60
bd_shs,14
bd_shs,25
bd_shs,48
bd_shs,75
bd_shs,133
bd_shs,61
bd_shs,23
bd_shs,29
bd_shs,14
bd_shs,45
bd_shs,75
bd_shs,45
bd_shs,11
bd_shs,23
bd_shs,64
bd_shs,82
bd_shs,143
bd_shs,25
bd_shs,10
bd_shs,122
bd_shs,21
bd_shs,37
bd_shs,52
bd_shs,18
bd_shs,17
bd_shs,36
bd_shs,10
bd_shs,21
bd_shs,12
bd_shs,12
bd_shs,17
bd_shs,28
bd_shs,29
bd_shs,26
bd_shs,11
bd_shs,13
bd_shs,11
bd_shs,11
bd_shs,9
bd_shs,9
bd_shs,9
bd_shs,11
bd_shs,9
bd_shs,17
bd_shs,8
bd_shs,15
bd_shs,22
bd_shs,15
bd_shs,20
bd_shs,55
bd_shs,21
bd_shs,9
bd_shs,16
bd_shs,13
bd_shs,15
bd_shs,13
bd_shs,113
bd_shs,25
bd_shs,35
bd_shs,66
bd_shs,12
bd_shs,8
bd_shs,15
bd_shs,150
bd_shs,45
bd_shs,39
bd_shs,12
bd_shs,181
bd_shs,12
bd_shs,26
bd_shs,9
bd_shs,5
bd_shs,46
bd_shs,31
bd_shs,22
bd_shs,140
bd_shs,20
bd_shs,29
bd_shs,44
bd_shs,132
bd_shs,54
bd_shs,12
bd_shs,90
bd_shs,36
bd_shs,8
bd_shs,49
bd_shs,10
bd_shs,135
bd_shs,14
bd_shs,36
bd_shs,27
bd_shs,16
bd_shs,10
bd_shs,22
bd_shs,79
bd_shs,33
bd_shs,15
bd_shs,77
bd_shs,84
bd_shs,20
bd_shs,45
bd_shs,20
bd_shs,22
bd_shs,14
bd_shs,25
bd_shs,30
bd_shs,46
bd_shs,24
bd_shs,41
bd_shs,13
bd_shs,61
bd_shs,16
bd_shs,11
bd_shs,20
bd_shs,136
bd_shs,7
bd_shs,15
bd_shs,44
bd_shs,13
bd_shs,13
bd_shs,29
bd_shs,34
bd_shs,49
bd_shs,69
bd_shs,3
bd_shs,7
bd_shs,14
bd_shs,7
bd_shs,15
bd_shs,7
bd_shs,32
bd_shs,26
bd_shs,49
bd_shs,11
bd_shs,161
bd_shs,7
bd_shs,50
bd_shs,16
bd_shs,36
bd_shs,24
bd_shs,23
bd_shs,24
bd_shs,30
bd_shs,36
bd_shs,4
bd_shs,32
bd_shs,34
bd_shs,111
bd_shs,17
bd_shs,23
bd_shs,9
bd_shs,17
bd_shs,13
bd_shs,12
bd_shs,23
bd_shs,25
bd_shs,5
bd_shs,26
bd_shs,26
bd_shs,31
bd_shs,36
bd_shs,24
bd_shs,98
bd_shs,165
bd_shs,29
bd_shs,28
bd_shs,20
bd_shs,53
bd_shs,33
bd_shs,31
bd_shs,28
bd_shs,19
bd_shs,9
bd_shs,56
bd_shs,40
bd_shs,20
bd_shs,26
bd_shs,28
bd_shs,96
bd_shs,55
bd_shs,20
bd_shs,43
bd_shs,18
bd_shs,21
bd_shs,49
bd_shs,107
bd_shs,23
bd_shs,133
bd_shs,58
bd_shs,25
bd_shs,175
bd_shs,27
bd_shs,33
bd_shs,29
bd_shs,21
bd_shs,24
bd_shs,8
bd_shs,14
bd_shs,66
bd_shs,12
bd_shs,171
bd_shs,7
bd_shs,39
bd_shs,23
bd_shs,9
bd_shs,39
bd_shs,12
bd_shs,12
bd_shs,65
bd_shs,9
bd_shs,16
bd_shs,66
bd_shs,5
bd_shs,8
bd_shs,12
bd_shs,31
bd_shs,32
bd_shs,14
bd_shs,20
bd_shs,15
bd_shs,12
bd_shs,38
bd_shs,16
bd_shs,68
bd_shs,28
bd_shs,17
bd_shs,33
bd_shs,6
bd_shs,61
bd_shs,50
bd_shs,37
bd_shs,13
bd_shs,34
bd_shs,50
bd_shs,23
bd_shs,77
bd_shs,89
bd_shs,23
bd_shs,29
bd_shs,22
bd_shs,20
bd_shs,59
bd_shs,30
bd_shs,12
bd_shs,31
bd_shs,19
bd_shs,14
bd_shs,31
bd_shs,27
bd_shs,111
bd_shs,57
bd_shs,88
bd_shs,70
bd_shs,29
bd_shs,21
bd_shs,27
bd_shs,68
bd_shs,54
bd_shs,108
bd_shs,42
bd_shs,15
bd_shs,41
bd_shs,19
bd_shs,91
bd_shs,25
bd_shs,33
bd_shs,145
bd_shs,29
bd_shs,15
bd_shs,13
bd_shs,132
bd_shs,15
bd_shs,6
bd_shs,31
bd_shs,84
bd_shs,14
bd_shs,18
bd_shs,56
bd_shs,31
bd_shs,20
bd_shs,7
bd_shs,49
bd_shs,35
bd_shs,8
bd_shs,24
bd_shs,11
bd_shs,25
bd_shs,25
bd_shs,25
bd_shs,7
bd_shs,27
bd_shs,15
bd_shs,6
bd_shs,59
bd_shs,39
bd_shs,23
bd_shs,29
bd_shs,57
bd_shs,78
bd_shs,115
bd_shs,37
bd_shs,29
bd_shs,209
bd_shs,269
bd_shs,15
bd_shs,44
bd_shs,35
bd_shs,47
bd_shs,29
bd_shs,19
bd_shs,112
bd_shs,13
bd_shs,49
bd_shs,19
bd_shs,60
bd_shs,164
bd_shs,125
bd_shs,29
bd_shs,104
bd_shs,44
bd_shs,123
bd_shs,158
bd_shs,79
bd_shs,18
bd_shs,105
bd_shs,38
bd_shs,46
bd_shs,29
bd_shs,37
bd_shs,138
bd_shs,179
bd_shs,110
bd_shs,93
bd_shs,141
bd_shs,119
bd_shs,64
bd_shs,158
bd_shs,34
bd_shs,175
bd_shs,172
bd_shs,32
bd_shs,47
bd_shs,21
bd_shs,478
bd_shs,66
bd_shs,79
bd_shs,96
bd_shs,87
bd_shs,18
bd_shs,25
bd_shs,62
bd_shs,58
bd_shs,212
bd_shs,28
bd_shs,207
bd_shs,30
bd_shs,46
bd_shs,127
bd_shs,60
bd_shs,40
bd_shs,20
bd_shs,23
bd_shs,158
bd_shs,87
bd_shs,16
bd_shs,263
bd_shs,193
bd_shs,75
bd_shs,18
bd_shs,7
bd_shs,171
bd_shs,48
bd_shs,19
bd_shs,7
bd_shs,23
bd_shs,15
bd_shs,40
bd_shs,40
bd_shs,8
bd_shs,29
bd_shs,30
bd_shs,115
bd_shs,24
bd_shs,35
bd_shs,8
bd_shs,8
bd_shs,10
bd_shs,13
bd_shs,26
bd_shs,42
bd_shs,14
bd_shs,99
bd_shs,109
bd_shs,23
bd_shs,10
bd_shs,41
bd_shs,8
bd_shs,149
bd_shs,13
bd_shs,27
bd_shs,28
bd_shs,9
bd_shs,14
bd_shs,112
bd_shs,77
bd_shs,18
bd_shs,30
bd_shs,89
bd_shs,12
bd_shs,24
bd_shs,15
bd_shs,54
bd_shs,52
bd_shs,11
bd_shs,51
bd_shs,98
bd_shs,36
bd_shs,20
bd_shs,6
bd_shs,20
bd_shs,14
bd_shs,11
bd_shs,21
bd_shs,19
bd_shs,31
bd_shs,30
bd_shs,10
bd_shs,10
bd_shs,26
bd_shs,10
bd_shs,35
bd_shs,44
bd_shs,10
bd_shs,11
bd_shs,34
bd_shs,47
bd_shs,50
bd_shs,9
bd_shs,48
bd_shs,20
bd_shs,44
bd_shs,20
bd_shs,17
bd_shs,55
bd_shs,53
bd_shs,7
bd_shs,39
bd_shs,8
bd_shs,10
bd_shs,26
bd_shs,53
bd_shs,20
bd_shs,11
bd_shs,58
bd_shs,9
bd_shs,26
bd_shs,15
bd_shs,35
bd_shs,7
bd_shs,10
bd_shs,32
bd_shs,55
bd_shs,24
bd_shs,39
bd_shs,23
bd_shs,32
bd_shs,20
bd_shs,18
bd_shs,12
bd_shs,19
bd_shs,12
bd_shs,8
bd_shs,10
bd_shs,14
bd_shs,15
bd_shs,30
bd_shs,6
bd_shs,32
bd_shs,19
bd_shs,23
bd_shs,14
bd_shs,110
bd_shs,14
bd_shs,19
bd_shs,7
bd_shs,6
bd_shs,20
bd_shs,357
bd_shs,5
bd_shs,84
bd_shs,76
bd_shs,63
bd_shs,32
bd_shs,117
bd_shs,48
bd_shs,62
bd_shs,7
bd_shs,50
bd_shs,174
bd_shs,16
bd_shs,14
bd_shs,15
bd_shs,13
bd_shs,14
bd_shs,34
bd_shs,15
bd_shs,42
bd_shs,16
bd_shs,144
bd_shs,26
bd_shs,22
bd_shs,55
bd_shs,36
bd_shs,32
bd_shs,136
bd_shs,18
bd_shs,160
bd_shs,17
bd_shs,28
bd_shs,12
bd_shs,12
bd_shs,40
bd_shs,27
bd_shs,20
bd_shs,26
bd_shs,20
bd_shs,18
bd_shs,19
bd_shs,28
bd_shs,26
bd_shs,90
bd_shs,14
bd_shs,40
bd_shs,12
bd_shs,23
bd_shs,48
bd_shs,59
bd_shs,28
bd_shs,44
bd_shs,44
bd_shs,29
bd_shs,21
bd_shs,58
bd_shs,28
bd_shs,82
bd_shs,25
bd_shs,23
bd_shs,81
bd_shs,79
bd_shs,21
bd_shs,34
bd_shs,57
bd_shs,38
bd_shs,13
bd_shs,20
bd_shs,13
bd_shs,23
bd_shs,13
bd_shs,19
bd_shs,41
bd_shs,9
bd_shs,22
bd_shs,29
bd_shs,21
bd_shs,45
bd_shs,90
bd_shs,57
bd_shs,100
bd_shs,57
bd_shs,44
bd_shs,44
bd_shs,336
bd_shs,57
bd_shs,46
bd_shs,56
bd_shs,122
bd_shs,33
bd_shs,44
bd_shs,31
bd_shs,28
bd_shs,36
bd_shs,21
bd_shs,16
bd_shs,73
bd_shs,114
bd_shs,18
bd_shs,8
bd_shs,16
bd_shs,33
bd_shs,38
bd_shs,97
bd_shs,109
bd_shs,53
bd_shs,83
bd_shs,21
bd_shs,103
bd_shs,71
bd_shs,7
bd_shs,16
bd_shs,9
bd_shs,69
bd_shs,5
bd_shs,73
bd_shs,6
bd_shs,84
bd_shs,10
bd_shs,20
bd_shs,14
bd_shs,41
bd_shs,21
bd_shs,49
bd_shs,7
bd_shs,15
bd_shs,65
bd_shs,42
bd_shs,62
bd_shs,45
bd_shs,31
bd_shs,25
bd_shs,78
bd_shs,42
bd_shs,21
bd_shs,11
bd_shs,27
bd_shs,8
bd_shs,87
bd_shs,62
bd_shs,8
bd_shs,13
bd_shs,13
bd_shs,11
bd_shs,38
bd_shs,16
bd_shs,22
bd_shs,99
bd_shs,45
bd_shs,8
bd_shs,29
bd_shs,36
bd_shs,20
bd_shs,20
bd_shs,7
bd_shs,31
bd_shs,49
bd_shs,71
bd_shs,31
bd_shs,80
bd_shs,88
bd_shs,45
bd_shs,30
bd_shs,52
bd_shs,123
bd_shs,102
bd_shs,17
bd_shs,43
bd_shs,9
bd_shs,131
bd_shs,7
bd_shs,9
bd_shs,27
bd_shs,10
bd_shs,68
bd_shs,10
bd_shs,16
bd_shs,16
bd_shs,7
bd_shs,18
bd_shs,59
bd_shs,12
bd_shs,48
bd_shs,44
bd_shs,16
bd_shs,7
bd_shs,27
bd_shs,16
bd_shs,21
bd_shs,91
bd_shs,10
bd_shs,8
bd_shs,39
bd_shs,69
bd_shs,11
bd_shs,19
bd_shs,33
bd_shs,4
bd_shs,8
bd_shs,9
bd_shs,6
bd_shs,4
bd_shs,9
bd_shs,16
bd_shs,49
bd_shs,43
bd_shs,35
bd_shs,118
bd_shs,49
bd_shs,38
bd_shs,10
bd_shs,125
bd_shs,33
bd_shs,21
bd_shs,6
bd_shs,12
bd_shs,38
bd_shs,33
bd_shs,74
bd_shs,58
bd_shs,47
bd_shs,17
bd_shs,5
bd_shs,27
bd_shs,17
bd_shs,48
bd_shs,18
bd_shs,20
bd_shs,177
bd_shs,77
bd_shs,19
bd_shs,8
bd_shs,13
bd_shs,5
bd_shs,33
bd_shs,17
bd_shs,68
bd_shs,54
bd_shs,6
bd_shs,19
bd_shs,124
bd_shs,16
bd_shs,5
bd_shs,20
bd_shs,20
bd_shs,11
bd_shs,11
bd_shs,24
bd_shs,35
bd_shs,49
bd_shs,13
bd_shs,12
bd_shs,48
bd_shs,25
bd_shs,11
bd_shs,6
bd_shs,54
bd_shs,310
bd_shs,10
bd_shs,9
bd_shs,25
bd_shs,38
bd_shs,84
bd_shs,36
bd_shs,38
bd_shs,74
bd_shs,62
bd_shs,76
bd_shs,60
bd_shs,81
bd_shs,62
bd_shs,22
bd_shs,56
bd_shs,93
bd_shs,97
bd_shs,28
bd_shs,111
bd_shs,135
bd_shs,99
bd_shs,31
bd_shs,21
bd_shs,40
bd_shs,55
bd_shs,57
bd_shs,98
bd_shs,172
bd_shs,99
bd_shs,38
bd_shs,30
bd_shs,67
bd_shs,30
bd_shs,80
bd_shs,34
bd_shs,180
bd_shs,84
bd_shs,137
bd_shs,41
bd_shs,53
bd_shs,83
bd_shs,304
bd_shs,125
bd_shs,54
bd_shs,19
bd_shs,20
bd_shs,30
bd_shs,28
bd_shs,32
bd_shs,91
bd_shs,24
bd_shs,24
bd_shs,30
bd_shs,54
bd_shs,78
bd_shs,48
bd_shs,93
bd_shs,43
bd_shs,35
bd_shs,44
bd_shs,65
bd_shs,72
bd_shs,85
bd_shs,31
bd_shs,132
bd_shs,40
bd_shs,41
bd_shs,37
bd_shs,65
bd_shs,170
bd_shs,69
bd_shs,56
bd_shs,38
bd_shs,247
bd_shs,249
bd_shs,21
bd_shs,45
bd_shs,138
bd_shs,35
bd_shs,115
bd_shs,35
bd_shs,64
bd_shs,51
bd_shs,40
bd_shs,46
bd_shs,39
bd_shs,100
bd_shs,221
bd_shs,95
bd_shs,62
bd_shs,93
bd_shs,127
bd_shs,20
bd_shs,29
bd_shs,49
bd_shs,32
bd_shs,97
bd_shs,32
bd_shs,9
bd_shs,148
bd_shs,68
bd_shs,754
bd_shs,140
bd_shs,26
bd_shs,36
bd_shs,364
bd_shs,38
bd_shs,38
bd_shs,75
bd_shs,19
bd_shs,43
bd_shs,13
bd_shs,12
bd_shs,46
bd_shs,10
bd_shs,88
bd_shs,229
bd_shs,199
bd_shs,179
bd_shs,34
bd_shs,30
bd_shs,73
bd_shs,59
bd_shs,14
bd_shs,28
bd_shs,47
bd_shs,26
bd_shs,16
bd_shs,21
bd_shs,16
bd_shs,79
bd_shs,67
bd_shs,30
bd_shs,8
bd_shs,38
bd_shs,24
bd_shs,61
bd_shs,16
bd_shs,23
bd_shs,65
bd_shs,23
bd_shs,11
bd_shs,17
bd_shs,39
bd_shs,85
bd_shs,98
bd_shs,93
bd_shs,66
bd_shs,14
bd_shs,29
bd_shs,19
bd_shs,7
bd_shs,48
bd_shs,175
bd_shs,104
bd_shs,27
bd_shs,59
bd_shs,57
bd_shs,149
bd_shs,23
bd_shs,17
bd_shs,58
bd_shs,147
bd_shs,39
bd_shs,138
bd_shs,72
bd_shs,30
bd_shs,24
bd_shs,18
bd_shs,41
bd_shs,23
bd_shs,48
bd_shs,17
bd_shs,64
bd_shs,86
bd_shs,82
bd_shs,91
bd_shs,76
bd_shs,29
bd_shs,16
bd_shs,13
bd_shs,41
bd_shs,34
bd_shs,87
bd_shs,76
bd_shs,183
bd_shs,66
bd_shs,53
bd_shs,42
bd_shs,85
bd_shs,25
bd_shs,52
bd_shs,163
bd_shs,52
bd_shs,52
bd_shs,99
bd_shs,12
bd_shs,33
bd_shs,19
bd_shs,15
bd_shs,3
bd_shs,13
bd_shs,142
bd_shs,17
bd_shs,20
bd_shs,115
bd_shs,71
bd_shs,43
bd_shs,13
bd_shs,20
bd_shs,48
bd_shs,63
bd_shs,416
bd_shs,12
bd_shs,6
bd_shs,5
bd_shs,17
bd_shs,5
bd_shs,11
bd_shs,8
bd_shs,7
bd_shs,7
bd_shs,34
bd_shs,11
bd_shs,16
bd_shs,14
bd_shs,75
bd_shs,19
bd_shs,20
bd_shs,6
bd_shs,49
bd_shs,54
bd_shs,15
bd_shs,15
bd_shs,33
bd_shs,63
bd_shs,36
bd_shs,7
bd_shs,50
bd_shs,33
bd_shs,126
bd_shs,79
bd_shs,11
bd_shs,13
bd_shs,25
bd_shs,102
bd_shs,33
bd_shs,40
bd_shs,40
bd_shs,54
bd_shs,13
bd_shs,41
bd_shs,28
bd_shs,52
bd_shs,21
bd_shs,20
bd_shs,47
bd_shs,43
bd_shs,31
bd_shs,30
bd_shs,39
bd_shs,36
bd_shs,124
bd_shs,27
bd_shs,39
bd_shs,46
bd_shs,106
bd_shs,21
bd_shs,50
bd_shs,75
bd_shs,10
bd_shs,22
bd_shs,46
bd_shs,67
bd_shs,37
bd_shs,57
bd_shs,23
bd_shs,40
bd_shs,13
bd_shs,35
bd_shs,58
bd_shs,32
bd_shs,30
bd_shs,16
bd_shs,76
bd_shs,20
bd_shs,87
bd_shs,14
bd_shs,52
bd_shs,7
bd_shs,26
bd_shs,89
bd_shs,75
bd_shs,44
bd_shs,317
bd_shs,9
bd_shs,45
bd_shs,28
bd_shs,79
bd_shs,8
bd_shs,6
bd_shs,13
bd_shs,33
bd_shs,15
bd_shs,31
bd_shs,22
bd_shs,6
bd_shs,9
bd_shs,29
bd_shs,6
bd_shs,18
bd_shs,13
bd_shs,19
bd_shs,16
bd_shs,9
bd_shs,35
bd_shs,42
bd_shs,39
bd_shs,27
bd_shs,20
bd_shs,73
bd_shs,11
bd_shs,6
bd_shs,28
bd_shs,28
bd_shs,18
bd_shs,17
bd_shs,23
bd_shs,10
bd_shs,30
bd_shs,57
bd_shs,26
bd_shs,20
bd_shs,22
bd_shs,71
bd_shs,16
bd_shs,18
bd_shs,14
bd_shs,6
bd_shs,16
bd_shs,142
bd_shs,20
bd_shs,11
bd_shs,30
bd_shs,43
bd_shs,170
bd_shs,16
bd_shs,30
bd_shs,10
bd_shs,20
bd_shs,11
bd_shs,30
bd_shs,38
bd_shs,74
bd_shs,55
bd_shs,20
bd_shs,65
bd_shs,35
bd_shs,35
bd_shs,23
bd_shs,15
bd_shs,9
bd_shs,9
bd_shs,6
bd_shs,13
bd_shs,13
bd_shs,6
bd_shs,14
bd_shs,20
bd_shs,13
bd_shs,43
bd_shs,24
bd_shs,38
bd_shs,28
bd_shs,28
bd_shs,45
bd_shs,16
bd_shs,42
bd_shs,6
bd_shs,15
bd_shs,5
bd_shs,15
bd_shs,13
bd_shs,48
bd_shs,62
bd_shs,20
bd_shs,47
bd_shs,8
bd_shs,6
bd_shs,36
bd_shs,80
bd_shs,13
bd_shs,41
bd_shs,23
bd_shs,11
bd_shs,10
bd_shs,15
bd_shs,21
bd_shs,20
bd_shs,38
bd_shs,8
bd_shs,6
bd_shs,59
bd_shs,24
bd_shs,18
bd_shs,17
bd_shs,12
bd_shs,3
bd_shs,6
bd_shs,63
bd_shs,49
bd_shs,109
bd_shs,33
bd_shs,17
bd_shs,28
bd_shs,11
bd_shs,32
bd_shs,56
bd_shs,16
bd_shs,13
bd_shs,48
bd_shs,72
bd_shs,19
bd_shs,19
bd_shs,21
bd_shs,10
bd_shs,14
bd_shs,6
bd_shs,20
bd_shs,31
bd_shs,23
bd_shs,166
bd_shs,37
bd_shs,9
bd_shs,43
bd_shs,42
bd_shs,16
bd_shs,16
bd_shs,68
bd_shs,174
bd_shs,16
bd_shs,24
bd_shs,26
bd_shs,52
bd_shs,9
bd_shs,139
bd_shs,53
bd_shs,32
bd_shs,16
bd_shs,82
bd_shs,50
bd_shs,23
bd_shs,12
bd_shs,20
bd_shs,12
bd_shs,19
bd_shs,42
bd_shs,12
bd_shs,32
bd_shs,27
bd_shs,57
bd_shs,10
bd_shs,46
bd_shs,34
bd_shs,11
bd_shs,14
bd_shs,30
bd_shs,22
bd_shs,29
bd_shs,23
bd_shs,26
bd_shs,17
bd_shs,18
bd_shs,18
bd_shs,27
bd_shs,30
bd_shs,23
bd_shs,16
bd_shs,33
bd_shs,10
bd_shs,61
bd_shs,38
bd_shs,26
bd_shs,8
bd_shs,26
bd_shs,13
bd_shs,17
bd_shs,98
bd_shs,31
bd_shs,29
bd_shs,19
bd_shs,39
bd_shs,22
bd_shs,13
bd_shs,10
bd_shs,31
bd_shs,10
bd_shs,14
bd_shs,36
bd_shs,21
bd_shs,40
bd_shs,12
bd_shs,10
bd_shs,6
bd_shs,6
bd_shs,47
bd_shs,16
bd_shs,46
bd_shs,11
bd_shs,14
bd_shs,23
bd_shs,52
bd_shs,14
bd_shs,18
bd_shs,9
bd_shs,93
bd_shs,108
bd_shs,9
bd_shs,24
bd_shs,5
bd_shs,95
bd_shs,16
bd_shs,15
bd_shs,12
bd_shs,9
bd_shs,5
bd_shs,95
bd_shs,21
bd_shs,17
bd_shs,25
bd_shs,84
bd_shs,22
bd_shs,107
bd_shs,79
bd_shs,21
bd_shs,15
bd_shs,20
bd_shs,24
bd_shs,27
bd_shs,48
bd_shs,30
bd_shs,24
bd_shs,33
bd_shs,8
bd_shs,48
bd_shs,24
bd_shs,18
bd_shs,34
bd_shs,25
bd_shs,21
bd_shs,28
bd_shs,56
bd_shs,33
bd_shs,68
bd_shs,60
bd_shs,48
bd_shs,53
bd_shs,33
bd_shs,5
bd_shs,5
bd_shs,16
bd_shs,22
bd_shs,23
bd_shs,33
bd_shs,5
bd_shs,32
bd_shs,13
bd_shs,14
bd_shs,18
bd_shs,9
bd_shs,17
bd_shs,67
bd_shs,14
bd_shs,45
bd_shs,55
bd_shs,70
bd_shs,13
bd_shs,65
bd_shs,16
bd_shs,22
bd_shs,9
bd_shs,78
bd_shs,25
bd_shs,97
bd_shs,27
bd_shs,16
bd_shs,24
bd_shs,18
bd_shs,95
bd_shs,58
bd_shs,27
bd_shs,21
bd_shs,31
bd_shs,34
bd_shs,21
bd_shs,17
bd_shs,16
bd_shs,97
bd_shs,66
bd_shs,15
bd_shs,44
bd_shs,32
bd_shs,143
bd_shs,18
bd_shs,15
bd_shs,24
bd_shs,33
bd_shs,26
bd_shs,11
bd_shs,152
bd_shs,9
bd_shs,21
bd_shs,87
bd_shs,15
bd_shs,18
bd_shs,20
bd_shs,11
bd_shs,10
bd_shs,39
bd_shs,58
bd_shs,17
bd_shs,34
bd_shs,25
bd_shs,31
bd_shs,27
bd_shs,15
bd_shs,40
bd_shs,14
bd_shs,15
bd_shs,94
bd_shs,13
bd_shs,40
bd_shs,5
bd_shs,32
bd_shs,10
bd_shs,5
bd_shs,18
bd_shs,24
bd_shs,67
bd_shs,66
bd_shs,9
bd_shs,33
bd_shs,33
bd_shs,224
bd_shs,27
bd_shs,11
bd_shs,6
bd_shs,32
bd_shs,8
bd_shs,4
bd_shs,27
bd_shs,35
bd_shs,14
bd_shs,7
bd_shs,30
bd_shs,47
bd_shs,15
bd_shs,29
bd_shs,21
bd_shs,46
bd_shs,59
bd_shs,27
bd_shs,15
bd_shs,83
bd_shs,11
bd_shs,22
bd_shs,9
bd_shs,52
bd_shs,38
bd_shs,41
bd_shs,23
bd_shs,7
bd_shs,14
bd_shs,13
bd_shs,14
bd_shs,23
bd_shs,36
bd_shs,17
bd_shs,20
bd_shs,13
bd_shs,128
bd_shs,69
bd_shs,28
bd_shs,64
bd_shs,43
bd_shs,22
bd_shs,38
bd_shs,87
bd_shs,54
bd_shs,38
bd_shs,186
bd_shs,19
bd_shs,54
bd_shs,26
bd_shs,55
bd_shs,108
bd_shs,16
bd_shs,16
bd_shs,11
bd_shs,85
bd_shs,12
bd_shs,12
bd_shs,12
bd_shs,22
bd_shs,48
bd_shs,19
bd_shs,45
bd_shs,11
bd_shs,9
bd_shs,11
bd_shs,11
bd_shs,14
bd_shs,106
bd_shs,46
bd_shs,43
bd_shs,47
bd_shs,10
bd_shs,116
bd_shs,26
bd_shs,36
bd_shs,55
bd_shs,9
bd_shs,32
bd_shs,13
bd_shs,15
bd_shs,112
bd_shs,57
bd_shs,72
bd_shs,34
bd_shs,11
bd_shs,20
bd_shs,8
bd_shs,8
bd_shs,14
bd_shs,6
bd_shs,33
bd_shs,118
bd_shs,6
bd_shs,5
bd_shs,135
bd_shs,79
bd_shs,8
bd_shs,29
bd_shs,24
bd_shs,107
bd_shs,79
bd_shs,21
bd_shs,11
bd_shs,52
bd_shs,50
bd_shs,23
bd_shs,12
bd_shs,23
bd_shs,13
bd_shs,46
bd_shs,18
bd_shs,24
bd_shs,18
bd_shs,34
bd_shs,150
bd_shs,85
bd_shs,45
bd_shs,16
bd_shs,50
bd_shs,39
bd_shs,12
bd_shs,18
bd_shs,57
bd_shs,95
bd_shs,15
bd_shs,109
bd_shs,25
bd_shs,87
bd_shs,22
bd_shs,12
bd_shs,67
bd_shs,35
bd_shs,167
bd_shs,10
bd_shs,55
bd_shs,19
bd_shs,12
bd_shs,19
bd_shs,74
bd_shs,71
bd_shs,11
bd_shs,46
bd_shs,15
bd_shs,29
bd_shs,47
bd_shs,14
bd_shs,90
bd_shs,93
bd_shs,18
bd_shs,36
bd_shs,150
bd_shs,254
bd_shs,51
bd_shs,21
bd_shs,14
bd_shs,20
bd_shs,18
bd_shs,29
bd_shs,81
bd_shs,9
bd_shs,26
bd_shs,21
bd_shs,8
bd_shs,20
bd_shs,69
bd_shs,53
bd_shs,13
bd_shs,66
bd_shs,46
bd_shs,122
bd_shs,52
bd_shs,16
bd_shs,94
bd_shs,57
bd_shs,58
bd_shs,13
bd_shs,76
bd_shs,14
bd_shs,73
bd_shs,14
bd_shs,58
bd_shs,15
bd_shs,5
bd_shs,11
bd_shs,29
bd_shs,65
bd_shs,16
bd_shs,58
bd_shs,156
bd_shs,60
bd_shs,107
bd_shs,35
bd_shs,25
bd_shs,54
bd_shs,257
bd_shs,42
bd_shs,184
bd_shs,63
bd_shs,16
bd_shs,28
bd_shs,16
bd_shs,7
bd_shs,128
bd_shs,62
bd_shs,31
bd_shs,53
bd_shs,13
bd_shs,29
bd_shs,12
bd_shs,25
bd_shs,25
bd_shs,11
bd_shs,54
bd_shs,17
bd_shs,20
bd_shs,6
bd_shs,64
bd_shs,20
bd_shs,27
bd_shs,13
bd_shs,30
bd_shs,33
bd_shs,9
bd_shs,17
bd_shs,74
bd_shs,14
bd_shs,90
bd_shs,55
bd_shs,75
bd_shs,18
bd_shs,20
bd_shs,18
bd_shs,10
bd_shs,109
bd_shs,26
bd_shs,41
bd_shs,31
bd_shs,7
bd_shs,26
bd_shs,11
bd_shs,6
bd_shs,9
bd_shs,10
bd_shs,59
bd_shs,11
bd_shs,27
bd_shs,68
bd_shs,11
bd_shs,114
bd_shs,26
bd_shs,115
bd_shs,87
bd_shs,16
bd_shs,17
bd_shs,45
bd_shs,14
bd_shs,151
bd_shs,14
bd_shs,159
bd_shs,46
bd_shs,76
bd_shs,31
bd_shs,110
bd_shs,142
bd_shs,54
bd_shs,15
bd_shs,92
bd_shs,26
bd_shs,63
bd_shs,24
bd_shs,47
bd_shs,76
bd_shs,64
bd_shs,32
bd_shs,32
bd_shs,57
bd_shs,13
bd_shs,77
bd_shs,161
bd_shs,21
bd_shs,53
bd_shs,54
bd_shs,61
bd_shs,15
bd_shs,12
bd_shs,15
bd_shs,38
bd_shs,96
bd_shs,15
bd_shs,44
bd_shs,54
bd_shs,7
bd_shs,19
bd_shs,22
bd_shs,20
bd_shs,73
bd_shs,48
bd_shs,12
bd_shs,15
bd_shs,16
bd_shs,13
bd_shs,111
bd_shs,60
bd_shs,16
bd_shs,49
bd_shs,13
bd_shs,86
bd_shs,236
bd_shs,29
bd_shs,17
bd_shs,35
bd_shs,13
bd_shs,137
bd_shs,71
bd_shs,37
bd_shs,28
bd_shs,13
bd_shs,18
bd_shs,22
bd_shs,14
bd_shs,21
bd_shs,21
bd_shs,30
bd_shs,36
bd_shs,22
bd_shs,23
bd_shs,64
bd_shs,28
bd_shs,11
bd_shs,46
bd_shs,140
bd_shs,9
bd_shs,9
bd_shs,130
bd_shs,14
bd_shs,36
bd_shs,45
bd_shs,15
bd_shs,9
bd_shs,36
bd_shs,48
bd_shs,28
bd_shs,61
bd_shs,24
bd_shs,10
bd_shs,23
bd_shs,122
bd_shs,15
bd_shs,48
bd_shs,42
bd_shs,98
bd_shs,17
bd_shs,24
bd_shs,17
bd_shs,31
bd_shs,36
bd_shs,14
bd_shs,26
bd_shs,46
bd_shs,32
bd_shs,38
bd_shs,32
bd_shs,283
bd_shs,39
bd_shs,79
bd_shs,20
bd_shs,29
bd_shs,13
bd_shs,59
bd_shs,58
bd_shs,8
bd_shs,16
bd_shs,32
bd_shs,22
bd_shs,132
bd_shs,22
bd_shs,265
bd_shs,35
bd_shs,46
bd_shs,113
bd_shs,39
bd_shs,374
bd_shs,97
bd_shs,207
bd_shs,20
bd_shs,55
bd_shs,32
bd_shs,106
bd_shs,17
bd_shs,69
bd_shs,107
bd_shs,193
bd_shs,16
bd_shs,82
bd_shs,11
bd_shs,36
bd_shs,23
bd_shs,308
bd_shs,51
bd_shs,45
bd_shs,254
bd_shs,604
bd_shs,58
bd_shs,130
bd_shs,162
bd_shs,20
bd_shs,109
bd_shs,68
bd_shs,85
bd_shs,117
bd_shs,155
bd_shs,37
bd_shs,76
bd_shs,50
bd_shs,22
bd_shs,21
bd_shs,53
bd_shs,41
bd_shs,70
bd_shs,27
bd_shs,21
bd_shs,21
bd_shs,64
bd_shs,22
bd_shs,27
bd_shs,104
bd_shs,43
bd_shs,46
bd_shs,79
bd_shs,30
bd_shs,73
bd_shs,87
bd_shs,44
bd_shs,130
bd_shs,34
bd_shs,104
bd_shs,34
bd_shs,81
bd_shs,45
bd_shs,58
bd_shs,64
bd_shs,216
bd_shs,23
bd_shs,60
bd_shs,58
bd_shs,49
bd_shs,33
bd_shs,49
bd_shs,36
bd_shs,121
bd_shs,56
bd_shs,52
bd_shs,126
bd_shs,409
bd_shs,130
bd_shs,46
bd_shs,25
bd_shs,172
bd_shs,46
bd_shs,61
bd_shs,21
bd_shs,40
bd_shs,49
bd_shs,102
bd_shs,86
bd_shs,77
bd_shs,37
bd_shs,103
bd_shs,60
bd_shs,98
bd_shs,30
bd_shs,9
bd_shs,50
bd_shs,57
bd_shs,48
bd_shs,135
bd_shs,78
bd_shs,52
bd_shs,73
bd_shs,26
bd_shs,59
bd_shs,51
bd_shs,33
bd_shs,57
bd_shs,48
bd_shs,39
bd_shs,35
bd_shs,22
bd_shs,72
bd_shs,18
bd_shs,95
bd_shs,28
bd_shs,44
bd_shs,71
bd_shs,33
bd_shs,35
bd_shs,105
bd_shs,32
bd_shs,27
bd_shs,83
bd_shs,97
bd_shs,25
bd_shs,104
bd_shs,85
bd_shs,32
bd_shs,17
bd_shs,27
bd_shs,40
bd_shs,27
bd_shs,216
bd_shs,102
bd_shs,37
bd_shs,16
bd_shs,28
bd_shs,66
bd_shs,53
bd_shs,20
bd_shs,29
bd_shs,40
bd_shs,42
bd_shs,74
bd_shs,48
bd_shs,10
bd_shs,70
bd_shs,135
bd_shs,50
bd_shs,146
bd_shs,495
bd_shs,177
bd_shs,22
bd_shs,107
bd_shs,45
bd_shs,34
bd_shs,169
bd_shs,9
bd_shs,29
bd_shs,21
bd_shs,46
bd_shs,21
bd_shs,25
bd_shs,66
bd_shs,14
bd_shs,17
bd_shs,88
bd_shs,19
bd_shs,17
bd_shs,52
bd_shs,30
bd_shs,18
bd_shs,25
bd_shs,42
bd_shs,64
bd_shs,208
bd_shs,10
bd_shs,194
bd_shs,148
bd_shs,585
bd_shs,53
bd_shs,10
bd_shs,12
bd_shs,15
bd_shs,12
bd_shs,64
bd_shs,39
bd_shs,62
bd_shs,15
bd_shs,39
bd_shs,18
bd_shs,39
bd_shs,52
bd_shs,8
bd_shs,28
bd_shs,45
bd_shs,10
bd_shs,18
bd_shs,18
bd_shs,57
bd_shs,42
bd_shs,23
bd_shs,21
bd_shs,105
bd_shs,52
bd_shs,573
bd_shs,68
bd_shs,47
bd_shs,28
bd_shs,12
bd_shs,51
bd_shs,48
bd_shs,22
bd_shs,66
bd_shs,19
bd_shs,29
bd_shs,19
bd_shs,153
bd_shs,6
bd_shs,56
bd_shs,22
bd_shs,43
bd_shs,9
bd_shs,39
bd_shs,21
bd_shs,20
bd_shs,23
bd_shs,16
bd_shs,14
bd_shs,14
bd_shs,67
bd_shs,3
bd_shs,21
bd_shs,41
bd_shs,8
bd_shs,9
bd_shs,7
bd_shs,35
bd_shs,33
bd_shs,3
bd_shs,11
bd_shs,10
bd_shs,10
bd_shs,45
bd_shs,31
bd_shs,65
bd_shs,25
bd_shs,10
bd_shs,22
bd_shs,22
bd_shs,14
bd_shs,9
bd_shs,2
bd_shs,27
bd_shs,38
bd_shs,22
bd_shs,31
bd_shs,10
bd_shs,16
bd_shs,5
bd_shs,8
bd_shs,18
bd_shs,7
bd_shs,7
bd_shs,84
bd_shs,8
bd_shs,178
bd_shs,5
bd_shs,6
bd_shs,10
bd_shs,5
bd_shs,9
bd_shs,17
bd_shs,19
bd_shs,15
bd_shs,35
bd_shs,27
bd_shs,42
bd_shs,37
bd_shs,48
bd_shs,17
bd_shs,23
bd_shs,74
bd_shs,15
bd_shs,11
bd_shs,14
bd_shs,16
bd_shs,9
bd_shs,53
bd_shs,48
bd_shs,8
bd_shs,7
bd_shs,6
bd_shs,6
bd_shs,8
bd_shs,31
bd_shs,69
bd_shs,11
bd_shs,39
bd_shs,27
bd_shs,20
bd_shs,167
bd_shs,109
bd_shs,60
bd_shs,45
bd_shs,13
bd_shs,89
bd_shs,12
bd_shs,10
bd_shs,232
bd_shs,29
bd_shs,49
bd_shs,75
bd_shs,41
bd_shs,276
bd_shs,65
bd_shs,95
bd_shs,35
bd_shs,66
bd_shs,10
bd_shs,11
bd_shs,11
bd_shs,74
bd_shs,17
bd_shs,80
bd_shs,30
bd_shs,79
bd_shs,50
bd_shs,8
bd_shs,47
bd_shs,60
bd_shs,9
bd_shs,38
bd_shs,15
bd_shs,14
bd_shs,107
bd_shs,13
bd_shs,40
bd_shs,17
bd_shs,123
bd_shs,35
bd_shs,11
bd_shs,11
bd_shs,31
bd_shs,57
bd_shs,273
bd_shs,17
bd_shs,15
bd_shs,10
bd_shs,24
bd_shs,30
bd_shs,26
bd_shs,54
bd_shs,68
bd_shs,132
bd_shs,10
bd_shs,7
bd_shs,17
bd_shs,18
bd_shs,43
bd_shs,13
bd_shs,95
bd_shs,46
bd_shs,17
bd_shs,70
bd_shs,26
bd_shs,11
bd_shs,15
bd_shs,15
bd_shs,2
bd_shs,169
bd_shs,11
bd_shs,51
bd_shs,23
bd_shs,31
bd_shs,23
bd_shs,18
bd_shs,99
bd_shs,39
bd_shs,11
bd_shs,49
bd_shs,65
bd_shs,9
bd_shs,9
bd_shs,30
bd_shs,11
bd_shs,13
bd_shs,26
bd_shs,12
bd_shs,9
bd_shs,9
bd_shs,104
bd_shs,65
bd_shs,58
bd_shs,45
bd_shs,69
bd_shs,13
bd_shs,35
bd_shs,32
bd_shs,10
bd_shs,8
bd_shs,18
bd_shs,7
bd_shs,17
bd_shs,6
bd_shs,23
bd_shs,10
bd_shs,5
bd_shs,43
bd_shs,28
bd_shs,9
bd_shs,32
bd_shs,32
bd_shs,18
bd_shs,108
bd_shs,26
bd_shs,37
bd_shs,7
bd_shs,7
bd_shs,18
bd_shs,15
bd_shs,14
bd_shs,28
bd_shs,41
bd_shs,6
bd_shs,31
bd_shs,9
bd_shs,50
bd_shs,8
bd_shs,15
bd_shs,6
bd_shs,8
bd_shs,6
bd_shs,32
bd_shs,28
bd_shs,9
bd_shs,30
bd_shs,7
bd_shs,22
bd_shs,16
bd_shs,18
bd_shs,18
bd_shs,71
bd_shs,11
bd_shs,26
bd_shs,28
bd_shs,36
bd_shs,9
bd_shs,193
bd_shs,37
bd_shs,17
bd_shs,34
bd_shs,14
bd_shs,31
bd_shs,13
bd_shs,11
bd_shs,9
bd_shs,31
bd_shs,26
bd_shs,18
bd_shs,19
bd_shs,10
bd_shs,10
bd_shs,8
bd_shs,23
bd_shs,16
bd_shs,59
bd_shs,9
bd_shs,56
bd_shs,14
bd_shs,23
bd_shs,11
bd_shs,25
bd_shs,7
bd_shs,25
bd_shs,44
bd_shs,12
bd_shs,33
bd_shs,9
bd_shs,16
bd_shs,13
bd_shs,25
bd_shs,48
bd_shs,28
bd_shs,140
bd_shs,19
bd_shs,13
bd_shs,55
bd_shs,16
bd_shs,14
bd_shs,15
bd_shs,10
bd_shs,6
bd_shs,25
bd_shs,6
bd_shs,7
bd_shs,17
bd_shs,8
bd_shs,21
bd_shs,69
bd_shs,5
bd_shs,23
bd_shs,9
bd_shs,69
bd_shs,24
bd_shs,7
bd_shs,22
bd_shs,28
bd_shs,11
bd_shs,9
bd_shs,52
bd_shs,15
bd_shs,16
bd_shs,8
bd_shs,7
bd_shs,88
bd_shs,58
bd_shs,32
bd_shs,58
bd_shs,5
bd_shs,78
bd_shs,39
bd_shs,15
bd_shs,9
bd_shs,7
bd_shs,6
bd_shs,5
bd_shs,42
bd_shs,14
bd_shs,17
bd_shs,45
bd_shs,43
bd_shs,24
bd_shs,13
bd_shs,15
bd_shs,29
bd_shs,24
bd_shs,8
bd_shs,8
bd_shs,21
bd_shs,6
bd_shs,12
bd_shs,9
bd_shs,18
bd_shs,8
bd_shs,51
bd_shs,8
bd_shs,22
bd_shs,14
bd_shs,8
bd_shs,31
bd_shs,35
bd_shs,6
bd_shs,29
bd_shs,20
bd_shs,10
bd_shs,27
bd_shs,18
bd_shs,5
bd_shs,12
bd_shs,31
bd_shs,44
bd_shs,22
bd_shs,26
bd_shs,15
bd_shs,6
bd_shs,6
bd_shs,22
bd_shs,46
bd_shs,32
bd_shs,32
bd_shs,5
bd_shs,6
bd_shs,28
bd_shs,22
bd_shs,19
bd_shs,8
bd_shs,20
bd_shs,10
bd_shs,9
bd_shs,25
bd_shs,26
bd_shs,18
bd_shs,18
bd_shs,38
bd_shs,15
bd_shs,12
bd_shs,12
bd_shs,14
bd_shs,13
bd_shs,13
bd_shs,12
bd_shs,14
bd_shs,21
bd_shs,131
bd_shs,15
bd_shs,23
bd_shs,20
bd_shs,23
bd_shs,17
bd_shs,53
bd_shs,23
bd_shs,25
bd_shs,13
bd_shs,19
bd_shs,21
bd_shs,30
bd_shs,14
bd_shs,37
bd_shs,18
bd_shs,18
bd_shs,24
bd_shs,184
bd_shs,23
bd_shs,16
bd_shs,18
bd_shs,14
bd_shs,31
bd_shs,7
bd_shs,14
bd_shs,26
bd_shs,11
bd_shs,23
bd_shs,50
bd_shs,19
bd_shs,20
bd_shs,56
bd_shs,19
bd_shs,15
bd_shs,6
bd_shs,118
bd_shs,17
bd_shs,20
bd_shs,21
bd_shs,25
bd_shs,49
bd_shs,38
bd_shs,48
bd_shs,37
bd_shs,27
bd_shs,70
bd_shs,16
bd_shs,13
bd_shs,127
bd_shs,167
bd_shs,48
bd_shs,19
bd_shs,100
bd_shs,117
bd_shs,20
bd_shs,19
bd_shs,11
bd_shs,19
bd_shs,127
bd_shs,44
bd_shs,32
bd_shs,44
bd_shs,24
bd_shs,38
bd_shs,21
bd_shs,14
bd_shs,9
bd_shs,14
bd_shs,21
bd_shs,11
bd_shs,32
bd_shs,101
bd_shs,36
bd_shs,20
bd_shs,62
bd_shs,31
bd_shs,16
bd_shs,48
bd_shs,29
bd_shs,25
bd_shs,26
bd_shs,19
bd_shs,40
bd_shs,9
bd_shs,63
bd_shs,28
bd_shs,16
bd_shs,23
bd_shs,18
bd_shs,9
bd_shs,19
bd_shs,10
bd_shs,22
bd_shs,33
bd_shs,36
bd_shs,129
bd_shs,47
bd_shs,104
bd_shs,93
bd_shs,36
bd_shs,20
bd_shs,33
bd_shs,16
bd_shs,24
bd_shs,8
bd_shs,17
bd_shs,14
bd_shs,11
bd_shs,30
bd_shs,16
bd_shs,15
bd_shs,6
bd_shs,9
bd_shs,9
bd_shs,6
bd_shs,11
bd_shs,10
bd_shs,69
bd_shs,3
bd_shs,17
bd_shs,84
bd_shs,27
bd_shs,19
bd_shs,33
bd_shs,15
bd_shs,13
bd_shs,9
bd_shs,11
bd_shs,11
bd_shs,27
bd_shs,26
bd_shs,16
bd_shs,17
bd_shs,22
bd_shs,53
bd_shs,120
bd_shs,16
bd_shs,10
bd_shs,22
bd_shs,18
bd_shs,56
bd_shs,24
bd_shs,21
bd_shs,27
bd_shs,28
bd_shs,32
bd_shs,33
bd_shs,109
bd_shs,9
bd_shs,86
bd_shs,18
bd_shs,15
bd_shs,29
bd_shs,7
bd_shs,41
bd_shs,80
bd_shs,25
bd_shs,190
bd_shs,31
bd_shs,7
bd_shs,11
bd_shs,21
bd_shs,13
bd_shs,57
bd_shs,267
bd_shs,109
bd_shs,46
bd_shs,43
bd_shs,96
bd_shs,27
bd_shs,39
bd_shs,205
bd_shs,27
bd_shs,45
bd_shs,29
bd_shs,62
bd_shs,8
bd_shs,52
bd_shs,14
bd_shs,25
bd_shs,6
bd_shs,19
bd_shs,29
bd_shs,17
bd_shs,21
bd_shs,13
bd_shs,22
bd_shs,18
bd_shs,92
bd_shs,25
bd_shs,15
bd_shs,65
bd_shs,22
bd_shs,45
bd_shs,18
bd_shs,11
bd_shs,29
bd_shs,11
bd_shs,31
bd_shs,24
bd_shs,11
bd_shs,18
bd_shs,30
bd_shs,74
bd_shs,63
bd_shs,24
bd_shs,21
bd_shs,17
bd_shs,23
bd_shs,14
bd_shs,36
bd_shs,19
bd_shs,21
bd_shs,10
bd_shs,121
bd_shs,41
bd_shs,43
bd_shs,14
bd_shs,38
bd_shs,167
bd_shs,74
bd_shs,68
bd_shs,14
bd_shs,16
bd_shs,8
bd_shs,30
bd_shs,134
bd_shs,13
bd_shs,23
bd_shs,30
bd_shs,8
bd_shs,68
bd_shs,58
bd_shs,44
bd_shs,78
bd_shs,70
bd_shs,18
bd_shs,18
bd_shs,23
bd_shs,22
bd_shs,53
bd_shs,104
bd_shs,462
bd_shs,26
bd_shs,32
bd_shs,44
bd_shs,148
bd_shs,100
bd_shs,10
bd_shs,59
bd_shs,68
bd_shs,172
bd_shs,20
bd_shs,17
bd_shs,64
bd_shs,167
bd_shs,44
bd_shs,27
bd_shs,90
bd_shs,12
bd_shs,47
bd_shs,49
bd_shs,24
bd_shs,17
bd_shs,18
bd_shs,12
bd_shs,21
bd_shs,12
bd_shs,71
bd_shs,28
bd_shs,36
bd_shs,13
bd_shs,14
bd_shs,21
bd_shs,112
bd_shs,13
bd_shs,55
bd_shs,21
bd_shs,21
bd_shs,126
bd_shs,74
bd_shs,31
bd_shs,11
bd_shs,20
bd_shs,24
bd_shs,54
bd_shs,9
bd_shs,6
bd_shs,10
bd_shs,22
bd_shs,14
bd_shs,39
bd_shs,16
bd_shs,20
bd_shs,20
bd_shs,18
bd_shs,65
bd_shs,78
bd_shs,40
bd_shs,26
bd_shs,9
bd_shs,23
bd_shs,21
bd_shs,35
bd_shs,18
bd_shs,101
bd_shs,10
bd_shs,37
bd_shs,34
bd_shs,55
bd_shs,13
bd_shs,102
bd_shs,13
bd_shs,262
bd_shs,14
bd_shs,84
bd_shs,15
bd_shs,31
bd_shs,16
bd_shs,68
bd_shs,32
bd_shs,33
bd_shs,22
bd_shs,15
bd_shs,19
bd_shs,18
bd_shs,8
bd_shs,6
bd_shs,20
bd_shs,12
bd_shs,43
bd_shs,21
bd_shs,29
bd_shs,21
bd_shs,17
bd_shs,20
bd_shs,18
bd_shs,111
bd_shs,47
bd_shs,52
bd_shs,9
bd_shs,5
bd_shs,22
bd_shs,56
bd_shs,18
bd_shs,125
bd_shs,83
bd_shs,30
bd_shs,53
bd_shs,35
bd_shs,79
bd_shs,17
bd_shs,48
bd_shs,75
bd_shs,27
bd_shs,21
bd_shs,102
bd_shs,10
bd_shs,10
bd_shs,16
bd_shs,31
bd_shs,13
bd_shs,311
bd_shs,42
bd_shs,24
bd_shs,38
bd_shs,144
bd_shs,24
bd_shs,9
bd_shs,9
bd_shs,21
bd_shs,310
bd_shs,13
bd_shs,18
bd_shs,26
bd_shs,65
bd_shs,24
bd_shs,167
bd_shs,46
bd_shs,15
bd_shs,140
bd_shs,34
bd_shs,38
bd_shs,6
bd_shs,32
bd_shs,102
bd_shs,13
bd_shs,43
bd_shs,56
bd_shs,10
bd_shs,26
bd_shs,23
bd_shs,65
bd_shs,22
bd_shs,464
bd_shs,44
bd_shs,64
bd_shs,152
bd_shs,86
bd_shs,121
bd_shs,54
bd_shs,47
bd_shs,33
bd_shs,76
bd_shs,85
bd_shs,32
bd_shs,106
bd_shs,105
bd_shs,43
bd_shs,74
bd_shs,11
bd_shs,18
bd_shs,45
bd_shs,24
bd_shs,85
bd_shs,47
bd_shs,39
bd_shs,11
bd_shs,31
bd_shs,45
bd_shs,4
bd_shs,11
bd_shs,54
bd_shs,46
bd_shs,37
bd_shs,43
bd_shs,66
bd_shs,33
bd_shs,6
bd_shs,31
bd_shs,14
bd_shs,22
bd_shs,42
bd_shs,45
bd_shs,69
bd_shs,17
bd_shs,137
bd_shs,12
bd_shs,16
bd_shs,59
bd_shs,13
bd_shs,17
bd_shs,15
bd_shs,43
bd_shs,66
bd_shs,58
bd_shs,6
bd_shs,25
bd_shs,547
bd_shs,26
bd_shs,20
bd_shs,13
bd_shs,37
bd_shs,16
bd_shs,75
bd_shs,14
bd_shs,95
bd_shs,61
bd_shs,37
bd_shs,221
bd_shs,65
bd_shs,39
bd_shs,65
bd_shs,27
bd_shs,25
bd_shs,13
bd_shs,38
bd_shs,37
bd_shs,52
bd_shs,27
bd_shs,63
bd_shs,148
bd_shs,31
bd_shs,9
bd_shs,8
bd_shs,49
bd_shs,242
bd_shs,66
bd_shs,17
bd_shs,26
bd_shs,7
bd_shs,10
bd_shs,6
bd_shs,29
bd_shs,11
bd_shs,52
bd_shs,17
bd_shs,20
bd_shs,10
bd_shs,94
bd_shs,150
bd_shs,60
bd_shs,49
bd_shs,48
bd_shs,43
bd_shs,410
bd_shs,15
bd_shs,30
bd_shs,23
bd_shs,49
bd_shs,48
bd_shs,21
bd_shs,107
bd_shs,23
bd_shs,7
bd_shs,18
bd_shs,57
bd_shs,15
bd_shs,18
bd_shs,27
bd_shs,82
bd_shs,46
bd_shs,14
bd_shs,21
bd_shs,35
bd_shs,62
bd_shs,104
bd_shs,26
bd_shs,75
bd_shs,22
bd_shs,56
bd_shs,73
bd_shs,12
bd_shs,53
bd_shs,94
bd_shs,177
bd_shs,162
bd_shs,20
bd_shs,161
bd_shs,38
bd_shs,18
bd_shs,31
bd_shs,35
bd_shs,23
bd_shs,143
bd_shs,37
bd_shs,32
bd_shs,11
bd_shs,17
bd_shs,16
bd_shs,14
bd_shs,34
bd_shs,26
bd_shs,15
bd_shs,20
bd_shs,12
bd_shs,13
bd_shs,16
bd_shs,21
bd_shs,71
bd_shs,16
bd_shs,12
bd_shs,20
bd_shs,51
bd_shs,23
bd_shs,18
bd_shs,68
bd_shs,43
bd_shs,110
bd_shs,60
bd_shs,89
bd_shs,81
bd_shs,53
bd_shs,34
bd_shs,128
bd_shs,2
bd_shs,10
bd_shs,29
bd_shs,24
bd_shs,73
bd_shs,18
bd_shs,6
bd_shs,9
bd_shs,20
bd_shs,71
bd_shs,27
bd_shs,17
bd_shs,75
bd_shs,16
bd_shs,14
bd_shs,10
bd_shs,35
bd_shs,12
bd_shs,45
bd_shs,39
bd_shs,10
bd_shs,17
bd_shs,13
bd_shs,13
bd_shs,16
bd_shs,11
bd_shs,11
bd_shs,31
bd_shs,10
bd_shs,48
bd_shs,9
bd_shs,12
bd_shs,56
bd_shs,29
bd_shs,7
bd_shs,15
bd_shs,16
bd_shs,116
bd_shs,6
bd_shs,26
bd_shs,48
bd_shs,18
bd_shs,64
bd_shs,10
bd_shs,37
bd_shs,9
bd_shs,10
bd_shs,38
bd_shs,15
bd_shs,36
bd_shs,12
bd_shs,5
bd_shs,17
bd_shs,51
bd_shs,27
bd_shs,15
bd_shs,9
bd_shs,25
bd_shs,10
bd_shs,14
bd_shs,10
bd_shs,13
bd_shs,24
bd_shs,10
bd_shs,15
bd_shs,9
bd_shs,29
bd_shs,8
bd_shs,38
bd_shs,23
bd_shs,51
bd_shs,29
bd_shs,20
bd_shs,10
bd_shs,11
bd_shs,10
bd_shs,5
bd_shs,27
bd_shs,8
bd_shs,6
bd_shs,10
bd_shs,20
bd_shs,5
bd_shs,21
bd_shs,34
bd_shs,7
bd_shs,11
bd_shs,39
bd_shs,29
bd_shs,16
bd_shs,28
bd_shs,23
bd_shs,18
bd_shs,51
bd_shs,20
bd_shs,5
bd_shs,70
bd_shs,42
bd_shs,50
bd_shs,51
bd_shs,20
bd_shs,66
bd_shs,12
bd_shs,13
bd_shs,50
bd_shs,20
bd_shs,8
bd_shs,17
bd_shs,10
bd_shs,19
bd_shs,31
bd_shs,13
bd_shs,11
bd_shs,42
bd_shs,73
bd_shs,24
bd_shs,20
bd_shs,11
bd_shs,26
bd_shs,16
bd_shs,19
bd_shs,44
bd_shs,50
bd_shs,6
bd_shs,9
bd_shs,52
bd_shs,15
bd_shs,17
bd_shs,189
bd_shs,10
bd_shs,7
bd_shs,22
bd_shs,17
bd_shs,12
bd_shs,22
bd_shs,6
bd_shs,9
bd_shs,46
bd_shs,28
bd_shs,8
bd_shs,32
bd_shs,10
bd_shs,8
bd_shs,79
bd_shs,6
bd_shs,10
bd_shs,6
bd_shs,7
bd_shs,18
bd_shs,8
bd_shs,8
bd_shs,14
bd_shs,11
bd_shs,41
bd_shs,38
bd_shs,10
bd_shs,7
bd_shs,74
bd_shs,40
bd_shs,46
bd_shs,21
bd_shs,14
bd_shs,28
bd_shs,36
bd_shs,9
bd_shs,7
bd_shs,19
bd_shs,6
bd_shs,19
bd_shs,7
bd_shs,366
bd_shs,17
bd_shs,9
bd_shs,20
bd_shs,26
bd_shs,69
bd_shs,9
bd_shs,19
bd_shs,26
bd_shs,8
bd_shs,17
bd_shs,33
bd_shs,18
bd_shs,38
bd_shs,38
bd_shs,9
bd_shs,9
bd_shs,8
bd_shs,14
bd_shs,21
bd_shs,46
bd_shs,8
bd_shs,11
bd_shs,9
bd_shs,12
bd_shs,22
bd_shs,10
bd_shs,13
bd_shs,20
bd_shs,8
bd_shs,8
bd_shs,45
bd_shs,15
bd_shs,30
bd_shs,10
bd_shs,58
bd_shs,6
bd_shs,26
bd_shs,24
bd_shs,15
bd_shs,151
bd_shs,8
bd_shs,5
bd_shs,26
bd_shs,9
bd_shs,15
bd_shs,9
bd_shs,5
bd_shs,23
bd_shs,42
bd_shs,19
bd_shs,13
bd_shs,134
bd_shs,6
bd_shs,6
bd_shs,66
bd_shs,17
bd_shs,20
bd_shs,11
bd_shs,36
bd_shs,17
bd_shs,11
bd_shs,12
bd_shs,9
bd_shs,8
bd_shs,6
bd_shs,10
bd_shs,48
bd_shs,8
bd_shs,21
bd_shs,10
bd_shs,6
bd_shs,55
bd_shs,8
bd_shs,15
bd_shs,13
bd_shs,26
bd_shs,21
bd_shs,16
bd_shs,18
bd_shs,17
bd_shs,22
bd_shs,13
bd_shs,50
bd_shs,11
bd_shs,13
bd_shs,25
bd_shs,26
bd_shs,12
bd_shs,12
bd_shs,30
bd_shs,6
bd_shs,18
bd_shs,34
bd_shs,21
bd_shs,13
bd_shs,18
bd_shs,12
bd_shs,4
bd_shs,1555
bd_shs,7
bd_shs,11
bd_shs,16
bd_shs,16
bd_shs,13
bd_shs,14
bd_shs,12
bd_shs,10
bd_shs,13
bd_shs,30
bd_shs,38
bd_shs,13
bd_shs,14
bd_shs,32
bd_shs,14
bd_shs,9
bd_shs,16
bd_shs,71
bd_shs,11
bd_shs,42
bd_shs,49
bd_shs,17
bd_shs,41
bd_shs,8
bd_shs,28
bd_shs,10
bd_shs,73
bd_shs,65
bd_shs,18
bd_shs,9
bd_shs,9
bd_shs,12
bd_shs,56
bd_shs,8
bd_shs,6
bd_shs,46
bd_shs,26
bd_shs,27
bd_shs,31
bd_shs,14
bd_shs,47
bd_shs,33
bd_shs,21
bd_shs,9
bd_shs,33
bd_shs,79
bd_shs,21
bd_shs,18
bd_shs,92
bd_shs,22
bd_shs,28
bd_shs,22
bd_shs,19
bd_shs,62
bd_shs,13
bd_shs,13
bd_shs,29
bd_shs,106
bd_shs,15
bd_shs,44
bd_shs,32
bd_shs,20
bd_shs,19
bd_shs,13
bd_shs,15
bd_shs,36
bd_shs,16
bd_shs,17
bd_shs,11
bd_shs,6
bd_shs,73
bd_shs,9
bd_shs,39
bd_shs,9
bd_shs,28
bd_shs,7
bd_shs,34
bd_shs,81
bd_shs,20
bd_shs,82
bd_shs,63
bd_shs,38
bd_shs,12
bd_shs,50
bd_shs,352
bd_shs,21
bd_shs,20
bd_shs,84
bd_shs,26
bd_shs,67
bd_shs,18
bd_shs,56
bd_shs,13
bd_shs,61
bd_shs,94
bd_shs,22
bd_shs,28
bd_shs,22
bd_shs,13
bd_shs,25
bd_shs,50
bd_shs,5
bd_shs,39
bd_shs,78
bd_shs,16
bd_shs,20
bd_shs,31
bd_shs,19
bd_shs,79
bd_shs,67
bd_shs,105
bd_shs,7
bd_shs,26
bd_shs,33
bd_shs,70
bd_shs,112
bd_shs,37
bd_shs,9
bd_shs,9
bd_shs,18
bd_shs,67
bd_shs,6
bd_shs,6
bd_shs,11
bd_shs,53
bd_shs,59
bd_shs,152
bd_shs,21
bd_shs,115
bd_shs,33
bd_shs,23
bd_shs,53
bd_shs,51
bd_shs,18
bd_shs,30
bd_shs,206
bd_shs,22
bd_shs,17
bd_shs,37
bd_shs,12
bd_shs,18
bd_shs,14
bd_shs,20
bd_shs,9
bd_shs,9
bd_shs,9
bd_shs,13
bd_shs,24
bd_shs,19
bd_shs,11
bd_shs,15
bd_shs,84
bd_shs,11
bd_shs,69
bd_shs,9
bd_shs,10
bd_shs,278
bd_shs,10
bd_shs,12
bd_shs,4
bd_shs,63
bd_shs,9
bd_shs,30
bd_shs,27
bd_shs,100
bd_shs,31
bd_shs,21
bd_shs,11
bd_shs,11
bd_shs,14
bd_shs,22
bd_shs,16
bd_shs,20
bd_shs,42
bd_shs,46
bd_shs,19
bd_shs,29
bd_shs,104
bd_shs,99
bd_shs,35
bd_shs,29
bd_shs,7
bd_shs,140
bd_shs,97
bd_shs,31
bd_shs,75
bd_shs,93
bd_shs,44
bd_shs,20
bd_shs,34
bd_shs,32
bd_shs,48
bd_shs,30
bd_shs,36
bd_shs,19
bd_shs,29
bd_shs,43
bd_shs,158
bd_shs,24
bd_shs,118
bd_shs,24
bd_shs,62
bd_shs,26
bd_shs,96
bd_shs,16
bd_shs,14
bd_shs,197
bd_shs,28
bd_shs,94
bd_shs,10
bd_shs,26
bd_shs,54
bd_shs,8
bd_shs,39
bd_shs,81
bd_shs,10
bd_shs,88
bd_shs,85
bd_shs,78
bd_shs,10
bd_shs,15
bd_shs,29
bd_shs,13
bd_shs,52
bd_shs,54
bd_shs,43
bd_shs,8
bd_shs,24
bd_shs,2
bd_shs,5
bd_shs,42
bd_shs,137
bd_shs,66
bd_shs,12
bd_shs,56
bd_shs,16
bd_shs,54
bd_shs,16
bd_shs,39
bd_shs,36
bd_shs,20
bd_shs,95
bd_shs,142
bd_shs,59
bd_shs,12
bd_shs,27
bd_shs,14
bd_shs,15
bd_shs,17
bd_shs,17
bd_shs,45
bd_shs,36
bd_shs,17
bd_shs,28
bd_shs,99
bd_shs,41
bd_shs,15
bd_shs,18
bd_shs,39
bd_shs,10
bd_shs,41
bd_shs,251
bd_shs,31
bd_shs,39
bd_shs,13
bd_shs,88
bd_shs,107
bd_shs,20
bd_shs,118
bd_shs,10
bd_shs,80
bd_shs,15
bd_shs,61
bd_shs,21
bd_shs,19
bd_shs,57
bd_shs,97
bd_shs,78
bd_shs,113
bd_shs,195
bd_shs,35
bd_shs,22
bd_shs,154
bd_shs,38
bd_shs,31
bd_shs,32
bd_shs,98
bd_shs,5
bd_shs,20
bd_shs,18
bd_shs,101
bd_shs,59
bd_shs,20
bd_shs,49
bd_shs,17
bd_shs,45
bd_shs,168
bd_shs,52
bd_shs,8
bd_shs,22
bd_shs,9
bd_shs,63
bd_shs,38
bd_shs,42
bd_shs,15
bd_shs,103
bd_shs,29
bd_shs,11
bd_shs,8
bd_shs,15
bd_shs,178
bd_shs,10
bd_shs,75
bd_shs,88
bd_shs,19
bd_shs,139
bd_shs,27
bd_shs,36
bd_shs,20
bd_shs,6
bd_shs,85
bd_shs,77
bd_shs,19
bd_shs,46
bd_shs,124
bd_shs,6
bd_shs,58
bd_shs,105
bd_shs,74
bd_shs,43
bd_shs,28
bd_shs,23
bd_shs,97
bd_shs,81
bd_shs,34
bd_shs,242
bd_shs,143
bd_shs,87
bd_shs,12
bd_shs,26
bd_shs,29
bd_shs,8
bd_shs,34
bd_shs,160
bd_shs,73
bd_shs,44
bd_shs,100
bd_shs,8
bd_shs,8
bd_shs,74
bd_shs,54
bd_shs,33
bd_shs,6
bd_shs,7
bd_shs,9
bd_shs,21
bd_shs,187
bd_shs,20
bd_shs,17
bd_shs,36
bd_shs,21
bd_shs,113
bd_shs,29
bd_shs,72
bd_shs,12
bd_shs,12
bd_shs,7
bd_shs,25
bd_shs,35
bd_shs,9
bd_shs,118
bd_shs,52
bd_shs,40
bd_shs,11
bd_shs,69
bd_shs,60
bd_shs,61
bd_shs,19
bd_shs,189
bd_shs,148
bd_shs,16
bd_shs,21
bd_shs,9
bd_shs,25
bd_shs,10
bd_shs,18
bd_shs,19
bd_shs,9
bd_shs,19
bd_shs,3
bd_shs,10
bd_shs,7
bd_shs,6
bd_shs,26
bd_shs,78
bd_shs,23
bd_shs,19
bd_shs,40
bd_shs,14
bd_shs,32
bd_shs,46
bd_shs,11
bd_shs,20
bd_shs,15
bd_shs,34
bd_shs,159
bd_shs,19
bd_shs,86
bd_shs,24
bd_shs,3
bd_shs,28
bd_shs,31
bd_shs,27
bd_shs,49
bd_shs,55
bd_shs,32
bd_shs,10
bd_shs,21
bd_shs,30
bd_shs,43
bd_shs,11
bd_shs,9
bd_shs,26
bd_shs,17
bd_shs,8
bd_shs,92
bd_shs,14
bd_shs,108
bd_shs,44
bd_shs,21
bd_shs,5
bd_shs,96
bd_shs,13
bd_shs,41
bd_shs,17
bd_shs,29
bd_shs,47
bd_shs,12
bd_shs,46
bd_shs,5
bd_shs,9
bd_shs,14
bd_shs,17
bd_shs,5
bd_shs,13
bd_shs,7
bd_shs,34
bd_shs,13
bd_shs,12
bd_shs,9
bd_shs,12
bd_shs,24
bd_shs,41
bd_shs,66
bd_shs,6
bd_shs,44
bd_shs,22
bd_shs,8
bd_shs,13
bd_shs,30
bd_shs,17
bd_shs,16
bd_shs,16
bd_shs,42
bd_shs,23
bd_shs,96
bd_shs,19
bd_shs,13
bd_shs,13
bd_shs,12
bd_shs,16
bd_shs,11
bd_shs,9
bd_shs,14
bd_shs,38
bd_shs,12
bd_shs,13
bd_shs,19
bd_shs,34
bd_shs,61
bd_shs,157
bd_shs,19
bd_shs,58
bd_shs,82
bd_shs,20
bd_shs,9
bd_shs,19
bd_shs,31
bd_shs,96
bd_shs,52
bd_shs,18
bd_shs,20
bd_shs,19
bd_shs,28
bd_shs,47
bd_shs,19
bd_shs,6
bd_shs,21
bd_shs,75
bd_shs,20
bd_shs,56
bd_shs,37
bd_shs,59
bd_shs,37
bd_shs,8
bd_shs,13
bd_shs,55
bd_shs,59
bd_shs,29
bd_shs,27
bd_shs,19
bd_shs,18
bd_shs,30
bd_shs,16
bd_shs,9
bd_shs,31
bd_shs,31
bd_shs,104
bd_shs,27
bd_shs,21
bd_shs,37
bd_shs,12
bd_shs,23
bd_shs,40
bd_shs,9
bd_shs,23
bd_shs,9
bd_shs,8
bd_shs,74
bd_shs,17
bd_shs,36
bd_shs,146
bd_shs,8
bd_shs,17
bd_shs,47
bd_shs,15
bd_shs,16
bd_shs,25
bd_shs,98
bd_shs,39
bd_shs,18
bd_shs,79
bd_shs,10
bd_shs,21
bd_shs,14
bd_shs,15
bd_shs,11
bd_shs,14
bd_shs,68
bd_shs,28
bd_shs,64
bd_shs,45
bd_shs,7
bd_shs,206
bd_shs,40
bd_shs,144
bd_shs,32
bd_shs,77
bd_shs,24
bd_shs,134
bd_shs,13
bd_shs,38
bd_shs,59
bd_shs,13
bd_shs,87
bd_shs,120
bd_shs,8
bd_shs,38
bd_shs,21
bd_shs,282
bd_shs,39
bd_shs,25
bd_shs,79
bd_shs,49
bd_shs,73
bd_shs,28
bd_shs,24
bd_shs,11
bd_shs,100
bd_shs,22
bd_shs,28
bd_shs,10
bd_shs,36
bd_shs,49
bd_shs,31
bd_shs,42
bd_shs,181
bd_shs,13
bd_shs,24
bd_shs,45
bd_shs,16
bd_shs,21
bd_shs,276
bd_shs,6
bd_shs,22
bd_shs,86
bd_shs,48
bd_shs,28
bd_shs,64
bd_shs,5
bd_shs,10
bd_shs,23
bd_shs,8
bd_shs,6
bd_shs,32
bd_shs,21
bd_shs,33
bd_shs,17
bd_shs,27
bd_shs,52
bd_shs,58
bd_shs,54
bd_shs,12
bd_shs,19
bd_shs,20
bd_shs,15
bd_shs,12
bd_shs,27
bd_shs,8
bd_shs,15
bd_shs,306
bd_shs,62
bd_shs,13
bd_shs,48
bd_shs,36
bd_shs,6
bd_shs,28
bd_shs,40
bd_shs,33
bd_shs,81
bd_shs,63
bd_shs,16
bd_shs,15
bd_shs,85
bd_shs,10
bd_shs,24
bd_shs,5
bd_shs,43
bd_shs,116
bd_shs,26
bd_shs,27
bd_shs,19
bd_shs,36
bd_shs,7
bd_shs,64
bd_shs,13
bd_shs,17
bd_shs,141
bd_shs,34
bd_shs,62
bd_shs,275
bd_shs,33
bd_shs,136
bd_shs,22
bd_shs,58
bd_shs,95
bd_shs,38
bd_shs,108
bd_shs,18
bd_shs,88
bd_shs,46
bd_shs,20
bd_shs,68
bd_shs,39
bd_shs,29
bd_shs,62
bd_shs,34
bd_shs,51
bd_shs,38
bd_shs,46
bd_shs,82
bd_shs,24
bd_shs,78
bd_shs,33
bd_shs,42
bd_shs,62
bd_shs,56
bd_shs,105
bd_shs,280
bd_shs,89
bd_shs,73
bd_shs,50
bd_shs,85
bd_shs,148
bd_shs,70
bd_shs,122
bd_shs,64
bd_shs,52
bd_shs,34
bd_shs,152
bd_shs,76
bd_shs,80
bd_shs,40
bd_shs,47
bd_shs,83
bd_shs,109
bd_shs,21
bd_shs,134
bd_shs,34
bd_shs,54
bd_shs,39
bd_shs,50
bd_shs,50
bd_shs,77
bd_shs,25
bd_shs,61
bd_shs,176
bd_shs,90
bd_shs,48
bd_shs,287
bd_shs,61
bd_shs,68
bd_shs,125
bd_shs,117
bd_shs,91
bd_shs,46
bd_shs,32
bd_shs,43
bd_shs,75
bd_shs,45
bd_shs,13
bd_shs,62
bd_shs,107
bd_shs,20
bd_shs,28
bd_shs,48
bd_shs,27
bd_shs,37
bd_shs,116
bd_shs,47
bd_shs,26
bd_shs,64
bd_shs,126
bd_shs,47
bd_shs,35
bd_shs,114
bd_shs,148
bd_shs,80
bd_shs,57
bd_shs,38
bd_shs,58
bd_shs,50
bd_shs,81
bd_shs,73
bd_shs,55
bd_shs,106
bd_shs,41
bd_shs,57
bd_shs,19
bd_shs,29
bd_shs,73
bd_shs,58
bd_shs,62
bd_shs,75
bd_shs,63
bd_shs,66
bd_shs,44
bd_shs,24
bd_shs,31
bd_shs,46
bd_shs,34
bd_shs,25
bd_shs,70
bd_shs,44
bd_shs,48
bd_shs,55
bd_shs,36
bd_shs,33
bd_shs,37
bd_shs,187
bd_shs,69
bd_shs,22
bd_shs,25
bd_shs,73
bd_shs,28
bd_shs,24
bd_shs,102
bd_shs,69
bd_shs,39
bd_shs,86
bd_shs,79
bd_shs,31
bd_shs,47
bd_shs,23
bd_shs,38
bd_shs,59
bd_shs,31
bd_shs,48
bd_shs,110
bd_shs,30
bd_shs,59
bd_shs,72
bd_shs,50
bd_shs,20
bd_shs,38
bd_shs,21
bd_shs,27
bd_shs,156
bd_shs,26
bd_shs,54
bd_shs,35
bd_shs,38
bd_shs,39
bd_shs,17
bd_shs,120
bd_shs,31
bd_shs,31
bd_shs,122
bd_shs,41
bd_shs,25
bd_shs,20
bd_shs,71
bd_shs,21
bd_shs,36
bd_shs,93
bd_shs,15
bd_shs,64
bd_shs,33
bd_shs,77
bd_shs,78
bd_shs,212
bd_shs,28
bd_shs,142
bd_shs,15
bd_shs,14
bd_shs,52
bd_shs,18
bd_shs,23
bd_shs,35
bd_shs,35
bd_shs,37
bd_shs,103
bd_shs,50
bd_shs,170
bd_shs,30
bd_shs,37
bd_shs,40
bd_shs,52
bd_shs,38
bd_shs,47
bd_shs,37
bd_shs,59
bd_shs,72
bd_shs,26
bd_shs,19
bd_shs,20
bd_shs,48
bd_shs,84
bd_shs,24
bd_shs,21
bd_shs,73
bd_shs,54
bd_shs,152
bd_shs,34
bd_shs,22
bd_shs,21
bd_shs,56
bd_shs,31
bd_shs,58
bd_shs,67
bd_shs,28
bd_shs,24
bd_shs,22
bd_shs,28
bd_shs,22
bd_shs,22
bd_shs,59
bd_shs,30
bd_shs,24
bd_shs,52
bd_shs,118
bd_shs,38
bd_shs,20
bd_shs,99
bd_shs,21
bd_shs,52
bd_shs,55
bd_shs,33
bd_shs,21
bd_shs,22
bd_shs,15
bd_shs,16
bd_shs,51
bd_shs,15
bd_shs,52
bd_shs,49
bd_shs,24
bd_shs,27
bd_shs,26
bd_shs,25
bd_shs,72
bd_shs,29
bd_shs,24
bd_shs,30
bd_shs,77
bd_shs,68
bd_shs,28
bd_shs,36
bd_shs,22
bd_shs,41
bd_shs,28
bd_shs,66
bd_shs,47
bd_shs,27
bd_shs,22
bd_shs,105
bd_shs,17
bd_shs,17
bd_shs,60
bd_shs,44
bd_shs,26
bd_shs,46
bd_shs,23
bd_shs,49
bd_shs,53
bd_shs,30
bd_shs,47
bd_shs,24
bd_shs,22
bd_shs,27
bd_shs,30
bd_shs,37
bd_shs,44
bd_shs,65
bd_shs,31
bd_shs,56
bd_shs,30
bd_shs,24
bd_shs,33
bd_shs,33
bd_shs,152
bd_shs,25
bd_shs,108
bd_shs,21
bd_shs,50
bd_shs,129
bd_shs,29
bd_shs,48
bd_shs,46
bd_shs,63
bd_shs,115
bd_shs,27
bd_shs,22
bd_shs,24
bd_shs,27
bd_shs,50
bd_shs,32
bd_shs,30
bd_shs,19
bd_shs,72
bd_shs,25
bd_shs,28
bd_shs,24
bd_shs,18
bd_shs,34
bd_shs,79
bd_shs,26
bd_shs,30
bd_shs,35
bd_shs,168
bd_shs,76
bd_shs,19
bd_shs,60
bd_shs,55
bd_shs,30
bd_shs,50
bd_shs,76
bd_shs,122
bd_shs,51
bd_shs,33
bd_shs,67
bd_shs,188
bd_shs,31
bd_shs,42
bd_shs,76
bd_shs,65
bd_shs,31
bd_shs,45
bd_shs,46
bd_shs,93
bd_shs,18
bd_shs,58
bd_shs,45
bd_shs,54
bd_shs,38
bd_shs,26
bd_shs,32
bd_shs,106
bd_shs,27
bd_shs,51
bd_shs,32
bd_shs,23
bd_shs,54
bd_shs,13
bd_shs,33
bd_shs,89
bd_shs,47
bd_shs,75
bd_shs,114
bd_shs,63
bd_shs,55
bd_shs,49
bd_shs,27
bd_shs,18
bd_shs,25
bd_shs,23
bd_shs,29
bd_shs,21
bd_shs,36
bd_shs,19
bd_shs,28
bd_shs,34
bd_shs,23
bd_shs,32
bd_shs,40
bd_shs,131
bd_shs,18
bd_shs,93
bd_shs,18
bd_shs,54
bd_shs,38
bd_shs,20
bd_shs,28
bd_shs,19
bd_shs,67
bd_shs,33
bd_shs,36
bd_shs,61
bd_shs,20
bd_shs,58
bd_shs,28
bd_shs,39
bd_shs,24
bd_shs,23
bd_shs,58
bd_shs,28
bd_shs,21
bd_shs,21
bd_shs,64
bd_shs,25
bd_shs,18
bd_shs,51
bd_shs,19
bd_shs,25
bd_shs,38
bd_shs,37
bd_shs,50
bd_shs,37
bd_shs,22
bd_shs,34
bd_shs,33
bd_shs,28
bd_shs,55
bd_shs,35
bd_shs,27
bd_shs,27
bd_shs,124
bd_shs,22
bd_shs,22
bd_shs,23
bd_shs,62
bd_shs,63
bd_shs,96
bd_shs,95
bd_shs,66
bd_shs,63
bd_shs,60
bd_shs,84
bd_shs,58
bd_shs,17
bd_shs,31
bd_shs,39
bd_shs,66
bd_shs,76
bd_shs,17
bd_shs,44
bd_shs,13
bd_shs,177
bd_shs,46
bd_shs,43
bd_shs,41
bd_shs,26
bd_shs,51
bd_shs,50
bd_shs,58
bd_shs,93
bd_shs,42
bd_shs,36
bd_shs,222
bd_shs,42
bd_shs,115
bd_shs,131
bd_shs,22
bd_shs,42
bd_shs,23
bd_shs,34
bd_shs,39
bd_shs,30
bd_shs,85
bd_shs,27
bd_shs,25
bd_shs,39
bd_shs,48
bd_shs,48
bd_shs,25
bd_shs,32
bd_shs,106
bd_shs,22
bd_shs,67
bd_shs,31
bd_shs,68
bd_shs,49
bd_shs,226
bd_shs,55
bd_shs,24
bd_shs,89
bd_shs,48
bd_shs,21
bd_shs,62
bd_shs,34
bd_shs,23
bd_shs,24
bd_shs,51
bd_shs,34
bd_shs,44
bd_shs,71
bd_shs,24
bd_shs,15
bd_shs,28
bd_shs,92
bd_shs,59
bd_shs,123
bd_shs,43
bd_shs,223
bd_shs,32
bd_shs,62
bd_shs,30
bd_shs,115
bd_shs,23
bd_shs,22
bd_shs,55
bd_shs,54
bd_shs,17
bd_shs,29
bd_shs,28
bd_shs,63
bd_shs,50
bd_shs,54
bd_shs,47
bd_shs,40
bd_shs,54
bd_shs,76
bd_shs,34
bd_shs,79
bd_shs,37
bd_shs,85
bd_shs,60
bd_shs,19
bd_shs,41
bd_shs,29
bd_shs,20
bd_shs,20
bd_shs,19
bd_shs,26
bd_shs,22
bd_shs,43
bd_shs,13
bd_shs,67
bd_shs,37
bd_shs,68
bd_shs,121
bd_shs,26
bd_shs,17
bd_shs,93
bd_shs,52
bd_shs,79
bd_shs,19
bd_shs,23
bd_shs,17
bd_shs,72
bd_shs,26
bd_shs,30
bd_shs,117
bd_shs,71
bd_shs,34
bd_shs,29
bd_shs,22
bd_shs,16
bd_shs,37
bd_shs,52
bd_shs,31
bd_shs,22
bd_shs,80
bd_shs,19
bd_shs,52
bd_shs,29
bd_shs,23
bd_shs,36
bd_shs,56
bd_shs,68
bd_shs,132
bd_shs,41
bd_shs,32
bd_shs,107
bd_shs,64
bd_shs,28
bd_shs,44
bd_shs,77
bd_shs,57
bd_shs,27
bd_shs,174
bd_shs,29
bd_shs,28
bd_shs,40
bd_shs,85
bd_shs,53
bd_shs,74
bd_shs,24
bd_shs,45
bd_shs,30
bd_shs,26
bd_shs,67
bd_shs,32
bd_shs,48
bd_shs,30
bd_shs,25
bd_shs,20
bd_shs,11
bd_shs,32
bd_shs,60
bd_shs,36
bd_shs,22
bd_shs,20
bd_shs,20
bd_shs,19
bd_shs,25
bd_shs,24
bd_shs,10
bd_shs,12
bd_shs,55
bd_shs,39
bd_shs,26
bd_shs,27
bd_shs,24
bd_shs,26
bd_shs,19
bd_shs,22
bd_shs,25
bd_shs,47
bd_shs,24
bd_shs,42
bd_shs,40
bd_shs,25
bd_shs,12
bd_shs,49
bd_shs,49
bd_shs,42
bd_shs,22
bd_shs,19
bd_shs,26
bd_shs,26
bd_shs,31
bd_shs,59
bd_shs,25
bd_shs,53
bd_shs,36
bd_shs,35
bd_shs,131
bd_shs,64
bd_shs,111
bd_shs,61
bd_shs,34
bd_shs,37
bd_shs,86
bd_shs,28
bd_shs,25
bd_shs,83
bd_shs,197
bd_shs,23
bd_shs,70
bd_shs,24
bd_shs,22
bd_shs,36
bd_shs,76
bd_shs,79
bd_shs,35
bd_shs,287
bd_shs,27
bd_shs,44
bd_shs,158
bd_shs,147
bd_shs,96
bd_shs,21
bd_shs,100
bd_shs,84
bd_shs,77
bd_shs,68
bd_shs,29
bd_shs,50
bd_shs,102
bd_shs,28
bd_shs,56
bd_shs,46
bd_shs,42
bd_shs,207
bd_shs,290
bd_shs,31
bd_shs,27
bd_shs,20
bd_shs,43
bd_shs,42
bd_shs,41
bd_shs,201
bd_shs,85
bd_shs,108
bd_shs,57
bd_shs,80
bd_shs,252
bd_shs,151
bd_shs,80
bd_shs,54
bd_shs,24
bd_shs,26
bd_shs,40
bd_shs,81
bd_shs,22
bd_shs,188
bd_shs,27
bd_shs,32
bd_shs,28
bd_shs,29
bd_shs,58
bd_shs,330
bd_shs,96
bd_shs,31
bd_shs,95
bd_shs,61
bd_shs,18
bd_shs,132
bd_shs,59
bd_shs,89
bd_shs,48
bd_shs,25
bd_shs,27
bd_shs,151
bd_shs,45
bd_shs,98
bd_shs,40
bd_shs,32
bd_shs,39
bd_shs,56
bd_shs,45
bd_shs,38
bd_shs,40
bd_shs,39
bd_shs,34
bd_shs,65
bd_shs,41
bd_shs,15
bd_shs,42
bd_shs,24
bd_shs,33
bd_shs,18
bd_shs,17
bd_shs,21
bd_shs,44
bd_shs,31
bd_shs,18
bd_shs,17
bd_shs,108
bd_shs,77
bd_shs,61
bd_shs,212
bd_shs,34
bd_shs,33
bd_shs,31
bd_shs,23
bd_shs,48
bd_shs,28
bd_shs,56
bd_shs,54
bd_shs,17
bd_shs,37
bd_shs,54
bd_shs,35
bd_shs,58
bd_shs,50
bd_shs,37
bd_shs,54
bd_shs,20
bd_shs,19
bd_shs,22
bd_shs,40
bd_shs,18
bd_shs,51
bd_shs,32
bd_shs,21
bd_shs,21
bd_shs,23
bd_shs,27
bd_shs,54
bd_shs,101
bd_shs,95
bd_shs,28
bd_shs,427
bd_shs,80
bd_shs,19
bd_shs,46
bd_shs,36
bd_shs,55
bd_shs,60
bd_shs,82
bd_shs,80
bd_shs,46
bd_shs,51
bd_shs,39
bd_shs,25
bd_shs,23
bd_shs,111
bd_shs,32
bd_shs,101
bd_shs,72
bd_shs,41
bd_shs,45
bd_shs,43
bd_shs,54
bd_shs,35
bd_shs,28
bd_shs,63
bd_shs,45
bd_shs,42
bd_shs,87
bd_shs,85
bd_shs,18
bd_shs,43
bd_shs,65
bd_shs,20
bd_shs,795
bd_shs,65
bd_shs,35
bd_shs,48
bd_shs,28
bd_shs,55
bd_shs,18
bd_shs,26
bd_shs,22
bd_shs,93
bd_shs,132
bd_shs,116
bd_shs,53
bd_shs,17
bd_shs,76
bd_shs,19
bd_shs,40
bd_shs,15
bd_shs,29
bd_shs,22
bd_shs,23
bd_shs,81
bd_shs,30
bd_shs,16
bd_shs,81
bd_shs,18
bd_shs,75
bd_shs,45
bd_shs,15
bd_shs,67
bd_shs,40
bd_shs,130
bd_shs,54
bd_shs,139
bd_shs,44
bd_shs,21
bd_shs,55
bd_shs,19
bd_shs,67
bd_shs,18
bd_shs,58
bd_shs,43
bd_shs,81
bd_shs,48
bd_shs,87
bd_shs,159
bd_shs,56
bd_shs,38
bd_shs,29
bd_shs,49
bd_shs,20
bd_shs,39
bd_shs,115
bd_shs,42
bd_shs,56
bd_shs,40
bd_shs,41
bd_shs,42
bd_shs,29
bd_shs,31
bd_shs,30
bd_shs,62
bd_shs,24
bd_shs,153
bd_shs,27
bd_shs,32
bd_shs,24
bd_shs,33
bd_shs,57
bd_shs,59
bd_shs,29
bd_shs,72
bd_shs,53
bd_shs,23
bd_shs,32
bd_shs,69
bd_shs,39
bd_shs,19
bd_shs,19
bd_shs,43
bd_shs,56
bd_shs,42
bd_shs,35
bd_shs,23
bd_shs,220
bd_shs,27
bd_shs,28
bd_shs,65
bd_shs,107
bd_shs,18
bd_shs,44
bd_shs,110
bd_shs,33
bd_shs,45
bd_shs,78
bd_shs,43
bd_shs,43
bd_shs,44
bd_shs,15
bd_shs,26
bd_shs,32
bd_shs,36
bd_shs,18
bd_shs,22
bd_shs,51
bd_shs,38
bd_shs,14
bd_shs,48
bd_shs,47
bd_shs,12
bd_shs,23
bd_shs,20
bd_shs,30
bd_shs,62
bd_shs,118
bd_shs,29
bd_shs,76
bd_shs,111
bd_shs,31
bd_shs,60
bd_shs,64
bd_shs,109
bd_shs,102
bd_shs,52
bd_shs,151
bd_shs,71
bd_shs,50
bd_shs,42
bd_shs,66
bd_shs,73
bd_shs,55
bd_shs,57
bd_shs,15
bd_shs,84
bd_shs,19
bd_shs,43
bd_shs,29
bd_shs,27
bd_shs,24
bd_shs,33
bd_shs,62
bd_shs,37
bd_shs,29
bd_shs,38
bd_shs,25
bd_shs,32
bd_shs,53
bd_shs,17
bd_shs,44
bd_shs,48
bd_shs,18
bd_shs,31
bd_shs,22
bd_shs,19
bd_shs,17
bd_shs,27
bd_shs,54
bd_shs,17
bd_shs,37
bd_shs,38
bd_shs,21
bd_shs,74
bd_shs,24
bd_shs,31
bd_shs,23
bd_shs,25
bd_shs,49
bd_shs,20
bd_shs,26
bd_shs,26
bd_shs,30
bd_shs,20
bd_shs,28
bd_shs,16
bd_shs,14
bd_shs,10
bd_shs,37
bd_shs,16
bd_shs,31
bd_shs,73
bd_shs,23
bd_shs,19
bd_shs,32
bd_shs,68
bd_shs,44
bd_shs,98
bd_shs,65
bd_shs,27
bd_shs,12
bd_shs,27
bd_shs,18
bd_shs,51
bd_shs,18
bd_shs,48
bd_shs,14
bd_shs,13
bd_shs,27
bd_shs,59
bd_shs,62
bd_shs,13
bd_shs,34
bd_shs,28
bd_shs,57
bd_shs,40
bd_shs,71
bd_shs,83
bd_shs,18
bd_shs,22
bd_shs,53
bd_shs,108
bd_shs,18
bd_shs,17
bd_shs,23
bd_shs,21
bd_shs,207
bd_shs,58
bd_shs,71
bd_shs,28
bd_shs,17
bd_shs,84
bd_shs,19
bd_shs,29
bd_shs,121
bd_shs,52
bd_shs,22
bd_shs,35
bd_shs,29
bd_shs,29
bd_shs,37
bd_shs,78
bd_shs,28
bd_shs,54
bd_shs,39
bd_shs,95
bd_shs,38
bd_shs,215
bd_shs,27
bd_shs,32
bd_shs,38
bd_shs,19
bd_shs,39
bd_shs,17
bd_shs,19
bd_shs,22
bd_shs,19
bd_shs,26
bd_shs,97
bd_shs,40
bd_shs,49
bd_shs,55
bd_shs,49
bd_shs,25
bd_shs,23
bd_shs,23
bd_shs,18
bd_shs,51
bd_shs,47
bd_shs,25
bd_shs,38
bd_shs,89
bd_shs,23
bd_shs,61
bd_shs,27
bd_shs,142
bd_shs,21
bd_shs,31
bd_shs,24
bd_shs,13
bd_shs,21
bd_shs,18
bd_shs,49
bd_shs,20
bd_shs,18
bd_shs,62
bd_shs,15
bd_shs,24
bd_shs,15
bd_shs,18
bd_shs,33
bd_shs,14
bd_shs,17
bd_shs,54
bd_shs,24
bd_shs,76
bd_shs,18
bd_shs,26
bd_shs,21
bd_shs,169
bd_shs,33
bd_shs,32
bd_shs,21
bd_shs,39
bd_shs,21
bd_shs,21
bd_shs,24
bd_shs,28
bd_shs,29
bd_shs,153
bd_shs,92
bd_shs,34
bd_shs,370
bd_shs,17
bd_shs,20
bd_shs,67
bd_shs,15
bd_shs,19
bd_shs,67
bd_shs,12
bd_shs,27
bd_shs,23
bd_shs,166
bd_shs,41
bd_shs,46
bd_shs,111
bd_shs,31
bd_shs,103
bd_shs,83
bd_shs,28
bd_shs,19
bd_shs,66
bd_shs,22
bd_shs,21
bd_shs,41
bd_shs,34
bd_shs,25
bd_shs,37
bd_shs,44
bd_shs,54
bd_shs,12
bd_shs,37
bd_shs,70
bd_shs,47
bd_shs,138
bd_shs,132
bd_shs,151
bd_shs,38
bd_shs,40
bd_shs,26
bd_shs,89
bd_shs,19
bd_shs,26
bd_shs,53
bd_shs,16
bd_shs,16
bd_shs,38
bd_shs,24
bd_shs,32
bd_shs,66
bd_shs,31
bd_shs,37
bd_shs,93
bd_shs,24
bd_shs,27
bd_shs,21
bd_shs,37
bd_shs,170
bd_shs,29
bd_shs,50
bd_shs,97
bd_shs,28
bd_shs,20
bd_shs,68
bd_shs,29
bd_shs,22
bd_shs,15
bd_shs,69
bd_shs,32
bd_shs,74
bd_shs,93
bd_shs,17
bd_shs,30
bd_shs,56
bd_shs,79
bd_shs,26
bd_shs,11
bd_shs,17
bd_shs,47
bd_shs,11
bd_shs,41
bd_shs,15
bd_shs,47
bd_shs,23
bd_shs,29
bd_shs,22
bd_shs,39
bd_shs,13
bd_shs,41
bd_shs,52
bd_shs,24
bd_shs,53
bd_shs,31
bd_shs,42
bd_shs,26
bd_shs,26
bd_shs,58
bd_shs,127
bd_shs,58
bd_shs,27
bd_shs,14
bd_shs,48
bd_shs,16
bd_shs,53
bd_shs,75
bd_shs,20
bd_shs,22
bd_shs,22
bd_shs,14
bd_shs,16
bd_shs,21
bd_shs,49
bd_shs,41
bd_shs,30
bd_shs,36
bd_shs,50
bd_shs,36
bd_shs,35
bd_shs,82
bd_shs,59
bd_shs,115
bd_shs,63
bd_shs,30
bd_shs,32
bd_shs,66
bd_shs,41
bd_shs,37
bd_shs,51
bd_shs,140
bd_shs,16
bd_shs,94
bd_shs,67
bd_shs,26
bd_shs,26
bd_shs,30
bd_shs,82
bd_shs,120
bd_shs,52
bd_shs,20
bd_shs,147
bd_shs,27
bd_shs,25
bd_shs,41
bd_shs,30
bd_shs,36
bd_shs,32
bd_shs,32
bd_shs,36
bd_shs,34
bd_shs,44
bd_shs,67
bd_shs,15
bd_shs,115
bd_shs,49
bd_shs,60
bd_shs,30
bd_shs,21
bd_shs,12
bd_shs,61
bd_shs,21
bd_shs,30
bd_shs,12
bd_shs,47
bd_shs,90
bd_shs,20
bd_shs,30
bd_shs,206
bd_shs,31
bd_shs,59
bd_shs,26
bd_shs,40
bd_shs,26
bd_shs,37
bd_shs,95
bd_shs,62
bd_shs,50
bd_shs,16
bd_shs,21
bd_shs,25
bd_shs,47
bd_shs,43
bd_shs,45
bd_shs,18
bd_shs,22
bd_shs,35
bd_shs,12
bd_shs,21
bd_shs,24
bd_shs,16
bd_shs,41
bd_shs,17
bd_shs,35
bd_shs,24
bd_shs,20
bd_shs,58
bd_shs,20
bd_shs,192
bd_shs,23
bd_shs,21
bd_shs,14
bd_shs,18
bd_shs,43
bd_shs,37
bd_shs,68
bd_shs,27
bd_shs,20
bd_shs,23
bd_shs,248
bd_shs,18
bd_shs,42
bd_shs,27
bd_shs,67
bd_shs,24
bd_shs,11
bd_shs,83
bd_shs,87
bd_shs,182
bd_shs,41
bd_shs,17
bd_shs,24
bd_shs,49
bd_shs,123
bd_shs,40
bd_shs,80
bd_shs,22
bd_shs,75
bd_shs,43
bd_shs,17
bd_shs,43
bd_shs,33
bd_shs,13
bd_shs,319
bd_shs,115
bd_shs,67
bd_shs,165
bd_shs,24
bd_shs,91
bd_shs,9
bd_shs,37
bd_shs,35
bd_shs,6
bd_shs,19
bd_shs,7
bd_shs,38
bd_shs,21
bd_shs,15
bd_shs,104
bd_shs,31
bd_shs,30
bd_shs,98
bd_shs,38
bd_shs,45
bd_shs,33
bd_shs,29
bd_shs,28
bd_shs,32
bd_shs,40
bd_shs,106
bd_shs,22
bd_shs,108
bd_shs,15
bd_shs,22
bd_shs,18
bd_shs,25
bd_shs,15
bd_shs,51
bd_shs,34
bd_shs,76
bd_shs,71
bd_shs,53
bd_shs,94
bd_shs,112
bd_shs,115
bd_shs,47
bd_shs,130
bd_shs,67
bd_shs,12
bd_shs,14
bd_shs,46
bd_shs,20
bd_shs,164
bd_shs,64
bd_shs,70
bd_shs,12
bd_shs,18
bd_shs,63
bd_shs,34
bd_shs,25
bd_shs,37
bd_shs,46
bd_shs,59
bd_shs,27
bd_shs,176
bd_shs,33
bd_shs,70
bd_shs,29
bd_shs,128
bd_shs,42
bd_shs,22
bd_shs,84
bd_shs,43
bd_shs,9
bd_shs,10
bd_shs,67
bd_shs,103
bd_shs,16
bd_shs,41
bd_shs,41
bd_shs,64
bd_shs,214
bd_shs,29
bd_shs,23
bd_shs,144
bd_shs,17
bd_shs,26
bd_shs,17
bd_shs,46
bd_shs,49
bd_shs,22
bd_shs,18
bd_shs,23
bd_shs,26
bd_shs,70
bd_shs,26
bd_shs,18
bd_shs,29
bd_shs,31
bd_shs,30
bd_shs,22
bd_shs,79
bd_shs,143
bd_shs,23
bd_shs,24
bd_shs,20
bd_shs,10
bd_shs,26
bd_shs,24
bd_shs,17
bd_shs,83
bd_shs,39
bd_shs,147
bd_shs,15
bd_shs,134
bd_shs,64
bd_shs,17
bd_shs,42
bd_shs,23
bd_shs,27
bd_shs,28
bd_shs,43
bd_shs,24
bd_shs,16
bd_shs,37
bd_shs,22
bd_shs,28
bd_shs,18
bd_shs,31
bd_shs,26
bd_shs,63
bd_shs,25
bd_shs,27
bd_shs,53
bd_shs,22
bd_shs,98
bd_shs,16
bd_shs,14
bd_shs,34
bd_shs,17
bd_shs,60
bd_shs,37
bd_shs,49
bd_shs,55
bd_shs,52
bd_shs,28
bd_shs,30
bd_shs,20
bd_shs,46
bd_shs,64
bd_shs,69
bd_shs,25
bd_shs,18
bd_shs,115
bd_shs,106
bd_shs,29
bd_shs,98
bd_shs,110
bd_shs,94
bd_shs,94
bd_shs,72
bd_shs,66
bd_shs,71
bd_shs,43
bd_shs,14
bd_shs,83
bd_shs,30
bd_shs,20
bd_shs,13
bd_shs,39
bd_shs,15
bd_shs,24
bd_shs,25
bd_shs,18
bd_shs,45
bd_shs,73
bd_shs,18
bd_shs,13
bd_shs,41
bd_shs,52
bd_shs,15
bd_shs,90
bd_shs,42
bd_shs,15
bd_shs,10
bd_shs,13
bd_shs,9
bd_shs,9
bd_shs,14
bd_shs,12
bd_shs,11
bd_shs,9
bd_shs,9
bd_shs,29
bd_shs,142
bd_shs,18
bd_shs,24
bd_shs,28
bd_shs,24
bd_shs,15
bd_shs,28
bd_shs,14
bd_shs,30
bd_shs,9
bd_shs,12
bd_shs,11
bd_shs,12
bd_shs,15
bd_shs,72
bd_shs,11
bd_shs,65
bd_shs,97
bd_shs,14
bd_shs,53
bd_shs,27
bd_shs,47
bd_shs,21
bd_shs,36
bd_shs,32
bd_shs,87
bd_shs,30
bd_shs,51
bd_shs,18
bd_shs,18
bd_shs,29
bd_shs,23
bd_shs,21
bd_shs,23
bd_shs,24
bd_shs,16
bd_shs,25
bd_shs,25
bd_shs,70
bd_shs,42
bd_shs,25
bd_shs,31
bd_shs,139
bd_shs,12
bd_shs,19
bd_shs,16
bd_shs,46
bd_shs,146
bd_shs,48
bd_shs,40
bd_shs,47
bd_shs,24
bd_shs,37
bd_shs,18
bd_shs,73
bd_shs,18
bd_shs,22
bd_shs,17
bd_shs,26
bd_shs,84
bd_shs,51
bd_shs,17
bd_shs,55
bd_shs,48
bd_shs,27
bd_shs,44
bd_shs,40
bd_shs,102
bd_shs,11
bd_shs,33
bd_shs,18
bd_shs,23
bd_shs,23
bd_shs,47
bd_shs,25
bd_shs,25
bd_shs,38
bd_shs,23
bd_shs,18
bd_shs,13
bd_shs,20
bd_shs,38
bd_shs,33
bd_shs,22
bd_shs,33
bd_shs,17
bd_shs,23
bd_shs,36
bd_shs,121
bd_shs,202
bd_shs,40
bd_shs,110
bd_shs,24
bd_shs,32
bd_shs,47
bd_shs,62
bd_shs,47
bd_shs,32
bd_shs,51
bd_shs,42
bd_shs,64
bd_shs,55
bd_shs,35
bd_shs,60
bd_shs,144
bd_shs,103
bd_shs,60
bd_shs,44
bd_shs,54
bd_shs,40
bd_shs,62
bd_shs,85
bd_shs,147
bd_shs,68
bd_shs,95
bd_shs,19
bd_shs,28
bd_shs,58
bd_shs,109
bd_shs,81
bd_shs,33
bd_shs,26
bd_shs,41
bd_shs,35
bd_shs,133
bd_shs,89
bd_shs,14
bd_shs,23
bd_shs,44
bd_shs,24
bd_shs,34
bd_shs,39
bd_shs,21
bd_shs,24
bd_shs,35
bd_shs,30
bd_shs,33
bd_shs,19
bd_shs,55
bd_shs,128
bd_shs,102
bd_shs,16
bd_shs,26
bd_shs,42
bd_shs,412
bd_shs,48
bd_shs,46
bd_shs,34
bd_shs,29
bd_shs,41
bd_shs,27
bd_shs,113
bd_shs,33
bd_shs,41
bd_shs,58
bd_shs,95
bd_shs,839
bd_shs,49
bd_shs,35
bd_shs,14
bd_shs,27
bd_shs,254
bd_shs,138
bd_shs,30
bd_shs,44
bd_shs,31
bd_shs,101
bd_shs,27
bd_shs,49
bd_shs,28
bd_shs,159
bd_shs,17
bd_shs,92
bd_shs,16
bd_shs,30
bd_shs,97
bd_shs,19
bd_shs,25
bd_shs,32
bd_shs,16
bd_shs,20
bd_shs,22
bd_shs,19
bd_shs,58
bd_shs,20
bd_shs,42
bd_shs,22
bd_shs,102
bd_shs,54
bd_shs,32
bd_shs,33
bd_shs,33
bd_shs,23
bd_shs,19
bd_shs,81
bd_shs,25
bd_shs,55
bd_shs,20
bd_shs,18
bd_shs,38
bd_shs,12
bd_shs,18
bd_shs,68
bd_shs,42
bd_shs,59
bd_shs,19
bd_shs,26
bd_shs,120
bd_shs,96
bd_shs,137
bd_shs,26
bd_shs,15
bd_shs,13
bd_shs,30
bd_shs,18
bd_shs,54
bd_shs,17
bd_shs,22
bd_shs,87
bd_shs,19
bd_shs,28
bd_shs,31
bd_shs,21
bd_shs,299
bd_shs,74
bd_shs,198
bd_shs,28
bd_shs,17
bd_shs,84
bd_shs,32
bd_shs,37
bd_shs,49
bd_shs,31
bd_shs,26
bd_shs,90
bd_shs,83
bd_shs,17
bd_shs,22
bd_shs,20
bd_shs,31
bd_shs,85
bd_shs,85
bd_shs,78
bd_shs,45
bd_shs,15
bd_shs,26
bd_shs,31
bd_shs,15
bd_shs,26
bd_shs,50
bd_shs,112
bd_shs,28
bd_shs,59
bd_shs,163
bd_shs,60
bd_shs,26
bd_shs,104
bd_shs,331
bd_shs,16
bd_shs,82
bd_shs,31
bd_shs,16
bd_shs,116
bd_shs,18
bd_shs,51
bd_shs,36
bd_shs,20
bd_shs,24
bd_shs,35
bd_shs,31
bd_shs,74
bd_shs,49
bd_shs,14
bd_shs,49
bd_shs,99
bd_shs,57
bd_shs,54
bd_shs,36
bd_shs,62
bd_shs,20
bd_shs,23
bd_shs,16
bd_shs,26
bd_shs,76
bd_shs,69
bd_shs,54
bd_shs,69
bd_shs,91
bd_shs,155
bd_shs,36
bd_shs,24
bd_shs,84
bd_shs,27
bd_shs,27
bd_shs,45
bd_shs,34
bd_shs,184
bd_shs,36
bd_shs,47
bd_shs,40
bd_shs,68
bd_shs,27
bd_shs,87
bd_shs,43
bd_shs,103
bd_shs,22
bd_shs,132
bd_shs,33
bd_shs,47
bd_shs,24
bd_shs,31
bd_shs,128
bd_shs,125
bd_shs,37
bd_shs,36
bd_shs,28
bd_shs,30
bd_shs,170
bd_shs,100
bd_shs,45
bd_shs,17
bd_shs,16
bd_shs,11
bd_shs,17
bd_shs,29
bd_shs,103
bd_shs,28
bd_shs,25
bd_shs,10
bd_shs,90
bd_shs,77
bd_shs,74
bd_shs,25
bd_shs,44
bd_shs,143
bd_shs,114
bd_shs,23
bd_shs,19
bd_shs,21
bd_shs,67
bd_shs,158
bd_shs,24
bd_shs,39
bd_shs,47
bd_shs,157
bd_shs,30
bd_shs,31
bd_shs,70
bd_shs,40
bd_shs,107
bd_shs,102
bd_shs,96
bd_shs,9
bd_shs,155
bd_shs,24
bd_shs,45
bd_shs,54
bd_shs,31
bd_shs,68
bd_shs,104
bd_shs,38
bd_shs,87
bd_shs,27
bd_shs,53
bd_shs,106
bd_shs,8
bd_shs,36
bd_shs,19
bd_shs,26
bd_shs,40
bd_shs,60
bd_shs,70
bd_shs,34
bd_shs,57
bd_shs,34
bd_shs,27
bd_shs,24
bd_shs,18
bd_shs,43
bd_shs,52
bd_shs,28
bd_shs,31
bd_shs,64
bd_shs,58
bd_shs,40
bd_shs,38
bd_shs,38
bd_shs,32
bd_shs,29
bd_shs,56
bd_shs,28
bd_shs,12
bd_shs,608
bd_shs,19
bd_shs,13
bd_shs,50
bd_shs,49
bd_shs,49
bd_shs,28
bd_shs,38
bd_shs,19
bd_shs,70
bd_shs,18
bd_shs,19
bd_shs,55
bd_shs,65
bd_shs,34
bd_shs,25
bd_shs,34
bd_shs,20
bd_shs,21
bd_shs,31
bd_shs,57
bd_shs,30
bd_shs,41
bd_shs,28
bd_shs,41
bd_shs,88
bd_shs,51
bd_shs,78
bd_shs,101
bd_shs,67
bd_shs,50
bd_shs,18
bd_shs,8
bd_shs,9
bd_shs,6
bd_shs,20
bd_shs,20
bd_shs,12
bd_shs,28
bd_shs,9
bd_shs,6
bd_shs,69
bd_shs,50
bd_shs,93
bd_shs,39
bd_shs,35
bd_shs,26
bd_shs,95
bd_shs,93
bd_shs,70
bd_shs,36
bd_shs,43
bd_shs,33
bd_shs,12
bd_shs,86
bd_shs,21
bd_shs,26
bd_shs,30
bd_shs,29
bd_shs,64
bd_shs,49
bd_shs,116
bd_shs,34
bd_shs,164
bd_shs,239
bd_shs,23
bd_shs,52
bd_shs,83
bd_shs,23
bd_shs,59
bd_shs,86
bd_shs,22
bd_shs,27
bd_shs,65
bd_shs,58
bd_shs,38
bd_shs,22
bd_shs,82
bd_shs,55
bd_shs,53
bd_shs,39
bd_shs,62
bd_shs,38
bd_shs,35
bd_shs,19
bd_shs,63
bd_shs,26
bd_shs,43
bd_shs,30
bd_shs,35
bd_shs,103
bd_shs,92
bd_shs,34
bd_shs,70
bd_shs,28
bd_shs,46
bd_shs,29
bd_shs,61
bd_shs,124
bd_shs,52
bd_shs,61
bd_shs,164
bd_shs,27
bd_shs,30
bd_shs,184
bd_shs,21
bd_shs,213
bd_shs,149
bd_shs,42
bd_shs,37
bd_shs,18
bd_shs,27
bd_shs,73
bd_shs,36
bd_shs,102
bd_shs,30
bd_shs,37
bd_shs,43
bd_shs,27
bd_shs,21
bd_shs,21
bd_shs,62
bd_shs,27
bd_shs,15
bd_shs,58
bd_shs,30
bd_shs,9
bd_shs,45
bd_shs,59
bd_shs,16
bd_shs,92
bd_shs,42
bd_shs,17
bd_shs,33
bd_shs,26
bd_shs,68
bd_shs,216
bd_shs,63
bd_shs,20
bd_shs,11
bd_shs,12
bd_shs,33
bd_shs,25
bd_shs,136
bd_shs,23
bd_shs,68
bd_shs,15
bd_shs,23
bd_shs,15
bd_shs,17
bd_shs,17
bd_shs,68
bd_shs,38
bd_shs,70
bd_shs,72
bd_shs,72
bd_shs,37
bd_shs,103
bd_shs,37
bd_shs,33
bd_shs,113
bd_shs,50
bd_shs,73
bd_shs,66
bd_shs,55
bd_shs,55
bd_shs,158
bd_shs,57
bd_shs,36
bd_shs,109
bd_shs,155
bd_shs,66
bd_shs,25
bd_shs,37
bd_shs,161
bd_shs,13
bd_shs,66
bd_shs,10
bd_shs,20
bd_shs,316
bd_shs,37
bd_shs,24
bd_shs,127
bd_shs,161
bd_shs,37
bd_shs,95
bd_shs,309
bd_shs,392
bd_shs,146
bd_shs,46
bd_shs,66
bd_shs,37
bd_shs,36
bd_shs,57
bd_shs,58
bd_shs,15
bd_shs,20
bd_shs,16
bd_shs,21
bd_shs,56
bd_shs,104
bd_shs,58
bd_shs,74
bd_shs,40
bd_shs,49
bd_shs,77
bd_shs,15
bd_shs,153
bd_shs,39
bd_shs,13
bd_shs,17
bd_shs,18
bd_shs,37
bd_shs,62
bd_shs,23
bd_shs,20
bd_shs,32
bd_shs,24
bd_shs,17
bd_shs,17
bd_shs,15
bd_shs,21
bd_shs,85
bd_shs,130
bd_shs,18
bd_shs,22
bd_shs,74
bd_shs,15
bd_shs,21
bd_shs,54
bd_shs,23
bd_shs,36
bd_shs,14
bd_shs,40
bd_shs,21
bd_shs,14
bd_shs,13
bd_shs,260
bd_shs,15
bd_shs,57
bd_shs,70
bd_shs,62
bd_shs,20
bd_shs,31
bd_shs,22
bd_shs,27
bd_shs,83
bd_shs,15
bd_shs,19
bd_shs,32
bd_shs,129
bd_shs,26
bd_shs,23
bd_shs,17
bd_shs,142
bd_shs,51
bd_shs,32
bd_shs,46
bd_shs,37
bd_shs,21
bd_shs,77
bd_shs,32
bd_shs,56
bd_shs,27
bd_shs,37
bd_shs,15
bd_shs,13
bd_shs,10
bd_shs,24
bd_shs,26
bd_shs,29
bd_shs,33
bd_shs,35
bd_shs,23
bd_shs,104
bd_shs,48
bd_shs,60
bd_shs,16
bd_shs,34
bd_shs,28
bd_shs,20
bd_shs,34
bd_shs,37
bd_shs,35
bd_shs,63
bd_shs,19
bd_shs,33
bd_shs,115
bd_shs,169
bd_shs,30
bd_shs,82
bd_shs,19
bd_shs,7
bd_shs,7
bd_shs,9
bd_shs,13
bd_shs,14
bd_shs,24
bd_shs,6
bd_shs,42
bd_shs,15
bd_shs,87
bd_shs,6
bd_shs,10
bd_shs,12
bd_shs,12
bd_shs,47
bd_shs,14
bd_shs,11
bd_shs,29
bd_shs,10
bd_shs,6
bd_shs,8
bd_shs,76
bd_shs,75
bd_shs,95
bd_shs,35
bd_shs,23
bd_shs,38
bd_shs,98
bd_shs,30
bd_shs,34
bd_shs,18
bd_shs,19
bd_shs,39
bd_shs,22
bd_shs,44
bd_shs,591
bd_shs,162
bd_shs,47
bd_shs,53
bd_shs,41
bd_shs,45
bd_shs,69
bd_shs,26
bd_shs,42
bd_shs,54
bd_shs,42
bd_shs,75
bd_shs,26
bd_shs,21
bd_shs,24
bd_shs,33
bd_shs,39
bd_shs,97
bd_shs,227
bd_shs,27
bd_shs,380
bd_shs,25
bd_shs,14
bd_shs,67
bd_shs,60
bd_shs,76
bd_shs,84
bd_shs,133
bd_shs,202
bd_shs,158
bd_shs,109
bd_shs,118
bd_shs,115
bd_shs,69
bd_shs,64
bd_shs,76
bd_shs,101
bd_shs,131
bd_shs,62
bd_shs,34
bd_shs,156
bd_shs,17
bd_shs,36
bd_shs,97
bd_shs,32
bd_shs,44
bd_shs,76
bd_shs,96
bd_shs,59
bd_shs,32
bd_shs,49
bd_shs,22
bd_shs,42
bd_shs,61
bd_shs,18
bd_shs,48
bd_shs,21
bd_shs,19
bd_shs,20
bd_shs,60
bd_shs,15
bd_shs,7
bd_shs,31
bd_shs,25
bd_shs,28
bd_shs,61
bd_shs,40
bd_shs,47
bd_shs,29
bd_shs,29
bd_shs,42
bd_shs,139
bd_shs,34
bd_shs,10
bd_shs,13
bd_shs,24
bd_shs,214
bd_shs,26
bd_shs,48
bd_shs,50
bd_shs,41
bd_shs,33
bd_shs,127
bd_shs,19
bd_shs,33
bd_shs,26
bd_shs,45
bd_shs,63
bd_shs,52
bd_shs,23
bd_shs,16
bd_shs,189
bd_shs,45
bd_shs,69
bd_shs,38
bd_shs,20
bd_shs,34
bd_shs,21
bd_shs,19
bd_shs,131
bd_shs,22
bd_shs,24
bd_shs,51
bd_shs,72
bd_shs,38
bd_shs,21
bd_shs,30
bd_shs,41
bd_shs,77
bd_shs,53
bd_shs,26
bd_shs,11
bd_shs,16
bd_shs,58
bd_shs,27
bd_shs,64
bd_shs,52
bd_shs,16
bd_shs,17
bd_shs,30
bd_shs,45
bd_shs,202
bd_shs,137
bd_shs,61
bd_shs,17
bd_shs,18
bd_shs,54
bd_shs,64
bd_shs,28
bd_shs,115
bd_shs,32
bd_shs,22
bd_shs,37
bd_shs,29
bd_shs,87
bd_shs,22
bd_shs,37
bd_shs,129
bd_shs,87
bd_shs,17
bd_shs,11
bd_shs,30
bd_shs,45
bd_shs,22
bd_shs,34
bd_shs,72
bd_shs,51
bd_shs,90
bd_shs,22
bd_shs,27
bd_shs,10
bd_shs,34
bd_shs,47
bd_shs,36
bd_shs,22
bd_shs,24
bd_shs,25
bd_shs,8
bd_shs,17
bd_shs,25
bd_shs,22
bd_shs,24
bd_shs,24
bd_shs,87
bd_shs,13
bd_shs,25
bd_shs,13
bd_shs,99
bd_shs,18
bd_shs,12
bd_shs,17
bd_shs,128
bd_shs,24
bd_shs,64
bd_shs,15
bd_shs,67
bd_shs,36
bd_shs,38
bd_shs,38
bd_shs,20
bd_shs,23
bd_shs,131
bd_shs,21
bd_shs,15
bd_shs,21
bd_shs,24
bd_shs,21
bd_shs,153
bd_shs,42
bd_shs,44
bd_shs,13
bd_shs,25
bd_shs,52
bd_shs,28
bd_shs,50
bd_shs,23
bd_shs,39
bd_shs,29
bd_shs,51
bd_shs,14
bd_shs,27
bd_shs,15
bd_shs,17
bd_shs,55
bd_shs,16
bd_shs,28
bd_shs,20
bd_shs,89
bd_shs,117
bd_shs,15
bd_shs,53
bd_shs,17
bd_shs,72
bd_shs,31
bd_shs,16
bd_shs,67
bd_shs,13
bd_shs,18
bd_shs,19
bd_shs,13
bd_shs,10
bd_shs,24
bd_shs,13
bd_shs,54
bd_shs,31
bd_shs,11
bd_shs,12
bd_shs,12
bd_shs,46
bd_shs,6
bd_shs,23
bd_shs,25
bd_shs,70
bd_shs,8
bd_shs,13
bd_shs,119
bd_shs,20
bd_shs,26
bd_shs,9
bd_shs,101
bd_shs,28
bd_shs,44
bd_shs,251
bd_shs,88
bd_shs,13
bd_shs,43
bd_shs,32
bd_shs,38
bd_shs,15
bd_shs,24
bd_shs,136
bd_shs,55
bd_shs,31
bd_shs,40
bd_shs,87
bd_shs,30
bd_shs,23
bd_shs,125
bd_shs,18
bd_shs,14
bd_shs,45
bd_shs,22
bd_shs,42
bd_shs,29
bd_shs,66
bd_shs,9
bd_shs,23
bd_shs,16
bd_shs,22
bd_shs,20
bd_shs,39
bd_shs,67
bd_shs,20
bd_shs,61
bd_shs,136
bd_shs,71
bd_shs,12
bd_shs,101
bd_shs,24
bd_shs,31
bd_shs,15
bd_shs,105
bd_shs,27
bd_shs,25
bd_shs,19
bd_shs,34
bd_shs,37
bd_shs,49
bd_shs,54
bd_shs,10
bd_shs,25
bd_shs,66
bd_shs,153
bd_shs,40
bd_shs,20
bd_shs,52
bd_shs,175
bd_shs,51
bd_shs,31
bd_shs,17
bd_shs,23
bd_shs,21
bd_shs,34
bd_shs,29
bd_shs,34
bd_shs,16
bd_shs,41
bd_shs,46
bd_shs,122
bd_shs,246
bd_shs,21
bd_shs,71
bd_shs,19
bd_shs,93
bd_shs,56
bd_shs,41
bd_shs,471
bd_shs,102
bd_shs,18
bd_shs,20
bd_shs,121
bd_shs,27
bd_shs,89
bd_shs,30
bd_shs,59
bd_shs,35
bd_shs,23
bd_shs,23
bd_shs,33
bd_shs,84
bd_shs,27
bd_shs,17
bd_shs,24
bd_shs,93
bd_shs,27
bd_shs,42
bd_shs,21
bd_shs,31
bd_shs,18
bd_shs,66
bd_shs,67
bd_shs,19
bd_shs,69
bd_shs,27
bd_shs,37
bd_shs,34
bd_shs,21
bd_shs,17
bd_shs,25
bd_shs,21
bd_shs,54
bd_shs,73
bd_shs,38
bd_shs,28
bd_shs,59
bd_shs,21
bd_shs,48
bd_shs,21
bd_shs,21
bd_shs,46
bd_shs,44
bd_shs,40
bd_shs,12
bd_shs,19
bd_shs,64
bd_shs,58
bd_shs,27
bd_shs,14
bd_shs,83
bd_shs,19
bd_shs,107
bd_shs,52
bd_shs,30
bd_shs,27
bd_shs,8
bd_shs,39
bd_shs,21
bd_shs,39
bd_shs,15
bd_shs,22
bd_shs,49
bd_shs,45
bd_shs,26
bd_shs,19
bd_shs,18
bd_shs,17
bd_shs,27
bd_shs,18
bd_shs,24
bd_shs,355
bd_shs,14
bd_shs,20
bd_shs,47
bd_shs,13
bd_shs,30
bd_shs,9
bd_shs,32
bd_shs,9
bd_shs,16
bd_shs,33
bd_shs,59
bd_shs,13
bd_shs,8
bd_shs,19
bd_shs,9
bd_shs,81
bd_shs,19
bd_shs,32
bd_shs,203
bd_shs,24
bd_shs,34
bd_shs,44
bd_shs,55
bd_shs,16
bd_shs,28
bd_shs,25
bd_shs,14
bd_shs,18
bd_shs,78
bd_shs,25
bd_shs,40
bd_shs,26
bd_shs,20
bd_shs,36
bd_shs,35
bd_shs,26
bd_shs,72
bd_shs,33
bd_shs,22
bd_shs,57
bd_shs,17
bd_shs,64
bd_shs,27
bd_shs,24
bd_shs,21
bd_shs,83
bd_shs,30
bd_shs,127
bd_shs,13
bd_shs,95
bd_shs,42
bd_shs,18
bd_shs,17
bd_shs,48
bd_shs,17
bd_shs,26
bd_shs,15
bd_shs,12
bd_shs,12
bd_shs,16
bd_shs,65
bd_shs,22
bd_shs,30
bd_shs,28
bd_shs,37
bd_shs,25
bd_shs,73
bd_shs,27
bd_shs,60
bd_shs,37
bd_shs,18
bd_shs,46
bd_shs,47
bd_shs,10
bd_shs,22
bd_shs,17
bd_shs,11
bd_shs,24
bd_shs,19
bd_shs,13
bd_shs,18
bd_shs,17
bd_shs,9
bd_shs,13
bd_shs,14
bd_shs,32
bd_shs,48
bd_shs,21
bd_shs,6
bd_shs,18
bd_shs,39
bd_shs,32
bd_shs,8
bd_shs,19
bd_shs,17
bd_shs,39
bd_shs,11
bd_shs,10
bd_shs,52
bd_shs,23
bd_shs,6
bd_shs,24
bd_shs,11
bd_shs,32
bd_shs,13
bd_shs,52
bd_shs,14
bd_shs,22
bd_shs,15
bd_shs,21
bd_shs,32
bd_shs,62
bd_shs,65
bd_shs,58
bd_shs,65
bd_shs,108
bd_shs,97
bd_shs,54
bd_shs,19
bd_shs,17
bd_shs,15
bd_shs,106
bd_shs,28
bd_shs,22
bd_shs,24
bd_shs,20
bd_shs,24
bd_shs,30
bd_shs,46
bd_shs,36
bd_shs,177
bd_shs,23
bd_shs,138
bd_shs,20
bd_shs,466
bd_shs,44
bd_shs,21
bd_shs,16
bd_shs,26
bd_shs,24
bd_shs,32
bd_shs,21
bd_shs,27
bd_shs,113
bd_shs,80
bd_shs,19
bd_shs,16
bd_shs,32
bd_shs,9
bd_shs,23
bd_shs,37
bd_shs,64
bd_shs,28
bd_shs,41
bd_shs,40
bd_shs,34
bd_shs,29
bd_shs,40
bd_shs,37
bd_shs,19
bd_shs,26
bd_shs,31
bd_shs,10
bd_shs,14
bd_shs,47
bd_shs,20
bd_shs,19
bd_shs,171
bd_shs,68
bd_shs,27
bd_shs,35
bd_shs,15
bd_shs,37
bd_shs,46
bd_shs,11
bd_shs,52
bd_shs,16
bd_shs,14
bd_shs,25
bd_shs,11
bd_shs,16
bd_shs,21
bd_shs,35
bd_shs,44
bd_shs,43
bd_shs,64
bd_shs,28
bd_shs,64
bd_shs,13
bd_shs,26
bd_shs,44
bd_shs,44
bd_shs,10
bd_shs,40
bd_shs,39
bd_shs,6
bd_shs,18
bd_shs,16
bd_shs,18
bd_shs,18
bd_shs,6
bd_shs,17
bd_shs,11
bd_shs,36
bd_shs,49
bd_shs,21
bd_shs,83
bd_shs,65
bd_shs,26
bd_shs,59
bd_shs,132
bd_shs,20
bd_shs,23
bd_shs,36
bd_shs,45
bd_shs,33
bd_shs,36
bd_shs,43
bd_shs,70
bd_shs,17
bd_shs,69
bd_shs,70
bd_shs,53
bd_shs,44
bd_shs,139
bd_shs,172
bd_shs,156
bd_shs,156
bd_shs,62
bd_shs,38
bd_shs,46
bd_shs,88
bd_shs,27
bd_shs,144
bd_shs,102
bd_shs,52
bd_shs,31
bd_shs,32
bd_shs,14
bd_shs,114
bd_shs,56
bd_shs,79
bd_shs,148
bd_shs,125
bd_shs,191
bd_shs,187
bd_shs,65
bd_shs,190
bd_shs,98
bd_shs,250
bd_shs,95
bd_shs,90
bd_shs,272
bd_shs,79
bd_shs,45
bd_shs,45
bd_shs,68
bd_shs,181
bd_shs,88
bd_shs,40
bd_shs,40
bd_shs,81
bd_shs,221
bd_shs,29
bd_shs,1203
bd_shs,78
bd_shs,71
bd_shs,44
bd_shs,12
bd_shs,184
bd_shs,81
bd_shs,68
bd_shs,37
bd_shs,185
bd_shs,39
bd_shs,31
bd_shs,68
bd_shs,18
bd_shs,75
bd_shs,139
bd_shs,44
bd_shs,78
bd_shs,83
bd_shs,270
bd_shs,47
bd_shs,25
bd_shs,34
bd_shs,64
bd_shs,60
bd_shs,405
bd_shs,354
bd_shs,120
bd_shs,123
bd_shs,141
bd_shs,80
bd_shs,87
bd_shs,122
bd_shs,89
bd_shs,28
bd_shs,124
bd_shs,223
bd_shs,198
bd_shs,129
bd_shs,100
bd_shs,71
bd_shs,33
bd_shs,147
bd_shs,203
bd_shs,231
bd_shs,172
bd_shs,197
bd_shs,50
bd_shs,60
bd_shs,57
bd_shs,62
bd_shs,78
bd_shs,45
bd_shs,51
bd_shs,58
bd_shs,82
bd_shs,49
bd_shs,115
bd_shs,40
bd_shs,35
bd_shs,144
bd_shs,34
bd_shs,27
bd_shs,123
bd_shs,71
bd_shs,44
bd_shs,395
bd_shs,60
bd_shs,30
bd_shs,326
bd_shs,88
bd_shs,92
bd_shs,48
bd_shs,126
bd_shs,60
bd_shs,53
bd_shs,54
bd_shs,106
bd_shs,91
bd_shs,482
bd_shs,23
bd_shs,63
bd_shs,105
bd_shs,71
bd_shs,50
bd_shs,58
bd_shs,32
bd_shs,89
bd_shs,82
bd_shs,75
bd_shs,57
bd_shs,43
bd_shs,130
bd_shs,80
bd_shs,122
bd_shs,26
bd_shs,158
bd_shs,215
bd_shs,104
bd_shs,60
bd_shs,45
bd_shs,219
bd_shs,105
bd_shs,157
bd_shs,42
bd_shs,26
bd_shs,264
bd_shs,64
bd_shs,53
bd_shs,151
bd_shs,44
bd_shs,86
bd_shs,222
bd_shs,72
bd_shs,48
bd_shs,228
bd_shs,73
bd_shs,46
bd_shs,95
bd_shs,72
bd_shs,50
bd_shs,229
bd_shs,57
bd_shs,110
bd_shs,77
bd_shs,134
bd_shs,20
bd_shs,63
bd_shs,27
bd_shs,57
bd_shs,25
bd_shs,37
bd_shs,23
bd_shs,33
bd_shs,77
bd_shs,150
bd_shs,89
bd_shs,25
bd_shs,33
bd_shs,10
bd_shs,20
bd_shs,55
bd_shs,113
bd_shs,23
bd_shs,65
bd_shs,74
bd_shs,28
bd_shs,27
bd_shs,23
bd_shs,242
bd_shs,27
bd_shs,39
bd_shs,49
bd_shs,10
bd_shs,72
bd_shs,25
bd_shs,63
bd_shs,11
bd_shs,19
bd_shs,37
bd_shs,22
bd_shs,34
bd_shs,34
bd_shs,442
bd_shs,55
bd_shs,52
bd_shs,34
bd_shs,80
bd_shs,81
bd_shs,13
bd_shs,15
bd_shs,22
bd_shs,27
bd_shs,10
bd_shs,48
bd_shs,67
bd_shs,13
bd_shs,35
bd_shs,12
bd_shs,134
bd_shs,49
bd_shs,60
bd_shs,16
bd_shs,10
bd_shs,23
bd_shs,13
bd_shs,23
bd_shs,27
bd_shs,151
bd_shs,13
bd_shs,41
bd_shs,70
bd_shs,36
bd_shs,50
bd_shs,19
bd_shs,73
bd_shs,16
bd_shs,15
bd_shs,20
bd_shs,11
bd_shs,48
bd_shs,67
bd_shs,9
bd_shs,26
bd_shs,32
bd_shs,67
bd_shs,44
bd_shs,17
bd_shs,39
bd_shs,9
bd_shs,64
bd_shs,38
bd_shs,43
bd_shs,67
bd_shs,54
bd_shs,19
bd_shs,30
bd_shs,63
bd_shs,17
bd_shs,7
bd_shs,19
bd_shs,35
bd_shs,19
bd_shs,17
bd_shs,17
bd_shs,10
bd_shs,29
bd_shs,27
bd_shs,72
bd_shs,14
bd_shs,16
bd_shs,20
bd_shs,14
bd_shs,19
bd_shs,26
bd_shs,12
bd_shs,12
bd_shs,35
bd_shs,25
bd_shs,129
bd_shs,43
bd_shs,22
bd_shs,20
bd_shs,80
bd_shs,19
bd_shs,63
bd_shs,19
bd_shs,26
bd_shs,91
bd_shs,58
bd_shs,33
bd_shs,10
bd_shs,50
bd_shs,15
bd_shs,19
bd_shs,96
bd_shs,63
bd_shs,37
bd_shs,78
bd_shs,30
bd_shs,25
bd_shs,38
bd_shs,47
bd_shs,44
bd_shs,46
bd_shs,14
bd_shs,16
bd_shs,20
bd_shs,14
bd_shs,130
bd_shs,13
bd_shs,177
bd_shs,12
bd_shs,17
bd_shs,23
bd_shs,20
bd_shs,6
bd_shs,33
bd_shs,17
bd_shs,33
bd_shs,31
bd_shs,7
bd_shs,32
bd_shs,14
bd_shs,14
bd_shs,11
bd_shs,23
bd_shs,7
bd_shs,61
bd_shs,102
bd_shs,30
bd_shs,49
bd_shs,22
bd_shs,9
bd_shs,49
bd_shs,59
bd_shs,6
bd_shs,27
bd_shs,46
bd_shs,85
bd_shs,34
bd_shs,49
bd_shs,12
bd_shs,53
bd_shs,18
bd_shs,13
bd_shs,23
bd_shs,19
bd_shs,9
bd_shs,50
bd_shs,15
bd_shs,16
bd_shs,16
bd_shs,22
bd_shs,24
bd_shs,69
bd_shs,13
bd_shs,13
bd_shs,27
bd_shs,76
bd_shs,32
bd_shs,17
bd_shs,52
bd_shs,86
bd_shs,118
bd_shs,19
bd_shs,19
bd_shs,84
bd_shs,107
bd_shs,12
bd_shs,15
bd_shs,48
bd_shs,47
bd_shs,1002
bd_shs,162
bd_shs,26
bd_shs,36
bd_shs,97
bd_shs,56
bd_shs,42
bd_shs,22
bd_shs,158
bd_shs,48
bd_shs,36
bd_shs,36
bd_shs,43
bd_shs,44
bd_shs,50
bd_shs,59
bd_shs,44
bd_shs,182
bd_shs,276
bd_shs,77
bd_shs,122
bd_shs,27
bd_shs,60
bd_shs,49
bd_shs,20
bd_shs,12
bd_shs,366
bd_shs,133
bd_shs,61
bd_shs,19
bd_shs,133
bd_shs,47
bd_shs,181
bd_shs,35
bd_shs,149
bd_shs,37
bd_shs,83
bd_shs,132
bd_shs,71
bd_shs,32
bd_shs,158
bd_shs,54
bd_shs,22
bd_shs,19
bd_shs,38
bd_shs,20
bd_shs,32
bd_shs,22
bd_shs,67
bd_shs,45
bd_shs,43
bd_shs,137
bd_shs,107
bd_shs,34
bd_shs,64
bd_shs,24
bd_shs,30
bd_shs,29
bd_shs,226
bd_shs,148
bd_shs,84
bd_shs,99
bd_shs,86
bd_shs,26
bd_shs,29
bd_shs,43
bd_shs,63
bd_shs,20
bd_shs,63
bd_shs,42
bd_shs,60
bd_shs,124
bd_shs,127
bd_shs,8
bd_shs,26
bd_shs,153
bd_shs,103
bd_shs,238
bd_shs,27
bd_shs,72
bd_shs,29
bd_shs,12
bd_shs,39
bd_shs,99
bd_shs,159
bd_shs,229
bd_shs,84
bd_shs,29
bd_shs,10
bd_shs,24
bd_shs,33
bd_shs,27
bd_shs,57
bd_shs,38
bd_shs,79
bd_shs,31
bd_shs,35
bd_shs,106
bd_shs,10
bd_shs,100
bd_shs,96
bd_shs,23
bd_shs,18
bd_shs,40
bd_shs,16
bd_shs,39
bd_shs,55
bd_shs,31
bd_shs,55
bd_shs,119
bd_shs,48
bd_shs,76
bd_shs,80
bd_shs,63
bd_shs,16
bd_shs,40
bd_shs,38
bd_shs,68
bd_shs,52
bd_shs,52
bd_shs,67
bd_shs,30
bd_shs,19
bd_shs,77
bd_shs,24
bd_shs,16
bd_shs,11
bd_shs,17
bd_shs,46
bd_shs,25
bd_shs,89
bd_shs,60
bd_shs,17
bd_shs,21
bd_shs,32
bd_shs,15
bd_shs,26
bd_shs,13
bd_shs,46
bd_shs,122
bd_shs,59
bd_shs,66
bd_shs,68
bd_shs,18
bd_shs,17
bd_shs,56
bd_shs,12
bd_shs,48
bd_shs,52
bd_shs,41
bd_shs,37
bd_shs,123
bd_shs,54
bd_shs,105
bd_shs,62
bd_shs,80
bd_shs,95
bd_shs,29
bd_shs,59
bd_shs,133
bd_shs,10
bd_shs,38
bd_shs,124
bd_shs,65
bd_shs,37
bd_shs,56
bd_shs,59
bd_shs,368
bd_shs,159
bd_shs,123
bd_shs,58
bd_shs,63
bd_shs,18
bd_shs,65
bd_shs,191
bd_shs,40
bd_shs,38
bd_shs,46
bd_shs,51
bd_shs,22
bd_shs,130
bd_shs,8
bd_shs,64
bd_shs,57
bd_shs,72
bd_shs,13
bd_shs,16
bd_shs,57
bd_shs,29
bd_shs,69
bd_shs,195
bd_shs,40
bd_shs,240
bd_shs,33
bd_shs,54
bd_shs,41
bd_shs,40
bd_shs,42
bd_shs,21
bd_shs,52
bd_shs,54
bd_shs,14
bd_shs,27
bd_shs,39
bd_shs,136
bd_shs,605
bd_shs,134
bd_shs,34
bd_shs,58
bd_shs,68
bd_shs,49
bd_shs,37
bd_shs,48
bd_shs,31
bd_shs,38
bd_shs,46
bd_shs,173
bd_shs,72
bd_shs,56
bd_shs,10
bd_shs,190
bd_shs,29
bd_shs,20
bd_shs,75
bd_shs,59
bd_shs,43
bd_shs,39
bd_shs,76
bd_shs,69
bd_shs,36
bd_shs,22
bd_shs,32
bd_shs,66
bd_shs,21
bd_shs,5
bd_shs,9
bd_shs,129
bd_shs,70
bd_shs,53
bd_shs,122
bd_shs,67
bd_shs,12
bd_shs,17
bd_shs,38
bd_shs,38
bd_shs,67
bd_shs,108
bd_shs,42
bd_shs,77
bd_shs,51
bd_shs,65
bd_shs,15
bd_shs,62
bd_shs,44
bd_shs,9
bd_shs,11
bd_shs,38
bd_shs,31
bd_shs,129
bd_shs,35
bd_shs,14
bd_shs,60
bd_shs,21
bd_shs,35
bd_shs,72
bd_shs,47
bd_shs,95
bd_shs,43
bd_shs,12
bd_shs,9
bd_shs,21
bd_shs,144
bd_shs,23
bd_shs,71
bd_shs,161
bd_shs,74
bd_shs,71
bd_shs,48
bd_shs,24
bd_shs,89
bd_shs,54
bd_shs,19
bd_shs,204
bd_shs,70
bd_shs,16
bd_shs,33
bd_shs,165
bd_shs,45
bd_shs,91
bd_shs,62
bd_shs,125
bd_shs,177
bd_shs,60
bd_shs,53
bd_shs,90
bd_shs,78
bd_shs,113
bd_shs,40
bd_shs,123
bd_shs,153
bd_shs,106
bd_shs,24
bd_shs,12
bd_shs,125
bd_shs,146
bd_shs,14
bd_shs,47
bd_shs,239
bd_shs,22
bd_shs,88
bd_shs,17
bd_shs,289
bd_shs,80
bd_shs,44
bd_shs,69
bd_shs,24
bd_shs,26
bd_shs,58
bd_shs,42
bd_shs,161
bd_shs,55
bd_shs,254
bd_shs,354
bd_shs,385
bd_shs,69
bd_shs,26
bd_shs,164
bd_shs,20
bd_shs,98
bd_shs,99
bd_shs,123
bd_shs,23
bd_shs,84
bd_shs,117
bd_shs,50
bd_shs,23
bd_shs,9
bd_shs,54
bd_shs,14
bd_shs,293
bd_shs,35
bd_shs,667
bd_shs,297
bd_shs,8
bd_shs,106
bd_shs,176
bd_shs,73
bd_shs,55
bd_shs,75
bd_shs,36
bd_shs,119
bd_shs,66
bd_shs,103
bd_shs,34
bd_shs,48
bd_shs,137
bd_shs,42
bd_shs,144
bd_shs,208
bd_shs,24
bd_shs,11
bd_shs,167
bd_shs,191
bd_shs,26
bd_shs,26
bd_shs,250
bd_shs,59
bd_shs,162
bd_shs,31
bd_shs,326
bd_shs,72
bd_shs,57
bd_shs,206
bd_shs,24
bd_shs,86
bd_shs,14
bd_shs,265
bd_shs,12
bd_shs,35
bd_shs,19
bd_shs,27
bd_shs,21
bd_shs,20
bd_shs,52
bd_shs,31
bd_shs,26
bd_shs,26
bd_shs,123
bd_shs,138
bd_shs,19
bd_shs,31
bd_shs,30
bd_shs,13
bd_shs,57
bd_shs,43
bd_shs,22
bd_shs,21
bd_shs,387
bd_shs,76
bd_shs,107
bd_shs,113
bd_shs,29
bd_shs,447
bd_shs,323
bd_shs,124
bd_shs,14
bd_shs,148
bd_shs,155
bd_shs,31
bd_shs,22
bd_shs,98
bd_shs,21
bd_shs,12
bd_shs,49
bd_shs,10
bd_shs,26
bd_shs,117
bd_shs,61
bd_shs,66
bd_shs,9
bd_shs,60
bd_shs,55
bd_shs,38
bd_shs,42
bd_shs,48
bd_shs,15
bd_shs,97
bd_shs,84
bd_shs,48
bd_shs,204
bd_shs,135
bd_shs,20
bd_shs,22
bd_shs,41
bd_shs,129
bd_shs,89
bd_shs,33
bd_shs,25
bd_shs,226
bd_shs,61
bd_shs,133
bd_shs,37
bd_shs,15
bd_shs,45
bd_shs,89
bd_shs,102
bd_shs,62
bd_shs,44
bd_shs,52
bd_shs,120
bd_shs,63
bd_shs,83
bd_shs,54
bd_shs,16
bd_shs,288
bd_shs,71
bd_shs,74
bd_shs,46
bd_shs,23
bd_shs,183
bd_shs,34
bd_shs,37
bd_shs,51
bd_shs,33
bd_shs,22
bd_shs,47
bd_shs,83
bd_shs,54
bd_shs,49
bd_shs,20
bd_shs,7
bd_shs,9
bd_shs,10
bd_shs,20
bd_shs,10
bd_shs,11
bd_shs,17
bd_shs,6
bd_shs,10
bd_shs,20
bd_shs,29
bd_shs,17
bd_shs,33
bd_shs,26
bd_shs,21
bd_shs,54
bd_shs,26
bd_shs,49
bd_shs,72
bd_shs,11
bd_shs,293
bd_shs,23
bd_shs,38
bd_shs,40
bd_shs,36
bd_shs,66
bd_shs,78
bd_shs,185
bd_shs,14
bd_shs,103
bd_shs,110
bd_shs,132
bd_shs,68
bd_shs,137
bd_shs,114
bd_shs,118
bd_shs,56
bd_shs,119
bd_shs,47
bd_shs,26
bd_shs,199
bd_shs,35
bd_shs,15
bd_shs,46
bd_shs,65
bd_shs,47
bd_shs,15
bd_shs,23
bd_shs,175
bd_shs,39
bd_shs,74
bd_shs,29
bd_shs,79
bd_shs,71
bd_shs,166
bd_shs,37
bd_shs,32
bd_shs,29
bd_shs,11
bd_shs,8
bd_shs,10
bd_shs,81
bd_shs,30
bd_shs,6
bd_shs,30
bd_shs,17
bd_shs,14
bd_shs,54
bd_shs,58
bd_shs,73
bd_shs,7
bd_shs,13
bd_shs,263
bd_shs,20
bd_shs,23
bd_shs,19
bd_shs,24
bd_shs,64
bd_shs,41
bd_shs,53
bd_shs,73
bd_shs,56
bd_shs,11
bd_shs,18
bd_shs,127
bd_shs,37
bd_shs,20
bd_shs,6
bd_shs,7
bd_shs,43
bd_shs,11
bd_shs,26
bd_shs,30
bd_shs,94
bd_shs,11
bd_shs,29
bd_shs,15
bd_shs,12
bd_shs,26
bd_shs,58
bd_shs,54
bd_shs,7
bd_shs,31
bd_shs,9
bd_shs,8
bd_shs,10
bd_shs,52
bd_shs,10
bd_shs,43
bd_shs,69
bd_shs,15
bd_shs,21
bd_shs,36
bd_shs,27
bd_shs,393
bd_shs,121
bd_shs,51
bd_shs,52
bd_shs,89
bd_shs,33
bd_shs,85
bd_shs,74
bd_shs,41
bd_shs,24
bd_shs,95
bd_shs,43
bd_shs,77
bd_shs,20
bd_shs,51
bd_shs,76
bd_shs,122
bd_shs,14
bd_shs,63
bd_shs,27
bd_shs,58
bd_shs,122
bd_shs,66
bd_shs,45
bd_shs,54
bd_shs,27
bd_shs,114
bd_shs,15
bd_shs,15
bd_shs,20
bd_shs,16
bd_shs,58
bd_shs,52
bd_shs,17
bd_shs,20
bd_shs,73
bd_shs,20
bd_shs,16
bd_shs,22
bd_shs,51
bd_shs,36
bd_shs,27
bd_shs,6
bd_shs,54
bd_shs,8
bd_shs,103
bd_shs,122
bd_shs,12
bd_shs,6
bd_shs,91
bd_shs,432
bd_shs,47
bd_shs,90
bd_shs,38
bd_shs,25
bd_shs,30
bd_shs,6
bd_shs,17
bd_shs,62
bd_shs,17
bd_shs,25
bd_shs,22
bd_shs,201
bd_shs,49
bd_shs,77
bd_shs,44
bd_shs,7
bd_shs,93
bd_shs,29
bd_shs,29
bd_shs,47
bd_shs,17
bd_shs,38
bd_shs,39
bd_shs,30
bd_shs,33
bd_shs,7
bd_shs,34
bd_shs,41
bd_shs,21
bd_shs,33
bd_shs,87
bd_shs,52
bd_shs,44
bd_shs,11
bd_shs,165
bd_shs,17
bd_shs,39
bd_shs,191
bd_shs,75
bd_shs,14
bd_shs,30
bd_shs,38
bd_shs,37
bd_shs,8
bd_shs,11
bd_shs,49
bd_shs,10
bd_shs,243
bd_shs,7
bd_shs,13
bd_shs,13
bd_shs,19
bd_shs,6
bd_shs,6
bd_shs,54
bd_shs,16
bd_shs,139
bd_shs,6
bd_shs,61
bd_shs,37
bd_shs,175
bd_shs,16
bd_shs,20
bd_shs,44
bd_shs,6
bd_shs,69
bd_shs,61
bd_shs,35
bd_shs,50
bd_shs,375
bd_shs,32
bd_shs,66
bd_shs,27
bd_shs,31
bd_shs,26
bd_shs,16
bd_shs,58
bd_shs,4
bd_shs,23
bd_shs,60
bd_shs,67
bd_shs,280
bd_shs,119
bd_shs,12
bd_shs,5
bd_shs,44
bd_shs,172
bd_shs,12
bd_shs,69
bd_shs,104
bd_shs,256
bd_shs,93
bd_shs,44
bd_shs,128
bd_shs,127
bd_shs,58
bd_shs,358
bd_shs,57
bd_shs,512
bd_shs,69
bd_shs,55
bd_shs,55
bd_shs,93
bd_shs,49
bd_shs,80
bd_shs,443
bd_shs,624
bd_shs,190
bd_shs,309
bd_shs,3
bd_shs,31
bd_shs,73
bd_shs,238
bd_shs,25
bd_shs,766
bd_shs,119
bd_shs,51
bd_shs,542
bd_shs,140
bd_shs,93
bd_shs,45
bd_shs,64
bd_shs,67
bd_shs,30
bd_shs,264
bd_shs,29
bd_shs,24
bd_shs,401
bd_shs,33
bd_shs,65
bd_shs,73
bd_shs,97
bd_shs,309
bd_shs,118
bd_shs,28
bd_shs,223
bd_shs,102
bd_shs,106
bd_shs,1588
bd_shs,123
bd_shs,889
bd_shs,23
bd_shs,79
bd_shs,164
bd_shs,220
bd_shs,285
bd_shs,16
bd_shs,26
bd_shs,465
bd_shs,91
bd_shs,351
bd_shs,15
bd_shs,48
bd_shs,35
bd_shs,39
bd_shs,114
bd_shs,42
bd_shs,138
bd_shs,266
bd_shs,37
bd_shs,6
bd_shs,39
bd_shs,2
bd_shs,23
bd_shs,34
bd_shs,17
bd_shs,23
bd_shs,35
bd_shs,8
bd_shs,15
bd_shs,47
bd_shs,8
bd_shs,19
bd_shs,12
bd_shs,11
bd_shs,22
bd_shs,148
bd_shs,39
bd_shs,10
bd_shs,13
bd_shs,16
bd_shs,87
bd_shs,7
bd_shs,107
bd_shs,24
bd_shs,79
bd_shs,47
bd_shs,154
bd_shs,56
bd_shs,43
bd_shs,489
bd_shs,12
bd_shs,109
bd_shs,63
bd_shs,87
bd_shs,81
bd_shs,22
bd_shs,138
bd_shs,24
bd_shs,24
bd_shs,35
bd_shs,165
bd_shs,119
bd_shs,31
bd_shs,41
bd_shs,20
bd_shs,130
bd_shs,43
bd_shs,68
bd_shs,188
bd_shs,21
bd_shs,39
bd_shs,10
bd_shs,27
bd_shs,49
bd_shs,79
bd_shs,9
bd_shs,18
bd_shs,101
bd_shs,32
bd_shs,22
bd_shs,19
bd_shs,40
bd_shs,105
bd_shs,22
bd_shs,18
bd_shs,15
bd_shs,14
bd_shs,107
bd_shs,12
bd_shs,58
bd_shs,10
bd_shs,45
bd_shs,26
bd_shs,79
bd_shs,1265
bd_shs,22
bd_shs,51
bd_shs,23
bd_shs,59
bd_shs,31
bd_shs,10
bd_shs,49
bd_shs,19
bd_shs,30
bd_shs,48
bd_shs,96
bd_shs,36
bd_shs,20
bd_shs,88
bd_shs,59
bd_shs,10
bd_shs,34
bd_shs,25
bd_shs,33
bd_shs,18
bd_shs,12
bd_shs,63
bd_shs,55
bd_shs,21
bd_shs,4
bd_shs,35
bd_shs,228
bd_shs,25
bd_shs,21
bd_shs,14
bd_shs,24
bd_shs,21
bd_shs,33
bd_shs,21
bd_shs,17
bd_shs,18
bd_shs,17
bd_shs,9
bd_shs,137
bd_shs,28
bd_shs,94
bd_shs,23
bd_shs,33
bd_shs,59
bd_shs,17
bd_shs,15
bd_shs,16
bd_shs,10
bd_shs,17
bd_shs,19
bd_shs,49
bd_shs,95
bd_shs,43
bd_shs,12
bd_shs,34
bd_shs,19
bd_shs,120
bd_shs,30
bd_shs,56
bd_shs,110
bd_shs,23
bd_shs,31
bd_shs,171
bd_shs,11
bd_shs,13
bd_shs,22
bd_shs,61
bd_shs,31
bd_shs,17
bd_shs,50
bd_shs,14
bd_shs,215
bd_shs,16
bd_shs,26
bd_shs,69
bd_shs,19
bd_shs,105
bd_shs,25
bd_shs,56
bd_shs,9
bd_shs,119
bd_shs,100
bd_shs,39
bd_shs,41
bd_shs,22
bd_shs,31
bd_shs,20
bd_shs,51
bd_shs,10
bd_shs,27
bd_shs,17
bd_shs,29
bd_shs,58
bd_shs,220
bd_shs,19
bd_shs,142
bd_shs,41
bd_shs,33
bd_shs,11
bd_shs,30
bd_shs,59
bd_shs,63
bd_shs,33
bd_shs,11
bd_shs,28
bd_shs,36
bd_shs,10
bd_shs,50
bd_shs,9
bd_shs,40
bd_shs,6
bd_shs,37
bd_shs,23
bd_shs,21
bd_shs,49
bd_shs,9
bd_shs,24
bd_shs,8
bd_shs,102
bd_shs,13
bd_shs,10
bd_shs,21
bd_shs,16
bd_shs,69
bd_shs,22
bd_shs,52
bd_shs,23
bd_shs,20
bd_shs,34
bd_shs,10
bd_shs,21
bd_shs,24
bd_shs,11
bd_shs,18
bd_shs,25
bd_shs,13
bd_shs,46
bd_shs,16
bd_shs,21
bd_shs,40
bd_shs,21
bd_shs,7
bd_shs,30
bd_shs,65
bd_shs,14
bd_shs,60
bd_shs,28
bd_shs,42
bd_shs,10
bd_shs,11
bd_shs,16
bd_shs,11
bd_shs,26
bd_shs,21
bd_shs,76
bd_shs,14
bd_shs,13
bd_shs,24
bd_shs,28
bd_shs,19
bd_shs,159
bd_shs,44
bd_shs,29
bd_shs,149
bd_shs,78
bd_shs,156
bd_shs,114
bd_shs,110
bd_shs,235
bd_shs,400
bd_shs,101
bd_shs,668
bd_shs,148
bd_shs,72
bd_shs,75
bd_shs,9
bd_shs,31
bd_shs,97
bd_shs,39
bd_shs,24
bd_shs,33
bd_shs,19
bd_shs,27
bd_shs,19
bd_shs,686
bd_shs,15
bd_shs,58
bd_shs,53
bd_shs,88
bd_shs,47
bd_shs,124
bd_shs,14
bd_shs,36
bd_shs,27
bd_shs,38
bd_shs,27
bd_shs,29
bd_shs,11
bd_shs,21
bd_shs,24
bd_shs,61
bd_shs,72
bd_shs,14
bd_shs,26
bd_shs,23
bd_shs,40
bd_shs,19
bd_shs,68
bd_shs,11
bd_shs,251
bd_shs,25
bd_shs,27
bd_shs,54
bd_shs,10
bd_shs,20
bd_shs,6
bd_shs,12
bd_shs,100
bd_shs,15
bd_shs,50
bd_shs,35
bd_shs,177
bd_shs,18
bd_shs,14
bd_shs,50
bd_shs,19
bd_shs,51
bd_shs,28
bd_shs,35
bd_shs,16
bd_shs,8
bd_shs,39
bd_shs,12
bd_shs,20
bd_shs,21
bd_shs,60
bd_shs,28
bd_shs,21
bd_shs,71
bd_shs,526
bd_shs,109
bd_shs,49
bd_shs,114
bd_shs,11
bd_shs,64
bd_shs,27
bd_shs,9
bd_shs,49
bd_shs,10
bd_shs,21
bd_shs,10
bd_shs,11
bd_shs,7
bd_shs,9
bd_shs,9
bd_shs,39
bd_shs,10
bd_shs,62
bd_shs,54
bd_shs,25
bd_shs,32
bd_shs,12
bd_shs,33
bd_shs,51
bd_shs,61
bd_shs,20
bd_shs,8
bd_shs,27
bd_shs,5
bd_shs,31
bd_shs,59
bd_shs,25
bd_shs,28
bd_shs,18
bd_shs,48
bd_shs,80
bd_shs,28
bd_shs,71
bd_shs,9
bd_shs,23
bd_shs,23
bd_shs,23
bd_shs,18
bd_shs,38
bd_shs,5
bd_shs,7
bd_shs,9
bd_shs,8
bd_shs,54
bd_shs,8
bd_shs,32
bd_shs,12
bd_shs,20
bd_shs,22
bd_shs,66
bd_shs,17
bd_shs,20
bd_shs,5
bd_shs,14
bd_shs,18
bd_shs,21
bd_shs,18
bd_shs,6
bd_shs,7
bd_shs,25
bd_shs,16
bd_shs,26
bd_shs,53
bd_shs,9
bd_shs,21
bd_shs,21
bd_shs,12
bd_shs,47
bd_shs,44
bd_shs,15
bd_shs,15
bd_shs,13
bd_shs,13
bd_shs,32
bd_shs,47
bd_shs,23
bd_shs,13
bd_shs,10
bd_shs,45
bd_shs,55
bd_shs,16
bd_shs,30
bd_shs,42
bd_shs,43
bd_shs,12
bd_shs,26
bd_shs,31
bd_shs,111
bd_shs,23
bd_shs,22
bd_shs,21
bd_shs,10
bd_shs,8
bd_shs,32
bd_shs,11
bd_shs,21
bd_shs,43
bd_shs,34
bd_shs,58
bd_shs,44
bd_shs,8
bd_shs,21
bd_shs,39
bd_shs,21
bd_shs,42
bd_shs,34
bd_shs,21
bd_shs,92
bd_shs,43
bd_shs,30
bd_shs,48
bd_shs,41
bd_shs,41
bd_shs,244
bd_shs,36
bd_shs,45
bd_shs,11
bd_shs,23
bd_shs,23
bd_shs,26
bd_shs,154
bd_shs,18
bd_shs,28
bd_shs,50
bd_shs,38
bd_shs,129
bd_shs,11
bd_shs,8
bd_shs,9
bd_shs,12
bd_shs,29
bd_shs,16
bd_shs,14
bd_shs,10
bd_shs,22
bd_shs,272
bd_shs,257
bd_shs,29
bd_shs,22
bd_shs,15
bd_shs,24
bd_shs,22
bd_shs,718
bd_shs,6
bd_shs,21
bd_shs,29
bd_shs,29
bd_shs,3
bd_shs,37
bd_shs,8
bd_shs,26
bd_shs,22
bd_shs,25
bd_shs,84
bd_shs,54
bd_shs,37
bd_shs,66
bd_shs,85
bd_shs,24
bd_shs,144
bd_shs,107
bd_shs,473
bd_shs,42
bd_shs,481
bd_shs,9
bd_shs,135
bd_shs,19
bd_shs,25
bd_shs,97
bd_shs,14
bd_shs,24
bd_shs,4
bd_shs,77
bd_shs,13
bd_shs,47
bd_shs,13
bd_shs,20
bd_shs,12
bd_shs,4
bd_shs,117
bd_shs,26
bd_shs,62
bd_shs,8
bd_shs,47
bd_shs,12
bd_shs,77
bd_shs,15
bd_shs,193
bd_shs,130
bd_shs,17
bd_shs,12
bd_shs,65
bd_shs,16
bd_shs,25
bd_shs,12
bd_shs,51
bd_shs,38
bd_shs,60
bd_shs,86
bd_shs,20
bd_shs,24
bd_shs,8
bd_shs,10
bd_shs,14
bd_shs,52
bd_shs,8
bd_shs,13
bd_shs,28
bd_shs,17
bd_shs,39
bd_shs,30
bd_shs,209
bd_shs,35
bd_shs,22
bd_shs,6
bd_shs,15
bd_shs,108
bd_shs,26
bd_shs,30
bd_shs,49
bd_shs,28
bd_shs,39
bd_shs,4
bd_shs,44
bd_shs,21
bd_shs,34
bd_shs,19
bd_shs,46
bd_shs,14
bd_shs,20
bd_shs,3
bd_shs,25
bd_shs,3
bd_shs,27
bd_shs,7
bd_shs,8
bd_shs,18
bd_shs,5
bd_shs,7
bd_shs,19
bd_shs,14
bd_shs,86
bd_shs,42
bd_shs,40
bd_shs,17
bd_shs,83
bd_shs,20
bd_shs,20
bd_shs,13
bd_shs,21
bd_shs,11
bd_shs,10
bd_shs,12
bd_shs,9
bd_shs,8
bd_shs,27
bd_shs,9
bd_shs,40
bd_shs,29
bd_shs,15
bd_shs,36
bd_shs,14
bd_shs,51
bd_shs,32
bd_shs,15
bd_shs,13
bd_shs,9
bd_shs,48
bd_shs,13
bd_shs,13
bd_shs,17
bd_shs,59
bd_shs,76
bd_shs,30
bd_shs,11
bd_shs,98
bd_shs,33
bd_shs,103
bd_shs,9
bd_shs,18
bd_shs,14
bd_shs,19
bd_shs,73
bd_shs,9
bd_shs,8
bd_shs,23
bd_shs,8
bd_shs,8
bd_shs,11
bd_shs,58
bd_shs,7
bd_shs,18
bd_shs,6
bd_shs,7
bd_shs,6
bd_shs,18
bd_shs,7
bd_shs,16
bd_shs,21
bd_shs,18
bd_shs,11
bd_shs,129
bd_shs,12
bd_shs,11
bd_shs,114
bd_shs,12
bd_shs,17
bd_shs,18
bd_shs,16
bd_shs,16
bd_shs,9
bd_shs,60
bd_shs,6
bd_shs,12
bd_shs,2
bd_shs,44
bd_shs,7
bd_shs,13
bd_shs,90
bd_shs,82
bd_shs,139
bd_shs,188
bd_shs,9
bd_shs,19
bd_shs,28
bd_shs,44
bd_shs,52
bd_shs,31
bd_shs,104
bd_shs,34
bd_shs,61
bd_shs,11
bd_shs,32
bd_shs,21
bd_shs,49
bd_shs,30
bd_shs,33
bd_shs,22
bd_shs,21
bd_shs,165
bd_shs,14
bd_shs,16
bd_shs,74
bd_shs,2
bd_shs,96
bd_shs,20
bd_shs,23
bd_shs,4
bd_shs,25
bd_shs,9
bd_shs,26
bd_shs,20
bd_shs,51
bd_shs,11
bd_shs,19
bd_shs,20
bd_shs,24
bd_shs,14
bd_shs,33
bd_shs,73
bd_shs,19
bd_shs,25
bd_shs,50
bd_shs,11
bd_shs,25
bd_shs,31
bd_shs,8
bd_shs,1
bd_shs,10
bd_shs,11
bd_shs,58
bd_shs,9
bd_shs,22
bd_shs,19
bd_shs,6
bd_shs,16
bd_shs,12
bd_shs,18
bd_shs,262
bd_shs,14
bd_shs,15
bd_shs,10
bd_shs,11
bd_shs,13
bd_shs,16
bd_shs,10
bd_shs,12
bd_shs,9
bd_shs,12
bd_shs,24
bd_shs,12
bd_shs,16
bd_shs,97
bd_shs,16
bd_shs,103
bd_shs,22
bd_shs,17
bd_shs,17
bd_shs,15
bd_shs,16
bd_shs,21
bd_shs,24
bd_shs,28
bd_shs,41
bd_shs,12
bd_shs,32
bd_shs,45
bd_shs,149
bd_shs,33
bd_shs,35
bd_shs,81
bd_shs,36
bd_shs,77
bd_shs,15
bd_shs,9
bd_shs,13
bd_shs,29
bd_shs,76
bd_shs,62
bd_shs,41
bd_shs,4
bd_shs,7
bd_shs,212
bd_shs,22
bd_shs,130
bd_shs,25
bd_shs,17
bd_shs,23
bd_shs,83
bd_shs,108
bd_shs,49
bd_shs,11
bd_shs,12
bd_shs,33
bd_shs,31
bd_shs,14
bd_shs,32
bd_shs,60
bd_shs,54
bd_shs,57
bd_shs,23
bd_shs,81
bd_shs,31
bd_shs,47
bd_shs,91
bd_shs,17
bd_shs,60
bd_shs,100
bd_shs,24
bd_shs,51
bd_shs,18
bd_shs,17
bd_shs,17
bd_shs,114
bd_shs,49
bd_shs,167
bd_shs,21
bd_shs,22
bd_shs,53
bd_shs,15
bd_shs,23
bd_shs,19
bd_shs,48
bd_shs,9
bd_shs,45
bd_shs,48
bd_shs,27
bd_shs,100
bd_shs,44
bd_shs,55
bd_shs,126
bd_shs,33
bd_shs,52
bd_shs,30
bd_shs,6
bd_shs,27
bd_shs,15
bd_shs,24
bd_shs,21
bd_shs,10
bd_shs,17
bd_shs,23
bd_shs,23
bd_shs,30
bd_shs,43
bd_shs,14
bd_shs,45
bd_shs,83
bd_shs,83
bd_shs,76
bd_shs,30
bd_shs,39
bd_shs,12
bd_shs,12
bd_shs,33
bd_shs,14
bd_shs,40
bd_shs,16
bd_shs,30
bd_shs,184
bd_shs,63
bd_shs,49
bd_shs,19
bd_shs,28
bd_shs,47
bd_shs,59
bd_shs,29
bd_shs,34
bd_shs,36
bd_shs,26
bd_shs,26
bd_shs,93
bd_shs,16
bd_shs,28
bd_shs,33
bd_shs,175
bd_shs,17
bd_shs,29
bd_shs,14
bd_shs,23
bd_shs,44
bd_shs,27
bd_shs,31
bd_shs,8
bd_shs,57
bd_shs,36
bd_shs,10
bd_shs,5
bd_shs,38
bd_shs,23
bd_shs,18
bd_shs,103
bd_shs,18
bd_shs,58
bd_shs,12
bd_shs,81
bd_shs,70
bd_shs,12
bd_shs,40
bd_shs,173
bd_shs,81
bd_shs,70
bd_shs,84
bd_shs,223
bd_shs,54
bd_shs,58
bd_shs,55
bd_shs,19
bd_shs,70
bd_shs,59
bd_shs,26
bd_shs,70
bd_shs,18
bd_shs,12
bd_shs,21
bd_shs,38
bd_shs,51
bd_shs,100
bd_shs,65
bd_shs,190
bd_shs,61
bd_shs,19
bd_shs,2
bd_shs,61
bd_shs,55
bd_shs,58
bd_shs,70
bd_shs,77
bd_shs,70
bd_shs,25
bd_shs,58
bd_shs,31
bd_shs,20
bd_shs,36
bd_shs,22
bd_shs,29
bd_shs,86
bd_shs,23
bd_shs,138
bd_shs,30
bd_shs,36
bd_shs,80
bd_shs,47
bd_shs,120
bd_shs,63
bd_shs,12
bd_shs,48
bd_shs,63
bd_shs,79
bd_shs,31
bd_shs,15
bd_shs,61
bd_shs,48
bd_shs,112
bd_shs,15
bd_shs,45
bd_shs,32
bd_shs,21
bd_shs,128
bd_shs,311
bd_shs,25
bd_shs,15
bd_shs,132
bd_shs,58
bd_shs,56
bd_shs,45
bd_shs,25
bd_shs,93
bd_shs,43
bd_shs,25
bd_shs,19
bd_shs,81
bd_shs,59
bd_shs,12
bd_shs,25
bd_shs,27
bd_shs,44
bd_shs,66
bd_shs,39
bd_shs,65
bd_shs,48
bd_shs,18
bd_shs,54
bd_shs,10
bd_shs,24
bd_shs,7
bd_shs,14
bd_shs,34
bd_shs,19
bd_shs,14
bd_shs,8
bd_shs,7
bd_shs,18
bd_shs,8
bd_shs,17
bd_shs,15
bd_shs,10
bd_shs,7
bd_shs,20
bd_shs,16
bd_shs,17
bd_shs,15
bd_shs,129
bd_shs,17
bd_shs,182
bd_shs,47
bd_shs,11
bd_shs,23
bd_shs,22
bd_shs,41
bd_shs,43
bd_shs,15
bd_shs,10
bd_shs,31
bd_shs,61
bd_shs,98
bd_shs,142
bd_shs,11
bd_shs,44
bd_shs,8
bd_shs,19
bd_shs,16
bd_shs,64
bd_shs,20
bd_shs,143
bd_shs,19
bd_shs,16
bd_shs,20
bd_shs,24
bd_shs,22
bd_shs,29
bd_shs,30
bd_shs,14
bd_shs,69
bd_shs,16
bd_shs,11
bd_shs,64
bd_shs,31
bd_shs,212
bd_shs,42
bd_shs,130
bd_shs,18
bd_shs,339
bd_shs,26
bd_shs,52
bd_shs,55
bd_shs,21
bd_shs,24
bd_shs,36
bd_shs,32
bd_shs,29
bd_shs,30
bd_shs,19
bd_shs,79
bd_shs,10
bd_shs,57
bd_shs,68
bd_shs,20
bd_shs,28
bd_shs,183
bd_shs,85
bd_shs,70
bd_shs,119
bd_shs,88
bd_shs,29
bd_shs,91
bd_shs,56
bd_shs,29
bd_shs,40
bd_shs,86
bd_shs,42
bd_shs,67
bd_shs,99
bd_shs,268
bd_shs,113
bd_shs,73
bd_shs,12
bd_shs,26
bd_shs,31
bd_shs,56
bd_shs,49
bd_shs,23
bd_shs,22
bd_shs,20
bd_shs,51
bd_shs,26
bd_shs,45
bd_shs,88
bd_shs,53
bd_shs,22
bd_shs,83
bd_shs,59
bd_shs,17
bd_shs,277
bd_shs,12
bd_shs,13
bd_shs,14
bd_shs,37
bd_shs,322
bd_shs,50
bd_shs,24
bd_shs,183
bd_shs,14
bd_shs,31
bd_shs,143
bd_shs,114
bd_shs,7
bd_shs,14
bd_shs,7
bd_shs,49
bd_shs,24
bd_shs,49
bd_shs,13
bd_shs,10
bd_shs,44
bd_shs,38
bd_shs,43
bd_shs,11
bd_shs,20
bd_shs,77
bd_shs,64
bd_shs,14
bd_shs,29
bd_shs,131
bd_shs,86
bd_shs,24
bd_shs,39
bd_shs,22
bd_shs,251
bd_shs,64
bd_shs,154
bd_shs,225
bd_shs,16
bd_shs,42
bd_shs,158
bd_shs,66
bd_shs,46
bd_shs,43
bd_shs,42
bd_shs,167
bd_shs,197
bd_shs,32
bd_shs,14
bd_shs,18
bd_shs,282
bd_shs,16
bd_shs,73
bd_shs,21
bd_shs,31
bd_shs,38
bd_shs,62
bd_shs,78
bd_shs,14
bd_shs,19
bd_shs,19
bd_shs,253
bd_shs,21
bd_shs,154
bd_shs,16
bd_shs,41
bd_shs,8
bd_shs,20
bd_shs,13
bd_shs,27
bd_shs,49
bd_shs,268
bd_shs,69
bd_shs,57
bd_shs,35
bd_shs,31
bd_shs,14
bd_shs,21
bd_shs,53
bd_shs,56
bd_shs,16
bd_shs,220
bd_shs,35
bd_shs,20
bd_shs,121
bd_shs,49
bd_shs,28
bd_shs,16
bd_shs,19
bd_shs,26
bd_shs,36
bd_shs,51
bd_shs,86
bd_shs,345
bd_shs,22
bd_shs,25
bd_shs,187
bd_shs,27
bd_shs,117
bd_shs,15
bd_shs,38
bd_shs,65
bd_shs,128
bd_shs,131
bd_shs,103
bd_shs,92
bd_shs,15
bd_shs,117
bd_shs,28
bd_shs,163
bd_shs,14
bd_shs,21
bd_shs,39
bd_shs,100
bd_shs,41
bd_shs,18
bd_shs,22
bd_shs,14
bd_shs,32
bd_shs,41
bd_shs,53
bd_shs,46
bd_shs,36
bd_shs,17
bd_shs,29
bd_shs,16
bd_shs,42
bd_shs,22
bd_shs,40
bd_shs,17
bd_shs,21
bd_shs,33
bd_shs,15
bd_shs,21
bd_shs,22
bd_shs,74
bd_shs,31
bd_shs,21
bd_shs,25
bd_shs,116
bd_shs,31
bd_shs,35
bd_shs,29
bd_shs,40
bd_shs,16
bd_shs,21
bd_shs,32
bd_shs,39
bd_shs,21
bd_shs,12
bd_shs,38
bd_shs,48
bd_shs,39
bd_shs,77
bd_shs,65
bd_shs,93
bd_shs,135
bd_shs,36
bd_shs,15
bd_shs,96
bd_shs,184
bd_shs,733
bd_shs,92
bd_shs,45
bd_shs,62
bd_shs,52
bd_shs,31
bd_shs,44
bd_shs,20
bd_shs,19
bd_shs,159
bd_shs,66
bd_shs,58
bd_shs,28
bd_shs,20
bd_shs,68
bd_shs,54
bd_shs,477
bd_shs,69
bd_shs,86
bd_shs,80
bd_shs,64
bd_shs,29
bd_shs,198
bd_shs,18
bd_shs,25
bd_shs,15
bd_shs,4
bd_shs,98
bd_shs,49
bd_shs,58
bd_shs,170
bd_shs,18
bd_shs,36
bd_shs,252
bd_shs,32
bd_shs,50
bd_shs,59
bd_shs,23
bd_shs,268
bd_shs,15
bd_shs,45
bd_shs,17
bd_shs,25
bd_shs,22
bd_shs,83
bd_shs,19
bd_shs,101
bd_shs,31
bd_shs,15
bd_shs,43
bd_shs,23
bd_shs,21
bd_shs,35
bd_shs,36
bd_shs,17
bd_shs,265
bd_shs,18
bd_shs,41
bd_shs,50
bd_shs,85
bd_shs,10
bd_shs,10
bd_shs,36
bd_shs,395
bd_shs,22
bd_shs,20
bd_shs,135
bd_shs,199
bd_shs,33
bd_shs,93
bd_shs,13
bd_shs,13
bd_shs,60
bd_shs,40
bd_shs,76
bd_shs,155
bd_shs,71
bd_shs,18
bd_shs,13
bd_shs,35
bd_shs,48
bd_shs,27
bd_shs,11
bd_shs,11
bd_shs,14
bd_shs,40
bd_shs,31
bd_shs,14
bd_shs,66
bd_shs,13
bd_shs,44
bd_shs,35
bd_shs,45
bd_shs,18
bd_shs,22
bd_shs,31
bd_shs,23
bd_shs,20
bd_shs,73
bd_shs,21
bd_shs,26
bd_shs,63
bd_shs,100
bd_shs,15
bd_shs,15
bd_shs,30
bd_shs,77
bd_shs,11
bd_shs,50
bd_shs,45
bd_shs,83
bd_shs,35
bd_shs,22
bd_shs,46
bd_shs,12
bd_shs,63
bd_shs,17
bd_shs,22
bd_shs,62
bd_shs,195
bd_shs,65
bd_shs,43
bd_shs,36
bd_shs,53
bd_shs,154
bd_shs,14
bd_shs,109
bd_shs,33
bd_shs,17
bd_shs,31
bd_shs,19
bd_shs,29
bd_shs,16
bd_shs,66
bd_shs,131
bd_shs,49
bd_shs,15
bd_shs,32
bd_shs,21
bd_shs,67
bd_shs,121
bd_shs,9
bd_shs,49
bd_shs,14
bd_shs,60
bd_shs,36
bd_shs,39
bd_shs,38
bd_shs,22
bd_shs,22
bd_shs,231
bd_shs,47
bd_shs,19
bd_shs,130
bd_shs,55
bd_shs,87
bd_shs,16
bd_shs,88
bd_shs,64
bd_shs,23
bd_shs,42
bd_shs,12
bd_shs,33
bd_shs,39
bd_shs,42
bd_shs,37
bd_shs,22
bd_shs,8
bd_shs,52
bd_shs,27
bd_shs,218
bd_shs,39
bd_shs,71
bd_shs,42
bd_shs,20
bd_shs,49
bd_shs,31
bd_shs,13
bd_shs,31
bd_shs,171
bd_shs,15
bd_shs,12
bd_shs,38
bd_shs,17
bd_shs,8
bd_shs,15
bd_shs,63
bd_shs,42
bd_shs,39
bd_shs,51
bd_shs,117
bd_shs,75
bd_shs,35
bd_shs,15
bd_shs,108
bd_shs,14
bd_shs,32
bd_shs,47
bd_shs,57
bd_shs,20
bd_shs,19
bd_shs,21
bd_shs,32
bd_shs,32
bd_shs,15
bd_shs,76
bd_shs,45
bd_shs,19
bd_shs,41
bd_shs,53
bd_shs,8
bd_shs,24
bd_shs,17
bd_shs,73
bd_shs,38
bd_shs,24
bd_shs,13
bd_shs,40
bd_shs,36
bd_shs,38
bd_shs,19
bd_shs,26
bd_shs,234
bd_shs,31
bd_shs,38
bd_shs,39
bd_shs,9
bd_shs,20
bd_shs,32
bd_shs,23
bd_shs,45
bd_shs,43
bd_shs,512
bd_shs,52
bd_shs,10
bd_shs,11
bd_shs,9
bd_shs,26
bd_shs,27
bd_shs,77
bd_shs,147
bd_shs,24
bd_shs,17
bd_shs,10
bd_shs,40
bd_shs,21
bd_shs,18
bd_shs,15
bd_shs,343
bd_shs,52
bd_shs,24
bd_shs,14
bd_shs,25
bd_shs,27
bd_shs,33
bd_shs,169
bd_shs,30
bd_shs,23
bd_shs,30
bd_shs,24
bd_shs,27
bd_shs,30
bd_shs,10
bd_shs,60
bd_shs,21
bd_shs,84
bd_shs,39
bd_shs,66
bd_shs,48
bd_shs,13
bd_shs,47
bd_shs,19
bd_shs,11
bd_shs,28
bd_shs,17
bd_shs,6
bd_shs,30
bd_shs,10
bd_shs,9
bd_shs,17
bd_shs,28
bd_shs,22
bd_shs,23
bd_shs,31
bd_shs,35
bd_shs,27
bd_shs,32
bd_shs,20
bd_shs,40
bd_shs,125
bd_shs,77
bd_shs,38
bd_shs,17
bd_shs,26
bd_shs,48
bd_shs,20
bd_shs,40
bd_shs,28
bd_shs,56
bd_shs,157
bd_shs,45
bd_shs,97
bd_shs,16
bd_shs,14
bd_shs,7
bd_shs,41
bd_shs,86
bd_shs,62
bd_shs,40
bd_shs,8
bd_shs,29
bd_shs,56
bd_shs,79
bd_shs,56
bd_shs,20
bd_shs,39
bd_shs,17
bd_shs,22
bd_shs,13
bd_shs,22
bd_shs,117
bd_shs,20
bd_shs,28
bd_shs,20
bd_shs,35
bd_shs,6
bd_shs,32
bd_shs,13
bd_shs,16
bd_shs,23
bd_shs,25
bd_shs,32
bd_shs,16
bd_shs,30
bd_shs,25
bd_shs,19
bd_shs,22
bd_shs,46
bd_shs,115
bd_shs,22
bd_shs,36
bd_shs,44
bd_shs,76
bd_shs,7
bd_shs,37
bd_shs,17
bd_shs,20
bd_shs,39
bd_shs,40
bd_shs,11
bd_shs,7
bd_shs,290
bd_shs,179
bd_shs,13
bd_shs,14
bd_shs,187
bd_shs,7
bd_shs,46
bd_shs,20
bd_shs,65
bd_shs,35
bd_shs,22
bd_shs,80
bd_shs,13
bd_shs,64
bd_shs,7
bd_shs,14
bd_shs,23
bd_shs,61
bd_shs,17
bd_shs,5
bd_shs,29
bd_shs,481
bd_shs,15
bd_shs,49
bd_shs,6
bd_shs,69
bd_shs,73
bd_shs,204
bd_shs,33
bd_shs,13
bd_shs,49
bd_shs,11
bd_shs,19
bd_shs,19
bd_shs,27
bd_shs,31
bd_shs,23
bd_shs,19
bd_shs,69
bd_shs,24
bd_shs,35
bd_shs,18
bd_shs,21
bd_shs,25
bd_shs,56
bd_shs,17
bd_shs,26
bd_shs,22
bd_shs,16
bd_shs,14
bd_shs,22
bd_shs,160
bd_shs,74
bd_shs,40
bd_shs,135
bd_shs,37
bd_shs,27
bd_shs,51
bd_shs,13
bd_shs,21
bd_shs,76
bd_shs,8
bd_shs,40
bd_shs,38
bd_shs,24
bd_shs,125
bd_shs,24
bd_shs,29
bd_shs,19
bd_shs,19
bd_shs,39
bd_shs,47
bd_shs,11
bd_shs,57
bd_shs,36
bd_shs,44
bd_shs,18
bd_shs,123
bd_shs,14
bd_shs,68
bd_shs,106
bd_shs,59
bd_shs,6
bd_shs,6
bd_shs,18
bd_shs,23
bd_shs,25
bd_shs,38
bd_shs,154
bd_shs,15
bd_shs,29
bd_shs,20
bd_shs,65
bd_shs,17
bd_shs,17
bd_shs,62
bd_shs,40
bd_shs,16
bd_shs,11
bd_shs,19
bd_shs,24
bd_shs,20
bd_shs,29
bd_shs,17
bd_shs,114
bd_shs,26
bd_shs,54
bd_shs,26
bd_shs,27
bd_shs,61
bd_shs,35
bd_shs,84
bd_shs,32
bd_shs,25
bd_shs,74
bd_shs,45
bd_shs,33
bd_shs,35
bd_shs,77
bd_shs,27
bd_shs,62
bd_shs,66
bd_shs,105
bd_shs,26
bd_shs,56
bd_shs,22
bd_shs,30
bd_shs,51
bd_shs,99
bd_shs,35
bd_shs,95
bd_shs,82
bd_shs,52
bd_shs,17
bd_shs,34
bd_shs,14
bd_shs,458
bd_shs,268
bd_shs,28
bd_shs,37
bd_shs,67
bd_shs,64
bd_shs,20
bd_shs,43
bd_shs,12
bd_shs,49
bd_shs,28
bd_shs,31
bd_shs,35
bd_shs,27
bd_shs,45
bd_shs,13
bd_shs,14
bd_shs,96
bd_shs,75
bd_shs,26
bd_shs,15
bd_shs,84
bd_shs,136
bd_shs,351
bd_shs,81
bd_shs,9
bd_shs,9
bd_shs,52
bd_shs,44
bd_shs,19
bd_shs,16
bd_shs,50
bd_shs,110
bd_shs,31
bd_shs,30
bd_shs,76
bd_shs,144
bd_shs,195
bd_shs,34
bd_shs,215
bd_shs,10
bd_shs,27
bd_shs,16
bd_shs,31
bd_shs,341
bd_shs,60
bd_shs,15
bd_shs,39
bd_shs,33
bd_shs,26
bd_shs,30
bd_shs,33
bd_shs,34
bd_shs,26
bd_shs,13
bd_shs,125
bd_shs,31
bd_shs,292
bd_shs,10
bd_shs,51
bd_shs,43
bd_shs,19
bd_shs,9
bd_shs,14
bd_shs,67
bd_shs,25
bd_shs,23
bd_shs,90
bd_shs,14
bd_shs,34
bd_shs,24
bd_shs,83
bd_shs,23
bd_shs,15
bd_shs,19
bd_shs,51
bd_shs,24
bd_shs,90
bd_shs,36
bd_shs,30
bd_shs,47
bd_shs,218
bd_shs,83
bd_shs,46
bd_shs,40
bd_shs,39
bd_shs,14
bd_shs,35
bd_shs,42
bd_shs,24
bd_shs,18
bd_shs,25
bd_shs,86
bd_shs,43
bd_shs,127
bd_shs,14
bd_shs,51
bd_shs,57
bd_shs,119
bd_shs,12
bd_shs,10
bd_shs,16
bd_shs,15
bd_shs,22
bd_shs,27
bd_shs,18
bd_shs,36
bd_shs,14
bd_shs,12
bd_shs,51
bd_shs,11
bd_shs,158
bd_shs,15
bd_shs,10
bd_shs,79
bd_shs,18
bd_shs,38
bd_shs,19
bd_shs,26
bd_shs,30
bd_shs,29
bd_shs,20
bd_shs,24
bd_shs,43
bd_shs,12
bd_shs,19
bd_shs,67
bd_shs,30
bd_shs,72
bd_shs,16
bd_shs,7
bd_shs,62
bd_shs,24
bd_shs,68
bd_shs,16
bd_shs,20
bd_shs,86
bd_shs,71
bd_shs,62
bd_shs,86
bd_shs,15
bd_shs,52
bd_shs,29
bd_shs,37
bd_shs,33
bd_shs,66
bd_shs,139
bd_shs,19
bd_shs,71
bd_shs,24
bd_shs,35
bd_shs,74
bd_shs,167
bd_shs,18
bd_shs,124
bd_shs,86
bd_shs,41
bd_shs,480
bd_shs,95
bd_shs,376
bd_shs,42
bd_shs,40
bd_shs,209
bd_shs,62
bd_shs,48
bd_shs,72
bd_shs,27
bd_shs,38
bd_shs,149
bd_shs,99
bd_shs,315
bd_shs,128
bd_shs,36
bd_shs,37
bd_shs,41
bd_shs,10
bd_shs,49
bd_shs,49
bd_shs,29
bd_shs,59
bd_shs,250
bd_shs,111
bd_shs,97
bd_shs,69
bd_shs,14
bd_shs,15
bd_shs,29
bd_shs,42
bd_shs,36
bd_shs,47
bd_shs,205
bd_shs,50
bd_shs,144
bd_shs,161
bd_shs,196
bd_shs,36
bd_shs,27
bd_shs,227
bd_shs,37
bd_shs,34
bd_shs,25
bd_shs,30
bd_shs,189
bd_shs,57
bd_shs,38
bd_shs,35
bd_shs,25
bd_shs,68
bd_shs,24
bd_shs,29
bd_shs,20
bd_shs,31
bd_shs,97
bd_shs,24
bd_shs,22
bd_shs,69
bd_shs,49
bd_shs,109
bd_shs,28
bd_shs,31
bd_shs,120
bd_shs,54
bd_shs,51
bd_shs,24
bd_shs,15
bd_shs,91
bd_shs,41
bd_shs,43
bd_shs,97
bd_shs,42
bd_shs,37
bd_shs,42
bd_shs,120
bd_shs,20
bd_shs,59
bd_shs,74
bd_shs,36
bd_shs,192
bd_shs,26
bd_shs,31
bd_shs,205
bd_shs,14
bd_shs,50
bd_shs,13
bd_shs,53
bd_shs,16
bd_shs,53
bd_shs,37
bd_shs,145
bd_shs,15
bd_shs,43
bd_shs,100
bd_shs,14
bd_shs,65
bd_shs,25
bd_shs,21
bd_shs,23
bd_shs,45
bd_shs,79
bd_shs,124
bd_shs,68
bd_shs,16
bd_shs,107
bd_shs,505
bd_shs,17
bd_shs,107
bd_shs,50
bd_shs,129
bd_shs,152
bd_shs,14
bd_shs,52
bd_shs,112
bd_shs,36
bd_shs,68
bd_shs,14
bd_shs,438
bd_shs,48
bd_shs,114
bd_shs,37
bd_shs,114
bd_shs,17
bd_shs,29
bd_shs,28
bd_shs,44
bd_shs,32
bd_shs,45
bd_shs,72
bd_shs,116
bd_shs,66
bd_shs,15
bd_shs,13
bd_shs,13
bd_shs,95
bd_shs,132
bd_shs,26
bd_shs,19
bd_shs,31
bd_shs,112
bd_shs,9
bd_shs,15
bd_shs,28
bd_shs,11
bd_shs,13
bd_shs,80
bd_shs,139
bd_shs,46
bd_shs,10
bd_shs,127
bd_shs,75
bd_shs,25
bd_shs,38
bd_shs,103
bd_shs,12
bd_shs,33
bd_shs,18
bd_shs,16
bd_shs,14
bd_shs,13
bd_shs,17
bd_shs,23
bd_shs,37
bd_shs,10
bd_shs,55
bd_shs,30
bd_shs,47
bd_shs,59
bd_shs,35
bd_shs,36
bd_shs,38
bd_shs,20
bd_shs,19
bd_shs,40
bd_shs,24
bd_shs,52
bd_shs,59
bd_shs,22
bd_shs,44
bd_shs,18
bd_shs,35
bd_shs,40
bd_shs,183
bd_shs,82
bd_shs,66
bd_shs,33
bd_shs,58
bd_shs,12
bd_shs,18
bd_shs,19
bd_shs,23
bd_shs,171
bd_shs,285
bd_shs,35
bd_shs,66
bd_shs,77
bd_shs,13
bd_shs,10
bd_shs,34
bd_shs,19
bd_shs,18
bd_shs,35
bd_shs,26
bd_shs,26
bd_shs,23
bd_shs,21
bd_shs,62
bd_shs,137
bd_shs,91
bd_shs,11
bd_shs,48
bd_shs,189
bd_shs,14
bd_shs,20
bd_shs,32
bd_shs,30
bd_shs,22
bd_shs,31
bd_shs,55
bd_shs,65
bd_shs,7
bd_shs,14
bd_shs,14
bd_shs,48
bd_shs,73
bd_shs,299
bd_shs,26
bd_shs,36
bd_shs,18
bd_shs,26
bd_shs,31
bd_shs,22
bd_shs,86
bd_shs,6
bd_shs,17
bd_shs,155
bd_shs,72
bd_shs,23
bd_shs,7
bd_shs,17
bd_shs,16
bd_shs,20
bd_shs,69
bd_shs,113
bd_shs,47
bd_shs,18
bd_shs,10
bd_shs,358
bd_shs,18
bd_shs,31
bd_shs,21
bd_shs,68
bd_shs,61
bd_shs,10
bd_shs,26
bd_shs,13
bd_shs,20
bd_shs,20
bd_shs,51
bd_shs,13
bd_shs,91
bd_shs,27
bd_shs,20
bd_shs,55
bd_shs,14
bd_shs,31
bd_shs,10
bd_shs,73
bd_shs,9
bd_shs,42
bd_shs,246
bd_shs,222
bd_shs,18
bd_shs,16
bd_shs,48
bd_shs,74
bd_shs,72
bd_shs,57
bd_shs,114
bd_shs,30
bd_shs,180
bd_shs,181
bd_shs,110
bd_shs,42
bd_shs,170
bd_shs,42
bd_shs,12
bd_shs,110
bd_shs,9
bd_shs,158
bd_shs,11
bd_shs,12
bd_shs,88
bd_shs,49
bd_shs,63
bd_shs,28
bd_shs,12
bd_shs,36
bd_shs,76
bd_shs,30
bd_shs,37
bd_shs,27
bd_shs,37
bd_shs,16
bd_shs,144
bd_shs,70
bd_shs,52
bd_shs,25
bd_shs,17
bd_shs,29
bd_shs,18
bd_shs,39
bd_shs,35
bd_shs,32
bd_shs,48
bd_shs,83
bd_shs,37
bd_shs,47
bd_shs,13
bd_shs,392
bd_shs,55
bd_shs,161
bd_shs,40
bd_shs,200
bd_shs,223
bd_shs,332
bd_shs,40
bd_shs,172
bd_shs,34
bd_shs,35
bd_shs,28
bd_shs,26
bd_shs,37
bd_shs,52
bd_shs,26
bd_shs,135
bd_shs,37
bd_shs,47
bd_shs,37
bd_shs,19
bd_shs,73
bd_shs,51
bd_shs,31
bd_shs,21
bd_shs,25
bd_shs,37
bd_shs,36
bd_shs,68
bd_shs,74
bd_shs,98
bd_shs,105
bd_shs,34
bd_shs,26
bd_shs,163
bd_shs,75
bd_shs,131
bd_shs,40
bd_shs,199
bd_shs,24
bd_shs,91
bd_shs,22
bd_shs,23
bd_shs,20
bd_shs,21
bd_shs,129
bd_shs,40
bd_shs,56
bd_shs,28
bd_shs,104
bd_shs,70
bd_shs,33
bd_shs,76
bd_shs,75
bd_shs,93
bd_shs,24
bd_shs,39
bd_shs,27
bd_shs,69
bd_shs,215
bd_shs,35
bd_shs,17
bd_shs,66
bd_shs,24
bd_shs,45
bd_shs,92
bd_shs,22
bd_shs,16
bd_shs,35
bd_shs,432
bd_shs,23
bd_shs,27
bd_shs,57
bd_shs,139
bd_shs,16
bd_shs,11
bd_shs,14
bd_shs,49
bd_shs,16
bd_shs,37
bd_shs,16
bd_shs,44
bd_shs,45
bd_shs,58
bd_shs,63
bd_shs,115
bd_shs,38
bd_shs,154
bd_shs,16
bd_shs,9
bd_shs,22
bd_shs,18
bd_shs,75
bd_shs,20
bd_shs,26
bd_shs,15
bd_shs,56
bd_shs,17
bd_shs,154
bd_shs,45
bd_shs,43
bd_shs,120
bd_shs,9
bd_shs,25
bd_shs,28
bd_shs,40
bd_shs,32
bd_shs,33
bd_shs,22
bd_shs,29
bd_shs,41
bd_shs,16
bd_shs,23
bd_shs,50
bd_shs,36
bd_shs,145
bd_shs,32
bd_shs,45
bd_shs,51
bd_shs,5
bd_shs,41
bd_shs,13
bd_shs,27
bd_shs,23
bd_shs,55
bd_shs,60
bd_shs,35
bd_shs,10
bd_shs,11
bd_shs,37
bd_shs,20
bd_shs,7
bd_shs,110
bd_shs,12
bd_shs,28
bd_shs,9
bd_shs,24
bd_shs,109
bd_shs,15
bd_shs,9
bd_shs,36
bd_shs,169
bd_shs,109
bd_shs,50
bd_shs,55
bd_shs,41
bd_shs,38
bd_shs,73
bd_shs,45
bd_shs,22
bd_shs,9
bd_shs,16
bd_shs,353
bd_shs,71
bd_shs,312
bd_shs,22
bd_shs,12
bd_shs,61
bd_shs,14
bd_shs,28
bd_shs,111
bd_shs,98
bd_shs,81
bd_shs,12
bd_shs,16
bd_shs,34
bd_shs,29
bd_shs,9
bd_shs,35
bd_shs,21
bd_shs,53
bd_shs,45
bd_shs,19
bd_shs,498
bd_shs,382
bd_shs,64
bd_shs,16
bd_shs,58
bd_shs,24
bd_shs,29
bd_shs,20
bd_shs,15
bd_shs,32
bd_shs,19
bd_shs,31
bd_shs,20
bd_shs,69
bd_shs,18
bd_shs,106
bd_shs,24
bd_shs,59
bd_shs,11
bd_shs,20
bd_shs,200
bd_shs,139
bd_shs,14
bd_shs,31
bd_shs,484
bd_shs,25
bd_shs,12
bd_shs,15
bd_shs,289
bd_shs,52
bd_shs,57
bd_shs,79
bd_shs,261
bd_shs,27
bd_shs,107
bd_shs,93
bd_shs,18
bd_shs,20
bd_shs,126
bd_shs,152
bd_shs,35
bd_shs,39
bd_shs,143
bd_shs,40
bd_shs,150
bd_shs,11
bd_shs,78
bd_shs,52
bd_shs,47
bd_shs,29
bd_shs,74
bd_shs,18
bd_shs,20
bd_shs,48
bd_shs,21
bd_shs,16
bd_shs,15
bd_shs,29
bd_shs,44
bd_shs,78
bd_shs,16
bd_shs,15
bd_shs,13
bd_shs,48
bd_shs,49
bd_shs,13
bd_shs,53
bd_shs,280
bd_shs,84
bd_shs,78
bd_shs,16
bd_shs,41
bd_shs,8
bd_shs,29
bd_shs,17
bd_shs,50
bd_shs,7
bd_shs,16
bd_shs,94
bd_shs,90
bd_shs,119
bd_shs,34
bd_shs,44
bd_shs,48
bd_shs,58
bd_shs,232
bd_shs,299
bd_shs,28
bd_shs,25
bd_shs,235
bd_shs,37
bd_shs,12
bd_shs,106
bd_shs,17
bd_shs,48
bd_shs,12
bd_shs,41
bd_shs,249
bd_shs,28
bd_shs,7
bd_shs,15
bd_shs,17
bd_shs,16
bd_shs,19
bd_shs,20
bd_shs,10
bd_shs,31
bd_shs,36
bd_shs,27
bd_shs,14
bd_shs,29
bd_shs,80
bd_shs,36
bd_shs,146
bd_shs,24
bd_shs,8
bd_shs,9
bd_shs,15
bd_shs,37
bd_shs,15
bd_shs,9
bd_shs,25
bd_shs,49
bd_shs,37
bd_shs,17
bd_shs,63
bd_shs,14
bd_shs,82
bd_shs,4
bd_shs,79
bd_shs,11
bd_shs,21
bd_shs,45
bd_shs,27
bd_shs,104
bd_shs,94
bd_shs,9
bd_shs,16
bd_shs,29
bd_shs,124
bd_shs,23
bd_shs,16
bd_shs,18
bd_shs,125
bd_shs,22
bd_shs,23
bd_shs,212
bd_shs,29
bd_shs,31
bd_shs,33
bd_shs,16
bd_shs,11
bd_shs,12
bd_shs,54
bd_shs,45
bd_shs,65
bd_shs,19
bd_shs,23
bd_shs,14
bd_shs,6
bd_shs,6
bd_shs,57
bd_shs,103
bd_shs,27
bd_shs,26
bd_shs,42
bd_shs,29
bd_shs,45
bd_shs,9
bd_shs,47
bd_shs,45
bd_shs,45
bd_shs,28
bd_shs,74
bd_shs,37
bd_shs,12
bd_shs,33
bd_shs,26
bd_shs,54
bd_shs,44
bd_shs,18
bd_shs,202
bd_shs,13
bd_shs,61
bd_shs,34
bd_shs,23
bd_shs,11
bd_shs,41
bd_shs,15
bd_shs,24
bd_shs,26
bd_shs,173
bd_shs,29
bd_shs,60
bd_shs,22
bd_shs,68
bd_shs,381
bd_shs,25
bd_shs,44
bd_shs,13
bd_shs,12
bd_shs,38
bd_shs,113
bd_shs,152
bd_shs,47
bd_shs,57
bd_shs,33
bd_shs,40
bd_shs,106
bd_shs,66
bd_shs,35
bd_shs,12
bd_shs,45
bd_shs,15
bd_shs,16
bd_shs,277
bd_shs,8
bd_shs,58
bd_shs,5
bd_shs,48
bd_shs,53
bd_shs,27
bd_shs,20
bd_shs,17
bd_shs,47
bd_shs,8
bd_shs,165
bd_shs,39
bd_shs,27
bd_shs,74
bd_shs,27
bd_shs,18
bd_shs,26
bd_shs,25
bd_shs,26
bd_shs,12
bd_shs,19
bd_shs,40
bd_shs,20
bd_shs,21
bd_shs,15
bd_shs,54
bd_shs,27
bd_shs,161
bd_shs,35
bd_shs,16
bd_shs,36
bd_shs,23
bd_shs,20
bd_shs,70
bd_shs,51
bd_shs,139
bd_shs,10
bd_shs,20
bd_shs,17
bd_shs,43
bd_shs,85
bd_shs,70
bd_shs,55
bd_shs,21
bd_shs,32
bd_shs,23
bd_shs,24
bd_shs,10
bd_shs,48
bd_shs,68
bd_shs,32
bd_shs,115
bd_shs,16
bd_shs,13
bd_shs,22
bd_shs,18
bd_shs,18
bd_shs,10
bd_shs,56
bd_shs,75
bd_shs,49
bd_shs,5
bd_shs,12
bd_shs,49
bd_shs,170
bd_shs,271
bd_shs,33
bd_shs,143
bd_shs,250
bd_shs,57
bd_shs,74
bd_shs,9
bd_shs,35
bd_shs,57
bd_shs,29
bd_shs,54
bd_shs,11
bd_shs,12
bd_shs,94
bd_shs,9
bd_shs,21
bd_shs,11
bd_shs,42
bd_shs,55
bd_shs,73
bd_shs,57
bd_shs,45
bd_shs,51
bd_shs,135
bd_shs,14
bd_shs,68
bd_shs,13
bd_shs,22
bd_shs,105
bd_shs,33
bd_shs,30
bd_shs,11
bd_shs,13
bd_shs,366
bd_shs,25
bd_shs,49
bd_shs,22
bd_shs,32
bd_shs,30
bd_shs,21
bd_shs,87
bd_shs,37
bd_shs,27
bd_shs,24
bd_shs,20
bd_shs,25
bd_shs,12
bd_shs,25
bd_shs,20
bd_shs,38
bd_shs,37
bd_shs,16
bd_shs,26
bd_shs,14
bd_shs,47
bd_shs,658
bd_shs,154
bd_shs,6
bd_shs,74
bd_shs,15
bd_shs,20
bd_shs,49
bd_shs,17
bd_shs,27
bd_shs,48
bd_shs,23
bd_shs,21
bd_shs,96
bd_shs,17
bd_shs,11
bd_shs,60
bd_shs,61
bd_shs,24
bd_shs,30
bd_shs,21
bd_shs,55
bd_shs,44
bd_shs,89
bd_shs,46
bd_shs,103
bd_shs,52
bd_shs,40
bd_shs,107
bd_shs,14
bd_shs,13
bd_shs,28
bd_shs,61
bd_shs,10
bd_shs,51
bd_shs,90
bd_shs,33
bd_shs,197
bd_shs,17
bd_shs,131
bd_shs,52
bd_shs,22
bd_shs,27
bd_shs,33
bd_shs,384
bd_shs,15
bd_shs,66
bd_shs,22
bd_shs,89
bd_shs,30
bd_shs,55
bd_shs,37
bd_shs,11
bd_shs,609
bd_shs,30
bd_shs,11
bd_shs,49
bd_shs,44
bd_shs,41
bd_shs,90
bd_shs,81
bd_shs,88
bd_shs,76
bd_shs,24
bd_shs,20
bd_shs,11
bd_shs,69
bd_shs,67
bd_shs,136
bd_shs,46
bd_shs,18
bd_shs,33
bd_shs,40
bd_shs,101
bd_shs,49
bd_shs,71
bd_shs,58
bd_shs,41
bd_shs,45
bd_shs,19
bd_shs,39
bd_shs,17
bd_shs,1135
bd_shs,15
bd_shs,73
bd_shs,63
bd_shs,48
bd_shs,52
bd_shs,23
bd_shs,32
bd_shs,61
bd_shs,14
bd_shs,43
bd_shs,26
bd_shs,47
bd_shs,11
bd_shs,71
bd_shs,16
bd_shs,24
bd_shs,4
bd_shs,17
bd_shs,56
bd_shs,10
bd_shs,172
bd_shs,136
bd_shs,21
bd_shs,38
bd_shs,60
bd_shs,43
bd_shs,39
bd_shs,279
bd_shs,99
bd_shs,36
bd_shs,18
bd_shs,163
bd_shs,45
bd_shs,96
bd_shs,153
bd_shs,33
bd_shs,14
bd_shs,45
bd_shs,78
bd_shs,65
bd_shs,32
bd_shs,34
bd_shs,40
bd_shs,18
bd_shs,25
bd_shs,12
bd_shs,104
bd_shs,14
bd_shs,58
bd_shs,28
bd_shs,29
bd_shs,56
bd_shs,24
bd_shs,72
bd_shs,43
bd_shs,130
bd_shs,73
bd_shs,46
bd_shs,135
bd_shs,94
bd_shs,67
bd_shs,37
bd_shs,25
bd_shs,35
bd_shs,27
bd_shs,70
bd_shs,57
bd_shs,26
bd_shs,236
bd_shs,55
bd_shs,53
bd_shs,47
bd_shs,28
bd_shs,87
bd_shs,16
bd_shs,15
bd_shs,10
bd_shs,11
bd_shs,26
bd_shs,46
bd_shs,11
bd_shs,32
bd_shs,63
bd_shs,31
bd_shs,6
bd_shs,28
bd_shs,52
bd_shs,58
bd_shs,41
bd_shs,18
bd_shs,32
bd_shs,39
bd_shs,20
bd_shs,16
bd_shs,178
bd_shs,22
bd_shs,268
bd_shs,25
bd_shs,31
bd_shs,19
bd_shs,19
bd_shs,55
bd_shs,25
bd_shs,12
bd_shs,33
bd_shs,14
bd_shs,32
bd_shs,9
bd_shs,41
bd_shs,61
bd_shs,113
bd_shs,65
bd_shs,17
bd_shs,20
bd_shs,162
bd_shs,47
bd_shs,22
bd_shs,35
bd_shs,15
bd_shs,109
bd_shs,8
bd_shs,39
bd_shs,10
bd_shs,21
bd_shs,5
bd_shs,22
bd_shs,243
bd_shs,28
bd_shs,32
bd_shs,24
bd_shs,13
bd_shs,5
bd_shs,36
bd_shs,60
bd_shs,9
bd_shs,65
bd_shs,21
bd_shs,26
bd_shs,54
bd_shs,18
bd_shs,16
bd_shs,30
bd_shs,45
bd_shs,8
bd_shs,33
bd_shs,13
bd_shs,28
bd_shs,83
bd_shs,68
bd_shs,13
bd_shs,17
bd_shs,37
bd_shs,48
bd_shs,58
bd_shs,18
bd_shs,22
bd_shs,15
bd_shs,25
bd_shs,40
bd_shs,148
bd_shs,9
bd_shs,284
bd_shs,293
bd_shs,59
bd_shs,61
bd_shs,355
bd_shs,37
bd_shs,211
bd_shs,66
bd_shs,64
bd_shs,36
bd_shs,106
bd_shs,50
bd_shs,16
bd_shs,21
bd_shs,34
bd_shs,35
bd_shs,12
bd_shs,19
bd_shs,25
bd_shs,18
bd_shs,113
bd_shs,52
bd_shs,62
bd_shs,36
bd_shs,87
bd_shs,33
bd_shs,24
bd_shs,19
bd_shs,63
bd_shs,82
bd_shs,39
bd_shs,10
bd_shs,12
bd_shs,31
bd_shs,41
bd_shs,44
bd_shs,79
bd_shs,10
bd_shs,239
bd_shs,15
bd_shs,32
bd_shs,19
bd_shs,77
bd_shs,25
bd_shs,20
bd_shs,46
bd_shs,103
bd_shs,57
bd_shs,62
bd_shs,17
bd_shs,7
bd_shs,30
bd_shs,81
bd_shs,31
bd_shs,11
bd_shs,40
bd_shs,8
bd_shs,304
bd_shs,8
bd_shs,6
bd_shs,43
bd_shs,13
bd_shs,50
bd_shs,24
bd_shs,119
bd_shs,94
bd_shs,65
bd_shs,17
bd_shs,49
bd_shs,42
bd_shs,17
bd_shs,17
bd_shs,23
bd_shs,16
bd_shs,19
bd_shs,17
bd_shs,20
bd_shs,39
bd_shs,22
bd_shs,25
bd_shs,19
bd_shs,22
bd_shs,25
bd_shs,35
bd_shs,17
bd_shs,24
bd_shs,16
bd_shs,55
bd_shs,44
bd_shs,17
bd_shs,16
bd_shs,17
bd_shs,25
bd_shs,66
bd_shs,111
bd_shs,19
bd_shs,15
bd_shs,11
bd_shs,14
bd_shs,24
bd_shs,159
bd_shs,11
bd_shs,59
bd_shs,9
bd_shs,4
bd_shs,22
bd_shs,88
bd_shs,21
bd_shs,13
bd_shs,46
bd_shs,31
bd_shs,15
bd_shs,36
bd_shs,7
bd_shs,56
bd_shs,14
bd_shs,3
bd_shs,84
bd_shs,64
bd_shs,19
bd_shs,30
bd_shs,10
bd_shs,12
bd_shs,14
bd_shs,7
bd_shs,167
bd_shs,17
bd_shs,39
bd_shs,39
bd_shs,55
bd_shs,25
bd_shs,21
bd_shs,27
bd_shs,40
bd_shs,41
bd_shs,31
bd_shs,15
bd_shs,56
bd_shs,55
bd_shs,36
bd_shs,16
bd_shs,25
bd_shs,31
bd_shs,89
bd_shs,39
bd_shs,13
bd_shs,93
bd_shs,18
bd_shs,12
bd_shs,16
bd_shs,15
bd_shs,37
bd_shs,8
bd_shs,31
bd_shs,263
bd_shs,13
bd_shs,85
bd_shs,16
bd_shs,68
bd_shs,12
bd_shs,12
bd_shs,20
bd_shs,12
bd_shs,14
bd_shs,39
bd_shs,15
bd_shs,12
bd_shs,22
bd_shs,13
bd_shs,16
bd_shs,44
bd_shs,45
bd_shs,17
bd_shs,167
bd_shs,16
bd_shs,20
bd_shs,46
bd_shs,30
bd_shs,78
bd_shs,42
bd_shs,89
bd_shs,93
bd_shs,69
bd_shs,111
bd_shs,48
bd_shs,72
bd_shs,11
bd_shs,47
bd_shs,12
bd_shs,20
bd_shs,23
bd_shs,42
bd_shs,62
bd_shs,44
bd_shs,21
bd_shs,51
bd_shs,117
bd_shs,12
bd_shs,7
bd_shs,31
bd_shs,64
bd_shs,148
bd_shs,30
bd_shs,13
bd_shs,27
bd_shs,17
bd_shs,26
bd_shs,32
bd_shs,38
bd_shs,11
bd_shs,65
bd_shs,20
bd_shs,42
bd_shs,20
bd_shs,60
bd_shs,23
bd_shs,102
bd_shs,275
bd_shs,55
bd_shs,35
bd_shs,247
bd_shs,8
bd_shs,48
bd_shs,87
bd_shs,17
bd_shs,22
bd_shs,24
bd_shs,56
bd_shs,112
bd_shs,19
bd_shs,62
bd_shs,33
bd_shs,514
bd_shs,164
bd_shs,45
bd_shs,26
bd_shs,37
bd_shs,102
bd_shs,46
bd_shs,72
bd_shs,74
bd_shs,68
bd_shs,44
bd_shs,86
bd_shs,98
bd_shs,62
bd_shs,163
bd_shs,22
bd_shs,87
bd_shs,126
bd_shs,93
bd_shs,17
bd_shs,18
bd_shs,59
bd_shs,118
bd_shs,25
bd_shs,139
bd_shs,38
bd_shs,18
bd_shs,57
bd_shs,34
bd_shs,33
bd_shs,62
bd_shs,32
bd_shs,102
bd_shs,42
bd_shs,17
bd_shs,170
bd_shs,87
bd_shs,600
bd_shs,108
bd_shs,100
bd_shs,108
bd_shs,51
bd_shs,27
bd_shs,29
bd_shs,12
bd_shs,88
bd_shs,190
bd_shs,147
bd_shs,24
bd_shs,28
bd_shs,61
bd_shs,14
bd_shs,30
bd_shs,162
bd_shs,96
bd_shs,12
bd_shs,22
bd_shs,83
bd_shs,88
bd_shs,2
bd_shs,54
bd_shs,17
bd_shs,37
bd_shs,11
bd_shs,12
bd_shs,55
bd_shs,9
bd_shs,47
bd_shs,19
bd_shs,40
bd_shs,358
bd_shs,23
bd_shs,45
bd_shs,45
bd_shs,94
bd_shs,71
bd_shs,76
bd_shs,26
bd_shs,47
bd_shs,22
bd_shs,13
bd_shs,50
bd_shs,101
bd_shs,24
bd_shs,31
bd_shs,26
bd_shs,65
bd_shs,17
bd_shs,71
bd_shs,24
bd_shs,22
bd_shs,11
bd_shs,17
bd_shs,15
bd_shs,26
bd_shs,19
bd_shs,33
bd_shs,12
bd_shs,40
bd_shs,65
bd_shs,113
bd_shs,144
bd_shs,51
bd_shs,33
bd_shs,9
bd_shs,31
bd_shs,15
bd_shs,16
bd_shs,36
bd_shs,35
bd_shs,44
bd_shs,22
bd_shs,46
bd_shs,12
bd_shs,45
bd_shs,28
bd_shs,14
bd_shs,21
bd_shs,10
bd_shs,55
bd_shs,17
bd_shs,25
bd_shs,19
bd_shs,39
bd_shs,17
bd_shs,12
bd_shs,21
bd_shs,30
bd_shs,134
bd_shs,15
bd_shs,22
bd_shs,41
bd_shs,16
bd_shs,24
bd_shs,39
bd_shs,12
bd_shs,42
bd_shs,94
bd_shs,19
bd_shs,28
bd_shs,49
bd_shs,68
bd_shs,55
bd_shs,8
bd_shs,50
bd_shs,24
bd_shs,53
bd_shs,75
bd_shs,25
bd_shs,23
bd_shs,48
bd_shs,27
bd_shs,24
bd_shs,27
bd_shs,18
bd_shs,22
bd_shs,30
bd_shs,68
bd_shs,42
bd_shs,42
bd_shs,32
bd_shs,34
bd_shs,36
bd_shs,24
bd_shs,32
bd_shs,26
bd_shs,19
bd_shs,26
bd_shs,19
bd_shs,38
bd_shs,32
bd_shs,25
bd_shs,29
bd_shs,33
bd_shs,26
bd_shs,48
bd_shs,22
bd_shs,14
bd_shs,93
bd_shs,14
bd_shs,24
bd_shs,18
bd_shs,14
bd_shs,33
bd_shs,19
bd_shs,43
bd_shs,26
bd_shs,52
bd_shs,70
bd_shs,22
bd_shs,37
bd_shs,61
bd_shs,49
bd_shs,14
bd_shs,42
bd_shs,18
bd_shs,111
bd_shs,16
bd_shs,15
bd_shs,37
bd_shs,23
bd_shs,26
bd_shs,28
bd_shs,22
bd_shs,39
bd_shs,24
bd_shs,35
bd_shs,65
bd_shs,77
bd_shs,22
bd_shs,31
bd_shs,37
bd_shs,15
bd_shs,15
bd_shs,44
bd_shs,21
bd_shs,61
bd_shs,37
bd_shs,16
bd_shs,98
bd_shs,31
bd_shs,22
bd_shs,50
bd_shs,16
bd_shs,21
bd_shs,32
bd_shs,168
bd_shs,36
bd_shs,117
bd_shs,11
bd_shs,79
bd_shs,18
bd_shs,26
bd_shs,24
bd_shs,28
bd_shs,19
bd_shs,18
bd_shs,12
bd_shs,36
bd_shs,13
bd_shs,27
bd_shs,72
bd_shs,16
bd_shs,27
bd_shs,17
bd_shs,15
bd_shs,16
bd_shs,17
bd_shs,16
bd_shs,17
bd_shs,27
bd_shs,31
bd_shs,27
bd_shs,35
bd_shs,14
bd_shs,23
bd_shs,27
bd_shs,24
bd_shs,17
bd_shs,52
bd_shs,22
bd_shs,53
bd_shs,52
bd_shs,54
bd_shs,33
bd_shs,31
bd_shs,24
bd_shs,27
bd_shs,26
bd_shs,24
bd_shs,115
bd_shs,43
bd_shs,22
bd_shs,27
bd_shs,18
bd_shs,17
bd_shs,27
bd_shs,22
bd_shs,19
bd_shs,74
bd_shs,16
bd_shs,152
bd_shs,44
bd_shs,23
bd_shs,33
bd_shs,20
bd_shs,22
bd_shs,34
bd_shs,125
bd_shs,18
bd_shs,27
bd_shs,20
bd_shs,22
bd_shs,46
bd_shs,30
bd_shs,20
bd_shs,26
bd_shs,30
bd_shs,13
bd_shs,18
bd_shs,32
bd_shs,103
bd_shs,13
bd_shs,47
bd_shs,18
bd_shs,16
bd_shs,16
bd_shs,25
bd_shs,17
bd_shs,42
bd_shs,50
bd_shs,19
bd_shs,10
bd_shs,17
bd_shs,18
bd_shs,14
bd_shs,37
bd_shs,64
bd_shs,26
bd_shs,46
bd_shs,36
bd_shs,50
bd_shs,22
bd_shs,36
bd_shs,20
bd_shs,18
bd_shs,38
bd_shs,219
bd_shs,64
bd_shs,26
bd_shs,37
bd_shs,34
bd_shs,15
bd_shs,77
bd_shs,284
bd_shs,91
bd_shs,11
bd_shs,19
bd_shs,17
bd_shs,20
bd_shs,54
bd_shs,28
bd_shs,10
bd_shs,71
bd_shs,7
bd_shs,36
bd_shs,29
bd_shs,24
bd_shs,30
bd_shs,42
bd_shs,47
bd_shs,122
bd_shs,74
bd_shs,19
bd_shs,25
bd_shs,58
bd_shs,38
bd_shs,15
bd_shs,29
bd_shs,11
bd_shs,9
bd_shs,22
bd_shs,22
bd_shs,25
bd_shs,70
bd_shs,42
bd_shs,24
bd_shs,24
bd_shs,46
bd_shs,40
bd_shs,23
bd_shs,16
bd_shs,18
bd_shs,31
bd_shs,73
bd_shs,19
bd_shs,45
bd_shs,45
bd_shs,22
bd_shs,31
bd_shs,28
bd_shs,15
bd_shs,20
bd_shs,22
bd_shs,28
bd_shs,18
bd_shs,27
bd_shs,64
bd_shs,44
bd_shs,25
bd_shs,74
bd_shs,39
bd_shs,35
bd_shs,43
bd_shs,74
bd_shs,47
bd_shs,13
bd_shs,62
bd_shs,26
bd_shs,19
bd_shs,37
bd_shs,45
bd_shs,18
bd_shs,246
bd_shs,18
bd_shs,19
bd_shs,33
bd_shs,55
bd_shs,33
bd_shs,20
bd_shs,114
bd_shs,29
bd_shs,27
bd_shs,24
bd_shs,48
bd_shs,29
bd_shs,19
bd_shs,29
bd_shs,42
bd_shs,26
bd_shs,27
bd_shs,21
bd_shs,17
bd_shs,21
bd_shs,34
bd_shs,7
bd_shs,21
bd_shs,25
bd_shs,27
bd_shs,23
bd_shs,19
bd_shs,57
bd_shs,12
bd_shs,16
bd_shs,19
bd_shs,13
bd_shs,30
bd_shs,32
bd_shs,25
bd_shs,17
bd_shs,18
bd_shs,16
bd_shs,92
bd_shs,17
bd_shs,23
bd_shs,75
bd_shs,78
bd_shs,100
bd_shs,202
bd_shs,46
bd_shs,23
bd_shs,20
bd_shs,67
bd_shs,28
bd_shs,79
bd_shs,100
bd_shs,447
bd_shs,158
bd_shs,120
bd_shs,45
bd_shs,28
bd_shs,135
bd_shs,32
bd_shs,14
bd_shs,36
bd_shs,26
bd_shs,16
bd_shs,39
bd_shs,14
bd_shs,2
bd_shs,20
bd_shs,65
bd_shs,40
bd_shs,15
bd_shs,32
bd_shs,47
bd_shs,245
bd_shs,59
bd_shs,67
bd_shs,118
bd_shs,9
bd_shs,83
bd_shs,23
bd_shs,222
bd_shs,45
bd_shs,126
bd_shs,36
bd_shs,16
bd_shs,102
bd_shs,159
bd_shs,62
bd_shs,52
bd_shs,47
bd_shs,353
bd_shs,28
bd_shs,135
bd_shs,97
bd_shs,684
bd_shs,153
bd_shs,32
bd_shs,19
bd_shs,136
bd_shs,89
bd_shs,14
bd_shs,30
bd_shs,49
bd_shs,332
bd_shs,10
bd_shs,8
bd_shs,67
bd_shs,35
bd_shs,35
bd_shs,140
bd_shs,64
bd_shs,13
bd_shs,44
bd_shs,47
bd_shs,119
bd_shs,100
bd_shs,115
bd_shs,84
bd_shs,68
bd_shs,57
bd_shs,7
bd_shs,103
bd_shs,87
bd_shs,34
bd_shs,55
bd_shs,35
bd_shs,10
bd_shs,53
bd_shs,46
bd_shs,94
bd_shs,59
bd_shs,29
bd_shs,67
bd_shs,105
bd_shs,70
bd_shs,15
bd_shs,201
bd_shs,316
bd_shs,57
bd_shs,35
bd_shs,71
bd_shs,69
bd_shs,24
bd_shs,18
bd_shs,26
bd_shs,117
bd_shs,17
bd_shs,1289
bd_shs,960
bd_shs,241
bd_shs,85
bd_shs,156
bd_shs,86
bd_shs,29
bd_shs,79
bd_shs,543
bd_shs,52
bd_shs,79
bd_shs,99
bd_shs,27
bd_shs,54
bd_shs,235
bd_shs,125
bd_shs,141
bd_shs,445
bd_shs,25
bd_shs,222
bd_shs,125
bd_shs,355
bd_shs,223
bd_shs,56
bd_shs,103
bd_shs,96
bd_shs,79
bd_shs,492
bd_shs,40
bd_shs,109
bd_shs,93
bd_shs,125
bd_shs,141
bd_shs,99
bd_shs,250
bd_shs,50
bd_shs,24
bd_shs,17
bd_shs,85
bd_shs,55
bd_shs,48
bd_shs,35
bd_shs,75
bd_shs,37
bd_shs,47
bd_shs,24
bd_shs,96
bd_shs,36
bd_shs,155
bd_shs,145
bd_shs,50
bd_shs,13
bd_shs,68
bd_shs,43
bd_shs,34
bd_shs,54
bd_shs,44
bd_shs,12
bd_shs,70
bd_shs,33
bd_shs,25
bd_shs,130
bd_shs,60
bd_shs,28
bd_shs,56
bd_shs,111
bd_shs,46
bd_shs,18
bd_shs,14
bd_shs,61
bd_shs,69
bd_shs,25
bd_shs,22
bd_shs,30
bd_shs,107
bd_shs,45
bd_shs,54
bd_shs,14
bd_shs,5
bd_shs,31
bd_shs,46
bd_shs,28
bd_shs,14
bd_shs,32
bd_shs,85
bd_shs,60
bd_shs,17
bd_shs,20
bd_shs,3
bd_shs,19
bd_shs,19
bd_shs,73
bd_shs,45
bd_shs,16
bd_shs,99
bd_shs,21
bd_shs,34
bd_shs,37
bd_shs,35
bd_shs,15
bd_shs,23
bd_shs,28
bd_shs,20
bd_shs,8
bd_shs,68
bd_shs,8
bd_shs,9
bd_shs,38
bd_shs,14
bd_shs,34
bd_shs,22
bd_shs,5
bd_shs,38
bd_shs,43
bd_shs,46
bd_shs,43
bd_shs,25
bd_shs,19
bd_shs,74
bd_shs,173
bd_shs,279
bd_shs,47
bd_shs,22
bd_shs,95
bd_shs,13
bd_shs,42
bd_shs,10
bd_shs,30
bd_shs,7
bd_shs,15
bd_shs,17
bd_shs,41
bd_shs,21
bd_shs,7
bd_shs,24
bd_shs,62
bd_shs,16
bd_shs,27
bd_shs,14
bd_shs,9
bd_shs,19
bd_shs,26
bd_shs,18
bd_shs,23
bd_shs,21
bd_shs,24
bd_shs,29
bd_shs,38
bd_shs,29
bd_shs,23
bd_shs,9
bd_shs,38
bd_shs,46
bd_shs,53
bd_shs,55
bd_shs,74
bd_shs,50
bd_shs,10
bd_shs,74
bd_shs,35
bd_shs,51
bd_shs,75
bd_shs,39
bd_shs,57
bd_shs,92
bd_shs,24
bd_shs,35
bd_shs,20
bd_shs,54
bd_shs,10
bd_shs,15
bd_shs,11
bd_shs,37
bd_shs,5
bd_shs,29
bd_shs,70
bd_shs,40
bd_shs,24
bd_shs,210
bd_shs,163
bd_shs,122
bd_shs,34
bd_shs,29
bd_shs,29
bd_shs,12
bd_shs,61
bd_shs,20
bd_shs,80
bd_shs,18
bd_shs,40
bd_shs,31
bd_shs,56
bd_shs,51
bd_shs,12
bd_shs,33
bd_shs,22
bd_shs,9
bd_shs,16
bd_shs,22
bd_shs,54
bd_shs,14
bd_shs,7
bd_shs,196
bd_shs,34
bd_shs,43
bd_shs,20
bd_shs,32
bd_shs,20
bd_shs,23
bd_shs,43
bd_shs,11
bd_shs,39
bd_shs,22
bd_shs,49
bd_shs,34
bd_shs,22
bd_shs,13
bd_shs,46
bd_shs,26
bd_shs,34
bd_shs,50
bd_shs,40
bd_shs,12
bd_shs,62
bd_shs,6
bd_shs,37
bd_shs,83
bd_shs,45
bd_shs,25
bd_shs,33
bd_shs,45
bd_shs,19
bd_shs,16
bd_shs,22
bd_shs,23
bd_shs,5
bd_shs,6
bd_shs,7
bd_shs,22
bd_shs,18
bd_shs,11
bd_shs,3
bd_shs,3
bd_shs,10
bd_shs,9
bd_shs,16
bd_shs,34
bd_shs,3
bd_shs,41
bd_shs,21
bd_shs,259
bd_shs,102
bd_shs,30
bd_shs,37
bd_shs,31
bd_shs,59
bd_shs,37
bd_shs,75
bd_shs,8
bd_shs,62
bd_shs,22
bd_shs,45
bd_shs,55
bd_shs,22
bd_shs,13
bd_shs,28
bd_shs,90
bd_shs,28
bd_shs,20
bd_shs,66
bd_shs,20
bd_shs,46
bd_shs,34
bd_shs,27
bd_shs,59
bd_shs,125
bd_shs,52
bd_shs,10
bd_shs,21
bd_shs,14
bd_shs,44
bd_shs,30
bd_shs,187
bd_shs,50
bd_shs,467
bd_shs,87
bd_shs,40
bd_shs,60
bd_shs,15
bd_shs,33
bd_shs,30
bd_shs,40
bd_shs,53
bd_shs,82
bd_shs,18
bd_shs,33
bd_shs,33
bd_shs,14
bd_shs,35
bd_shs,31
bd_shs,298
bd_shs,6
bd_shs,13
bd_shs,4
bd_shs,24
bd_shs,9
bd_shs,49
bd_shs,51
bd_shs,110
bd_shs,6
bd_shs,19
bd_shs,52
bd_shs,7
bd_shs,56
bd_shs,53
bd_shs,14
bd_shs,7
bd_shs,14
bd_shs,6
bd_shs,6
bd_shs,35
bd_shs,6
bd_shs,38
bd_shs,36
bd_shs,19
bd_shs,30
bd_shs,19
bd_shs,27
bd_shs,4
bd_shs,46
bd_shs,51
bd_shs,11
bd_shs,15
bd_shs,105
bd_shs,331
bd_shs,36
bd_shs,44
bd_shs,158
bd_shs,23
bd_shs,19
bd_shs,14
bd_shs,33
bd_shs,39
bd_shs,86
bd_shs,30
bd_shs,24
bd_shs,52
bd_shs,40
bd_shs,11
bd_shs,334
bd_shs,52
bd_shs,29
bd_shs,184
bd_shs,148
bd_shs,43
bd_shs,57
bd_shs,17
bd_shs,18
bd_shs,20
bd_shs,23
bd_shs,38
bd_shs,61
bd_shs,14
bd_shs,87
bd_shs,21
bd_shs,45
bd_shs,31
bd_shs,36
bd_shs,110
bd_shs,79
bd_shs,291
bd_shs,37
bd_shs,20
bd_shs,31
bd_shs,58
bd_shs,38
bd_shs,42
bd_shs,44
bd_shs,24
bd_shs,26
bd_shs,11
bd_shs,8
bd_shs,12
bd_shs,74
bd_shs,77
bd_shs,25
bd_shs,11
bd_shs,74
bd_shs,100
bd_shs,12
bd_shs,57
bd_shs,20
bd_shs,57
bd_shs,18
bd_shs,78
bd_shs,21
bd_shs,18
bd_shs,22
bd_shs,29
bd_shs,75
bd_shs,21
bd_shs,40
bd_shs,46
bd_shs,49
bd_shs,35
bd_shs,38
bd_shs,42
bd_shs,25
bd_shs,72
bd_shs,19
bd_shs,9
bd_shs,10
bd_shs,30
bd_shs,9
bd_shs,168
bd_shs,33
bd_shs,93
bd_shs,26
bd_shs,43
bd_shs,68
bd_shs,5
bd_shs,25
bd_shs,120
bd_shs,5
bd_shs,54
bd_shs,5
bd_shs,31
bd_shs,20
bd_shs,191
bd_shs,15
bd_shs,15
bd_shs,23
bd_shs,206
bd_shs,22
bd_shs,7
bd_shs,48
bd_shs,56
bd_shs,193
bd_shs,8
bd_shs,46
bd_shs,69
bd_shs,17
bd_shs,68
bd_shs,28
bd_shs,39
bd_shs,43
bd_shs,10
bd_shs,66
bd_shs,27
bd_shs,13
bd_shs,17
bd_shs,32
bd_shs,16
bd_shs,23
bd_shs,23
bd_shs,146
bd_shs,55
bd_shs,18
bd_shs,41
bd_shs,632
bd_shs,65
bd_shs,93
bd_shs,138
bd_shs,45
bd_shs,96
bd_shs,50
bd_shs,22
bd_shs,30
bd_shs,23
bd_shs,141
bd_shs,31
bd_shs,97
bd_shs,87
bd_shs,17
bd_shs,15
bd_shs,28
bd_shs,22
bd_shs,41
bd_shs,211
bd_shs,21
bd_shs,33
bd_shs,49
bd_shs,24
bd_shs,27
bd_shs,22
bd_shs,55
bd_shs,38
bd_shs,40
bd_shs,17
bd_shs,31
bd_shs,54
bd_shs,26
bd_shs,12
bd_shs,19
bd_shs,66
bd_shs,15
bd_shs,120
bd_shs,21
bd_shs,26
bd_shs,100
bd_shs,45
bd_shs,29
bd_shs,188
bd_shs,98
bd_shs,82
bd_shs,181
bd_shs,44
bd_shs,11
bd_shs,35
bd_shs,24
bd_shs,171
bd_shs,12
bd_shs,39
bd_shs,291
bd_shs,10
bd_shs,39
bd_shs,3
bd_shs,31
bd_shs,15
bd_shs,116
bd_shs,79
bd_shs,60
bd_shs,65
bd_shs,135
bd_shs,26
bd_shs,55
bd_shs,32
bd_shs,23
bd_shs,100
bd_shs,2
bd_shs,63
bd_shs,128
bd_shs,90
bd_shs,58
bd_shs,138
bd_shs,134
bd_shs,38
bd_shs,44
bd_shs,44
bd_shs,64
bd_shs,63
bd_shs,45
bd_shs,24
bd_shs,20
bd_shs,39
bd_shs,222
bd_shs,65
bd_shs,21
bd_shs,32
bd_shs,99
bd_shs,13
bd_shs,8
bd_shs,17
bd_shs,23
bd_shs,285
bd_shs,32
bd_shs,24
bd_shs,16
bd_shs,45
bd_shs,994
bd_shs,53
bd_shs,26
bd_shs,12
bd_shs,35
bd_shs,62
bd_shs,41
bd_shs,15
bd_shs,83
bd_shs,23
bd_shs,40
bd_shs,74
bd_shs,103
bd_shs,30
bd_shs,63
bd_shs,17
bd_shs,14
bd_shs,48
bd_shs,21
bd_shs,36
bd_shs,22
bd_shs,47
bd_shs,18
bd_shs,29
bd_shs,21
bd_shs,110
bd_shs,112
bd_shs,17
bd_shs,24
bd_shs,49
bd_shs,22
bd_shs,79
bd_shs,74
bd_shs,13
bd_shs,56
bd_shs,113
bd_shs,139
bd_shs,16
bd_shs,17
bd_shs,84
bd_shs,291
bd_shs,84
bd_shs,16
bd_shs,32
bd_shs,295
bd_shs,19
bd_shs,56
bd_shs,17
bd_shs,19
bd_shs,51
bd_shs,44
bd_shs,41
bd_shs,53
bd_shs,10
bd_shs,16
bd_shs,15
bd_shs,13
bd_shs,20
bd_shs,20
bd_shs,18
bd_shs,30
bd_shs,51
bd_shs,67
bd_shs,22
bd_shs,11
bd_shs,90
bd_shs,16
bd_shs,32
bd_shs,23
bd_shs,10
bd_shs,30
bd_shs,117
bd_shs,27
bd_shs,51
bd_shs,37
bd_shs,154
bd_shs,74
bd_shs,22
bd_shs,19
bd_shs,19
bd_shs,16
bd_shs,40
bd_shs,128
bd_shs,113
bd_shs,14
bd_shs,15
bd_shs,46
bd_shs,15
bd_shs,90
bd_shs,12
bd_shs,78
bd_shs,85
bd_shs,92
bd_shs,70
bd_shs,58
bd_shs,50
bd_shs,21
bd_shs,29
bd_shs,38
bd_shs,29
bd_shs,73
bd_shs,77
bd_shs,17
bd_shs,30
bd_shs,66
bd_shs,28
bd_shs,55
bd_shs,112
bd_shs,20
bd_shs,22
bd_shs,16
bd_shs,31
bd_shs,148
bd_shs,19
bd_shs,16
bd_shs,17
bd_shs,31
bd_shs,42
bd_shs,36
bd_shs,59
bd_shs,84
bd_shs,23
bd_shs,78
bd_shs,24
bd_shs,73
bd_shs,96
bd_shs,17
bd_shs,17
bd_shs,27
bd_shs,57
bd_shs,44
bd_shs,19
bd_shs,39
bd_shs,65
bd_shs,38
bd_shs,66
bd_shs,45
bd_shs,38
bd_shs,95
bd_shs,32
bd_shs,30
bd_shs,47
bd_shs,106
bd_shs,23
bd_shs,49
bd_shs,61
bd_shs,18
bd_shs,11
bd_shs,61
bd_shs,16
bd_shs,82
bd_shs,25
bd_shs,54
bd_shs,32
bd_shs,18
bd_shs,24
bd_shs,28
bd_shs,22
bd_shs,18
bd_shs,25
bd_shs,36
bd_shs,12
bd_shs,41
bd_shs,185
bd_shs,126
bd_shs,76
bd_shs,109
bd_shs,27
bd_shs,19
bd_shs,129
bd_shs,220
bd_shs,25
bd_shs,41
bd_shs,43
bd_shs,34
bd_shs,29
bd_shs,68
bd_shs,48
bd_shs,22
bd_shs,24
bd_shs,88
bd_shs,247
bd_shs,44
bd_shs,55
bd_shs,48
bd_shs,18
bd_shs,152
bd_shs,12
bd_shs,52
bd_shs,23
bd_shs,70
bd_shs,26
bd_shs,27
bd_shs,61
bd_shs,124
bd_shs,89
bd_shs,66
bd_shs,129
bd_shs,61
bd_shs,69
bd_shs,180
bd_shs,118
bd_shs,39
bd_shs,17
bd_shs,54
bd_shs,23
bd_shs,22
bd_shs,12
bd_shs,36
bd_shs,30
bd_shs,16
bd_shs,53
bd_shs,35
bd_shs,27
bd_shs,47
bd_shs,94
bd_shs,76
bd_shs,184
bd_shs,93
bd_shs,14
bd_shs,39
bd_shs,29
bd_shs,199
bd_shs,47
bd_shs,27
bd_shs,85
bd_shs,11
bd_shs,23
bd_shs,19
bd_shs,125
bd_shs,16
bd_shs,25
bd_shs,93
bd_shs,20
bd_shs,12
bd_shs,74
bd_shs,44
bd_shs,52
bd_shs,71
bd_shs,54
bd_shs,51
bd_shs,27
bd_shs,20
bd_shs,160
bd_shs,16
bd_shs,50
bd_shs,61
bd_shs,23
bd_shs,47
bd_shs,30
bd_shs,36
bd_shs,57
bd_shs,17
bd_shs,77
bd_shs,30
bd_shs,28
bd_shs,20
bd_shs,17
bd_shs,20
bd_shs,29
bd_shs,54
bd_shs,30
bd_shs,72
bd_shs,30
bd_shs,40
bd_shs,18
bd_shs,82
bd_shs,26
bd_shs,138
bd_shs,21
bd_shs,67
bd_shs,17
bd_shs,44
bd_shs,129
bd_shs,54
bd_shs,25
bd_shs,24
bd_shs,45
bd_shs,41
bd_shs,58
bd_shs,34
bd_shs,55
bd_shs,27
bd_shs,46
bd_shs,104
bd_shs,74
bd_shs,26
bd_shs,104
bd_shs,31
bd_shs,13
bd_shs,131
bd_shs,184
bd_shs,32
bd_shs,14
bd_shs,18
bd_shs,69
bd_shs,37
bd_shs,46
bd_shs,87
bd_shs,25
bd_shs,33
bd_shs,34
bd_shs,42
bd_shs,51
bd_shs,59
bd_shs,27
bd_shs,162
bd_shs,11
bd_shs,24
bd_shs,97
bd_shs,156
bd_shs,43
bd_shs,116
bd_shs,18
bd_shs,35
bd_shs,56
bd_shs,239
bd_shs,92
bd_shs,201
bd_shs,89
bd_shs,197
bd_shs,113
bd_shs,64
bd_shs,161
bd_shs,24
bd_shs,19
bd_shs,29
bd_shs,42
bd_shs,68
bd_shs,67
bd_shs,89
bd_shs,169
bd_shs,26
bd_shs,34
bd_shs,32
bd_shs,182
bd_shs,73
bd_shs,17
bd_shs,44
bd_shs,65
bd_shs,25
bd_shs,29
bd_shs,67
bd_shs,47
bd_shs,11
bd_shs,29
bd_shs,29
bd_shs,20
bd_shs,20
bd_shs,17
bd_shs,29
bd_shs,76
bd_shs,19
bd_shs,18
bd_shs,54
bd_shs,88
bd_shs,49
bd_shs,29
bd_shs,31
bd_shs,14
bd_shs,102
bd_shs,23
bd_shs,158
bd_shs,53
bd_shs,20
bd_shs,18
bd_shs,47
bd_shs,88
bd_shs,26
bd_shs,12
bd_shs,14
bd_shs,14
bd_shs,27
bd_shs,45
bd_shs,22
bd_shs,48
bd_shs,150
bd_shs,142
bd_shs,110
bd_shs,28
bd_shs,24
bd_shs,15
bd_shs,35
bd_shs,32
bd_shs,51
bd_shs,41
bd_shs,24
bd_shs,149
bd_shs,39
bd_shs,19
bd_shs,18
bd_shs,54
bd_shs,24
bd_shs,178
bd_shs,11
bd_shs,13
bd_shs,12
bd_shs,95
bd_shs,21
bd_shs,22
bd_shs,47
bd_shs,14
bd_shs,64
bd_shs,44
bd_shs,17
bd_shs,24
bd_shs,12
bd_shs,33
bd_shs,25
bd_shs,90
bd_shs,24
bd_shs,66
bd_shs,38
bd_shs,29
bd_shs,16
bd_shs,33
bd_shs,124
bd_shs,32
bd_shs,45
bd_shs,47
bd_shs,77
bd_shs,71
bd_shs,21
bd_shs,33
bd_shs,22
bd_shs,20
bd_shs,26
bd_shs,122
bd_shs,30
bd_shs,51
bd_shs,40
bd_shs,28
bd_shs,48
bd_shs,56
bd_shs,35
bd_shs,147
bd_shs,39
bd_shs,19
bd_shs,44
bd_shs,43
bd_shs,39
bd_shs,42
bd_shs,18
bd_shs,21
bd_shs,31
bd_shs,72
bd_shs,28
bd_shs,15
bd_shs,29
bd_shs,46
bd_shs,8
bd_shs,35
bd_shs,31
bd_shs,17
bd_shs,17
bd_shs,46
bd_shs,14
bd_shs,69
bd_shs,25
bd_shs,10
bd_shs,29
bd_shs,34
bd_shs,68
bd_shs,44
bd_shs,39
bd_shs,16
bd_shs,41
bd_shs,250
bd_shs,19
bd_shs,24
bd_shs,36
bd_shs,18
bd_shs,69
bd_shs,68
bd_shs,10
bd_shs,43
bd_shs,30
bd_shs,22
bd_shs,64
bd_shs,21
bd_shs,71
bd_shs,80
bd_shs,126
bd_shs,89
bd_shs,67
bd_shs,12
bd_shs,12
bd_shs,28
bd_shs,18
bd_shs,72
bd_shs,35
bd_shs,649
bd_shs,225
bd_shs,28
bd_shs,31
bd_shs,42
bd_shs,42
bd_shs,23
bd_shs,33
bd_shs,20
bd_shs,17
bd_shs,38
bd_shs,36
bd_shs,107
bd_shs,22
bd_shs,115
bd_shs,18
bd_shs,48
bd_shs,19
bd_shs,22
bd_shs,17
bd_shs,17
bd_shs,320
bd_shs,24
bd_shs,19
bd_shs,35
bd_shs,42
bd_shs,20
bd_shs,22
bd_shs,79
bd_shs,31
bd_shs,27
bd_shs,25
bd_shs,20
bd_shs,59
bd_shs,108
bd_shs,94
bd_shs,27
bd_shs,27
bd_shs,51
bd_shs,92
bd_shs,23
bd_shs,26
bd_shs,18
bd_shs,29
bd_shs,28
bd_shs,30
bd_shs,22
bd_shs,32
bd_shs,59
bd_shs,28
bd_shs,31
bd_shs,17
bd_shs,35
bd_shs,45
bd_shs,34
bd_shs,85
bd_shs,14
bd_shs,40
bd_shs,19
bd_shs,115
bd_shs,55
bd_shs,60
bd_shs,119
bd_shs,47
bd_shs,63
bd_shs,28
bd_shs,87
bd_shs,445
bd_shs,37
bd_shs,66
bd_shs,52
bd_shs,16
bd_shs,117
bd_shs,14
bd_shs,175
bd_shs,45
bd_shs,29
bd_shs,198
bd_shs,93
bd_shs,115
bd_shs,20
bd_shs,254
bd_shs,31
bd_shs,51
bd_shs,56
bd_shs,63
bd_shs,164
bd_shs,56
bd_shs,78
bd_shs,15
bd_shs,18
bd_shs,51
bd_shs,64
bd_shs,9
bd_shs,35
bd_shs,52
bd_shs,39
bd_shs,65
bd_shs,16
bd_shs,14
bd_shs,36
bd_shs,68
bd_shs,77
bd_shs,120
bd_shs,21
bd_shs,16
bd_shs,19
bd_shs,19
bd_shs,86
bd_shs,25
bd_shs,20
bd_shs,28
bd_shs,100
bd_shs,10
bd_shs,24
bd_shs,51
bd_shs,43
bd_shs,52
bd_shs,26
bd_shs,67
bd_shs,23
bd_shs,19
bd_shs,25
bd_shs,12
bd_shs,41
bd_shs,37
bd_shs,19
bd_shs,27
bd_shs,20
bd_shs,70
bd_shs,37
bd_shs,14
bd_shs,38
bd_shs,35
bd_shs,23
bd_shs,30
bd_shs,61
bd_shs,17
bd_shs,17
bd_shs,17
bd_shs,67
bd_shs,30
bd_shs,89
bd_shs,105
bd_shs,20
bd_shs,20
bd_shs,134
bd_shs,26
bd_shs,11
bd_shs,39
bd_shs,15
bd_shs,34
bd_shs,11
bd_shs,18
bd_shs,21
bd_shs,18
bd_shs,15
bd_shs,14
bd_shs,44
bd_shs,20
bd_shs,13
bd_shs,18
bd_shs,46
bd_shs,17
bd_shs,7
bd_shs,17
bd_shs,12
bd_shs,24
bd_shs,9
bd_shs,7
bd_shs,53
bd_shs,16
bd_shs,14
bd_shs,81
bd_shs,16
bd_shs,35
bd_shs,31
bd_shs,9
bd_shs,26
bd_shs,141
bd_shs,67
bd_shs,77
bd_shs,24
bd_shs,7
bd_shs,28
bd_shs,33
bd_shs,74
bd_shs,29
bd_shs,30
bd_shs,105
bd_shs,26
bd_shs,30
bd_shs,71
bd_shs,36
bd_shs,78
bd_shs,45
bd_shs,231
bd_shs,31
bd_shs,282
bd_shs,24
bd_shs,92
bd_shs,150
bd_shs,100
bd_shs,22
bd_shs,19
bd_shs,42
bd_shs,67
bd_shs,19
bd_shs,38
bd_shs,58
bd_shs,20
bd_shs,72
bd_shs,69
bd_shs,25
bd_shs,304
bd_shs,105
bd_shs,35
bd_shs,41
bd_shs,22
bd_shs,42
bd_shs,46
bd_shs,32
bd_shs,65
bd_shs,34
bd_shs,8
bd_shs,21
bd_shs,15
bd_shs,9
bd_shs,60
bd_shs,42
bd_shs,50
bd_shs,38
bd_shs,46
bd_shs,55
bd_shs,12
bd_shs,58
bd_shs,85
bd_shs,54
bd_shs,21
bd_shs,73
bd_shs,43
bd_shs,46
bd_shs,21
bd_shs,18
bd_shs,228
bd_shs,25
bd_shs,65
bd_shs,77
bd_shs,25
bd_shs,263
bd_shs,69
bd_shs,85
bd_shs,349
bd_shs,57
bd_shs,63
bd_shs,66
bd_shs,78
bd_shs,204
bd_shs,15
bd_shs,22
bd_shs,63
bd_shs,29
bd_shs,12
bd_shs,8
bd_shs,31
bd_shs,31
bd_shs,21
bd_shs,40
bd_shs,42
bd_shs,49
bd_shs,96
bd_shs,34
bd_shs,25
bd_shs,16
bd_shs,36
bd_shs,15
bd_shs,16
bd_shs,34
bd_shs,55
bd_shs,33
bd_shs,345
bd_shs,23
bd_shs,19
bd_shs,69
bd_shs,18
bd_shs,289
bd_shs,55
bd_shs,90
bd_shs,42
bd_shs,28
bd_shs,980
bd_shs,20
bd_shs,38
bd_shs,96
bd_shs,49
bd_shs,15
bd_shs,171
bd_shs,26
bd_shs,22
bd_shs,25
bd_shs,12
bd_shs,19
bd_shs,263
bd_shs,27
bd_shs,8
bd_shs,116
bd_shs,14
bd_shs,16
bd_shs,39
bd_shs,36
bd_shs,27
bd_shs,8
bd_shs,162
bd_shs,62
bd_shs,37
bd_shs,104
bd_shs,127
bd_shs,35
bd_shs,33
bd_shs,81
bd_shs,36
bd_shs,48
bd_shs,19
bd_shs,145
bd_shs,110
bd_shs,26
bd_shs,63
bd_shs,27
bd_shs,62
bd_shs,45
bd_shs,25
bd_shs,130
bd_shs,135
bd_shs,22
bd_shs,45
bd_shs,117
bd_shs,51
bd_shs,76
bd_shs,35
bd_shs,187
bd_shs,45
bd_shs,82
bd_shs,41
bd_shs,125
bd_shs,50
bd_shs,90
bd_shs,132
bd_shs,31
bd_shs,123
bd_shs,34
bd_shs,15
bd_shs,183
bd_shs,191
bd_shs,262
bd_shs,31
bd_shs,178
bd_shs,524
bd_shs,56
bd_shs,43
bd_shs,142
bd_shs,33
bd_shs,16
bd_shs,17
bd_shs,80
bd_shs,35
bd_shs,72
bd_shs,70
bd_shs,161
bd_shs,57
bd_shs,7
bd_shs,176
bd_shs,49
bd_shs,79
bd_shs,55
bd_shs,20
bd_shs,106
bd_shs,236
bd_shs,170
bd_shs,44
bd_shs,35
bd_shs,42
bd_shs,12
bd_shs,8
bd_shs,24
bd_shs,133
bd_shs,440
bd_shs,45
bd_shs,42
bd_shs,197
bd_shs,116
bd_shs,152
bd_shs,105
bd_shs,16
bd_shs,24
bd_shs,33
bd_shs,12
bd_shs,16
bd_shs,60
bd_shs,22
bd_shs,29
bd_shs,264
bd_shs,137
bd_shs,415
bd_shs,82
bd_shs,16
bd_shs,15
bd_shs,59
bd_shs,89
bd_shs,29
bd_shs,62
bd_shs,36
bd_shs,46
bd_shs,121
bd_shs,13
bd_shs,21
bd_shs,61
bd_shs,77
bd_shs,23
bd_shs,22
bd_shs,15
bd_shs,27
bd_shs,23
bd_shs,85
bd_shs,168
bd_shs,24
bd_shs,22
bd_shs,20
bd_shs,65
bd_shs,13
bd_shs,11
bd_shs,11
bd_shs,14
bd_shs,169
bd_shs,10
bd_shs,32
bd_shs,78
bd_shs,19
bd_shs,37
bd_shs,11
bd_shs,19
bd_shs,25
bd_shs,27
bd_shs,30
bd_shs,59
bd_shs,13
bd_shs,62
bd_shs,7
bd_shs,155
bd_shs,57
bd_shs,112
bd_shs,84
bd_shs,101
bd_shs,266
bd_shs,40
bd_shs,26
bd_shs,39
bd_shs,197
bd_shs,36
bd_shs,19
bd_shs,25
bd_shs,17
bd_shs,7
bd_shs,6
bd_shs,87
bd_shs,29
bd_shs,199
bd_shs,19
bd_shs,116
bd_shs,24
bd_shs,3
bd_shs,458
bd_shs,35
bd_shs,7
bd_shs,15
bd_shs,30
bd_shs,241
bd_shs,25
bd_shs,10
bd_shs,12
bd_shs,20
bd_shs,23
bd_shs,14
bd_shs,8
bd_shs,35
bd_shs,303
bd_shs,149
bd_shs,86
bd_shs,17
bd_shs,44
bd_shs,61
bd_shs,24
bd_shs,41
bd_shs,47
bd_shs,18
bd_shs,25
bd_shs,26
bd_shs,30
bd_shs,19
bd_shs,53
bd_shs,64
bd_shs,12
bd_shs,12
bd_shs,11
bd_shs,74
bd_shs,38
bd_shs,50
bd_shs,54
bd_shs,13
bd_shs,26
bd_shs,14
bd_shs,397
bd_shs,40
bd_shs,54
bd_shs,60
bd_shs,11
bd_shs,92
bd_shs,68
bd_shs,35
bd_shs,27
bd_shs,94
bd_shs,50
bd_shs,36
bd_shs,26
bd_shs,85
bd_shs,24
bd_shs,49
bd_shs,13
bd_shs,22
bd_shs,12
bd_shs,22
bd_shs,63
bd_shs,74
bd_shs,36
bd_shs,40
bd_shs,11
bd_shs,15
bd_shs,27
bd_shs,220
bd_shs,49
bd_shs,26
bd_shs,139
bd_shs,106
bd_shs,24
bd_shs,66
bd_shs,110
bd_shs,55
bd_shs,18
bd_shs,27
bd_shs,33
bd_shs,17
bd_shs,13
bd_shs,72
bd_shs,25
bd_shs,27
bd_shs,30
bd_shs,18
bd_shs,42
bd_shs,57
bd_shs,30
bd_shs,32
bd_shs,15
bd_shs,111
bd_shs,110
bd_shs,40
bd_shs,47
bd_shs,40
bd_shs,20
bd_shs,131
bd_shs,40
bd_shs,114
bd_shs,13
bd_shs,41
bd_shs,22
bd_shs,112
bd_shs,72
bd_shs,144
bd_shs,21
bd_shs,11
bd_shs,18
bd_shs,105
bd_shs,59
bd_shs,33
bd_shs,13
bd_shs,50
bd_shs,19
bd_shs,59
bd_shs,105
bd_shs,183
bd_shs,25
bd_shs,55
bd_shs,264
bd_shs,39
bd_shs,27
bd_shs,22
bd_shs,64
bd_shs,126
bd_shs,31
bd_shs,33
bd_shs,19
bd_shs,140
bd_shs,32
bd_shs,208
bd_shs,34
bd_shs,138
bd_shs,43
bd_shs,21
bd_shs,92
bd_shs,18
bd_shs,30
bd_shs,47
bd_shs,117
bd_shs,9
bd_shs,51
bd_shs,72
bd_shs,21
bd_shs,63
bd_shs,44
bd_shs,74
bd_shs,31
bd_shs,32
bd_shs,33
bd_shs,46
bd_shs,80
bd_shs,29
bd_shs,34
bd_shs,202
bd_shs,84
bd_shs,65
bd_shs,12
bd_shs,16
bd_shs,57
bd_shs,195
bd_shs,27
bd_shs,47
bd_shs,48
bd_shs,49
bd_shs,30
bd_shs,90
bd_shs,95
bd_shs,170
bd_shs,244
bd_shs,66
bd_shs,73
bd_shs,29
bd_shs,78
bd_shs,42
bd_shs,47
bd_shs,22
bd_shs,44
bd_shs,74
bd_shs,30
bd_shs,23
bd_shs,111
bd_shs,22
bd_shs,67
bd_shs,41
bd_shs,68
bd_shs,9
bd_shs,6
bd_shs,26
bd_shs,49
bd_shs,53
bd_shs,9
bd_shs,6
bd_shs,16
bd_shs,75
bd_shs,15
bd_shs,55
bd_shs,55
bd_shs,19
bd_shs,20
bd_shs,16
bd_shs,29
bd_shs,39
bd_shs,51
bd_shs,18
bd_shs,36
bd_shs,27
bd_shs,103
bd_shs,132
bd_shs,39
bd_shs,188
bd_shs,31
bd_shs,29
bd_shs,39
bd_shs,31
bd_shs,83
bd_shs,96
bd_shs,23
bd_shs,20
bd_shs,15
bd_shs,92
bd_shs,29
bd_shs,86
bd_shs,9
bd_shs,34
bd_shs,96
bd_shs,65
bd_shs,19
bd_shs,35
bd_shs,18
bd_shs,37
bd_shs,14
bd_shs,22
bd_shs,20
bd_shs,12
bd_shs,59
bd_shs,16
bd_shs,8
bd_shs,44
bd_shs,38
bd_shs,15
bd_shs,10
bd_shs,20
bd_shs,15
bd_shs,12
bd_shs,12
bd_shs,129
bd_shs,14
bd_shs,21
bd_shs,23
bd_shs,10
bd_shs,17
bd_shs,14
bd_shs,33
bd_shs,11
bd_shs,21
bd_shs,2
bd_shs,19
bd_shs,46
bd_shs,77
bd_shs,185
bd_shs,60
bd_shs,244
bd_shs,59
bd_shs,17
bd_shs,11
bd_shs,47
bd_shs,24
bd_shs,15
bd_shs,10
bd_shs,10
bd_shs,184
bd_shs,83
bd_shs,380
bd_shs,35
bd_shs,13
bd_shs,33
bd_shs,17
bd_shs,15
bd_shs,17
bd_shs,98
bd_shs,31
bd_shs,65
bd_shs,34
bd_shs,10
bd_shs,22
bd_shs,36
bd_shs,55
bd_shs,31
bd_shs,34
bd_shs,26
bd_shs,20
bd_shs,23
bd_shs,19
bd_shs,45
bd_shs,11
bd_shs,22
bd_shs,48
bd_shs,17
bd_shs,9
bd_shs,13
bd_shs,33
bd_shs,21
bd_shs,8
bd_shs,12
bd_shs,13
bd_shs,25
bd_shs,29
bd_shs,50
bd_shs,14
bd_shs,79
bd_shs,10
bd_shs,8
bd_shs,17
bd_shs,28
bd_shs,140
bd_shs,48
bd_shs,61
bd_shs,34
bd_shs,33
bd_shs,96
bd_shs,33
bd_shs,49
bd_shs,16
bd_shs,45
bd_shs,25
bd_shs,182
bd_shs,27
bd_shs,48
bd_shs,29
bd_shs,27
bd_shs,23
bd_shs,12
bd_shs,33
bd_shs,36
bd_shs,12
bd_shs,33
bd_shs,28
bd_shs,32
bd_shs,19
bd_shs,17
bd_shs,18
bd_shs,68
bd_shs,53
bd_shs,23
bd_shs,29
bd_shs,23
bd_shs,16
bd_shs,18
bd_shs,84
bd_shs,26
bd_shs,25
bd_shs,37
bd_shs,8
bd_shs,23
bd_shs,22
bd_shs,34
bd_shs,89
bd_shs,21
bd_shs,11
bd_shs,65
bd_shs,41
bd_shs,56
bd_shs,10
bd_shs,17
bd_shs,25
bd_shs,10
bd_shs,30
bd_shs,8
bd_shs,13
bd_shs,22
bd_shs,22
bd_shs,16
bd_shs,17
bd_shs,14
bd_shs,61
bd_shs,24
bd_shs,38
bd_shs,26
bd_shs,15
bd_shs,30
bd_shs,47
bd_shs,221
bd_shs,24
bd_shs,62
bd_shs,104
bd_shs,24
bd_shs,12
bd_shs,201
bd_shs,13
bd_shs,47
bd_shs,171
bd_shs,41
bd_shs,19
bd_shs,9
bd_shs,43
bd_shs,12
bd_shs,22
bd_shs,21
bd_shs,18
bd_shs,10
bd_shs,25
bd_shs,115
bd_shs,11
bd_shs,9
bd_shs,9
bd_shs,17
bd_shs,22
bd_shs,197
bd_shs,16
bd_shs,32
bd_shs,83
bd_shs,12
bd_shs,23
bd_shs,24
bd_shs,25
bd_shs,18
bd_shs,74
bd_shs,46
bd_shs,8
bd_shs,67
bd_shs,66
bd_shs,13
bd_shs,72
bd_shs,11
bd_shs,77
bd_shs,24
bd_shs,24
bd_shs,7
bd_shs,121
bd_shs,18
bd_shs,57
bd_shs,44
bd_shs,23
bd_shs,41
bd_shs,38
bd_shs,64
bd_shs,30
bd_shs,89
bd_shs,19
bd_shs,62
bd_shs,108
bd_shs,13
bd_shs,15
bd_shs,27
bd_shs,50
bd_shs,95
bd_shs,19
bd_shs,40
bd_shs,12
bd_shs,56
bd_shs,79
bd_shs,18
bd_shs,5
bd_shs,83
bd_shs,23
bd_shs,51
bd_shs,12
bd_shs,164
bd_shs,10
bd_shs,15
bd_shs,69
bd_shs,27
bd_shs,20
bd_shs,63
bd_shs,57
bd_shs,10
bd_shs,45
bd_shs,12
bd_shs,13
bd_shs,16
bd_shs,23
bd_shs,11
bd_shs,123
bd_shs,15
bd_shs,52
bd_shs,78
bd_shs,23
bd_shs,34
bd_shs,8
bd_shs,11
bd_shs,23
bd_shs,163
bd_shs,15
bd_shs,19
bd_shs,30
bd_shs,15
bd_shs,21
bd_shs,63
bd_shs,30
bd_shs,16
bd_shs,98
bd_shs,29
bd_shs,19
bd_shs,332
bd_shs,131
bd_shs,10
bd_shs,14
bd_shs,19
bd_shs,169
bd_shs,9
bd_shs,8
bd_shs,59
bd_shs,77
bd_shs,85
bd_shs,14
bd_shs,199
bd_shs,86
bd_shs,39
bd_shs,23
bd_shs,117
bd_shs,19
bd_shs,59
bd_shs,86
bd_shs,34
bd_shs,18
bd_shs,64
bd_shs,23
bd_shs,13
bd_shs,127
bd_shs,41
bd_shs,58
bd_shs,13
bd_shs,21
bd_shs,112
bd_shs,14
bd_shs,52
bd_shs,16
bd_shs,33
bd_shs,24
bd_shs,29
bd_shs,13
bd_shs,58
bd_shs,48
bd_shs,19
bd_shs,92
bd_shs,51
bd_shs,27
bd_shs,40
bd_shs,83
bd_shs,10
bd_shs,50
bd_shs,95
bd_shs,34
bd_shs,14
bd_shs,24
bd_shs,91
bd_shs,10
bd_shs,28
bd_shs,80
bd_shs,36
bd_shs,130
bd_shs,18
bd_shs,55
bd_shs,17
bd_shs,21
bd_shs,17
bd_shs,11
bd_shs,16
bd_shs,30
bd_shs,48
bd_shs,50
bd_shs,265
bd_shs,48
bd_shs,90
bd_shs,106
bd_shs,51
bd_shs,31
bd_shs,35
bd_shs,43
bd_shs,45
bd_shs,47
bd_shs,38
bd_shs,71
bd_shs,107
bd_shs,50
bd_shs,18
bd_shs,12
bd_shs,38
bd_shs,37
bd_shs,160
bd_shs,209
bd_shs,16
bd_shs,53
bd_shs,100
bd_shs,184
bd_shs,68
bd_shs,90
bd_shs,75
bd_shs,280
bd_shs,47
bd_shs,21
bd_shs,30
bd_shs,140
bd_shs,85
bd_shs,65
bd_shs,16
bd_shs,13
bd_shs,12
bd_shs,44
bd_shs,21
bd_shs,107
bd_shs,6
bd_shs,50
bd_shs,47
bd_shs,193
bd_shs,24
bd_shs,17
bd_shs,93
bd_shs,24
bd_shs,36
bd_shs,50
bd_shs,19
bd_shs,19
bd_shs,19
bd_shs,27
bd_shs,10
bd_shs,18
bd_shs,9
bd_shs,17
bd_shs,7
bd_shs,38
bd_shs,75
bd_shs,69
bd_shs,27
bd_shs,61
bd_shs,69
bd_shs,14
bd_shs,32
bd_shs,24
bd_shs,50
bd_shs,26
bd_shs,67
bd_shs,19
bd_shs,93
bd_shs,43
bd_shs,19
bd_shs,82
bd_shs,87
bd_shs,51
bd_shs,26
bd_shs,103
bd_shs,13
bd_shs,2
bd_shs,30
bd_shs,14
bd_shs,68
bd_shs,30
bd_shs,114
bd_shs,22
bd_shs,29
bd_shs,311
bd_shs,20
bd_shs,68
bd_shs,44
bd_shs,38
bd_shs,18
bd_shs,20
bd_shs,49
bd_shs,47
bd_shs,58
bd_shs,35
bd_shs,22
bd_shs,114
bd_shs,35
bd_shs,21
bd_shs,17
bd_shs,98
bd_shs,16
bd_shs,15
bd_shs,25
bd_shs,21
bd_shs,26
bd_shs,43
bd_shs,38
bd_shs,11
bd_shs,34
bd_shs,44
bd_shs,17
bd_shs,122
bd_shs,45
bd_shs,58
bd_shs,83
bd_shs,68
bd_shs,10
bd_shs,9
bd_shs,14
bd_shs,55
bd_shs,28
bd_shs,13
bd_shs,14
bd_shs,40
bd_shs,25
bd_shs,31
bd_shs,93
bd_shs,31
bd_shs,35
bd_shs,94
bd_shs,18
bd_shs,76
bd_shs,17
bd_shs,19
bd_shs,41
bd_shs,24
bd_shs,15
bd_shs,47
bd_shs,38
bd_shs,33
bd_shs,16
bd_shs,18
bd_shs,10
bd_shs,50
bd_shs,67
bd_shs,18
bd_shs,17
bd_shs,13
bd_shs,15
bd_shs,43
bd_shs,47
bd_shs,130
bd_shs,17
bd_shs,54
bd_shs,47
bd_shs,90
bd_shs,121
bd_shs,54
bd_shs,70
bd_shs,115
bd_shs,81
bd_shs,50
bd_shs,56
bd_shs,51
bd_shs,7
bd_shs,46
bd_shs,27
bd_shs,128
bd_shs,7
bd_shs,6
bd_shs,87
bd_shs,35
bd_shs,73
bd_shs,71
bd_shs,80
bd_shs,507
bd_shs,95
bd_shs,30
bd_shs,10
bd_shs,53
bd_shs,63
bd_shs,15
bd_shs,34
bd_shs,114
bd_shs,37
bd_shs,30
bd_shs,50
bd_shs,32
bd_shs,416
bd_shs,36
bd_shs,12
bd_shs,50
bd_shs,32
bd_shs,15
bd_shs,59
bd_shs,42
bd_shs,50
bd_shs,60
bd_shs,10
bd_shs,32
bd_shs,91
bd_shs,19
bd_shs,22
bd_shs,82
bd_shs,42
bd_shs,13
bd_shs,74
bd_shs,23
bd_shs,16
bd_shs,91
bd_shs,59
bd_shs,17
bd_shs,23
bd_shs,54
bd_shs,18
bd_shs,59
bd_shs,36
bd_shs,87
bd_shs,278
bd_shs,11
bd_shs,17
bd_shs,17
bd_shs,36
bd_shs,55
bd_shs,13
bd_shs,51
bd_shs,56
bd_shs,55
bd_shs,42
bd_shs,54
bd_shs,48
bd_shs,29
bd_shs,26
bd_shs,12
bd_shs,132
bd_shs,45
bd_shs,46
bd_shs,59
bd_shs,33
bd_shs,10
bd_shs,101
bd_shs,343
bd_shs,24
bd_shs,18
bd_shs,149
bd_shs,29
bd_shs,32
bd_shs,28
bd_shs,52
bd_shs,19
bd_shs,18
bd_shs,15
bd_shs,66
bd_shs,23
bd_shs,31
bd_shs,13
bd_shs,18
bd_shs,19
bd_shs,25
bd_shs,56
bd_shs,34
bd_shs,19
bd_shs,8
bd_shs,22
bd_shs,47
bd_shs,32
bd_shs,74
bd_shs,28
bd_shs,32
bd_shs,33
bd_shs,18
bd_shs,65
bd_shs,38
bd_shs,39
bd_shs,32
bd_shs,27
bd_shs,33
bd_shs,13
bd_shs,28
bd_shs,18
bd_shs,73
bd_shs,31
bd_shs,28
bd_shs,21
bd_shs,18
bd_shs,109
bd_shs,120
bd_shs,111
bd_shs,36
bd_shs,61
bd_shs,24
bd_shs,39
bd_shs,44
bd_shs,43
bd_shs,33
bd_shs,25
bd_shs,32
bd_shs,44
bd_shs,23
bd_shs,14
bd_shs,45
bd_shs,75
bd_shs,108
bd_shs,119
bd_shs,11
bd_shs,65
bd_shs,62
bd_shs,6
bd_shs,60
bd_shs,93
bd_shs,23
bd_shs,59
bd_shs,17
bd_shs,14
bd_shs,39
bd_shs,4
bd_shs,52
bd_shs,92
bd_shs,33
bd_shs,17
bd_shs,74
bd_shs,47
bd_shs,55
bd_shs,30
bd_shs,103
bd_shs,16
bd_shs,13
bd_shs,18
bd_shs,55
bd_shs,62
bd_shs,55
bd_shs,21
bd_shs,18
bd_shs,12
bd_shs,17
bd_shs,15
bd_shs,17
bd_shs,19
bd_shs,26
bd_shs,44
bd_shs,32
bd_shs,12
bd_shs,10
bd_shs,56
bd_shs,16
bd_shs,93
bd_shs,22
bd_shs,27
bd_shs,22
bd_shs,23
bd_shs,154
bd_shs,64
bd_shs,18
bd_shs,14
bd_shs,44
bd_shs,92
bd_shs,16
bd_shs,58
bd_shs,23
bd_shs,24
bd_shs,16
bd_shs,24
bd_shs,18
bd_shs,180
bd_shs,15
bd_shs,11
bd_shs,33
bd_shs,12
bd_shs,76
bd_shs,53
bd_shs,51
bd_shs,29
bd_shs,49
bd_shs,10
bd_shs,18
bd_shs,12
bd_shs,21
bd_shs,67
bd_shs,16
bd_shs,31
bd_shs,21
bd_shs,21
bd_shs,13
bd_shs,41
bd_shs,23
bd_shs,48
bd_shs,35
bd_shs,15
bd_shs,25
bd_shs,20
bd_shs,21
bd_shs,19
bd_shs,43
bd_shs,43
bd_shs,8
bd_shs,19
bd_shs,24
bd_shs,24
bd_shs,27
bd_shs,15
bd_shs,24
bd_shs,45
bd_shs,29
bd_shs,74
bd_shs,197
bd_shs,24
bd_shs,21
bd_shs,76
bd_shs,61
bd_shs,27
bd_shs,26
bd_shs,20
bd_shs,8
bd_shs,19
bd_shs,25
bd_shs,22
bd_shs,15
bd_shs,22
bd_shs,33
bd_shs,186
bd_shs,19
bd_shs,91
bd_shs,41
bd_shs,18
bd_shs,12
bd_shs,17
bd_shs,45
bd_shs,78
bd_shs,18
bd_shs,62
bd_shs,38
bd_shs,62
bd_shs,37
bd_shs,29
bd_shs,41
bd_shs,58
bd_shs,148
bd_shs,56
bd_shs,22
bd_shs,17
bd_shs,140
bd_shs,51
bd_shs,62
bd_shs,27
bd_shs,1442
bd_shs,57
bd_shs,20
bd_shs,37
bd_shs,12
bd_shs,44
bd_shs,15
bd_shs,46
bd_shs,86
bd_shs,23
bd_shs,14
bd_shs,241
bd_shs,18
bd_shs,59
bd_shs,7
bd_shs,26
bd_shs,12
bd_shs,40
bd_shs,21
bd_shs,39
bd_shs,88
bd_shs,18
bd_shs,197
bd_shs,43
bd_shs,154
bd_shs,50
bd_shs,86
bd_shs,44
bd_shs,30
bd_shs,8
bd_shs,14
bd_shs,15
bd_shs,30
bd_shs,31
bd_shs,32
bd_shs,94
bd_shs,47
bd_shs,30
bd_shs,17
bd_shs,96
bd_shs,56
bd_shs,70
bd_shs,24
bd_shs,15
bd_shs,214
bd_shs,66
bd_shs,22
bd_shs,56
bd_shs,14
bd_shs,16
bd_shs,16
bd_shs,37
bd_shs,54
bd_shs,99
bd_shs,5
bd_shs,18
bd_shs,45
bd_shs,18
bd_shs,35
bd_shs,146
bd_shs,7
bd_shs,24
bd_shs,113
bd_shs,36
bd_shs,336
bd_shs,5
bd_shs,14
bd_shs,41
bd_shs,21
bd_shs,214
bd_shs,26
bd_shs,14
bd_shs,72
bd_shs,22
bd_shs,15
bd_shs,12
bd_shs,8
bd_shs,29
bd_shs,133
bd_shs,24
bd_shs,56
bd_shs,11
bd_shs,12
bd_shs,13
bd_shs,6
bd_shs,18
bd_shs,36
bd_shs,40
bd_shs,16
bd_shs,13
bd_shs,55
bd_shs,14
bd_shs,14
bd_shs,94
bd_shs,12
bd_shs,50
bd_shs,48
bd_shs,27
bd_shs,35
bd_shs,78
bd_shs,28
bd_shs,85
bd_shs,60
bd_shs,54
bd_shs,103
bd_shs,51
bd_shs,70
bd_shs,35
bd_shs,32
bd_shs,30
bd_shs,69
bd_shs,60
bd_shs,28
bd_shs,40
bd_shs,47
bd_shs,22
bd_shs,16
bd_shs,138
bd_shs,30
bd_shs,23
bd_shs,27
bd_shs,14
bd_shs,23
bd_shs,33
bd_shs,24
bd_shs,125
bd_shs,73
bd_shs,24
bd_shs,37
bd_shs,133
bd_shs,18
bd_shs,18
bd_shs,105
bd_shs,229
bd_shs,22
bd_shs,26
bd_shs,67
bd_shs,7
bd_shs,14
bd_shs,52
bd_shs,32
bd_shs,18
bd_shs,41
bd_shs,101
bd_shs,20
bd_shs,30
bd_shs,164
bd_shs,10
bd_shs,30
bd_shs,21
bd_shs,24
bd_shs,21
bd_shs,37
bd_shs,47
bd_shs,15
bd_shs,32
bd_shs,18
bd_shs,27
bd_shs,41
bd_shs,19
bd_shs,43
bd_shs,21
bd_shs,17
bd_shs,138
bd_shs,24
bd_shs,27
bd_shs,22
bd_shs,12
bd_shs,69
bd_shs,41
bd_shs,16
bd_shs,43
bd_shs,42
bd_shs,31
bd_shs,28
bd_shs,36
bd_shs,18
bd_shs,20
bd_shs,71
bd_shs,25
bd_shs,24
bd_shs,56
bd_shs,95
bd_shs,23
bd_shs,11
bd_shs,19
bd_shs,16
bd_shs,48
bd_shs,32
bd_shs,8
bd_shs,17
bd_shs,5
bd_shs,20
bd_shs,9
bd_shs,14
bd_shs,20
bd_shs,51
bd_shs,22
bd_shs,39
bd_shs,80
bd_shs,11
bd_shs,51
bd_shs,22
bd_shs,35
bd_shs,18
bd_shs,15
bd_shs,19
bd_shs,21
bd_shs,86
bd_shs,13
bd_shs,10
bd_shs,64
bd_shs,16
bd_shs,58
bd_shs,51
bd_shs,20
bd_shs,20
bd_shs,11
bd_shs,23
bd_shs,24
bd_shs,36
bd_shs,32
bd_shs,18
bd_shs,25
bd_shs,86
bd_shs,73
bd_shs,29
bd_shs,67
bd_shs,151
bd_shs,22
bd_shs,40
bd_shs,52
bd_shs,70
bd_shs,35
bd_shs,37
bd_shs,30
bd_shs,20
bd_shs,23
bd_shs,11
bd_shs,22
bd_shs,11
bd_shs,13
bd_shs,55
bd_shs,49
bd_shs,46
bd_shs,71
bd_shs,78
bd_shs,95
bd_shs,29
bd_shs,36
bd_shs,103
bd_shs,19
bd_shs,30
bd_shs,124
bd_shs,124
bd_shs,10
bd_shs,82
bd_shs,13
bd_shs,45
bd_shs,21
bd_shs,31
bd_shs,50
bd_shs,48
bd_shs,23
bd_shs,54
bd_shs,25
bd_shs,22
bd_shs,27
bd_shs,66
bd_shs,69
bd_shs,49
bd_shs,32
bd_shs,32
bd_shs,13
bd_shs,17
bd_shs,41
bd_shs,17
bd_shs,18
bd_shs,23
bd_shs,31
bd_shs,2
bd_shs,32
bd_shs,19
bd_shs,29
bd_shs,22
bd_shs,23
bd_shs,24
bd_shs,33
bd_shs,21
bd_shs,24
bd_shs,67
bd_shs,16
bd_shs,48
bd_shs,22
bd_shs,148
bd_shs,58
bd_shs,40
bd_shs,21
bd_shs,43
bd_shs,23
bd_shs,15
bd_shs,54
bd_shs,12
bd_shs,13
bd_shs,23
bd_shs,51
bd_shs,26
bd_shs,21
bd_shs,34
bd_shs,99
bd_shs,18
bd_shs,12
bd_shs,25
bd_shs,23
bd_shs,20
bd_shs,27
bd_shs,21
bd_shs,159
bd_shs,20
bd_shs,20
bd_shs,122
bd_shs,199
bd_shs,8
bd_shs,25
bd_shs,51
bd_shs,75
bd_shs,20
bd_shs,28
bd_shs,44
bd_shs,30
bd_shs,12
bd_shs,7
bd_shs,100
bd_shs,77
bd_shs,18
bd_shs,26
bd_shs,16
bd_shs,32
bd_shs,13
bd_shs,26
bd_shs,22
bd_shs,12
bd_shs,45
bd_shs,13
bd_shs,17
bd_shs,34
bd_shs,32
bd_shs,11
bd_shs,116
bd_shs,33
bd_shs,16
bd_shs,6
bd_shs,38
bd_shs,7
bd_shs,31
bd_shs,18
bd_shs,16
bd_shs,43
bd_shs,43
bd_shs,33
bd_shs,25
bd_shs,18
bd_shs,5
bd_shs,30
bd_shs,21
bd_shs,16
bd_shs,25
bd_shs,41
bd_shs,187
bd_shs,29
bd_shs,43
bd_shs,84
bd_shs,19
bd_shs,148
bd_shs,15
bd_shs,23
bd_shs,27
bd_shs,25
bd_shs,14
bd_shs,24
bd_shs,30
bd_shs,9
bd_shs,32
bd_shs,21
bd_shs,79
bd_shs,28
bd_shs,24
bd_shs,26
bd_shs,17
bd_shs,12
bd_shs,88
bd_shs,32
bd_shs,64
bd_shs,53
bd_shs,29
bd_shs,80
bd_shs,15
bd_shs,17
bd_shs,41
bd_shs,52
bd_shs,26
bd_shs,1404
bd_shs,187
bd_shs,49
bd_shs,19
bd_shs,61
bd_shs,53
bd_shs,22
bd_shs,23
bd_shs,33
bd_shs,15
bd_shs,14
bd_shs,279
bd_shs,20
bd_shs,19
bd_shs,21
bd_shs,51
bd_shs,40
bd_shs,132
bd_shs,48
bd_shs,94
bd_shs,78
bd_shs,60
bd_shs,9
bd_shs,16
bd_shs,45
bd_shs,9
bd_shs,34
bd_shs,25
bd_shs,49
bd_shs,78
bd_shs,49
bd_shs,48
bd_shs,19
bd_shs,50
bd_shs,40
bd_shs,41
bd_shs,24
bd_shs,22
bd_shs,30
bd_shs,39
bd_shs,39
bd_shs,251
bd_shs,35
bd_shs,26
bd_shs,16
bd_shs,29
bd_shs,89
bd_shs,58
bd_shs,62
bd_shs,110
bd_shs,32
bd_shs,26
bd_shs,30
bd_shs,22
bd_shs,86
bd_shs,23
bd_shs,34
bd_shs,17
bd_shs,85
bd_shs,69
bd_shs,58
bd_shs,197
bd_shs,72
bd_shs,26
bd_shs,16
bd_shs,102
bd_shs,55
bd_shs,36
bd_shs,22
bd_shs,21
bd_shs,34
bd_shs,37
bd_shs,27
bd_shs,122
bd_shs,3
bd_shs,42
bd_shs,14
bd_shs,13
bd_shs,33
bd_shs,54
bd_shs,10
bd_shs,52
bd_shs,24
bd_shs,17
bd_shs,62
bd_shs,32
bd_shs,41
bd_shs,89
bd_shs,23
bd_shs,166
bd_shs,31
bd_shs,22
bd_shs,7
bd_shs,23
bd_shs,19
bd_shs,33
bd_shs,58
bd_shs,89
bd_shs,104
bd_shs,18
bd_shs,45
bd_shs,44
bd_shs,13
bd_shs,16
bd_shs,42
bd_shs,18
bd_shs,187
bd_shs,36
bd_shs,16
bd_shs,148
bd_shs,14
bd_shs,23
bd_shs,33
bd_shs,26
bd_shs,36
bd_shs,20
bd_shs,20
bd_shs,15
bd_shs,16
bd_shs,8
bd_shs,36
bd_shs,50
bd_shs,31
bd_shs,27
bd_shs,88
bd_shs,13
bd_shs,109
bd_shs,28
bd_shs,66
bd_shs,158
bd_shs,73
bd_shs,8
bd_shs,23
bd_shs,12
bd_shs,18
bd_shs,64
bd_shs,20
bd_shs,14
bd_shs,286
bd_shs,271
bd_shs,20
bd_shs,62
bd_shs,22
bd_shs,12
bd_shs,14
bd_shs,27
bd_shs,18
bd_shs,19
bd_shs,10
bd_shs,101
bd_shs,94
bd_shs,73
bd_shs,107
bd_shs,8
bd_shs,12
bd_shs,60
bd_shs,14
bd_shs,20
bd_shs,52
bd_shs,29
bd_shs,15
bd_shs,11
bd_shs,20
bd_shs,28
bd_shs,27
bd_shs,20
bd_shs,68
bd_shs,30
bd_shs,50
bd_shs,55
bd_shs,17
bd_shs,29
bd_shs,70
bd_shs,65
bd_shs,26
bd_shs,8
bd_shs,14
bd_shs,13
bd_shs,134
bd_shs,19
bd_shs,25
bd_shs,23
bd_shs,18
bd_shs,19
bd_shs,161
bd_shs,27
bd_shs,29
bd_shs,25
bd_shs,19
bd_shs,42
bd_shs,20
bd_shs,56
bd_shs,39
bd_shs,42
bd_shs,18
bd_shs,8
bd_shs,51
bd_shs,59
bd_shs,30
bd_shs,9
bd_shs,41
bd_shs,13
bd_shs,65
bd_shs,36
bd_shs,26
bd_shs,15
bd_shs,18
bd_shs,28
bd_shs,105
bd_shs,49
bd_shs,103
bd_shs,31
bd_shs,51
bd_shs,9
bd_shs,64
bd_shs,50
bd_shs,149
bd_shs,73
bd_shs,68
bd_shs,129
bd_shs,21
bd_shs,16
bd_shs,13
bd_shs,36
bd_shs,21
bd_shs,38
bd_shs,44
bd_shs,91
bd_shs,12
bd_shs,37
bd_shs,33
bd_shs,23
bd_shs,44
bd_shs,6
bd_shs,42
bd_shs,18
bd_shs,60
bd_shs,13
bd_shs,15
bd_shs,15
bd_shs,28
bd_shs,30
bd_shs,157
bd_shs,20
bd_shs,132
bd_shs,29
bd_shs,57
bd_shs,31
bd_shs,13
bd_shs,13
bd_shs,11
bd_shs,41
bd_shs,42
bd_shs,10
bd_shs,24
bd_shs,9
bd_shs,15
bd_shs,48
bd_shs,8
bd_shs,60
bd_shs,19
bd_shs,49
bd_shs,28
bd_shs,90
bd_shs,20
bd_shs,17
bd_shs,17
bd_shs,32
bd_shs,8
bd_shs,12
bd_shs,35
bd_shs,42
bd_shs,53
bd_shs,29
bd_shs,24
bd_shs,18
bd_shs,91
bd_shs,16
bd_shs,15
bd_shs,25
bd_shs,98
bd_shs,131
bd_shs,22
bd_shs,34
bd_shs,83
bd_shs,78
bd_shs,68
bd_shs,35
bd_shs,44
bd_shs,39
bd_shs,16
bd_shs,8
bd_shs,8
bd_shs,65
bd_shs,22
bd_shs,19
bd_shs,16
bd_shs,5
bd_shs,16
bd_shs,18
bd_shs,38
bd_shs,27
bd_shs,2
bd_shs,40
bd_shs,29
bd_shs,73
bd_shs,36
bd_shs,26
bd_shs,61
bd_shs,10
bd_shs,9
bd_shs,21
bd_shs,24
bd_shs,53
bd_shs,92
bd_shs,18
bd_shs,28
bd_shs,32
bd_shs,12
bd_shs,113
bd_shs,42
bd_shs,22
bd_shs,77
bd_shs,59
bd_shs,14
bd_shs,134
bd_shs,68
bd_shs,16
bd_shs,16
bd_shs,14
bd_shs,34
bd_shs,57
bd_shs,46
bd_shs,8
bd_shs,4
bd_shs,10
bd_shs,23
bd_shs,5
bd_shs,25
bd_shs,25
bd_shs,14
bd_shs,71
bd_shs,33
bd_shs,58
bd_shs,39
bd_shs,40
bd_shs,78
bd_shs,42
bd_shs,7
bd_shs,14
bd_shs,37
bd_shs,20
bd_shs,8
bd_shs,14
bd_shs,21
bd_shs,48
bd_shs,15
bd_shs,32
bd_shs,75
bd_shs,40
bd_shs,16
bd_shs,73
bd_shs,56
bd_shs,65
bd_shs,5
bd_shs,31
bd_shs,20
bd_shs,25
bd_shs,25
bd_shs,9
bd_shs,51
bd_shs,14
bd_shs,48
bd_shs,31
bd_shs,21
bd_shs,192
bd_shs,174
bd_shs,141
bd_shs,26
bd_shs,15
bd_shs,128
bd_shs,7
bd_shs,26
bd_shs,106
bd_shs,55
bd_shs,11
bd_shs,49
bd_shs,65
bd_shs,8
bd_shs,50
bd_shs,32
bd_shs,77
bd_shs,128
bd_shs,49
bd_shs,86
bd_shs,46
bd_shs,26
bd_shs,251
bd_shs,46
bd_shs,18
bd_shs,22
bd_shs,25
bd_shs,14
bd_shs,58
bd_shs,14
bd_shs,42
bd_shs,23
bd_shs,23
bd_shs,12
bd_shs,21
bd_shs,219
bd_shs,20
bd_shs,47
bd_shs,62
bd_shs,39
bd_shs,19
bd_shs,12
bd_shs,4
bd_shs,21
bd_shs,29
bd_shs,13
bd_shs,46
bd_shs,10
bd_shs,19
bd_shs,10
bd_shs,204
bd_shs,19
bd_shs,16
bd_shs,7
bd_shs,11
bd_shs,30
bd_shs,25
bd_shs,40
bd_shs,39
bd_shs,33
bd_shs,16
bd_shs,56
bd_shs,28
bd_shs,25
bd_shs,79
bd_shs,69
bd_shs,6
bd_shs,172
bd_shs,20
bd_shs,10
bd_shs,15
bd_shs,16
bd_shs,65
bd_shs,56
bd_shs,21
bd_shs,30
bd_shs,36
bd_shs,36
bd_shs,37
bd_shs,19
bd_shs,19
bd_shs,124
bd_shs,238
bd_shs,16
bd_shs,78
bd_shs,36
bd_shs,36
bd_shs,18
bd_shs,47
bd_shs,13
bd_shs,17
bd_shs,14
bd_shs,19
bd_shs,12
bd_shs,81
bd_shs,14
bd_shs,69
bd_shs,40
bd_shs,80
bd_shs,24
bd_shs,43
bd_shs,14
bd_shs,8
bd_shs,20
bd_shs,22
bd_shs,13
bd_shs,12
bd_shs,57
bd_shs,28
bd_shs,15
bd_shs,50
bd_shs,12
bd_shs,44
bd_shs,37
bd_shs,18
bd_shs,44
bd_shs,97
bd_shs,117
bd_shs,79
bd_shs,19
bd_shs,16
bd_shs,32
bd_shs,44
bd_shs,19
bd_shs,44
bd_shs,16
bd_shs,39
bd_shs,71
bd_shs,95
bd_shs,21
bd_shs,45
bd_shs,19
bd_shs,8
bd_shs,63
bd_shs,24
bd_shs,25
bd_shs,108
bd_shs,33
bd_shs,55
bd_shs,20
bd_shs,13
bd_shs,11
bd_shs,10
bd_shs,23
bd_shs,38
bd_shs,25
bd_shs,11
bd_shs,24
bd_shs,4
bd_shs,20
bd_shs,2
bd_shs,16
bd_shs,28
bd_shs,6
bd_shs,8
bd_shs,17
bd_shs,14
bd_shs,10
bd_shs,34
bd_shs,29
bd_shs,57
bd_shs,51
bd_shs,41
bd_shs,28
bd_shs,9
bd_shs,2
bd_shs,33
bd_shs,31
bd_shs,39
bd_shs,46
bd_shs,129
bd_shs,162
bd_shs,6
bd_shs,23
bd_shs,16
bd_shs,13
bd_shs,1098
bd_shs,16
bd_shs,26
bd_shs,8
bd_shs,8
bd_shs,63
bd_shs,49
bd_shs,92
bd_shs,8
bd_shs,20
bd_shs,11
bd_shs,13
bd_shs,9
bd_shs,53
bd_shs,47
bd_shs,51
bd_shs,13
bd_shs,11
bd_shs,29
bd_shs,9
bd_shs,73
bd_shs,81
bd_shs,24
bd_shs,24
bd_shs,29
bd_shs,53
bd_shs,32
bd_shs,56
bd_shs,124
bd_shs,22
bd_shs,18
bd_shs,23
bd_shs,11
bd_shs,52
bd_shs,33
bd_shs,9
bd_shs,35
bd_shs,64
bd_shs,39
bd_shs,12
bd_shs,55
bd_shs,8
bd_shs,69
bd_shs,7
bd_shs,87
bd_shs,45
bd_shs,20
bd_shs,12
bd_shs,107
bd_shs,22
bd_shs,30
bd_shs,8
bd_shs,16
bd_shs,51
bd_shs,25
bd_shs,22
bd_shs,50
bd_shs,70
bd_shs,88
bd_shs,35
bd_shs,61
bd_shs,48
bd_shs,30
bd_shs,73
bd_shs,32
bd_shs,79
bd_shs,63
bd_shs,35
bd_shs,37
bd_shs,50
bd_shs,7
bd_shs,19
bd_shs,26
bd_shs,43
bd_shs,81
bd_shs,126
bd_shs,28
bd_shs,47
bd_shs,59
bd_shs,88
bd_shs,16
bd_shs,36
bd_shs,42
bd_shs,80
bd_shs,28
bd_shs,19
bd_shs,49
bd_shs,7
bd_shs,189
bd_shs,47
bd_shs,277
bd_shs,34
bd_shs,24
bd_shs,37
bd_shs,81
bd_shs,98
bd_shs,20
bd_shs,8
bd_shs,31
bd_shs,48
bd_shs,24
bd_shs,12
bd_shs,25
bd_shs,105
bd_shs,23
bd_shs,18
bd_shs,91
bd_shs,17
bd_shs,69
bd_shs,69
bd_shs,48
bd_shs,24
bd_shs,53
bd_shs,72
bd_shs,16
bd_shs,23
bd_shs,39
bd_shs,30
bd_shs,39
bd_shs,67
bd_shs,38
bd_shs,55
bd_shs,7
bd_shs,70
bd_shs,47
bd_shs,10
bd_shs,85
bd_shs,12
bd_shs,24
bd_shs,14
bd_shs,146
bd_shs,65
bd_shs,17
bd_shs,5
bd_shs,46
bd_shs,6
bd_shs,13
bd_shs,72
bd_shs,56
bd_shs,45
bd_shs,34
bd_shs,4
bd_shs,10
bd_shs,23
bd_shs,7
bd_shs,14
bd_shs,80
bd_shs,45
bd_shs,88
bd_shs,28
bd_shs,34
bd_shs,58
bd_shs,48
bd_shs,87
bd_shs,33
bd_shs,305
bd_shs,13
bd_shs,96
bd_shs,152
bd_shs,62
bd_shs,93
bd_shs,7
bd_shs,48
bd_shs,11
bd_shs,29
bd_shs,9
bd_shs,11
bd_shs,24
bd_shs,66
bd_shs,76
bd_shs,29
bd_shs,15
bd_shs,55
bd_shs,119
bd_shs,5
bd_shs,69
bd_shs,9
bd_shs,19
bd_shs,15
bd_shs,7
bd_shs,51
bd_shs,158
bd_shs,67
bd_shs,33
bd_shs,25
bd_shs,100
bd_shs,76
bd_shs,8
bd_shs,11
bd_shs,260
bd_shs,95
bd_shs,44
bd_shs,21
bd_shs,23
bd_shs,21
bd_shs,30
bd_shs,33
bd_shs,54
bd_shs,73
bd_shs,62
bd_shs,51
bd_shs,8
bd_shs,7
bd_shs,11
bd_shs,74
bd_shs,68
bd_shs,22
bd_shs,13
bd_shs,72
bd_shs,25
bd_shs,24
bd_shs,23
bd_shs,120
bd_shs,6
bd_shs,39
bd_shs,5
bd_shs,13
bd_shs,91
bd_shs,47
bd_shs,36
bd_shs,42
bd_shs,186
bd_shs,37
bd_shs,13
bd_shs,5
bd_shs,321
bd_shs,8
bd_shs,84
bd_shs,40
bd_shs,50
bd_shs,22
bd_shs,47
bd_shs,275
bd_shs,26
bd_shs,38
bd_shs,23
bd_shs,18
bd_shs,27
bd_shs,67
bd_shs,6
bd_shs,25
bd_shs,89
bd_shs,41
bd_shs,133
bd_shs,32
bd_shs,38
bd_shs,50
bd_shs,31
bd_shs,23
bd_shs,20
bd_shs,22
bd_shs,118
bd_shs,14
bd_shs,18
bd_shs,16
bd_shs,24
bd_shs,29
bd_shs,58
bd_shs,35
bd_shs,10
bd_shs,31
bd_shs,25
bd_shs,14
bd_shs,21
bd_shs,22
bd_shs,15
bd_shs,30
bd_shs,24
bd_shs,64
bd_shs,41
bd_shs,28
bd_shs,40
bd_shs,43
bd_shs,28
bd_shs,128
bd_shs,23
bd_shs,146
bd_shs,19
bd_shs,11
bd_shs,60
bd_shs,147
bd_shs,59
bd_shs,45
bd_shs,11
bd_shs,13
bd_shs,31
bd_shs,7
bd_shs,56
bd_shs,7
bd_shs,19
bd_shs,18
bd_shs,7
bd_shs,19
bd_shs,6
bd_shs,20
bd_shs,10
bd_shs,26
bd_shs,65
bd_shs,67
bd_shs,42
bd_shs,59
bd_shs,32
bd_shs,39
bd_shs,26
bd_shs,57
bd_shs,82
bd_shs,20
bd_shs,34
bd_shs,29
bd_shs,79
bd_shs,354
bd_shs,47
bd_shs,47
bd_shs,450
bd_shs,99
bd_shs,110
bd_shs,19
bd_shs,103
bd_shs,39
bd_shs,42
bd_shs,28
bd_shs,35
bd_shs,196
bd_shs,18
bd_shs,31
bd_shs,17
bd_shs,30
bd_shs,12
bd_shs,7
bd_shs,24
bd_shs,62
bd_shs,39
bd_shs,59
bd_shs,18
bd_shs,75
bd_shs,41
bd_shs,35
bd_shs,10
bd_shs,25
bd_shs,10
bd_shs,14
bd_shs,49
bd_shs,16
bd_shs,11
bd_shs,73
bd_shs,45
bd_shs,28
bd_shs,153
bd_shs,63
bd_shs,70
bd_shs,204
bd_shs,10
bd_shs,11
bd_shs,43
bd_shs,47
bd_shs,109
bd_shs,29
bd_shs,13
bd_shs,58
bd_shs,2
bd_shs,10
bd_shs,11
bd_shs,86
bd_shs,10
bd_shs,12
bd_shs,43
bd_shs,17
bd_shs,105
bd_shs,15
bd_shs,27
bd_shs,13
bd_shs,34
bd_shs,20
bd_shs,44
bd_shs,69
bd_shs,18
bd_shs,16
bd_shs,85
bd_shs,38
bd_shs,29
bd_shs,20
bd_shs,15
bd_shs,15
bd_shs,70
bd_shs,86
bd_shs,16
bd_shs,8
bd_shs,10
bd_shs,24
bd_shs,11
bd_shs,11
bd_shs,45
bd_shs,21
bd_shs,24
bd_shs,10
bd_shs,43
bd_shs,142
bd_shs,43
bd_shs,6
bd_shs,6
bd_shs,113
bd_shs,9
bd_shs,9
bd_shs,28
bd_shs,55
bd_shs,83
bd_shs,53
bd_shs,27
bd_shs,11
bd_shs,12
bd_shs,23
bd_shs,62
bd_shs,20
bd_shs,70
bd_shs,14
bd_shs,12
bd_shs,7
bd_shs,32
bd_shs,30
bd_shs,69
bd_shs,22
bd_shs,237
bd_shs,20
bd_shs,85
bd_shs,130
bd_shs,17
bd_shs,37
bd_shs,11
bd_shs,48
bd_shs,15
bd_shs,17
bd_shs,62
bd_shs,14
bd_shs,7
bd_shs,24
bd_shs,65
bd_shs,50
bd_shs,77
bd_shs,21
bd_shs,39
bd_shs,62
bd_shs,18
bd_shs,44
bd_shs,33
bd_shs,31
bd_shs,34
bd_shs,39
bd_shs,63
bd_shs,52
bd_shs,20
bd_shs,18
bd_shs,40
bd_shs,37
bd_shs,32
bd_shs,17
bd_shs,21
bd_shs,9
bd_shs,36
bd_shs,165
bd_shs,63
bd_shs,19
bd_shs,92
bd_shs,37
bd_shs,59
bd_shs,130
bd_shs,31
bd_shs,58
bd_shs,39
bd_shs,42
bd_shs,617
bd_shs,8
bd_shs,13
bd_shs,27
bd_shs,61
bd_shs,71
bd_shs,22
bd_shs,29
bd_shs,24
bd_shs,32
bd_shs,12
bd_shs,69
bd_shs,38
bd_shs,114
bd_shs,80
bd_shs,10
bd_shs,2
bd_shs,19
bd_shs,26
bd_shs,27
bd_shs,25
bd_shs,22
bd_shs,14
bd_shs,15
bd_shs,39
bd_shs,122
bd_shs,306
bd_shs,38
bd_shs,30
bd_shs,172
bd_shs,66
bd_shs,31
bd_shs,29
bd_shs,70
bd_shs,23
bd_shs,46
bd_shs,92
bd_shs,33
bd_shs,71
bd_shs,17
bd_shs,63
bd_shs,16
bd_shs,30
bd_shs,44
bd_shs,12
bd_shs,83
bd_shs,54
bd_shs,75
bd_shs,170
bd_shs,17
bd_shs,20
bd_shs,39
bd_shs,52
bd_shs,52
bd_shs,76
bd_shs,51
bd_shs,18
bd_shs,15
bd_shs,1038
bd_shs,22
bd_shs,39
bd_shs,6
bd_shs,7
bd_shs,41
bd_shs,64
bd_shs,28
bd_shs,44
bd_shs,20
bd_shs,9
bd_shs,12
bd_shs,29
bd_shs,22
bd_shs,7
bd_shs,194
bd_shs,41
bd_shs,27
bd_shs,27
bd_shs,22
bd_shs,6
bd_shs,29
bd_shs,9
bd_shs,21
bd_shs,31
bd_shs,38
bd_shs,65
bd_shs,53
bd_shs,47
bd_shs,18
bd_shs,10
bd_shs,10
bd_shs,28
bd_shs,57
bd_shs,60
bd_shs,76
bd_shs,114
bd_shs,54
bd_shs,58
bd_shs,20
bd_shs,12
bd_shs,34
bd_shs,52
bd_shs,106
bd_shs,48
bd_shs,37
bd_shs,284
bd_shs,20
bd_shs,105
bd_shs,28
bd_shs,12
bd_shs,218
bd_shs,58
bd_shs,11
bd_shs,16
bd_shs,12
bd_shs,11
bd_shs,20
bd_shs,31
bd_shs,25
bd_shs,16
bd_shs,17
bd_shs,10
bd_shs,195
bd_shs,17
bd_shs,53
bd_shs,20
bd_shs,237
bd_shs,13
bd_shs,15
bd_shs,130
bd_shs,79
bd_shs,43
bd_shs,184
bd_shs,112
bd_shs,338
bd_shs,77
bd_shs,45
bd_shs,75
bd_shs,19
bd_shs,31
bd_shs,44
bd_shs,291
bd_shs,191
bd_shs,34
bd_shs,19
bd_shs,24
bd_shs,10
bd_shs,24
bd_shs,60
bd_shs,89
bd_shs,16
bd_shs,12
bd_shs,76
bd_shs,52
bd_shs,6
bd_shs,903
bd_shs,58
bd_shs,46
bd_shs,67
bd_shs,31
bd_shs,13
bd_shs,26
bd_shs,24
bd_shs,14
bd_shs,64
bd_shs,37
bd_shs,39
bd_shs,140
bd_shs,11
bd_shs,338
bd_shs,12
bd_shs,100
bd_shs,9
bd_shs,5
bd_shs,85
bd_shs,41
bd_shs,45
bd_shs,22
bd_shs,35
bd_shs,109
bd_shs,25
bd_shs,23
bd_shs,26
bd_shs,138
bd_shs,16
bd_shs,12
bd_shs,8
bd_shs,16
bd_shs,80
bd_shs,26
bd_shs,60
bd_shs,77
bd_shs,28
bd_shs,116
bd_shs,18
bd_shs,133
bd_shs,56
bd_shs,48
bd_shs,20
bd_shs,26
bd_shs,42
bd_shs,49
bd_shs,22
bd_shs,17
bd_shs,10
bd_shs,38
bd_shs,93
bd_shs,23
bd_shs,95
bd_shs,8
bd_shs,54
bd_shs,12
bd_shs,42
bd_shs,18
bd_shs,25
bd_shs,6
bd_shs,5
bd_shs,15
bd_shs,650
bd_shs,54
bd_shs,36
bd_shs,20
bd_shs,56
bd_shs,19
bd_shs,26
bd_shs,70
bd_shs,62
bd_shs,30
bd_shs,56
bd_shs,41
bd_shs,32
bd_shs,17
bd_shs,26
bd_shs,2
bd_shs,14
bd_shs,69
bd_shs,38
bd_shs,169
bd_shs,42
bd_shs,125
bd_shs,42
bd_shs,63
bd_shs,32
bd_shs,66
bd_shs,43
bd_shs,926
bd_shs,289
bd_shs,39
bd_shs,17
bd_shs,290
bd_shs,21
bd_shs,106
bd_shs,70
bd_shs,97
bd_shs,58
bd_shs,92
bd_shs,25
bd_shs,8
bd_shs,56
bd_shs,23
bd_shs,166
bd_shs,6
bd_shs,21
bd_shs,47
bd_shs,32
bd_shs,18
bd_shs,61
bd_shs,29
bd_shs,28
bd_shs,29
bd_shs,27
bd_shs,36
bd_shs,22
bd_shs,20
bd_shs,31
bd_shs,32
bd_shs,19
bd_shs,11
bd_shs,9
bd_shs,35
bd_shs,18
bd_shs,29
bd_shs,12
bd_shs,105
bd_shs,23
bd_shs,11
bd_shs,19
bd_shs,107
bd_shs,72
bd_shs,35
bd_shs,8
bd_shs,7
bd_shs,29
bd_shs,17
bd_shs,12
bd_shs,23
bd_shs,21
bd_shs,30
bd_shs,18
bd_shs,7
bd_shs,21
bd_shs,6
bd_shs,63
bd_shs,18
bd_shs,5
bd_shs,35
bd_shs,13
bd_shs,31
bd_shs,105
bd_shs,37
bd_shs,75
bd_shs,30
bd_shs,17
bd_shs,64
bd_shs,34
bd_shs,6
bd_shs,10
bd_shs,22
bd_shs,42
bd_shs,12
bd_shs,35
bd_shs,9
bd_shs,6
bd_shs,10
bd_shs,310
bd_shs,41
bd_shs,27
bd_shs,17
bd_shs,3
bd_shs,11
bd_shs,27
bd_shs,110
bd_shs,117
bd_shs,39
bd_shs,32
bd_shs,33
bd_shs,26
bd_shs,52
bd_shs,33
bd_shs,13
bd_shs,19
bd_shs,40
bd_shs,58
bd_shs,75
bd_shs,71
bd_shs,29
bd_shs,16
bd_shs,51
bd_shs,38
bd_shs,28
bd_shs,29
bd_shs,65
bd_shs,52
bd_shs,19
bd_shs,29
bd_shs,43
bd_shs,228
bd_shs,48
bd_shs,28
bd_shs,38
bd_shs,3
bd_shs,75
bd_shs,646
bd_shs,19
bd_shs,53
bd_shs,8
bd_shs,12
bd_shs,54
bd_shs,31
bd_shs,17
bd_shs,13
bd_shs,44
bd_shs,10
bd_shs,16
bd_shs,20
bd_shs,16
bd_shs,12
bd_shs,169
bd_shs,65
bd_shs,10
bd_shs,27
bd_shs,11
bd_shs,16
bd_shs,26
bd_shs,15
bd_shs,35
bd_shs,12
bd_shs,33
bd_shs,15
bd_shs,32
bd_shs,133
bd_shs,158
bd_shs,45
bd_shs,27
bd_shs,38
bd_shs,12
bd_shs,46
bd_shs,9
bd_shs,93
bd_shs,48
bd_shs,156
bd_shs,372
bd_shs,29
bd_shs,26
bd_shs,24
bd_shs,72
bd_shs,6
bd_shs,25
bd_shs,8
bd_shs,49
bd_shs,5
bd_shs,12
bd_shs,13
bd_shs,49
bd_shs,62
bd_shs,10
bd_shs,9
bd_shs,9
bd_shs,35
bd_shs,8
bd_shs,12
bd_shs,33
bd_shs,13
bd_shs,29
bd_shs,65
bd_shs,9
bd_shs,16
bd_shs,27
bd_shs,96
bd_shs,12
bd_shs,37
bd_shs,49
bd_shs,7
bd_shs,11
bd_shs,27
bd_shs,5
bd_shs,19
bd_shs,22
bd_shs,14
bd_shs,10
bd_shs,145
bd_shs,13
bd_shs,36
bd_shs,31
bd_shs,18
bd_shs,16
bd_shs,19
bd_shs,31
bd_shs,24
bd_shs,21
bd_shs,94
bd_shs,10
bd_shs,10
bd_shs,33
bd_shs,32
bd_shs,242
bd_shs,14
bd_shs,17
bd_shs,33
bd_shs,13
bd_shs,22
bd_shs,13
bd_shs,16
bd_shs,10
bd_shs,14
bd_shs,31
bd_shs,18
bd_shs,7
bd_shs,30
bd_shs,20
bd_shs,15
bd_shs,84
bd_shs,8
bd_shs,10
bd_shs,8
bd_shs,183
bd_shs,7
bd_shs,51
bd_shs,16
bd_shs,203
bd_shs,14
bd_shs,39
bd_shs,37
bd_shs,21
bd_shs,27
bd_shs,21
bd_shs,8
bd_shs,15
bd_shs,36
bd_shs,15
bd_shs,18
bd_shs,36
bd_shs,6
bd_shs,25
bd_shs,18
bd_shs,44
bd_shs,9
bd_shs,16
bd_shs,11
bd_shs,52
bd_shs,39
bd_shs,30
bd_shs,34
bd_shs,120
bd_shs,43
bd_shs,11
bd_shs,27
bd_shs,40
bd_shs,37
bd_shs,57
bd_shs,16
bd_shs,44
bd_shs,44
bd_shs,8
bd_shs,20
bd_shs,128
bd_shs,71
bd_shs,23
bd_shs,10
bd_shs,21
bd_shs,45
bd_shs,59
bd_shs,108
bd_shs,14
bd_shs,41
bd_shs,12
bd_shs,16
bd_shs,23
bd_shs,15
bd_shs,23
bd_shs,10
bd_shs,58
bd_shs,100
bd_shs,105
bd_shs,29
bd_shs,57
bd_shs,40
bd_shs,66
bd_shs,46
bd_shs,34
bd_shs,8
bd_shs,7
bd_shs,2
bd_shs,12
bd_shs,3
bd_shs,14
bd_shs,92
bd_shs,11
bd_shs,31
bd_shs,4
bd_shs,53
bd_shs,21
bd_shs,73
bd_shs,67
bd_shs,23
bd_shs,114
bd_shs,864
bd_shs,72
bd_shs,55
bd_shs,45
bd_shs,37
bd_shs,43
bd_shs,28
bd_shs,43
bd_shs,17
bd_shs,68
bd_shs,135
bd_shs,7
bd_shs,17
bd_shs,43
bd_shs,45
bd_shs,10
bd_shs,8
bd_shs,184
bd_shs,15
bd_shs,10
bd_shs,16
bd_shs,28
bd_shs,215
bd_shs,23
bd_shs,39
bd_shs,44
bd_shs,9
bd_shs,40
bd_shs,99
bd_shs,19
bd_shs,61
bd_shs,79
bd_shs,35
bd_shs,7
bd_shs,10
bd_shs,33
bd_shs,71
bd_shs,9
bd_shs,42
bd_shs,97
bd_shs,20
bd_shs,23
bd_shs,2
bd_shs,9
bd_shs,8
bd_shs,17
bd_shs,27
bd_shs,24
bd_shs,68
bd_shs,21
bd_shs,5
bd_shs,12
bd_shs,18
bd_shs,13
bd_shs,16
bd_shs,22
bd_shs,54
bd_shs,21
bd_shs,14
bd_shs,28
bd_shs,8
bd_shs,7
bd_shs,37
bd_shs,93
bd_shs,15
bd_shs,23
bd_shs,200
bd_shs,88
bd_shs,12
bd_shs,37
bd_shs,17
bd_shs,25
bd_shs,53
bd_shs,29
bd_shs,30
bd_shs,20
bd_shs,23
bd_shs,78
bd_shs,51
bd_shs,80
bd_shs,21
bd_shs,14
bd_shs,14
bd_shs,12
bd_shs,14
bd_shs,52
bd_shs,44
bd_shs,5
bd_shs,25
bd_shs,33
bd_shs,35
bd_shs,119
bd_shs,209
bd_shs,49
bd_shs,3
bd_shs,87
bd_shs,12
bd_shs,12
bd_shs,12
bd_shs,18
bd_shs,98
bd_shs,38
bd_shs,46
bd_shs,70
bd_shs,29
bd_shs,14
bd_shs,41
bd_shs,284
bd_shs,14
bd_shs,74
bd_shs,32
bd_shs,12
bd_shs,102
bd_shs,24
bd_shs,23
bd_shs,16
bd_shs,42
bd_shs,29
bd_shs,40
bd_shs,44
bd_shs,123
bd_shs,57
bd_shs,19
bd_shs,58
bd_shs,49
bd_shs,5
bd_shs,4
bd_shs,90
bd_shs,4
bd_shs,23
bd_shs,33
bd_shs,109
bd_shs,2
bd_shs,20
bd_shs,6
bd_shs,2
bd_shs,10
bd_shs,9
bd_shs,199
bd_shs,2
bd_shs,77
bd_shs,27
bd_shs,12
bd_shs,17
bd_shs,11
bd_shs,2
bd_shs,21
bd_shs,99
bd_shs,18
bd_shs,7
bd_shs,121
bd_shs,7
bd_shs,2
bd_shs,78
bd_shs,30
bd_shs,14
bd_shs,198
bd_shs,10
bd_shs,5
bd_shs,8
bd_shs,162
bd_shs,59
bd_shs,4
bd_shs,16
bd_shs,25
bd_shs,25
bd_shs,45
bd_shs,167
bd_shs,35
bd_shs,5
bd_shs,61
bd_shs,15
bd_shs,105
bd_shs,8
bd_shs,19
bd_shs,24
bd_shs,197
bd_shs,37
bd_shs,37
bd_shs,71
bd_shs,71
bd_shs,18
bd_shs,60
bd_shs,5
bd_shs,35
bd_shs,7
bd_shs,11
bd_shs,12
bd_shs,28
bd_shs,52
bd_shs,13
bd_shs,20
bd_shs,443
bd_shs,23
bd_shs,18
bd_shs,11
bd_shs,26
bd_shs,32
bd_shs,99
bd_shs,43
bd_shs,79
bd_shs,29
bd_shs,2
bd_shs,229
bd_shs,50
bd_shs,52
bd_shs,33
bd_shs,42
bd_shs,43
bd_shs,13
bd_shs,18
bd_shs,16
bd_shs,20
bd_shs,30
bd_shs,24
bd_shs,11
bd_shs,39
bd_shs,8
bd_shs,41
bd_shs,83
bd_shs,192
bd_shs,31
bd_shs,12
bd_shs,24
bd_shs,15
bd_shs,20
bd_shs,112
bd_shs,44
bd_shs,11
bd_shs,42
bd_shs,8
bd_shs,13
bd_shs,68
bd_shs,5
bd_shs,210
bd_shs,35
bd_shs,23
bd_shs,10
bd_shs,16
bd_shs,8
bd_shs,23
bd_shs,11
bd_shs,119
bd_shs,24
bd_shs,19
bd_shs,36
bd_shs,25
bd_shs,36
bd_shs,19
bd_shs,30
bd_shs,20
bd_shs,72
bd_shs,27
bd_shs,117
bd_shs,76
bd_shs,38
bd_shs,39
bd_shs,6
bd_shs,8
bd_shs,8
bd_shs,66
bd_shs,13
bd_shs,14
bd_shs,24
bd_shs,15
bd_shs,17
bd_shs,18
bd_shs,29
bd_shs,84
bd_shs,42
bd_shs,10
bd_shs,10
bd_shs,18
bd_shs,16
bd_shs,13
bd_shs,268
bd_shs,22
bd_shs,58
bd_shs,17
bd_shs,22
bd_shs,40
bd_shs,14
bd_shs,40
bd_shs,11
bd_shs,18
bd_shs,5
bd_shs,31
bd_shs,15
bd_shs,25
bd_shs,15
bd_shs,11
bd_shs,36
bd_shs,24
bd_shs,2
bd_shs,18
bd_shs,40
bd_shs,8
bd_shs,8
bd_shs,16
bd_shs,9
bd_shs,34
bd_shs,11
bd_shs,7
bd_shs,99
bd_shs,12
bd_shs,2
bd_shs,18
bd_shs,31
bd_shs,77
bd_shs,31
bd_shs,26
bd_shs,61
bd_shs,16
bd_shs,3
bd_shs,15
bd_shs,7
bd_shs,16
bd_shs,61
bd_shs,6
bd_shs,16
bd_shs,28
bd_shs,99
bd_shs,27
bd_shs,1
bd_shs,13
bd_shs,5
bd_shs,31
bd_shs,16
bd_shs,14
bd_shs,10
bd_shs,8
bd_shs,169
bd_shs,165
bd_shs,76
bd_shs,23
bd_shs,51
bd_shs,33
bd_shs,34
bd_shs,30
bd_shs,121
bd_shs,42
bd_shs,24
bd_shs,75
bd_shs,13
bd_shs,7
bd_shs,23
bd_shs,294
bd_shs,8
bd_shs,16
bd_shs,18
bd_shs,35
bd_shs,378
bd_shs,72
bd_shs,110
bd_shs,59
bd_shs,67
bd_shs,80
bd_shs,26
bd_shs,8
bd_shs,12
bd_shs,3
bd_shs,7
bd_shs,8
bd_shs,9
bd_shs,10
bd_shs,13
bd_shs,54
bd_shs,32
bd_shs,560
bd_shs,85
bd_shs,39
bd_shs,32
bd_shs,11
bd_shs,8
bd_shs,66
bd_shs,12
bd_shs,27
bd_shs,5
bd_shs,39
bd_shs,7
bd_shs,31
bd_shs,62
bd_shs,21
bd_shs,79
bd_shs,61
bd_shs,21
bd_shs,42
bd_shs,19
bd_shs,48
bd_shs,54
bd_shs,10
bd_shs,45
bd_shs,57
bd_shs,117
bd_shs,40
bd_shs,13
bd_shs,127
bd_shs,20
bd_shs,55
bd_shs,47
bd_shs,19
bd_shs,7
bd_shs,5
bd_shs,11
bd_shs,13
bd_shs,6
bd_shs,24
bd_shs,199
bd_shs,15
bd_shs,52
bd_shs,60
bd_shs,30
bd_shs,12
bd_shs,22
bd_shs,31
bd_shs,176
bd_shs,41
bd_shs,62
bd_shs,62
bd_shs,20
bd_shs,82
bd_shs,59
bd_shs,3
bd_shs,142
bd_shs,32
bd_shs,46
bd_shs,83
bd_shs,49
bd_shs,95
bd_shs,40
bd_shs,26
bd_shs,82
bd_shs,14
bd_shs,77
bd_shs,219
bd_shs,40
bd_shs,41
bd_shs,26
bd_shs,21
bd_shs,13
bd_shs,9
bd_shs,62
bd_shs,17
bd_shs,43
bd_shs,24
bd_shs,96
bd_shs,84
bd_shs,93
bd_shs,15
bd_shs,51
bd_shs,11
bd_shs,56
bd_shs,5
bd_shs,29
bd_shs,26
bd_shs,18
bd_shs,53
bd_shs,16
bd_shs,55
bd_shs,14
bd_shs,15
bd_shs,46
bd_shs,71
bd_shs,16
bd_shs,61
bd_shs,51
bd_shs,13
bd_shs,153
bd_shs,14
bd_shs,42
bd_shs,71
bd_shs,38
bd_shs,168
bd_shs,45
bd_shs,15
bd_shs,25
bd_shs,70
bd_shs,10
bd_shs,18
bd_shs,53
bd_shs,28
bd_shs,13
bd_shs,50
bd_shs,30
bd_shs,72
bd_shs,9
bd_shs,17
bd_shs,44
bd_shs,1
bd_shs,20
bd_shs,30
bd_shs,19
bd_shs,112
bd_shs,15
bd_shs,32
bd_shs,28
bd_shs,19
bd_shs,7
bd_shs,74
bd_shs,25
bd_shs,3
bd_shs,40
bd_shs,19
bd_shs,73
bd_shs,11
bd_shs,71
bd_shs,24
bd_shs,17
bd_shs,108
bd_shs,26
bd_shs,32
bd_shs,5
bd_shs,15
bd_shs,154
bd_shs,248
bd_shs,182
bd_shs,22
bd_shs,34
bd_shs,241
bd_shs,123
bd_shs,34
bd_shs,61
bd_shs,11
bd_shs,11
bd_shs,48
bd_shs,97
bd_shs,21
bd_shs,7
bd_shs,45
bd_shs,16
bd_shs,24
bd_shs,33
bd_shs,179
bd_shs,169
bd_shs,78
bd_shs,143
bd_shs,33
bd_shs,162
bd_shs,15
bd_shs,40
bd_shs,13
bd_shs,20
bd_shs,15
bd_shs,5
bd_shs,211
bd_shs,72
bd_shs,186
bd_shs,6
bd_shs,17
bd_shs,255
bd_shs,46
bd_shs,22
bd_shs,2
bd_shs,2
bd_shs,39
bd_shs,41
bd_shs,65
bd_shs,13
bd_shs,11
bd_shs,85
bd_shs,23
bd_shs,156
bd_shs,66
bd_shs,58
bd_shs,28
bd_shs,28
bd_shs,50
bd_shs,15
bd_shs,22
bd_shs,7
bd_shs,26
bd_shs,27
bd_shs,42
bd_shs,27
bd_shs,16
bd_shs,125
bd_shs,21
bd_shs,47
bd_shs,18
bd_shs,25
bd_shs,42
bd_shs,11
bd_shs,76
bd_shs,27
bd_shs,251
bd_shs,19
bd_shs,80
bd_shs,25
bd_shs,16
bd_shs,27
bd_shs,927
bd_shs,154
bd_shs,106
bd_shs,20
bd_shs,47
bd_shs,24
bd_shs,59
bd_shs,28
bd_shs,42
bd_shs,59
bd_shs,38
bd_shs,23
bd_shs,19
bd_shs,108
bd_shs,60
bd_shs,53
bd_shs,35
bd_shs,10
bd_shs,30
bd_shs,38
bd_shs,22
bd_shs,111
bd_shs,21
bd_shs,35
bd_shs,132
bd_shs,36
bd_shs,12
bd_shs,42
bd_shs,30
bd_shs,298
bd_shs,112
bd_shs,53
bd_shs,22
bd_shs,153
bd_shs,36
bd_shs,20
bd_shs,25
bd_shs,61
bd_shs,130
bd_shs,88
bd_shs,53
bd_shs,21
bd_shs,47
bd_shs,27
bd_shs,7
bd_shs,8
bd_shs,13
bd_shs,131
bd_shs,30
bd_shs,21
bd_shs,14
bd_shs,49
bd_shs,8
bd_shs,28
bd_shs,34
bd_shs,15
bd_shs,25
bd_shs,66
bd_shs,19
bd_shs,20
bd_shs,174
bd_shs,29
bd_shs,14
bd_shs,6
bd_shs,14
bd_shs,12
bd_shs,8
bd_shs,73
bd_shs,14
bd_shs,42
bd_shs,29
bd_shs,264
bd_shs,76
bd_shs,40
bd_shs,8
bd_shs,31
bd_shs,18
bd_shs,25
bd_shs,37
bd_shs,23
bd_shs,18
bd_shs,19
bd_shs,56
bd_shs,17
bd_shs,1145
bd_shs,103
bd_shs,35
bd_shs,55
bd_shs,20
bd_shs,17
bd_shs,17
bd_shs,14
bd_shs,303
bd_shs,26
bd_shs,23
bd_shs,10
bd_shs,34
bd_shs,45
bd_shs,38
bd_shs,17
bd_shs,14
bd_shs,23
bd_shs,17
bd_shs,10
bd_shs,18
bd_shs,15
bd_shs,42
bd_shs,16
bd_shs,9
bd_shs,12
bd_shs,49
bd_shs,48
bd_shs,208
bd_shs,46
bd_shs,38
bd_shs,30
bd_shs,29
bd_shs,97
bd_shs,38
bd_shs,19
bd_shs,8
bd_shs,7
bd_shs,10
bd_shs,15
bd_shs,9
bd_shs,28
bd_shs,16
bd_shs,21
bd_shs,56
bd_shs,9
bd_shs,97
bd_shs,68
bd_shs,23
bd_shs,5
bd_shs,16
bd_shs,11
bd_shs,13
bd_shs,13
bd_shs,17
bd_shs,13
bd_shs,76
bd_shs,259
bd_shs,65
bd_shs,71
bd_shs,90
bd_shs,39
bd_shs,120
bd_shs,42
bd_shs,30
bd_shs,136
bd_shs,99
bd_shs,53
bd_shs,32
bd_shs,20
bd_shs,17
bd_shs,94
bd_shs,28
bd_shs,20
bd_shs,75
bd_shs,69
bd_shs,34
bd_shs,58
bd_shs,22
bd_shs,123
bd_shs,14
bd_shs,52
bd_shs,18
bd_shs,8
bd_shs,6
bd_shs,15
bd_shs,6
bd_shs,20
bd_shs,52
bd_shs,12
bd_shs,12
bd_shs,22
bd_shs,12
bd_shs,55
bd_shs,10
bd_shs,97
bd_shs,13
bd_shs,6
bd_shs,11
bd_shs,26
bd_shs,47
bd_shs,14
bd_shs,12
bd_shs,23
bd_shs,23
bd_shs,43
bd_shs,52
bd_shs,41
bd_shs,8
bd_shs,12
bd_shs,15
bd_shs,17
bd_shs,91
bd_shs,9
bd_shs,16
bd_shs,64
bd_shs,13
bd_shs,43
bd_shs,39
bd_shs,36
bd_shs,11
bd_shs,20
bd_shs,14
bd_shs,28
bd_shs,23
bd_shs,27
bd_shs,20
bd_shs,72
bd_shs,48
bd_shs,38
bd_shs,146
bd_shs,35
bd_shs,25
bd_shs,73
bd_shs,27
bd_shs,56
bd_shs,40
bd_shs,17
bd_shs,40
bd_shs,86
bd_shs,131
bd_shs,10
bd_shs,17
bd_shs,24
bd_shs,50
bd_shs,46
bd_shs,22
bd_shs,55
bd_shs,37
bd_shs,93
bd_shs,15
bd_shs,23
bd_shs,17
bd_shs,14
bd_shs,29
bd_shs,48
bd_shs,23
bd_shs,249
bd_shs,101
bd_shs,22
bd_shs,38
bd_shs,30
bd_shs,35
bd_shs,47
bd_shs,12
bd_shs,11
bd_shs,14
bd_shs,15
bd_shs,22
bd_shs,21
bd_shs,18
bd_shs,27
bd_shs,15
bd_shs,12
bd_shs,37
bd_shs,41
bd_shs,56
bd_shs,56
bd_shs,24
bd_shs,18
bd_shs,32
bd_shs,31
bd_shs,2
bd_shs,12
bd_shs,87
bd_shs,193
bd_shs,11
bd_shs,101
bd_shs,30
bd_shs,37
bd_shs,22
bd_shs,58
bd_shs,9
bd_shs,11
bd_shs,43
bd_shs,146
bd_shs,9
bd_shs,13
bd_shs,65
bd_shs,38
bd_shs,34
bd_shs,239
bd_shs,16
bd_shs,168
bd_shs,361
bd_shs,44
bd_shs,49
bd_shs,51
bd_shs,87
bd_shs,61
bd_shs,25
bd_shs,26
bd_shs,31
bd_shs,24
bd_shs,19
bd_shs,13
bd_shs,7
bd_shs,9
bd_shs,11
bd_shs,14
bd_shs,7
bd_shs,12
bd_shs,10
bd_shs,6
bd_shs,19
bd_shs,7
bd_shs,23
bd_shs,15
bd_shs,18
bd_shs,9
bd_shs,13
bd_shs,56
bd_shs,10
bd_shs,507
bd_shs,25
bd_shs,37
bd_shs,13
bd_shs,186
bd_shs,128
bd_shs,430
bd_shs,105
bd_shs,70
bd_shs,226
bd_shs,75
bd_shs,48
bd_shs,17
bd_shs,34
bd_shs,323
bd_shs,80
bd_shs,47
bd_shs,109
bd_shs,13
bd_shs,13
bd_shs,16
bd_shs,18
bd_shs,101
bd_shs,32
bd_shs,70
bd_shs,231
bd_shs,11
bd_shs,44
bd_shs,10
bd_shs,25
bd_shs,25
bd_shs,1408
bd_shs,43
bd_shs,40
bd_shs,14
bd_shs,34
bd_shs,5
bd_shs,37
bd_shs,27
bd_shs,56
bd_shs,24
bd_shs,38
bd_shs,40
bd_shs,47
bd_shs,100
bd_shs,53
bd_shs,23
bd_shs,27
bd_shs,21
bd_shs,42
bd_shs,43
bd_shs,55
bd_shs,38
bd_shs,52
bd_shs,21
bd_shs,17
bd_shs,8
bd_shs,67
bd_shs,20
bd_shs,11
bd_shs,6
bd_shs,15
bd_shs,4
bd_shs,13
bd_shs,10
bd_shs,17
bd_shs,14
bd_shs,32
bd_shs,41
bd_shs,137
bd_shs,54
bd_shs,16
bd_shs,38
bd_shs,18
bd_shs,11
bd_shs,45
bd_shs,14
bd_shs,15
bd_shs,83
bd_shs,15
bd_shs,23
bd_shs,13
bd_shs,35
bd_shs,20
bd_shs,21
bd_shs,38
bd_shs,9
bd_shs,73
bd_shs,12
bd_shs,225
bd_shs,10
bd_shs,99
bd_shs,45
bd_shs,72
bd_shs,78
bd_shs,33
bd_shs,24
bd_shs,60
bd_shs,20
bd_shs,74
bd_shs,45
bd_shs,108
bd_shs,245
bd_shs,24
bd_shs,17
bd_shs,81
bd_shs,8
bd_shs,12
bd_shs,10
bd_shs,31
bd_shs,23
bd_shs,40
bd_shs,29
bd_shs,6
bd_shs,14
bd_shs,6
bd_shs,69
bd_shs,6
bd_shs,59
bd_shs,30
bd_shs,38
bd_shs,22
bd_shs,23
bd_shs,54
bd_shs,46
bd_shs,46
bd_shs,53
bd_shs,31
bd_shs,17
bd_shs,126
bd_shs,102
bd_shs,22
bd_shs,15
bd_shs,65
bd_shs,22
bd_shs,12
bd_shs,74
bd_shs,97
bd_shs,54
bd_shs,73
bd_shs,29
bd_shs,82
bd_shs,5
bd_shs,19
bd_shs,11
bd_shs,10
bd_shs,104
bd_shs,33
bd_shs,44
bd_shs,20
bd_shs,3
bd_shs,30
bd_shs,6
bd_shs,26
bd_shs,37
bd_shs,35
bd_shs,54
bd_shs,15
bd_shs,6
bd_shs,32
bd_shs,53
bd_shs,28
bd_shs,216
bd_shs,53
bd_shs,46
bd_shs,5
bd_shs,28
bd_shs,34
bd_shs,10
bd_shs,19
bd_shs,87
bd_shs,101
bd_shs,31
bd_shs,24
bd_shs,43
bd_shs,113
bd_shs,25
bd_shs,45
bd_shs,11
bd_shs,21
bd_shs,12
bd_shs,25
bd_shs,16
bd_shs,33
bd_shs,24
bd_shs,94
bd_shs,44
bd_shs,68
bd_shs,8
bd_shs,15
bd_shs,17
bd_shs,38
bd_shs,25
bd_shs,16
bd_shs,28
bd_shs,25
bd_shs,71
bd_shs,24
bd_shs,31
bd_shs,28
bd_shs,30
bd_shs,25
bd_shs,19
bd_shs,49
bd_shs,161
bd_shs,17
bd_shs,11
bd_shs,6
bd_shs,30
bd_shs,25
bd_shs,23
bd_shs,6
bd_shs,8
bd_shs,49
bd_shs,24
bd_shs,25
bd_shs,17
bd_shs,23
bd_shs,17
bd_shs,133
bd_shs,158
bd_shs,330
bd_shs,16
bd_shs,60
bd_shs,7
bd_shs,25
bd_shs,14
bd_shs,16
bd_shs,10
bd_shs,16
bd_shs,47
bd_shs,3
bd_shs,23
bd_shs,78
bd_shs,22
bd_shs,98
bd_shs,17
bd_shs,21
bd_shs,6
bd_shs,29
bd_shs,19
bd_shs,6
bd_shs,828
bd_shs,2
bd_shs,13
bd_shs,5
bd_shs,17
bd_shs,13
bd_shs,12
bd_shs,19
bd_shs,90
bd_shs,35
bd_shs,28
bd_shs,89
bd_shs,28
bd_shs,12
bd_shs,41
bd_shs,11
bd_shs,38
bd_shs,50
bd_shs,15
bd_shs,16
bd_shs,10
bd_shs,29
bd_shs,14
bd_shs,18
bd_shs,5
bd_shs,25
bd_shs,41
bd_shs,21
bd_shs,11
bd_shs,15
bd_shs,138
bd_shs,10
bd_shs,102
bd_shs,10
bd_shs,7
bd_shs,11
bd_shs,43
bd_shs,24
bd_shs,36
bd_shs,78
bd_shs,52
bd_shs,46
bd_shs,7
bd_shs,22
bd_shs,22
bd_shs,29
bd_shs,13
bd_shs,22
bd_shs,23
bd_shs,20
bd_shs,12
bd_shs,63
bd_shs,41
bd_shs,48
bd_shs,94
bd_shs,8
bd_shs,21
bd_shs,18
bd_shs,11
bd_shs,95
bd_shs,103
bd_shs,8
bd_shs,68
bd_shs,17
bd_shs,13
bd_shs,21
bd_shs,2
bd_shs,19
bd_shs,7
bd_shs,166
bd_shs,34
bd_shs,21
bd_shs,19
bd_shs,85
bd_shs,18
bd_shs,150
bd_shs,3
bd_shs,11
bd_shs,65
bd_shs,43
bd_shs,31
bd_shs,20
bd_shs,55
bd_shs,5
bd_shs,67
bd_shs,12
bd_shs,21
bd_shs,220
bd_shs,41
bd_shs,40
bd_shs,13
bd_shs,53
bd_shs,19
bd_shs,28
bd_shs,23
bd_shs,9
bd_shs,42
bd_shs,53
bd_shs,34
bd_shs,28
bd_shs,43
bd_shs,19
bd_shs,37
bd_shs,23
bd_shs,21
bd_shs,28
bd_shs,59
bd_shs,65
bd_shs,14
bd_shs,18
bd_shs,18
bd_shs,30
bd_shs,30
bd_shs,62
bd_shs,11
bd_shs,2
bd_shs,3
bd_shs,45
bd_shs,38
bd_shs,8
bd_shs,46
bd_shs,207
bd_shs,2
bd_shs,8
bd_shs,23
bd_shs,13
bd_shs,10
bd_shs,104
bd_shs,118
bd_shs,8
bd_shs,15
bd_shs,42
bd_shs,15
bd_shs,6
bd_shs,13
bd_shs,15
bd_shs,54
bd_shs,24
bd_shs,19
bd_shs,53
bd_shs,130
bd_shs,243
bd_shs,123
bd_shs,33
bd_shs,10
bd_shs,49
bd_shs,86
bd_shs,4
bd_shs,46
bd_shs,26
bd_shs,24
bd_shs,65
bd_shs,19
bd_shs,53
bd_shs,47
bd_shs,678
bd_shs,18
bd_shs,137
bd_shs,3
bd_shs,68
bd_shs,33
bd_shs,35
bd_shs,20
bd_shs,70
bd_shs,33
bd_shs,17
bd_shs,32
bd_shs,30
bd_shs,16
bd_shs,37
bd_shs,4
bd_shs,6
bd_shs,14
bd_shs,34
bd_shs,11
bd_shs,13
bd_shs,67
bd_shs,83
bd_shs,105
bd_shs,7
bd_shs,37
bd_shs,24
bd_shs,50
bd_shs,35
bd_shs,29
bd_shs,18
bd_shs,65
bd_shs,106
bd_shs,40
bd_shs,64
bd_shs,28
bd_shs,14
bd_shs,29
bd_shs,20
bd_shs,12
bd_shs,15
bd_shs,31
bd_shs,127
bd_shs,3
bd_shs,23
bd_shs,6
bd_shs,192
bd_shs,20
bd_shs,7
bd_shs,49
bd_shs,5
bd_shs,27
bd_shs,26
bd_shs,10
bd_shs,69
bd_shs,96
bd_shs,10
bd_shs,15
bd_shs,12
bd_shs,265
bd_shs,14
bd_shs,22
bd_shs,90
bd_shs,47
bd_shs,58
bd_shs,75
bd_shs,79
bd_shs,29
bd_shs,103
bd_shs,36
bd_shs,14
bd_shs,34
bd_shs,80
bd_shs,57
bd_shs,24
bd_shs,21
bd_shs,15
bd_shs,20
bd_shs,54
bd_shs,40
bd_shs,61
bd_shs,34
bd_shs,8
bd_shs,14
bd_shs,25
bd_shs,138
bd_shs,78
bd_shs,58
bd_shs,22
bd_shs,20
bd_shs,56
bd_shs,14
bd_shs,30
bd_shs,15
bd_shs,14
bd_shs,23
bd_shs,11
bd_shs,9
bd_shs,55
bd_shs,27
bd_shs,55
bd_shs,61
bd_shs,9
bd_shs,13
bd_shs,53
bd_shs,13
bd_shs,46
bd_shs,18
bd_shs,7
bd_shs,37
bd_shs,30
bd_shs,15
bd_shs,25
bd_shs,211
bd_shs,5
bd_shs,29
bd_shs,17
bd_shs,8
bd_shs,91
bd_shs,174
bd_shs,43
bd_shs,13
bd_shs,12
bd_shs,8
bd_shs,8
bd_shs,21
bd_shs,27
bd_shs,41
bd_shs,6
bd_shs,48
bd_shs,18
bd_shs,35
bd_shs,367
bd_shs,7
bd_shs,61
bd_shs,17
bd_shs,10
bd_shs,19
bd_shs,15
bd_shs,59
bd_shs,14
bd_shs,49
bd_shs,15
bd_shs,16
bd_shs,13
bd_shs,21
bd_shs,43
bd_shs,31
bd_shs,20
bd_shs,14
bd_shs,17
bd_shs,10
bd_shs,35
bd_shs,34
bd_shs,33
bd_shs,83
bd_shs,86
bd_shs,24
bd_shs,33
bd_shs,37
bd_shs,18
bd_shs,6
bd_shs,8
bd_shs,6
bd_shs,39
bd_shs,58
bd_shs,42
bd_shs,93
bd_shs,17
bd_shs,84
bd_shs,16
bd_shs,71
bd_shs,26
bd_shs,110
bd_shs,70
bd_shs,98
bd_shs,18
bd_shs,18
bd_shs,269
bd_shs,14
bd_shs,24
bd_shs,20
bd_shs,18
bd_shs,20
bd_shs,35
bd_shs,56
bd_shs,51
bd_shs,64
bd_shs,53
bd_shs,17
bd_shs,21
bd_shs,30
bd_shs,29
bd_shs,20
bd_shs,16
bd_shs,13
bd_shs,12
bd_shs,8
bd_shs,31
bd_shs,24
bd_shs,12
bd_shs,9
bd_shs,9
bd_shs,18
bd_shs,66
bd_shs,26
bd_shs,52
bd_shs,16
bd_shs,18
bd_shs,58
bd_shs,16
bd_shs,21
bd_shs,31
bd_shs,34
bd_shs,11
bd_shs,34
bd_shs,28
bd_shs,13
bd_shs,20
bd_shs,13
bd_shs,26
bd_shs,28
bd_shs,19
bd_shs,40
bd_shs,16
bd_shs,44
bd_shs,22
bd_shs,98
bd_shs,47
bd_shs,56
bd_shs,65
bd_shs,52
bd_shs,43
bd_shs,20
bd_shs,30
bd_shs,71
bd_shs,175
bd_shs,13
bd_shs,17
bd_shs,26
bd_shs,27
bd_shs,42
bd_shs,39
bd_shs,33
bd_shs,43
bd_shs,23
bd_shs,27
bd_shs,33
bd_shs,10
bd_shs,37
bd_shs,11
bd_shs,27
bd_shs,10
bd_shs,16
bd_shs,19
bd_shs,13
bd_shs,34
bd_shs,36
bd_shs,19
bd_shs,18
bd_shs,25
bd_shs,84
bd_shs,56
bd_shs,25
bd_shs,35
bd_shs,22
bd_shs,22
bd_shs,76
bd_shs,8
bd_shs,14
bd_shs,18
bd_shs,29
bd_shs,13
bd_shs,14
bd_shs,5
bd_shs,24
bd_shs,16
bd_shs,63
bd_shs,59
bd_shs,13
bd_shs,14
bd_shs,39
bd_shs,95
bd_shs,9
bd_shs,46
bd_shs,5
bd_shs,33
bd_shs,78
bd_shs,41
bd_shs,24
bd_shs,44
bd_shs,36
bd_shs,34
bd_shs,60
bd_shs,62
bd_shs,45
bd_shs,29
bd_shs,92
bd_shs,22
bd_shs,24
bd_shs,4
bd_shs,4
bd_shs,218
bd_shs,72
bd_shs,71
bd_shs,10
bd_shs,11
bd_shs,11
bd_shs,116
bd_shs,58
bd_shs,23
bd_shs,13
bd_shs,18
bd_shs,66
bd_shs,30
bd_shs,42
bd_shs,16
bd_shs,16
bd_shs,47
bd_shs,81
bd_shs,46
bd_shs,42
bd_shs,22
bd_shs,23
bd_shs,26
bd_shs,41
bd_shs,26
bd_shs,13
bd_shs,10
bd_shs,12
bd_shs,15
bd_shs,79
bd_shs,16
bd_shs,15
bd_shs,11
bd_shs,20
bd_shs,14
bd_shs,20
bd_shs,12
bd_shs,66
bd_shs,9
bd_shs,18
bd_shs,12
bd_shs,12
bd_shs,16
bd_shs,24
bd_shs,26
bd_shs,12
bd_shs,25
bd_shs,20
bd_shs,6
bd_shs,671
bd_shs,26
bd_shs,24
bd_shs,29
bd_shs,54
bd_shs,18
bd_shs,35
bd_shs,75
bd_shs,57
bd_shs,43
bd_shs,42
bd_shs,61
bd_shs,17
bd_shs,134
bd_shs,42
bd_shs,19
bd_shs,87
bd_shs,23
bd_shs,24
bd_shs,33
bd_shs,21
bd_shs,82
bd_shs,24
bd_shs,53
bd_shs,23
bd_shs,27
bd_shs,93
bd_shs,13
bd_shs,77
bd_shs,57
bd_shs,18
bd_shs,21
bd_shs,19
bd_shs,33
bd_shs,68
bd_shs,24
bd_shs,18
bd_shs,12
bd_shs,14
bd_shs,147
bd_shs,84
bd_shs,34
bd_shs,14
bd_shs,16
bd_shs,11
bd_shs,42
bd_shs,8
bd_shs,73
bd_shs,30
bd_shs,22
bd_shs,103
bd_shs,41
bd_shs,23
bd_shs,65
bd_shs,43
bd_shs,26
bd_shs,23
bd_shs,47
bd_shs,11
bd_shs,46
bd_shs,52
bd_shs,17
bd_shs,71
bd_shs,136
bd_shs,61
bd_shs,46
bd_shs,86
bd_shs,53
bd_shs,16
bd_shs,18
bd_shs,14
bd_shs,23
bd_shs,25
bd_shs,11
bd_shs,35
bd_shs,11
bd_shs,14
bd_shs,13
bd_shs,6
bd_shs,32
bd_shs,11
bd_shs,13
bd_shs,21
bd_shs,43
bd_shs,24
bd_shs,16
bd_shs,34
bd_shs,34
bd_shs,14
bd_shs,92
bd_shs,17
bd_shs,50
bd_shs,43
bd_shs,35
bd_shs,15
bd_shs,25
bd_shs,6
bd_shs,27
bd_shs,8
bd_shs,34
bd_shs,15
bd_shs,29
bd_shs,174
bd_shs,24
bd_shs,16
bd_shs,20
bd_shs,27
bd_shs,56
bd_shs,21
bd_shs,28
bd_shs,38
bd_shs,10
bd_shs,24
bd_shs,19
bd_shs,42
bd_shs,15
bd_shs,13
bd_shs,12
bd_shs,30
bd_shs,27
bd_shs,24
bd_shs,11
bd_shs,30
bd_shs,10
bd_shs,31
bd_shs,26
bd_shs,19
bd_shs,13
bd_shs,20
bd_shs,12
bd_shs,25
bd_shs,12
bd_shs,7
bd_shs,62
bd_shs,10
bd_shs,38
bd_shs,39
bd_shs,57
bd_shs,11
bd_shs,224
bd_shs,50
bd_shs,40
bd_shs,35
bd_shs,21
bd_shs,22
bd_shs,83
bd_shs,67
bd_shs,13
bd_shs,61
bd_shs,46
bd_shs,145
bd_shs,20
bd_shs,84
bd_shs,52
bd_shs,19
bd_shs,26
bd_shs,22
bd_shs,52
bd_shs,141
bd_shs,30
bd_shs,152
bd_shs,58
bd_shs,16
bd_shs,58
bd_shs,26
bd_shs,16
bd_shs,9
bd_shs,31
bd_shs,10
bd_shs,9
bd_shs,26
bd_shs,12
bd_shs,131
bd_shs,11
bd_shs,17
bd_shs,10
bd_shs,32
bd_shs,62
bd_shs,14
bd_shs,11
bd_shs,175
bd_shs,13
bd_shs,72
bd_shs,42
bd_shs,103
bd_shs,19
bd_shs,27
bd_shs,27
bd_shs,11
bd_shs,9
bd_shs,32
bd_shs,9
bd_shs,10
bd_shs,12
bd_shs,10
bd_shs,15
bd_shs,19
bd_shs,34
bd_shs,20
bd_shs,32
bd_shs,8
bd_shs,22
bd_shs,17
bd_shs,19
bd_shs,83
bd_shs,9
bd_shs,10
bd_shs,30
bd_shs,46
bd_shs,10
bd_shs,38
bd_shs,9
bd_shs,28
bd_shs,10
bd_shs,35
bd_shs,36
bd_shs,19
bd_shs,39
bd_shs,57
bd_shs,107
bd_shs,17
bd_shs,15
bd_shs,6
bd_shs,6
bd_shs,42
bd_shs,22
bd_shs,8
bd_shs,6
bd_shs,12
bd_shs,37
bd_shs,16
bd_shs,28
bd_shs,28
bd_shs,10
bd_shs,32
bd_shs,28
bd_shs,14
bd_shs,17
bd_shs,83
bd_shs,13
bd_shs,14
bd_shs,6
bd_shs,33
bd_shs,14
bd_shs,59
bd_shs,39
bd_shs,50
bd_shs,65
bd_shs,8
bd_shs,106
bd_shs,14
bd_shs,14
bd_shs,50
bd_shs,13
bd_shs,7
bd_shs,15
bd_shs,133
bd_shs,57
bd_shs,17
bd_shs,14
bd_shs,7
bd_shs,19
bd_shs,19
bd_shs,6
bd_shs,8
bd_shs,46
bd_shs,6
bd_shs,29
bd_shs,7
bd_shs,37
bd_shs,14
bd_shs,18
bd_shs,11
bd_shs,20
bd_shs,44
bd_shs,5
bd_shs,98
bd_shs,24
bd_shs,28
bd_shs,15
bd_shs,22
bd_shs,10
bd_shs,36
bd_shs,20
bd_shs,33
bd_shs,15
bd_shs,140
bd_shs,31
bd_shs,13
bd_shs,38
bd_shs,33
bd_shs,24
bd_shs,192
bd_shs,38
bd_shs,54
bd_shs,35
bd_shs,9
bd_shs,41
bd_shs,18
bd_shs,11
bd_shs,19
bd_shs,36
bd_shs,8
bd_shs,23
bd_shs,22
bd_shs,8
bd_shs,25
bd_shs,10
bd_shs,11
bd_shs,12
bd_shs,16
bd_shs,10
bd_shs,15
bd_shs,21
bd_shs,13
bd_shs,28
bd_shs,21
bd_shs,18
bd_shs,14
bd_shs,2
bd_shs,11
bd_shs,10
bd_shs,26
bd_shs,41
bd_shs,19
bd_shs,81
bd_shs,9
bd_shs,19
bd_shs,26
bd_shs,28
bd_shs,10
bd_shs,57
bd_shs,12
bd_shs,12
bd_shs,17
bd_shs,17
bd_shs,52
bd_shs,21
bd_shs,44
bd_shs,38
bd_shs,94
bd_shs,19
bd_shs,15
bd_shs,13
bd_shs,43
bd_shs,15
bd_shs,23
bd_shs,51
bd_shs,13
bd_shs,45
bd_shs,21
bd_shs,27
bd_shs,15
bd_shs,12
bd_shs,12
bd_shs,9
bd_shs,18
bd_shs,10
bd_shs,16
bd_shs,15
bd_shs,16
bd_shs,10
bd_shs,17
bd_shs,11
bd_shs,44
bd_shs,17
bd_shs,9
bd_shs,58
bd_shs,47
bd_shs,34
bd_shs,12
bd_shs,12
bd_shs,22
bd_shs,10
bd_shs,9
bd_shs,9
bd_shs,12
bd_shs,31
bd_shs,9
bd_shs,22
bd_shs,42
bd_shs,29
bd_shs,158
bd_shs,50
bd_shs,128
bd_shs,196
bd_shs,75
bd_shs,230
bd_shs,28
bd_shs,52
bd_shs,19
bd_shs,22
bd_shs,25
bd_shs,27
bd_shs,34
bd_shs,28
bd_shs,13
bd_shs,5
bd_shs,22
bd_shs,17
bd_shs,12
bd_shs,12
bd_shs,102
bd_shs,62
bd_shs,11
bd_shs,17
bd_shs,29
bd_shs,12
bd_shs,27
bd_shs,21
bd_shs,57
bd_shs,49
bd_shs,42
bd_shs,10
bd_shs,19
bd_shs,8
bd_shs,6
bd_shs,10
bd_shs,40
bd_shs,11
bd_shs,32
bd_shs,52
bd_shs,5
bd_shs,26
bd_shs,18
bd_shs,48
bd_shs,18
bd_shs,8
bd_shs,39
bd_shs,15
bd_shs,11
bd_shs,20
bd_shs,18
bd_shs,27
bd_shs,37
bd_shs,6
bd_shs,11
bd_shs,25
bd_shs,20
bd_shs,54
bd_shs,74
bd_shs,11
bd_shs,27
bd_shs,33
bd_shs,8
bd_shs,71
bd_shs,37
bd_shs,10
bd_shs,31
bd_shs,203
bd_shs,10
bd_shs,77
bd_shs,25
bd_shs,41
bd_shs,15
bd_shs,11
bd_shs,14
bd_shs,13
bd_shs,12
bd_shs,6
bd_shs,26
bd_shs,18
bd_shs,72
bd_shs,17
bd_shs,40
bd_shs,9
bd_shs,43
bd_shs,11
bd_shs,39
bd_shs,1
bd_shs,32
bd_shs,18
bd_shs,160
bd_shs,119
bd_shs,35
bd_shs,29
bd_shs,15
bd_shs,86
bd_shs,35
bd_shs,43
bd_shs,26
bd_shs,7
bd_shs,31
bd_shs,81
bd_shs,19
bd_shs,16
bd_shs,16
bd_shs,10
bd_shs,11
bd_shs,35
bd_shs,25
bd_shs,18
bd_shs,66
bd_shs,19
bd_shs,20
bd_shs,18
bd_shs,30
bd_shs,47
bd_shs,149
bd_shs,54
bd_shs,54
bd_shs,33
bd_shs,13
bd_shs,31
bd_shs,26
bd_shs,37
bd_shs,18
bd_shs,36
bd_shs,13
bd_shs,32
bd_shs,16
bd_shs,25
bd_shs,29
bd_shs,60
bd_shs,52
bd_shs,29
bd_shs,16
bd_shs,13
bd_shs,56
bd_shs,87
bd_shs,60
bd_shs,27
bd_shs,148
bd_shs,83
bd_shs,11
bd_shs,16
bd_shs,44
bd_shs,33
bd_shs,30
bd_shs,90
bd_shs,18
bd_shs,47
bd_shs,37
bd_shs,47
bd_shs,58
bd_shs,28
bd_shs,60
bd_shs,9
bd_shs,22
bd_shs,39
bd_shs,73
bd_shs,13
bd_shs,6
bd_shs,70
bd_shs,78
bd_shs,46
bd_shs,14
bd_shs,38
bd_shs,15
bd_shs,9
bd_shs,20
bd_shs,10
bd_shs,6
bd_shs,6
bd_shs,94
bd_shs,18
bd_shs,47
bd_shs,19
bd_shs,13
bd_shs,24
bd_shs,13
bd_shs,5
bd_shs,7
bd_shs,22
bd_shs,12
bd_shs,10
bd_shs,20
bd_shs,22
bd_shs,15
bd_shs,72
bd_shs,22
bd_shs,24
bd_shs,15
bd_shs,31
bd_shs,25
bd_shs,90
bd_shs,161
bd_shs,22
bd_shs,29
bd_shs,17
bd_shs,26
bd_shs,19
bd_shs,21
bd_shs,74
bd_shs,26
bd_shs,12
bd_shs,6
bd_shs,61
bd_shs,7
bd_shs,79
bd_shs,24
bd_shs,14
bd_shs,13
bd_shs,25
bd_shs,14
bd_shs,46
bd_shs,14
bd_shs,13
bd_shs,9
bd_shs,37
bd_shs,6
bd_shs,9
bd_shs,34
bd_shs,119
bd_shs,19
bd_shs,23
bd_shs,61
bd_shs,19
bd_shs,33
bd_shs,24
bd_shs,72
bd_shs,13
bd_shs,9
bd_shs,19
bd_shs,27
bd_shs,10
bd_shs,15
bd_shs,23
bd_shs,52
bd_shs,20
bd_shs,32
bd_shs,8
bd_shs,10
bd_shs,31
bd_shs,6
bd_shs,17
bd_shs,10
bd_shs,50
bd_shs,7
bd_shs,17
bd_shs,11
bd_shs,18
bd_shs,12
bd_shs,13
bd_shs,10
bd_shs,17
bd_shs,14
bd_shs,24
bd_shs,13
bd_shs,17
bd_shs,29
bd_shs,15
bd_shs,12
bd_shs,17
bd_shs,6
bd_shs,47
bd_shs,51
bd_shs,33
bd_shs,16
bd_shs,15
bd_shs,21
bd_shs,25
bd_shs,72
bd_shs,57
bd_shs,43
bd_shs,22
bd_shs,25
bd_shs,10
bd_shs,32
bd_shs,65
bd_shs,146
bd_shs,116
bd_shs,140
bd_shs,21
bd_shs,27
bd_shs,25
bd_shs,42
bd_shs,44
bd_shs,42
bd_shs,20
bd_shs,23
bd_shs,17
bd_shs,13
bd_shs,16
bd_shs,23
bd_shs,28
bd_shs,16
bd_shs,49
bd_shs,22
bd_shs,6
bd_shs,10
bd_shs,7
bd_shs,12
bd_shs,72
bd_shs,32
bd_shs,12
bd_shs,11
bd_shs,9
bd_shs,50
bd_shs,13
bd_shs,10
bd_shs,45
bd_shs,37
bd_shs,126
bd_shs,17
bd_shs,26
bd_shs,19
bd_shs,15
bd_shs,8
bd_shs,12
bd_shs,12
bd_shs,19
bd_shs,19
bd_shs,53
bd_shs,11
bd_shs,17
bd_shs,17
bd_shs,53
bd_shs,8
bd_shs,21
bd_shs,140
bd_shs,50
bd_shs,14
bd_shs,20
bd_shs,14
bd_shs,14
bd_shs,33
bd_shs,44
bd_shs,18
bd_shs,19
bd_shs,32
bd_shs,39
bd_shs,21
bd_shs,14
bd_shs,19
bd_shs,59
bd_shs,18
bd_shs,45
bd_shs,19
bd_shs,15
bd_shs,43
bd_shs,15
bd_shs,21
bd_shs,29
bd_shs,9
bd_shs,10
bd_shs,19
bd_shs,30
bd_shs,169
bd_shs,200
bd_shs,39
bd_shs,56
bd_shs,10
bd_shs,8
bd_shs,35
bd_shs,9
bd_shs,12
bd_shs,25
bd_shs,18
bd_shs,28
bd_shs,15
bd_shs,51
bd_shs,52
bd_shs,12
bd_shs,14
bd_shs,18
bd_shs,35
bd_shs,44
bd_shs,47
bd_shs,44
bd_shs,50
bd_shs,33
bd_shs,24
bd_shs,32
bd_shs,95
bd_shs,31
bd_shs,60
bd_shs,41
bd_shs,64
bd_shs,17
bd_shs,19
bd_shs,9
bd_shs,18
bd_shs,5
bd_shs,5
bd_shs,21
bd_shs,14
bd_shs,19
bd_shs,15
bd_shs,13
bd_shs,24
bd_shs,29
bd_shs,21
bd_shs,35
bd_shs,24
bd_shs,14
bd_shs,28
bd_shs,23
bd_shs,61
bd_shs,46
bd_shs,38
bd_shs,69
bd_shs,31
bd_shs,16
bd_shs,12
bd_shs,29
bd_shs,22
bd_shs,17
bd_shs,9
bd_shs,12
bd_shs,16
bd_shs,19
bd_shs,16
bd_shs,28
bd_shs,132
bd_shs,17
bd_shs,36
bd_shs,59
bd_shs,14
bd_shs,12
bd_shs,43
bd_shs,33
bd_shs,33
bd_shs,21
bd_shs,5
bd_shs,35
bd_shs,32
bd_shs,7
bd_shs,13
bd_shs,13
bd_shs,18
bd_shs,16
bd_shs,57
bd_shs,30
bd_shs,10
bd_shs,28
bd_shs,8
bd_shs,18
bd_shs,15
bd_shs,37
bd_shs,32
bd_shs,23
bd_shs,31
bd_shs,45
bd_shs,52
bd_shs,12
bd_shs,50
bd_shs,174
bd_shs,43
bd_shs,15
bd_shs,4
bd_shs,19
bd_shs,7
bd_shs,3
bd_shs,35
bd_shs,10
bd_shs,24
bd_shs,9
bd_shs,41
bd_shs,23
bd_shs,37
bd_shs,57
bd_shs,22
bd_shs,27
bd_shs,9
bd_shs,16
bd_shs,24
bd_shs,17
bd_shs,25
bd_shs,37
bd_shs,29
bd_shs,14
bd_shs,70
bd_shs,8
bd_shs,12
bd_shs,12
bd_shs,41
bd_shs,14
bd_shs,1
bd_shs,5
bd_shs,21
bd_shs,52
bd_shs,382
bd_shs,12
bd_shs,7
bd_shs,7
bd_shs,57
bd_shs,70
bd_shs,47
bd_shs,27
bd_shs,39
bd_shs,24
bd_shs,49
bd_shs,14
bd_shs,31
bd_shs,22
bd_shs,18
bd_shs,32
bd_shs,22
bd_shs,28
bd_shs,152
bd_shs,28
bd_shs,51
bd_shs,4
bd_shs,24
bd_shs,20
bd_shs,50
bd_shs,21
bd_shs,14
bd_shs,24
bd_shs,76
bd_shs,144
bd_shs,119
bd_shs,7
bd_shs,27
bd_shs,67
bd_shs,122
bd_shs,56
bd_shs,92
bd_shs,10
bd_shs,48
bd_shs,57
bd_shs,101
bd_shs,17
bd_shs,32
bd_shs,17
bd_shs,6
bd_shs,3
bd_shs,17
bd_shs,37
bd_shs,19
bd_shs,129
bd_shs,24
bd_shs,27
bd_shs,42
bd_shs,176
bd_shs,142
bd_shs,41
bd_shs,25
bd_shs,77
bd_shs,117
bd_shs,34
bd_shs,14
bd_shs,20
bd_shs,25
bd_shs,54
bd_shs,44
bd_shs,163
bd_shs,41
bd_shs,17
bd_shs,19
bd_shs,28
bd_shs,70
bd_shs,23
bd_shs,83
bd_shs,53
bd_shs,22
bd_shs,2
bd_shs,33
bd_shs,22
bd_shs,108
bd_shs,36
bd_shs,15
bd_shs,3
bd_shs,6
bd_shs,17
bd_shs,70
bd_shs,14
bd_shs,11
bd_shs,7
bd_shs,7
bd_shs,7
bd_shs,7
bd_shs,33
bd_shs,9
bd_shs,3
bd_shs,33
bd_shs,12
bd_shs,20
bd_shs,32
bd_shs,6
bd_shs,41
bd_shs,15
bd_shs,7
bd_shs,7
bd_shs,9
bd_shs,6
bd_shs,13
bd_shs,7
bd_shs,14
bd_shs,7
bd_shs,24
bd_shs,3
bd_shs,23
bd_shs,6
bd_shs,9
bd_shs,7
bd_shs,7
bd_shs,6
bd_shs,66
bd_shs,12
bd_shs,180
bd_shs,14
bd_shs,22
bd_shs,19
bd_shs,23
bd_shs,24
bd_shs,60
bd_shs,4
bd_shs,8
bd_shs,7
bd_shs,92
bd_shs,27
bd_shs,67
bd_shs,9
bd_shs,10
bd_shs,44
bd_shs,46
bd_shs,69
bd_shs,35
bd_shs,287
bd_shs,107
bd_shs,34
bd_shs,58
bd_shs,52
bd_shs,104
bd_shs,11
bd_shs,24
bd_shs,5
bd_shs,38
bd_shs,18
bd_shs,113
bd_shs,91
bd_shs,25
bd_shs,148
bd_shs,9
bd_shs,17
bd_shs,67
bd_shs,29
bd_shs,10
bd_shs,242
bd_shs,18
bd_shs,48
bd_shs,28
bd_shs,15
bd_shs,62
bd_shs,57
bd_shs,13
bd_shs,100
bd_shs,14
bd_shs,255
bd_shs,106
bd_shs,26
bd_shs,9
bd_shs,48
bd_shs,55
bd_shs,49
bd_shs,14
bd_shs,24
bd_shs,11
bd_shs,73
bd_shs,611
bd_shs,41
bd_shs,78
bd_shs,247
bd_shs,32
bd_shs,23
bd_shs,115
bd_shs,6
bd_shs,28
bd_shs,40
bd_shs,34
bd_shs,215
bd_shs,13
bd_shs,18
bd_shs,61
bd_shs,25
bd_shs,18
bd_shs,37
bd_shs,22
bd_shs,17
bd_shs,7
bd_shs,39
bd_shs,36
bd_shs,18
bd_shs,82
bd_shs,31
bd_shs,15
bd_shs,6
bd_shs,92
bd_shs,90
bd_shs,42
bd_shs,77
bd_shs,180
bd_shs,42
bd_shs,64
bd_shs,69
bd_shs,10
bd_shs,62
bd_shs,35
bd_shs,18
bd_shs,7
bd_shs,21
bd_shs,23
bd_shs,41
bd_shs,14
bd_shs,38
bd_shs,6
bd_shs,68
bd_shs,8
bd_shs,12
bd_shs,36
bd_shs,11
bd_shs,18
bd_shs,18
bd_shs,8
bd_shs,10
bd_shs,3
bd_shs,15
bd_shs,65
bd_shs,6
bd_shs,10
bd_shs,2
bd_shs,20
bd_shs,83
bd_shs,18
bd_shs,14
bd_shs,21
bd_shs,11
bd_shs,29
bd_shs,14
bd_shs,19
bd_shs,18
bd_shs,11
bd_shs,9
bd_shs,13
bd_shs,19
bd_shs,9
bd_shs,79
bd_shs,17
bd_shs,7
bd_shs,66
bd_shs,83
bd_shs,8
bd_shs,6
bd_shs,29
bd_shs,23
bd_shs,15
bd_shs,14
bd_shs,19
bd_shs,16
bd_shs,30
bd_shs,8
bd_shs,11
bd_shs,133
bd_shs,18
bd_shs,60
bd_shs,10
bd_shs,24
bd_shs,6
bd_shs,35
bd_shs,23
bd_shs,42
bd_shs,49
bd_shs,58
bd_shs,135
bd_shs,41
bd_shs,98
bd_shs,107
bd_shs,165
bd_shs,202
bd_shs,18
bd_shs,38
bd_shs,20
bd_shs,30
bd_shs,17
bd_shs,56
bd_shs,19
bd_shs,27
bd_shs,16
bd_shs,22
bd_shs,30
bd_shs,25
bd_shs,4
bd_shs,9
bd_shs,6
bd_shs,4
bd_shs,17
bd_shs,25
bd_shs,4
bd_shs,20
bd_shs,4
bd_shs,19
bd_shs,30
bd_shs,160
bd_shs,42
bd_shs,15
bd_shs,32
bd_shs,8
bd_shs,59
bd_shs,18
bd_shs,20
bd_shs,63
bd_shs,17
bd_shs,14
bd_shs,8
bd_shs,70
bd_shs,95
bd_shs,13
bd_shs,13
bd_shs,13
bd_shs,12
bd_shs,126
bd_shs,54
bd_shs,32
bd_shs,5
bd_shs,43
bd_shs,16
bd_shs,24
bd_shs,52
bd_shs,20
bd_shs,123
bd_shs,21
bd_shs,19
bd_shs,18
bd_shs,22
bd_shs,6
bd_shs,44
bd_shs,18
bd_shs,18
bd_shs,24
bd_shs,34
bd_shs,25
bd_shs,85
bd_shs,38
bd_shs,22
bd_shs,174
bd_shs,23
bd_shs,36
bd_shs,114
bd_shs,108
bd_shs,92
bd_shs,130
bd_shs,28
bd_shs,43
bd_shs,23
bd_shs,36
bd_shs,16
bd_shs,37
bd_shs,5
bd_shs,36
bd_shs,47
bd_shs,16
bd_shs,17
bd_shs,18
bd_shs,22
bd_shs,46
bd_shs,64
bd_shs,27
bd_shs,3
bd_shs,3
bd_shs,32
bd_shs,16
bd_shs,49
bd_shs,41
bd_shs,74
bd_shs,27
bd_shs,40
bd_shs,16
bd_shs,139
bd_shs,61
bd_shs,45
bd_shs,22
bd_shs,20
bd_shs,12
bd_shs,238
bd_shs,446
bd_shs,151
bd_shs,36
bd_shs,31
bd_shs,13
bd_shs,14
bd_shs,57
bd_shs,56
bd_shs,52
bd_shs,22
bd_shs,11
bd_shs,28
bd_shs,33
bd_shs,29
bd_shs,18
bd_shs,15
bd_shs,17
bd_shs,83
bd_shs,102
bd_shs,426
bd_shs,30
bd_shs,157
bd_shs,247
bd_shs,15
bd_shs,9
bd_shs,14
bd_shs,44
bd_shs,47
bd_shs,34
bd_shs,13
bd_shs,70
bd_shs,8
bd_shs,122
bd_shs,58
bd_shs,55
bd_shs,40
bd_shs,42
bd_shs,28
bd_shs,36
bd_shs,13
bd_shs,28
bd_shs,77
bd_shs,23
bd_shs,38
bd_shs,16
bd_shs,44
bd_shs,53
bd_shs,20
bd_shs,38
bd_shs,55
bd_shs,90
bd_shs,11
bd_shs,15
bd_shs,39
bd_shs,34
bd_shs,23
bd_shs,70
bd_shs,11
bd_shs,29
bd_shs,24
bd_shs,84
bd_shs,59
bd_shs,47
bd_shs,21
bd_shs,19
bd_shs,77
bd_shs,131
bd_shs,73
bd_shs,11
bd_shs,19
bd_shs,27
bd_shs,47
bd_shs,44
bd_shs,89
bd_shs,13
bd_shs,46
bd_shs,13
bd_shs,24
bd_shs,39
bd_shs,66
bd_shs,56
bd_shs,23
bd_shs,42
bd_shs,8
bd_shs,16
bd_shs,47
bd_shs,31
bd_shs,87
bd_shs,39
bd_shs,84
bd_shs,32
bd_shs,18
bd_shs,272
bd_shs,44
bd_shs,44
bd_shs,26
bd_shs,18
bd_shs,16
bd_shs,58
bd_shs,77
bd_shs,54
bd_shs,11
bd_shs,4
bd_shs,256
bd_shs,169
bd_shs,141
bd_shs,32
bd_shs,7
bd_shs,6
bd_shs,18
bd_shs,14
bd_shs,27
bd_shs,12
bd_shs,25
bd_shs,43
bd_shs,26
bd_shs,25
bd_shs,6
bd_shs,12
bd_shs,26
bd_shs,27
bd_shs,22
bd_shs,9
bd_shs,19
bd_shs,44
bd_shs,54
bd_shs,76
bd_shs,32
bd_shs,77
bd_shs,68
bd_shs,13
bd_shs,31
bd_shs,21
bd_shs,794
bd_shs,19
bd_shs,12
bd_shs,136
bd_shs,67
bd_shs,15
bd_shs,18
bd_shs,11
bd_shs,16
bd_shs,7
bd_shs,372
bd_shs,7
bd_shs,37
bd_shs,12
bd_shs,12
bd_shs,4
bd_shs,56
bd_shs,35
bd_shs,52
bd_shs,31
bd_shs,10
bd_shs,9
bd_shs,20
bd_shs,24
bd_shs,73
bd_shs,49
bd_shs,69
bd_shs,14
bd_shs,115
bd_shs,17
bd_shs,44
bd_shs,29
bd_shs,112
bd_shs,32
bd_shs,29
bd_shs,18
bd_shs,43
bd_shs,20
bd_shs,8
bd_shs,34
bd_shs,16
bd_shs,24
bd_shs,37
bd_shs,7
bd_shs,87
bd_shs,62
bd_shs,60
bd_shs,25
bd_shs,13
bd_shs,83
bd_shs,8
bd_shs,27
bd_shs,118
bd_shs,25
bd_shs,118
bd_shs,15
bd_shs,27
bd_shs,15
bd_shs,11
bd_shs,11
bd_shs,90
bd_shs,32
bd_shs,10
bd_shs,11
bd_shs,93
bd_shs,7
bd_shs,74
bd_shs,129
bd_shs,12
bd_shs,54
bd_shs,98
bd_shs,16
bd_shs,55
bd_shs,13
bd_shs,35
bd_shs,13
bd_shs,20
bd_shs,11
bd_shs,21
bd_shs,131
bd_shs,47
bd_shs,23
bd_shs,21
bd_shs,19
bd_shs,51
bd_shs,32
bd_shs,15
bd_shs,20
bd_shs,22
bd_shs,38
bd_shs,71
bd_shs,28
bd_shs,22
bd_shs,25
bd_shs,44
bd_shs,99
bd_shs,67
bd_shs,10
bd_shs,92
bd_shs,56
bd_shs,34
bd_shs,38
bd_shs,12
bd_shs,36
bd_shs,18
bd_shs,46
bd_shs,38
bd_shs,21
bd_shs,21
bd_shs,10
bd_shs,14
bd_shs,7
bd_shs,16
bd_shs,88
bd_shs,63
bd_shs,35
bd_shs,24
bd_shs,49
bd_shs,27
bd_shs,32
bd_shs,59
bd_shs,8
bd_shs,73
bd_shs,76
bd_shs,9
bd_shs,87
bd_shs,20
bd_shs,38
bd_shs,34
bd_shs,18
bd_shs,21
bd_shs,157
bd_shs,32
bd_shs,62
bd_shs,18
bd_shs,54
bd_shs,25
bd_shs,45
bd_shs,125
bd_shs,7
bd_shs,4
bd_shs,9
bd_shs,38
bd_shs,13
bd_shs,11
bd_shs,13
bd_shs,36
bd_shs,9
bd_shs,23
bd_shs,24
bd_shs,69
bd_shs,17
bd_shs,7
bd_shs,16
bd_shs,9
bd_shs,27
bd_shs,50
bd_shs,34
bd_shs,30
bd_shs,20
bd_shs,27
bd_shs,41
bd_shs,93
bd_shs,14
bd_shs,56
bd_shs,59
bd_shs,26
bd_shs,16
bd_shs,40
bd_shs,8
bd_shs,10
bd_shs,7
bd_shs,42
bd_shs,21
bd_shs,6
bd_shs,12
bd_shs,8
bd_shs,17
bd_shs,43
bd_shs,23
bd_shs,56
bd_shs,4
bd_shs,39
bd_shs,11
bd_shs,17
bd_shs,17
bd_shs,35
bd_shs,37
bd_shs,102
bd_shs,12
bd_shs,12
bd_shs,17
bd_shs,44
bd_shs,34
bd_shs,27
bd_shs,17
bd_shs,22
bd_shs,35
bd_shs,297
bd_shs,21
bd_shs,19
bd_shs,12
bd_shs,14
bd_shs,14
bd_shs,33
bd_shs,21
bd_shs,7
bd_shs,16
bd_shs,19
bd_shs,52
bd_shs,4
bd_shs,3
bd_shs,7
bd_shs,63
bd_shs,24
bd_shs,31
bd_shs,50
bd_shs,53
bd_shs,28
bd_shs,100
bd_shs,26
bd_shs,7
bd_shs,23
bd_shs,65
bd_shs,10
bd_shs,39
bd_shs,33
bd_shs,14
bd_shs,305
bd_shs,37
bd_shs,78
bd_shs,34
bd_shs,45
bd_shs,59
bd_shs,131
bd_shs,305
bd_shs,12
bd_shs,15
bd_shs,55
bd_shs,389
bd_shs,15
bd_shs,16
bd_shs,13
bd_shs,6
bd_shs,38
bd_shs,7
bd_shs,19
bd_shs,31
bd_shs,22
bd_shs,18
bd_shs,55
bd_shs,29
bd_shs,48
bd_shs,143
bd_shs,63
bd_shs,6
bd_shs,31
bd_shs,29
bd_shs,22
bd_shs,15
bd_shs,44
bd_shs,5
bd_shs,16
bd_shs,21
bd_shs,23
bd_shs,42
bd_shs,25
bd_shs,74
bd_shs,58
bd_shs,9
bd_shs,13
bd_shs,8
bd_shs,15
bd_shs,208
bd_shs,12
bd_shs,16
bd_shs,9
bd_shs,31
bd_shs,11
bd_shs,14
bd_shs,75
bd_shs,12
bd_shs,25
bd_shs,8
bd_shs,39
bd_shs,5
bd_shs,12
bd_shs,20
bd_shs,87
bd_shs,13
bd_shs,22
bd_shs,26
bd_shs,47
bd_shs,4
bd_shs,223
bd_shs,4
bd_shs,135
bd_shs,50
bd_shs,24
bd_shs,12
bd_shs,23
bd_shs,26
bd_shs,18
bd_shs,8
bd_shs,14
bd_shs,64
bd_shs,16
bd_shs,56
bd_shs,6
bd_shs,6
bd_shs,7
bd_shs,7
bd_shs,10
bd_shs,6
bd_shs,6
bd_shs,14
bd_shs,33
bd_shs,6
bd_shs,35
bd_shs,3
bd_shs,6
bd_shs,7
bd_shs,7
bd_shs,11
bd_shs,14
bd_shs,95
bd_shs,53
bd_shs,25
bd_shs,29
bd_shs,17
bd_shs,15
bd_shs,15
bd_shs,51
bd_shs,31
bd_shs,15
bd_shs,179
bd_shs,40
bd_shs,23
bd_shs,25
bd_shs,148
bd_shs,8
bd_shs,43
bd_shs,17
bd_shs,35
bd_shs,43
bd_shs,12
bd_shs,34
bd_shs,7
bd_shs,24
bd_shs,26
bd_shs,14
bd_shs,28
bd_shs,6
bd_shs,41
bd_shs,23
bd_shs,5
bd_shs,32
bd_shs,21
bd_shs,25
bd_shs,20
bd_shs,10
bd_shs,44
bd_shs,17
bd_shs,29
bd_shs,13
bd_shs,42
bd_shs,29
bd_shs,12
bd_shs,3
bd_shs,45
bd_shs,17
bd_shs,22
bd_shs,8
bd_shs,9
bd_shs,26
bd_shs,75
bd_shs,23
bd_shs,19
bd_shs,25
bd_shs,23
bd_shs,26
bd_shs,43
bd_shs,23
bd_shs,18
bd_shs,29
bd_shs,21
bd_shs,32
bd_shs,3
bd_shs,13
bd_shs,12
bd_shs,65
bd_shs,28
bd_shs,28
bd_shs,72
bd_shs,22
bd_shs,98
bd_shs,66
bd_shs,15
bd_shs,12
bd_shs,9
bd_shs,7
bd_shs,96
bd_shs,44
bd_shs,65
bd_shs,36
bd_shs,28
bd_shs,52
bd_shs,40
bd_shs,7
bd_shs,30
bd_shs,13
bd_shs,41
bd_shs,45
bd_shs,32
bd_shs,37
bd_shs,34
bd_shs,30
bd_shs,44
bd_shs,7
bd_shs,30
bd_shs,76
bd_shs,43
bd_shs,29
bd_shs,13
bd_shs,19
bd_shs,94
bd_shs,80
bd_shs,18
bd_shs,84
bd_shs,26
bd_shs,35
bd_shs,21
bd_shs,19
bd_shs,43
bd_shs,15
bd_shs,19
bd_shs,29
bd_shs,21
bd_shs,34
bd_shs,24
bd_shs,45
bd_shs,56
bd_shs,105
bd_shs,19
bd_shs,17
bd_shs,24
bd_shs,474
bd_shs,17
bd_shs,23
bd_shs,39
bd_shs,28
bd_shs,19
bd_shs,6
bd_shs,11
bd_shs,14
bd_shs,14
bd_shs,6
bd_shs,11
bd_shs,14
bd_shs,57
bd_shs,15
bd_shs,78
bd_shs,18
bd_shs,97
bd_shs,57
bd_shs,11
bd_shs,36
bd_shs,58
bd_shs,55
bd_shs,46
bd_shs,35
bd_shs,49
bd_shs,6
bd_shs,17
bd_shs,27
bd_shs,59
bd_shs,21
bd_shs,40
bd_shs,19
bd_shs,14
bd_shs,10
bd_shs,11
bd_shs,35
bd_shs,15
bd_shs,98
bd_shs,10
bd_shs,6
bd_shs,31
bd_shs,28
bd_shs,16
bd_shs,90
bd_shs,116
bd_shs,30
bd_shs,65
bd_shs,12
bd_shs,8
bd_shs,64
bd_shs,211
bd_shs,51
bd_shs,36
bd_shs,52
bd_shs,34
bd_shs,90
bd_shs,37
bd_shs,13
bd_shs,13
bd_shs,226
bd_shs,27
bd_shs,19
bd_shs,43
bd_shs,24
bd_shs,16
bd_shs,18
bd_shs,163
bd_shs,17
bd_shs,8
bd_shs,28
bd_shs,13
bd_shs,78
bd_shs,12
bd_shs,63
bd_shs,940
bd_shs,11
bd_shs,33
bd_shs,30
bd_shs,113
bd_shs,100
bd_shs,165
bd_shs,226
bd_shs,2
bd_shs,15
bd_shs,34
bd_shs,21
bd_shs,15
bd_shs,21
bd_shs,13
bd_shs,26
bd_shs,31
bd_shs,27
bd_shs,17
bd_shs,30
bd_shs,6
bd_shs,34
bd_shs,893
bd_shs,54
bd_shs,15
bd_shs,41
bd_shs,119
bd_shs,25
bd_shs,83
bd_shs,185
bd_shs,21
bd_shs,61
bd_shs,41
bd_shs,100
bd_shs,33
bd_shs,40
bd_shs,60
bd_shs,64
bd_shs,46
bd_shs,83
bd_shs,29
bd_shs,30
bd_shs,23
bd_shs,52
bd_shs,80
bd_shs,34
bd_shs,66
bd_shs,40
bd_shs,31
bd_shs,50
bd_shs,41
bd_shs,29
bd_shs,69
bd_shs,26
bd_shs,19
bd_shs,37
bd_shs,39
bd_shs,68
bd_shs,64
bd_shs,21
bd_shs,26
bd_shs,37
bd_shs,36
bd_shs,105
bd_shs,55
bd_shs,269
bd_shs,24
bd_shs,44
bd_shs,44
bd_shs,24
bd_shs,13
bd_shs,35
bd_shs,11
bd_shs,19
bd_shs,6
bd_shs,22
bd_shs,57
bd_shs,11
bd_shs,5
bd_shs,45
bd_shs,81
bd_shs,58
bd_shs,9
bd_shs,49
bd_shs,62
bd_shs,10
bd_shs,17
bd_shs,28
bd_shs,13
bd_shs,9
bd_shs,16
bd_shs,301
bd_shs,52
bd_shs,26
bd_shs,21
bd_shs,18
bd_shs,4
bd_shs,11
bd_shs,111
bd_shs,15
bd_shs,12
bd_shs,22
bd_shs,93
bd_shs,160
bd_shs,7
bd_shs,23
bd_shs,18
bd_shs,93
bd_shs,23
bd_shs,6
bd_shs,17
bd_shs,40
bd_shs,84
bd_shs,46
bd_shs,73
bd_shs,23
bd_shs,50
bd_shs,234
bd_shs,386
bd_shs,4
bd_shs,69
bd_shs,17
bd_shs,14
bd_shs,5
bd_shs,33
bd_shs,120
bd_shs,45
bd_shs,93
bd_shs,16
bd_shs,28
bd_shs,20
bd_shs,24
bd_shs,13
bd_shs,17
bd_shs,189
bd_shs,13
bd_shs,87
bd_shs,11
bd_shs,44
bd_shs,35
bd_shs,31
bd_shs,6
bd_shs,17
bd_shs,66
bd_shs,21
bd_shs,14
bd_shs,23
bd_shs,9
bd_shs,13
bd_shs,53
bd_shs,21
bd_shs,37
bd_shs,36
bd_shs,20
bd_shs,29
bd_shs,24
bd_shs,18
bd_shs,35
bd_shs,17
bd_shs,22
bd_shs,35
bd_shs,147
bd_shs,22
bd_shs,30
bd_shs,11
bd_shs,22
bd_shs,19
bd_shs,56
bd_shs,51
bd_shs,36
bd_shs,48
bd_shs,31
bd_shs,23
bd_shs,148
bd_shs,23
bd_shs,49
bd_shs,8
bd_shs,47
bd_shs,33
bd_shs,103
bd_shs,33
bd_shs,48
bd_shs,95
bd_shs,51
bd_shs,60
bd_shs,22
bd_shs,13
bd_shs,14
bd_shs,12
bd_shs,13
bd_shs,80
bd_shs,25
bd_shs,97
bd_shs,87
bd_shs,208
bd_shs,49
bd_shs,8
bd_shs,13
bd_shs,149
bd_shs,18
bd_shs,55
bd_shs,19
bd_shs,16
bd_shs,1242
bd_shs,23
bd_shs,13
bd_shs,17
bd_shs,5
bd_shs,14
bd_shs,13
bd_shs,94
bd_shs,44
bd_shs,5
bd_shs,34
bd_shs,6
bd_shs,39
bd_shs,15
bd_shs,15
bd_shs,26
bd_shs,43
bd_shs,20
bd_shs,105
bd_shs,65
bd_shs,83
bd_shs,34
bd_shs,21
bd_shs,34
bd_shs,26
bd_shs,9
bd_shs,27
bd_shs,17
bd_shs,60
bd_shs,11
bd_shs,7
bd_shs,8
bd_shs,7
bd_shs,24
bd_shs,2
bd_shs,53
bd_shs,11
bd_shs,4
bd_shs,21
bd_shs,103
bd_shs,5
bd_shs,74
bd_shs,5
bd_shs,124
bd_shs,52
bd_shs,4
bd_shs,43
bd_shs,18
bd_shs,20
bd_shs,147
bd_shs,34
bd_shs,12
bd_shs,34
bd_shs,9
bd_shs,85
bd_shs,54
bd_shs,55
bd_shs,17
bd_shs,2
bd_shs,35
bd_shs,16
bd_shs,22
bd_shs,8
bd_shs,10
bd_shs,86
bd_shs,9
bd_shs,34
bd_shs,13
bd_shs,14
bd_shs,13
bd_shs,13
bd_shs,12
bd_shs,434
bd_shs,30
bd_shs,8
bd_shs,29
bd_shs,37
bd_shs,65
bd_shs,15
bd_shs,50
bd_shs,50
bd_shs,4
bd_shs,35
bd_shs,30
bd_shs,30
bd_shs,9
bd_shs,42
bd_shs,35
bd_shs,29
bd_shs,8
bd_shs,202
bd_shs,45
bd_shs,45
bd_shs,77
bd_shs,17
bd_shs,30
bd_shs,7
bd_shs,88
bd_shs,44
bd_shs,30
bd_shs,85
bd_shs,31
bd_shs,137
bd_shs,25
bd_shs,15
bd_shs,22
bd_shs,49
bd_shs,271
bd_shs,4
bd_shs,13
bd_shs,39
bd_shs,8
bd_shs,4
bd_shs,90
bd_shs,20
bd_shs,33
bd_shs,9
bd_shs,13
bd_shs,57
bd_shs,22
bd_shs,3
bd_shs,67
bd_shs,285
bd_shs,63
bd_shs,16
bd_shs,23
bd_shs,12
bd_shs,6
bd_shs,12
bd_shs,40
bd_shs,31
bd_shs,11
bd_shs,11
bd_shs,15
bd_shs,14
bd_shs,65
bd_shs,14
bd_shs,27
bd_shs,24
bd_shs,187
bd_shs,7
bd_shs,7
bd_shs,12
bd_shs,43
bd_shs,13
bd_shs,12
bd_shs,45
bd_shs,37
bd_shs,17
bd_shs,13
bd_shs,89
bd_shs,20
bd_shs,6
bd_shs,11
bd_shs,45
bd_shs,84
bd_shs,15
bd_shs,32
bd_shs,32
bd_shs,19
bd_shs,51
bd_shs,31
bd_shs,27
bd_shs,38
bd_shs,17
bd_shs,19
bd_shs,65
bd_shs,21
bd_shs,18
bd_shs,24
bd_shs,9
bd_shs,7
bd_shs,7
bd_shs,9
bd_shs,28
bd_shs,19
bd_shs,64
bd_shs,419
bd_shs,18
bd_shs,20
bd_shs,17
bd_shs,8
bd_shs,14
bd_shs,14
bd_shs,9
bd_shs,9
bd_shs,52
bd_shs,13
bd_shs,188
bd_shs,35
bd_shs,35
bd_shs,19
bd_shs,13
bd_shs,8
bd_shs,65
bd_shs,29
bd_shs,11
bd_shs,19
bd_shs,24
bd_shs,12
bd_shs,16
bd_shs,31
bd_shs,53
bd_shs,12
bd_shs,150
bd_shs,39
bd_shs,26
bd_shs,74
bd_shs,73
bd_shs,16
bd_shs,11
bd_shs,11
bd_shs,20
bd_shs,15
bd_shs,9
bd_shs,37
bd_shs,25
bd_shs,9
bd_shs,8
bd_shs,32
bd_shs,11
bd_shs,11
bd_shs,43
bd_shs,159
bd_shs,9
bd_shs,187
bd_shs,4
bd_shs,9
bd_shs,7
bd_shs,12
bd_shs,31
bd_shs,16
bd_shs,5
bd_shs,72
bd_shs,4
bd_shs,7
bd_shs,31
bd_shs,19
bd_shs,8
bd_shs,54
bd_shs,33
bd_shs,50
bd_shs,66
bd_shs,4
bd_shs,18
bd_shs,75
bd_shs,23
bd_shs,6
bd_shs,50
bd_shs,49
bd_shs,8
bd_shs,38
bd_shs,328
bd_shs,34
bd_shs,15
bd_shs,19
bd_shs,38
bd_shs,197
bd_shs,303
bd_shs,646
bd_shs,92
bd_shs,155
bd_shs,32
bd_shs,23
bd_shs,15
bd_shs,12
bd_shs,17
bd_shs,17
bd_shs,18
bd_shs,12
bd_shs,42
bd_shs,62
bd_shs,23
bd_shs,12
bd_shs,13
bd_shs,13
bd_shs,11
bd_shs,13
bd_shs,29
bd_shs,16
bd_shs,119
bd_shs,23
bd_shs,19
bd_shs,28
bd_shs,26
bd_shs,18
bd_shs,12
bd_shs,63
bd_shs,15
bd_shs,22
bd_shs,12
bd_shs,56
bd_shs,21
bd_shs,91
bd_shs,16
bd_shs,86
bd_shs,142
bd_shs,21
bd_shs,23
bd_shs,19
bd_shs,22
bd_shs,16
bd_shs,18
bd_shs,53
bd_shs,5
bd_shs,14
bd_shs,35
bd_shs,34
bd_shs,44
bd_shs,21
bd_shs,21
bd_shs,132
bd_shs,16
bd_shs,23
bd_shs,32
bd_shs,13
bd_shs,25
bd_shs,23
bd_shs,41
bd_shs,53
bd_shs,12
bd_shs,9
bd_shs,8
bd_shs,37
bd_shs,23
bd_shs,44
bd_shs,13
bd_shs,47
bd_shs,24
bd_shs,40
bd_shs,50
bd_shs,12
bd_shs,37
bd_shs,53
bd_shs,15
bd_shs,40
bd_shs,59
bd_shs,8
bd_shs,34
bd_shs,24
bd_shs,23
bd_shs,23
bd_shs,29
bd_shs,24
bd_shs,10
bd_shs,37
bd_shs,37
bd_shs,30
bd_shs,41
bd_shs,118
bd_shs,54
bd_shs,48
bd_shs,87
bd_shs,151
bd_shs,79
bd_shs,19
bd_shs,27
bd_shs,43
bd_shs,47
bd_shs,10
bd_shs,22
bd_shs,11
bd_shs,12
bd_shs,30
bd_shs,23
bd_shs,11
bd_shs,17
bd_shs,15
bd_shs,116
bd_shs,29
bd_shs,43
bd_shs,31
bd_shs,78
bd_shs,9
bd_shs,29
bd_shs,19
bd_shs,27
bd_shs,30
bd_shs,50
bd_shs,51
bd_shs,38
bd_shs,47
bd_shs,24
bd_shs,16
bd_shs,87
bd_shs,29
bd_shs,81
bd_shs,68
bd_shs,23
bd_shs,41
bd_shs,20
bd_shs,201
bd_shs,85
bd_shs,70
bd_shs,49
bd_shs,20
bd_shs,19
bd_shs,18
bd_shs,21
bd_shs,16
bd_shs,14
bd_shs,31
bd_shs,15
bd_shs,15
bd_shs,23
bd_shs,18
bd_shs,62
bd_shs,14
bd_shs,20
bd_shs,12
bd_shs,40
bd_shs,13
bd_shs,54
bd_shs,40
bd_shs,18
bd_shs,17
bd_shs,34
bd_shs,17
bd_shs,71
bd_shs,14
bd_shs,16
bd_shs,35
bd_shs,15
bd_shs,13
bd_shs,22
bd_shs,17
bd_shs,12
bd_shs,11
bd_shs,13
bd_shs,8
bd_shs,32
bd_shs,14
bd_shs,36
bd_shs,30
bd_shs,31
bd_shs,25
bd_shs,75
bd_shs,10
bd_shs,15
bd_shs,33
bd_shs,38
bd_shs,21
bd_shs,105
bd_shs,19
bd_shs,39
bd_shs,47
bd_shs,27
bd_shs,18
bd_shs,13
bd_shs,8
bd_shs,105
bd_shs,70
bd_shs,12
bd_shs,24
bd_shs,39
bd_shs,16
bd_shs,14
bd_shs,31
bd_shs,147
bd_shs,52
bd_shs,67
bd_shs,62
bd_shs,14
bd_shs,24
bd_shs,22
bd_shs,40
bd_shs,31
bd_shs,83
bd_shs,16
bd_shs,46
bd_shs,12
bd_shs,57
bd_shs,19
bd_shs,21
bd_shs,102
bd_shs,19
bd_shs,62
bd_shs,24
bd_shs,53
bd_shs,62
bd_shs,52
bd_shs,13
bd_shs,23
bd_shs,27
bd_shs,9
bd_shs,125
bd_shs,40
bd_shs,38
bd_shs,20
bd_shs,11
bd_shs,48
bd_shs,58
bd_shs,64
bd_shs,81
bd_shs,37
bd_shs,6
bd_shs,36
bd_shs,14
bd_shs,9
bd_shs,47
bd_shs,11
bd_shs,10
bd_shs,41
bd_shs,107
bd_shs,30
bd_shs,85
bd_shs,129
bd_shs,13
bd_shs,22
bd_shs,20
bd_shs,65
bd_shs,17
bd_shs,6
bd_shs,23
bd_shs,11
bd_shs,71
bd_shs,18
bd_shs,72
bd_shs,37
bd_shs,104
bd_shs,13
bd_shs,49
bd_shs,20
bd_shs,11
bd_shs,24
bd_shs,25
bd_shs,430
bd_shs,41
bd_shs,15
bd_shs,25
bd_shs,21
bd_shs,13
bd_shs,3
bd_shs,11
bd_shs,6
bd_shs,3
bd_shs,9
bd_shs,10
bd_shs,14
bd_shs,10
bd_shs,84
bd_shs,16
bd_shs,15
bd_shs,32
bd_shs,69
bd_shs,40
bd_shs,11
bd_shs,48
bd_shs,17
bd_shs,32
bd_shs,48
bd_shs,23
bd_shs,86
bd_shs,85
bd_shs,37
bd_shs,3
bd_shs,3
bd_shs,12
bd_shs,6
bd_shs,21
bd_shs,59
bd_shs,21
bd_shs,35
bd_shs,6
bd_shs,7
bd_shs,18
bd_shs,8
bd_shs,8
bd_shs,17
bd_shs,32
bd_shs,6
bd_shs,6
bd_shs,12
bd_shs,174
bd_shs,8
bd_shs,19
bd_shs,51
bd_shs,70
bd_shs,20
bd_shs,5
bd_shs,12
bd_shs,5
bd_shs,9
bd_shs,4
bd_shs,14
bd_shs,40
bd_shs,22
bd_shs,30
bd_shs,45
bd_shs,9
bd_shs,26
bd_shs,88
bd_shs,51
bd_shs,19
bd_shs,28
bd_shs,12
bd_shs,6
bd_shs,3
bd_shs,10
bd_shs,9
bd_shs,31
bd_shs,80
bd_shs,112
bd_shs,49
bd_shs,67
bd_shs,42
bd_shs,33
bd_shs,31
bd_shs,12
bd_shs,89
bd_shs,32
bd_shs,27
bd_shs,27
bd_shs,18
bd_shs,26
bd_shs,28
bd_shs,7
bd_shs,17
bd_shs,23
bd_shs,54
bd_shs,150
bd_shs,8
bd_shs,5
bd_shs,26
bd_shs,13
bd_shs,33
bd_shs,9
bd_shs,4
bd_shs,20
bd_shs,19
bd_shs,47
bd_shs,38
bd_shs,39
bd_shs,9
bd_shs,23
bd_shs,42
bd_shs,13
bd_shs,14
bd_shs,18
bd_shs,7
bd_shs,10
bd_shs,7
bd_shs,29
bd_shs,8
bd_shs,18
bd_shs,29
bd_shs,84
bd_shs,26
bd_shs,36
bd_shs,28
bd_shs,30
bd_shs,4
bd_shs,86
bd_shs,33
bd_shs,85
bd_shs,277
bd_shs,13
bd_shs,37
bd_shs,5
bd_shs,5
bd_shs,69
bd_shs,12
bd_shs,122
bd_shs,35
bd_shs,9
bd_shs,20
bd_shs,34
bd_shs,8
bd_shs,64
bd_shs,14
bd_shs,50
bd_shs,59
bd_shs,23
bd_shs,37
bd_shs,103
bd_shs,71
bd_shs,17
bd_shs,19
bd_shs,22
bd_shs,20
bd_shs,28
bd_shs,94
bd_shs,14
bd_shs,74
bd_shs,64
bd_shs,369
bd_shs,13
bd_shs,21
bd_shs,47
bd_shs,56
bd_shs,17
bd_shs,45
bd_shs,13
bd_shs,13
bd_shs,18
bd_shs,183
bd_shs,17
bd_shs,14
bd_shs,10
bd_shs,48
bd_shs,13
bd_shs,6
bd_shs,14
bd_shs,10
bd_shs,112
bd_shs,13
bd_shs,58
bd_shs,36
bd_shs,23
bd_shs,67
bd_shs,12
bd_shs,93
bd_shs,5
bd_shs,18
bd_shs,5
bd_shs,4
bd_shs,21
bd_shs,91
bd_shs,35
bd_shs,89
bd_shs,46
bd_shs,34
bd_shs,14
bd_shs,35
bd_shs,28
bd_shs,24
bd_shs,13
bd_shs,10
bd_shs,98
bd_shs,50
bd_shs,114
bd_shs,24
bd_shs,102
bd_shs,32
bd_shs,62
bd_shs,42
bd_shs,181
bd_shs,12
bd_shs,57
bd_shs,98
bd_shs,261
bd_shs,12
bd_shs,30
bd_shs,62
bd_shs,27
bd_shs,127
bd_shs,64
bd_shs,36
bd_shs,10
bd_shs,26
bd_shs,33
bd_shs,40
bd_shs,64
bd_shs,17
bd_shs,279
bd_shs,27
bd_shs,10
bd_shs,58
bd_shs,61
bd_shs,19
bd_shs,13
bd_shs,17
bd_shs,51
bd_shs,44
bd_shs,17
bd_shs,24
bd_shs,89
bd_shs,22
bd_shs,35
bd_shs,89
bd_shs,18
bd_shs,64
bd_shs,16
bd_shs,38
bd_shs,9
bd_shs,10
bd_shs,20
bd_shs,486
bd_shs,40
bd_shs,6
bd_shs,22
bd_shs,22
bd_shs,41
bd_shs,83
bd_shs,20
bd_shs,28
bd_shs,22
bd_shs,22
bd_shs,49
bd_shs,71
bd_shs,143
bd_shs,22
bd_shs,26
bd_shs,23
bd_shs,39
bd_shs,12
bd_shs,13
bd_shs,64
bd_shs,26
bd_shs,14
bd_shs,27
bd_shs,14
bd_shs,38
bd_shs,88
bd_shs,26
bd_shs,14
bd_shs,40
bd_shs,50
bd_shs,11
bd_shs,58
bd_shs,37
bd_shs,63
bd_shs,213
bd_shs,29
bd_shs,45
bd_shs,42
bd_shs,307
bd_shs,20
bd_shs,17
bd_shs,22
bd_shs,61
bd_shs,105
bd_shs,95
bd_shs,7
bd_shs,38
bd_shs,111
bd_shs,7
bd_shs,273
bd_shs,30
bd_shs,313
bd_shs,142
bd_shs,40
bd_shs,26
bd_shs,47
bd_shs,382
bd_shs,132
bd_shs,218
bd_shs,23
bd_shs,98
bd_shs,19
bd_shs,187
bd_shs,14
bd_shs,57
bd_shs,55
bd_shs,405
bd_shs,1366
bd_shs,94
bd_shs,23
bd_shs,22
bd_shs,74
bd_shs,164
bd_shs,65
bd_shs,66
bd_shs,97
bd_shs,74
bd_shs,224
bd_shs,2
bd_shs,32
bd_shs,26
bd_shs,14
bd_shs,12
bd_shs,87
bd_shs,26
bd_shs,42
bd_shs,30
bd_shs,45
bd_shs,24
bd_shs,17
bd_shs,24
bd_shs,59
bd_shs,20
bd_shs,161
bd_shs,11
bd_shs,11
bd_shs,17
bd_shs,23
bd_shs,165
bd_shs,15
bd_shs,18
bd_shs,27
bd_shs,42
bd_shs,89
bd_shs,20
bd_shs,213
bd_shs,31
bd_shs,12
bd_shs,18
bd_shs,13
bd_shs,82
bd_shs,13
bd_shs,334
bd_shs,28
bd_shs,4
bd_shs,115
bd_shs,14
bd_shs,1472
bd_shs,20
bd_shs,50
bd_shs,54
bd_shs,38
bd_shs,70
bd_shs,6
bd_shs,118
bd_shs,29
bd_shs,31
bd_shs,76
bd_shs,53
bd_shs,16
bd_shs,82
bd_shs,79
bd_shs,65
bd_shs,31
bd_shs,275
bd_shs,79
bd_shs,65
bd_shs,453
bd_shs,60
bd_shs,143
bd_shs,165
bd_shs,15
bd_shs,38
bd_shs,12
bd_shs,112
bd_shs,29
bd_shs,27
bd_shs,3
bd_shs,3
bd_shs,13
bd_shs,25
bd_shs,24
bd_shs,12
bd_shs,13
bd_shs,30
bd_shs,54
bd_shs,123
bd_shs,6
bd_shs,27
bd_shs,73
bd_shs,28
bd_shs,74
bd_shs,36
bd_shs,247
bd_shs,79
bd_shs,107
bd_shs,85
bd_shs,26
bd_shs,26
bd_shs,35
bd_shs,62
bd_shs,51
bd_shs,3
bd_shs,14
bd_shs,36
bd_shs,166
bd_shs,21
bd_shs,16
bd_shs,14
bd_shs,12
bd_shs,7
bd_shs,7
bd_shs,27
bd_shs,43
bd_shs,23
bd_shs,28
bd_shs,12
bd_shs,80
bd_shs,19
bd_shs,18
bd_shs,5
bd_shs,60
bd_shs,54
bd_shs,2
bd_shs,6
bd_shs,3
bd_shs,48
bd_shs,26
bd_shs,22
bd_shs,18
bd_shs,53
bd_shs,14
bd_shs,3
bd_shs,5
bd_shs,11
bd_shs,11
bd_shs,3
bd_shs,25
bd_shs,38
bd_shs,34
bd_shs,7
bd_shs,7
bd_shs,15
bd_shs,4
bd_shs,129
bd_shs,16
bd_shs,46
bd_shs,6
bd_shs,23
bd_shs,6
bd_shs,120
bd_shs,33
bd_shs,7
bd_shs,10
bd_shs,5
bd_shs,10
bd_shs,14
bd_shs,11
bd_shs,49
bd_shs,73
bd_shs,48
bd_shs,23
bd_shs,10
bd_shs,31
bd_shs,16
bd_shs,26
bd_shs,28
bd_shs,43
bd_shs,36
bd_shs,17
bd_shs,21
bd_shs,22
bd_shs,54
bd_shs,24
bd_shs,32
bd_shs,84
bd_shs,19
bd_shs,25
bd_shs,8
bd_shs,215
bd_shs,10
bd_shs,6
bd_shs,17
bd_shs,99
bd_shs,3
bd_shs,8
bd_shs,10
bd_shs,17
bd_shs,8
bd_shs,43
bd_shs,74
bd_shs,32
bd_shs,12
bd_shs,53
bd_shs,55
bd_shs,18
bd_shs,51
bd_shs,17
bd_shs,120
bd_shs,13
bd_shs,10
bd_shs,22
bd_shs,18
bd_shs,16
bd_shs,6
bd_shs,28
bd_shs,14
bd_shs,35
bd_shs,23
bd_shs,17
bd_shs,67
bd_shs,17
bd_shs,22
bd_shs,7
bd_shs,25
bd_shs,7
bd_shs,6
bd_shs,54
bd_shs,23
bd_shs,26
bd_shs,7
bd_shs,115
bd_shs,12
bd_shs,36
bd_shs,65
bd_shs,50
bd_shs,6
bd_shs,10
bd_shs,7
bd_shs,19
bd_shs,14
bd_shs,16
bd_shs,9
bd_shs,99
bd_shs,9
bd_shs,30
bd_shs,6
bd_shs,7
bd_shs,4
bd_shs,5
bd_shs,6
bd_shs,9
bd_shs,10
bd_shs,39
bd_shs,20
bd_shs,136
bd_shs,5
bd_shs,5
bd_shs,239
bd_shs,9
bd_shs,18
bd_shs,8
bd_shs,6
bd_shs,5
bd_shs,25
bd_shs,8
bd_shs,37
bd_shs,10
bd_shs,18
bd_shs,4
bd_shs,10
bd_shs,28
bd_shs,34
bd_shs,26
bd_shs,63
bd_shs,27
bd_shs,5
bd_shs,35
bd_shs,13
bd_shs,28
bd_shs,100
bd_shs,6
bd_shs,52
bd_shs,33
bd_shs,74
bd_shs,24
bd_shs,35
bd_shs,85
bd_shs,17
bd_shs,45
bd_shs,21
bd_shs,9
bd_shs,6
bd_shs,81
bd_shs,15
bd_shs,29
bd_shs,32
bd_shs,8
bd_shs,14
bd_shs,32
bd_shs,4
bd_shs,7
bd_shs,23
bd_shs,17
bd_shs,11
bd_shs,102
bd_shs,6
bd_shs,37
bd_shs,27
bd_shs,20
bd_shs,94
bd_shs,15
bd_shs,19
bd_shs,24
bd_shs,6
bd_shs,26
bd_shs,41
bd_shs,24
bd_shs,13
bd_shs,19
bd_shs,68
bd_shs,37
bd_shs,16
bd_shs,28
bd_shs,29
bd_shs,192
bd_shs,16
bd_shs,17
bd_shs,18
bd_shs,21
bd_shs,52
bd_shs,24
bd_shs,10
bd_shs,15
bd_shs,15
bd_shs,18
bd_shs,32
bd_shs,19
bd_shs,19
bd_shs,49
bd_shs,16
bd_shs,117
bd_shs,12
bd_shs,11
bd_shs,28
bd_shs,5
bd_shs,15
bd_shs,12
bd_shs,6
bd_shs,57
bd_shs,11
bd_shs,44
bd_shs,112
bd_shs,32
bd_shs,13
bd_shs,33
bd_shs,353
bd_shs,148
bd_shs,12
bd_shs,140
bd_shs,18
bd_shs,48
bd_shs,48
bd_shs,12
bd_shs,103
bd_shs,17
bd_shs,39
bd_shs,37
bd_shs,18
bd_shs,13
bd_shs,36
bd_shs,9
bd_shs,42
bd_shs,60
bd_shs,182
bd_shs,21
bd_shs,57
bd_shs,33
bd_shs,50
bd_shs,153
bd_shs,3
bd_shs,14
bd_shs,16
bd_shs,18
bd_shs,60
bd_shs,66
bd_shs,68
bd_shs,38
bd_shs,57
bd_shs,32
bd_shs,24
bd_shs,10
bd_shs,52
bd_shs,8
bd_shs,101
bd_shs,4
bd_shs,20
bd_shs,75
bd_shs,10
bd_shs,4
bd_shs,10
bd_shs,45
bd_shs,56
bd_shs,11
bd_shs,40
bd_shs,16
bd_shs,470
bd_shs,14
bd_shs,13
bd_shs,52
bd_shs,41
bd_shs,34
bd_shs,38
bd_shs,12
bd_shs,20
bd_shs,55
bd_shs,37
bd_shs,49
bd_shs,89
bd_shs,261
bd_shs,175
bd_shs,104
bd_shs,79
bd_shs,43
bd_shs,2
bd_shs,10
bd_shs,17
bd_shs,15
bd_shs,10
bd_shs,5
bd_shs,20
bd_shs,5
bd_shs,15
bd_shs,45
bd_shs,23
bd_shs,130
bd_shs,43
bd_shs,6
bd_shs,75
bd_shs,60
bd_shs,43
bd_shs,25
bd_shs,27
bd_shs,39
bd_shs,53
bd_shs,19
bd_shs,78
bd_shs,16
bd_shs,33
bd_shs,36
bd_shs,21
bd_shs,18
bd_shs,19
bd_shs,11
bd_shs,18
bd_shs,141
bd_shs,128
bd_shs,29
bd_shs,41
bd_shs,89
bd_shs,122
bd_shs,256
bd_shs,105
bd_shs,64
bd_shs,198
bd_shs,56
bd_shs,65
bd_shs,51
bd_shs,98
bd_shs,46
bd_shs,52
bd_shs,19
bd_shs,37
bd_shs,57
bd_shs,17
bd_shs,3
bd_shs,5
bd_shs,7
bd_shs,14
bd_shs,13
bd_shs,52
bd_shs,16
bd_shs,143
bd_shs,23
bd_shs,65
bd_shs,85
bd_shs,102
bd_shs,37
bd_shs,159
bd_shs,15
bd_shs,29
bd_shs,52
bd_shs,21
bd_shs,23
bd_shs,11
bd_shs,2
bd_shs,26
bd_shs,24
bd_shs,18
bd_shs,16
bd_shs,18
bd_shs,42
bd_shs,15
bd_shs,21
bd_shs,11
bd_shs,61
bd_shs,135
bd_shs,64
bd_shs,100
bd_shs,10
bd_shs,27
bd_shs,13
bd_shs,5
bd_shs,9
bd_shs,86
bd_shs,7
bd_shs,13
bd_shs,16
bd_shs,18
bd_shs,8
bd_shs,13
bd_shs,27
bd_shs,21
bd_shs,26
bd_shs,21
bd_shs,16
bd_shs,201
bd_shs,1
bd_shs,29
bd_shs,7
bd_shs,8
bd_shs,44
bd_shs,9
bd_shs,109
bd_shs,20
bd_shs,27
bd_shs,49
bd_shs,42
bd_shs,45
bd_shs,34
bd_shs,84
bd_shs,12
bd_shs,21
bd_shs,83
bd_shs,8
bd_shs,17
bd_shs,10
bd_shs,31
bd_shs,35
bd_shs,20
bd_shs,85
bd_shs,7
bd_shs,20
bd_shs,4
bd_shs,34
bd_shs,22
bd_shs,17
bd_shs,34
bd_shs,25
bd_shs,62
bd_shs,192
bd_shs,46
bd_shs,31
bd_shs,6
bd_shs,8
bd_shs,42
bd_shs,9
bd_shs,163
bd_shs,6
bd_shs,9
bd_shs,9
bd_shs,20
bd_shs,10
bd_shs,12
bd_shs,6
bd_shs,19
bd_shs,42
bd_shs,155
bd_shs,38
bd_shs,62
bd_shs,145
bd_shs,95
bd_shs,238
bd_shs,20
bd_shs,50
bd_shs,55
bd_shs,24
bd_shs,36
bd_shs,28
bd_shs,247
bd_shs,9
bd_shs,42
bd_shs,14
bd_shs,84
bd_shs,22
bd_shs,19
bd_shs,2
bd_shs,14
bd_shs,60
bd_shs,17
bd_shs,28
bd_shs,361
bd_shs,45
bd_shs,99
bd_shs,13
bd_shs,15
bd_shs,76
bd_shs,2
bd_shs,46
bd_shs,5
bd_shs,41
bd_shs,21
bd_shs,5
bd_shs,17
bd_shs,5
bd_shs,6
bd_shs,22
bd_shs,6
bd_shs,137
bd_shs,6
bd_shs,19
bd_shs,16
bd_shs,11
bd_shs,11
bd_shs,75
bd_shs,5
bd_shs,5
bd_shs,9
bd_shs,100
bd_shs,9
bd_shs,5
bd_shs,2
bd_shs,39
bd_shs,7
bd_shs,97
bd_shs,24
bd_shs,11
bd_shs,8
bd_shs,9
bd_shs,77
bd_shs,10
bd_shs,15
bd_shs,29
bd_shs,3
bd_shs,11
bd_shs,6
bd_shs,33
bd_shs,47
bd_shs,76
bd_shs,27
bd_shs,48
bd_shs,5
bd_shs,6
bd_shs,22
bd_shs,16
bd_shs,12
bd_shs,31
bd_shs,58
bd_shs,79
bd_shs,50
bd_shs,20
bd_shs,7
bd_shs,18
bd_shs,32
bd_shs,42
bd_shs,29
bd_shs,158
bd_shs,53
bd_shs,25
bd_shs,27
bd_shs,11
bd_shs,7
bd_shs,9
bd_shs,11
bd_shs,9
bd_shs,53
bd_shs,31
bd_shs,27
bd_shs,17
bd_shs,30
bd_shs,13
bd_shs,49
bd_shs,27
bd_shs,15
bd_shs,31
bd_shs,27
bd_shs,38
bd_shs,18
bd_shs,8
bd_shs,20
bd_shs,5
bd_shs,125
bd_shs,17
bd_shs,20
bd_shs,58
bd_shs,152
bd_shs,32
bd_shs,33
bd_shs,22
bd_shs,18
bd_shs,26
bd_shs,23
bd_shs,29
bd_shs,25
bd_shs,35
bd_shs,31
bd_shs,35
bd_shs,18
bd_shs,39
bd_shs,67
bd_shs,30
bd_shs,12
bd_shs,78
bd_shs,67
bd_shs,13
bd_shs,24
bd_shs,27
bd_shs,71
bd_shs,3
bd_shs,104
bd_shs,12
bd_shs,101
bd_shs,15
bd_shs,8
bd_shs,24
bd_shs,27
bd_shs,24
bd_shs,22
bd_shs,62
bd_shs,58
bd_shs,17
bd_shs,23
bd_shs,45
bd_shs,111
bd_shs,25
bd_shs,25
bd_shs,15
bd_shs,18
bd_shs,12
bd_shs,162
bd_shs,22
bd_shs,64
bd_shs,15
bd_shs,15
bd_shs,62
bd_shs,55
bd_shs,37
bd_shs,21
bd_shs,43
bd_shs,25
bd_shs,400
bd_shs,37
bd_shs,68
bd_shs,28
bd_shs,32
bd_shs,78
bd_shs,29
bd_shs,43
bd_shs,78
bd_shs,76
bd_shs,34
bd_shs,55
bd_shs,64
bd_shs,20
bd_shs,42
bd_shs,21
bd_shs,46
bd_shs,45
bd_shs,105
bd_shs,25
bd_shs,21
bd_shs,31
bd_shs,103
bd_shs,19
bd_shs,8
bd_shs,36
bd_shs,8
bd_shs,21
bd_shs,8
bd_shs,32
bd_shs,165
bd_shs,33
bd_shs,35
bd_shs,225
bd_shs,59
bd_shs,47
bd_shs,56
bd_shs,41
bd_shs,10
bd_shs,219
bd_shs,21
bd_shs,12
bd_shs,13
bd_shs,22
bd_shs,133
bd_shs,48
bd_shs,36
bd_shs,24
bd_shs,42
bd_shs,32
bd_shs,56
bd_shs,94
bd_shs,135
bd_shs,41
bd_shs,68
bd_shs,20
bd_shs,198
bd_shs,9
bd_shs,70
bd_shs,11
bd_shs,27
bd_shs,98
bd_shs,38
bd_shs,22
bd_shs,21
bd_shs,21
bd_shs,29
bd_shs,38
bd_shs,152
bd_shs,21
bd_shs,58
bd_shs,41
bd_shs,27
bd_shs,30
bd_shs,40
bd_shs,143
bd_shs,37
bd_shs,25
bd_shs,12
bd_shs,207
bd_shs,53
bd_shs,77
bd_shs,57
bd_shs,16
bd_shs,46
bd_shs,13
bd_shs,15
bd_shs,163
bd_shs,3
bd_shs,41
bd_shs,34
bd_shs,17
bd_shs,203
bd_shs,22
bd_shs,12
bd_shs,33
bd_shs,11
bd_shs,5
bd_shs,18
bd_shs,22
bd_shs,6
bd_shs,37
bd_shs,6
bd_shs,6
bd_shs,9
bd_shs,5
bd_shs,4
bd_shs,37
bd_shs,6
bd_shs,18
bd_shs,7
bd_shs,14
bd_shs,14
bd_shs,37
bd_shs,6
bd_shs,8
bd_shs,26
bd_shs,22
bd_shs,16
bd_shs,12
bd_shs,18
bd_shs,27
bd_shs,9
bd_shs,5
bd_shs,13
bd_shs,70
bd_shs,7
bd_shs,15
bd_shs,13
bd_shs,18
bd_shs,4
bd_shs,45
bd_shs,5
bd_shs,26
bd_shs,38
bd_shs,5
bd_shs,67
bd_shs,21
bd_shs,41
bd_shs,22
bd_shs,30
bd_shs,21
bd_shs,56
bd_shs,52
bd_shs,182
bd_shs,271
bd_shs,25
bd_shs,17
bd_shs,9
bd_shs,61
bd_shs,24
bd_shs,15
bd_shs,139
bd_shs,14
bd_shs,45
bd_shs,45
bd_shs,14
bd_shs,25
bd_shs,34
bd_shs,28
bd_shs,73
bd_shs,4
bd_shs,4
bd_shs,4
bd_shs,37
bd_shs,4
bd_shs,32
bd_shs,21
bd_shs,45
bd_shs,17
bd_shs,34
bd_shs,116
bd_shs,80
bd_shs,18
bd_shs,87
bd_shs,143
bd_shs,58
bd_shs,32
bd_shs,48
bd_shs,44
bd_shs,48
bd_shs,39
bd_shs,19
bd_shs,190
bd_shs,14
bd_shs,277
bd_shs,14
bd_shs,144
bd_shs,27
bd_shs,53
bd_shs,55
bd_shs,30
bd_shs,14
bd_shs,172
bd_shs,48
bd_shs,162
bd_shs,121
bd_shs,29
bd_shs,20
bd_shs,125
bd_shs,295
bd_shs,28
bd_shs,19
bd_shs,155
bd_shs,110
bd_shs,21
bd_shs,26
bd_shs,20
bd_shs,62
bd_shs,13
bd_shs,28
bd_shs,154
bd_shs,61
bd_shs,32
bd_shs,15
bd_shs,90
bd_shs,158
bd_shs,52
bd_shs,68
bd_shs,17
bd_shs,428
bd_shs,35
bd_shs,93
bd_shs,197
bd_shs,15
bd_shs,14
bd_shs,52
bd_shs,128
bd_shs,114
bd_shs,110
bd_shs,160
bd_shs,20
bd_shs,37
bd_shs,48
bd_shs,25
bd_shs,24
bd_shs,42
bd_shs,69
bd_shs,92
bd_shs,16
bd_shs,37
bd_shs,26
bd_shs,12
bd_shs,94
bd_shs,8
bd_shs,58
bd_shs,24
bd_shs,26
bd_shs,25
bd_shs,127
bd_shs,41
bd_shs,18
bd_shs,49
bd_shs,141
bd_shs,46
bd_shs,70
bd_shs,59
bd_shs,27
bd_shs,57
bd_shs,40
bd_shs,22
bd_shs,42
bd_shs,20
bd_shs,46
bd_shs,72
bd_shs,62
bd_shs,65
bd_shs,26
bd_shs,41
bd_shs,39
bd_shs,85
bd_shs,61
bd_shs,48
bd_shs,69
bd_shs,48
bd_shs,72
bd_shs,32
bd_shs,40
bd_shs,64
bd_shs,28
bd_shs,170
bd_shs,12
bd_shs,11
bd_shs,46
bd_shs,33
bd_shs,55
bd_shs,30
bd_shs,10
bd_shs,23
bd_shs,47
bd_shs,276
bd_shs,1400
bd_shs,76
bd_shs,144
bd_shs,62
bd_shs,31
bd_shs,99
bd_shs,55
bd_shs,17
bd_shs,23
bd_shs,50
bd_shs,23
bd_shs,32
bd_shs,36
bd_shs,38
bd_shs,39
bd_shs,107
bd_shs,60
bd_shs,97
bd_shs,17
bd_shs,48
bd_shs,22
bd_shs,37
bd_shs,56
bd_shs,53
bd_shs,31
bd_shs,27
bd_shs,67
bd_shs,121
bd_shs,22
bd_shs,35
bd_shs,40
bd_shs,117
bd_shs,232
bd_shs,160
bd_shs,9
bd_shs,20
bd_shs,298
bd_shs,120
bd_shs,80
bd_shs,175
bd_shs,103
bd_shs,24
bd_shs,25
bd_shs,139
bd_shs,35
bd_shs,52
bd_shs,35
bd_shs,22
bd_shs,29
bd_shs,11
bd_shs,43
bd_shs,33
bd_shs,25
bd_shs,247
bd_shs,48
bd_shs,54
bd_shs,14
bd_shs,173
bd_shs,50
bd_shs,35
bd_shs,24
bd_shs,77
bd_shs,65
bd_shs,11
bd_shs,12
bd_shs,39
bd_shs,38
bd_shs,77
bd_shs,103
bd_shs,154
bd_shs,47
bd_shs,73
bd_shs,55
bd_shs,279
bd_shs,25
bd_shs,28
bd_shs,48
bd_shs,61
bd_shs,39
bd_shs,39
bd_shs,11
bd_shs,75
bd_shs,76
bd_shs,122
bd_shs,148
bd_shs,33
bd_shs,309
bd_shs,138
bd_shs,11
bd_shs,40
bd_shs,84
bd_shs,111
bd_shs,17
bd_shs,20
bd_shs,63
bd_shs,110
bd_shs,29
bd_shs,259
bd_shs,7
bd_shs,3
bd_shs,30
bd_shs,20
bd_shs,11
bd_shs,29
bd_shs,26
bd_shs,22
bd_shs,12
bd_shs,28
bd_shs,13
bd_shs,59
bd_shs,31
bd_shs,21
bd_shs,52
bd_shs,59
bd_shs,14
bd_shs,21
bd_shs,49
bd_shs,15
bd_shs,20
bd_shs,33
bd_shs,17
bd_shs,23
bd_shs,15
bd_shs,10
bd_shs,23
bd_shs,26
bd_shs,13
bd_shs,47
bd_shs,6
bd_shs,9
bd_shs,12
bd_shs,32
bd_shs,8
bd_shs,8
bd_shs,2
bd_shs,5
bd_shs,8
bd_shs,49
bd_shs,25
bd_shs,55
bd_shs,51
bd_shs,9
bd_shs,7
bd_shs,23
bd_shs,15
bd_shs,19
bd_shs,44
bd_shs,6
bd_shs,40
bd_shs,7
bd_shs,10
bd_shs,49
bd_shs,26
bd_shs,69
bd_shs,6
bd_shs,74
bd_shs,46
bd_shs,7
bd_shs,11
bd_shs,10
bd_shs,20
bd_shs,7
bd_shs,40
bd_shs,7
bd_shs,25
bd_shs,21
bd_shs,38
bd_shs,29
bd_shs,13
bd_shs,27
bd_shs,6
bd_shs,10
bd_shs,20
bd_shs,30
bd_shs,19
bd_shs,64
bd_shs,94
bd_shs,25
bd_shs,20
bd_shs,12
bd_shs,14
bd_shs,8
bd_shs,18
bd_shs,22
bd_shs,29
bd_shs,8
bd_shs,5
bd_shs,240
bd_shs,29
bd_shs,32
bd_shs,17
bd_shs,7
bd_shs,31
bd_shs,14
bd_shs,25
bd_shs,5
bd_shs,12
bd_shs,30
bd_shs,11
bd_shs,61
bd_shs,22
bd_shs,98
bd_shs,10
bd_shs,146
bd_shs,11
bd_shs,53
bd_shs,27
bd_shs,6
bd_shs,12
bd_shs,15
bd_shs,41
bd_shs,361
bd_shs,12
bd_shs,195
bd_shs,37
bd_shs,8
bd_shs,48
bd_shs,13
bd_shs,135
bd_shs,193
bd_shs,27
bd_shs,65
bd_shs,70
bd_shs,73
bd_shs,97
bd_shs,27
bd_shs,5
bd_shs,6
bd_shs,28
bd_shs,36
bd_shs,30
bd_shs,33
bd_shs,11
bd_shs,13
bd_shs,68
bd_shs,41
bd_shs,99
bd_shs,52
bd_shs,23
bd_shs,15
bd_shs,25
bd_shs,33
bd_shs,12
bd_shs,40
bd_shs,50
bd_shs,32
bd_shs,15
bd_shs,218
bd_shs,32
bd_shs,14
bd_shs,115
bd_shs,36
bd_shs,64
bd_shs,18
bd_shs,8
bd_shs,36
bd_shs,10
bd_shs,4
bd_shs,100
bd_shs,31
bd_shs,17
bd_shs,50
bd_shs,13
bd_shs,3
bd_shs,24
bd_shs,12
bd_shs,10
bd_shs,17
bd_shs,11
bd_shs,6
bd_shs,13
bd_shs,10
bd_shs,18
bd_shs,11
bd_shs,22
bd_shs,25
bd_shs,62
bd_shs,48
bd_shs,18
bd_shs,148
bd_shs,12
bd_shs,93
bd_shs,14
bd_shs,14
bd_shs,20
bd_shs,28
bd_shs,54
bd_shs,183
bd_shs,112
bd_shs,29
bd_shs,18
bd_shs,42
bd_shs,17
bd_shs,48
bd_shs,24
bd_shs,16
bd_shs,35
bd_shs,21
bd_shs,46
bd_shs,10
bd_shs,14
bd_shs,34
bd_shs,54
bd_shs,18
bd_shs,17
bd_shs,43
bd_shs,46
bd_shs,26
bd_shs,127
bd_shs,34
bd_shs,13
bd_shs,27
bd_shs,27
bd_shs,28
bd_shs,14
bd_shs,44
bd_shs,127
bd_shs,78
bd_shs,317
bd_shs,55
bd_shs,25
bd_shs,26
bd_shs,22
bd_shs,51
bd_shs,100
bd_shs,30
bd_shs,47
bd_shs,24
bd_shs,33
bd_shs,45
bd_shs,32
bd_shs,44
bd_shs,14
bd_shs,52
bd_shs,23
bd_shs,24
bd_shs,54
bd_shs,8
bd_shs,11
bd_shs,25
bd_shs,3
bd_shs,231
bd_shs,10
bd_shs,42
bd_shs,26
bd_shs,17
bd_shs,14
bd_shs,44
bd_shs,59
bd_shs,65
bd_shs,14
bd_shs,3
bd_shs,68
bd_shs,13
bd_shs,60
bd_shs,78
bd_shs,50
bd_shs,87
bd_shs,219
bd_shs,113
bd_shs,36
bd_shs,12
bd_shs,74
bd_shs,23
bd_shs,399
bd_shs,29
bd_shs,25
bd_shs,22
bd_shs,359
bd_shs,16
bd_shs,82
bd_shs,9
bd_shs,71
bd_shs,61
bd_shs,23
bd_shs,13
bd_shs,23
bd_shs,9
bd_shs,8
bd_shs,39
bd_shs,19
bd_shs,26
bd_shs,96
bd_shs,214
bd_shs,22
bd_shs,26
bd_shs,55
bd_shs,37
bd_shs,82
bd_shs,8
bd_shs,17
bd_shs,33
bd_shs,10
bd_shs,22
bd_shs,18
bd_shs,65
bd_shs,56
bd_shs,17
bd_shs,11
bd_shs,18
bd_shs,4
bd_shs,8
bd_shs,37
bd_shs,7
bd_shs,8
bd_shs,9
bd_shs,17
bd_shs,19
bd_shs,34
bd_shs,41
bd_shs,15
bd_shs,18
bd_shs,58
bd_shs,8
bd_shs,51
bd_shs,116
bd_shs,12
bd_shs,9
bd_shs,25
bd_shs,6
bd_shs,34
bd_shs,12
bd_shs,710
bd_shs,32
bd_shs,26
bd_shs,8
bd_shs,9
bd_shs,15
bd_shs,14
bd_shs,18
bd_shs,33
bd_shs,31
bd_shs,10
bd_shs,125
bd_shs,7
bd_shs,51
bd_shs,82
bd_shs,177
bd_shs,59
bd_shs,8
bd_shs,21
bd_shs,105
bd_shs,40
bd_shs,24
bd_shs,10
bd_shs,57
bd_shs,28
bd_shs,38
bd_shs,32
bd_shs,38
bd_shs,83
bd_shs,18
bd_shs,113
bd_shs,40
bd_shs,82
bd_shs,14
bd_shs,163
bd_shs,5
bd_shs,38
bd_shs,16
bd_shs,94
bd_shs,38
bd_shs,24
bd_shs,94
bd_shs,17
bd_shs,83
bd_shs,91
bd_shs,11
bd_shs,14
bd_shs,59
bd_shs,21
bd_shs,8
bd_shs,12
bd_shs,28
bd_shs,24
bd_shs,14
bd_shs,25
bd_shs,131
bd_shs,51
bd_shs,18
bd_shs,7
bd_shs,20
bd_shs,12
bd_shs,13
bd_shs,30
bd_shs,59
bd_shs,9
bd_shs,29
bd_shs,11
bd_shs,22
bd_shs,4
bd_shs,17
bd_shs,95
bd_shs,15
bd_shs,32
bd_shs,12
bd_shs,122
bd_shs,190
bd_shs,27
bd_shs,86
bd_shs,22
bd_shs,12
bd_shs,121
bd_shs,56
bd_shs,44
bd_shs,19
bd_shs,39
bd_shs,23
bd_shs,33
bd_shs,21
bd_shs,23
bd_shs,94
bd_shs,31
bd_shs,15
bd_shs,22
bd_shs,15
bd_shs,41
bd_shs,17
bd_shs,19
bd_shs,34
bd_shs,61
bd_shs,71
bd_shs,117
bd_shs,40
bd_shs,48
bd_shs,11
bd_shs,25
bd_shs,9
bd_shs,11
bd_shs,45
bd_shs,15
bd_shs,12
bd_shs,12
bd_shs,6
bd_shs,13
bd_shs,22
bd_shs,9
bd_shs,9
bd_shs,23
bd_shs,17
bd_shs,9
bd_shs,51
bd_shs,33
bd_shs,6
bd_shs,48
bd_shs,71
bd_shs,11
bd_shs,21
bd_shs,11
bd_shs,56
bd_shs,15
bd_shs,11
bd_shs,6
bd_shs,9
bd_shs,12
bd_shs,19
bd_shs,2
bd_shs,11
bd_shs,19
bd_shs,45
bd_shs,16
bd_shs,46
bd_shs,46
bd_shs,33
bd_shs,30
bd_shs,4
bd_shs,32
bd_shs,8
bd_shs,11
bd_shs,34
bd_shs,24
bd_shs,97
bd_shs,7
bd_shs,15
bd_shs,41
bd_shs,52
bd_shs,17
bd_shs,9
bd_shs,33
bd_shs,21
bd_shs,6
bd_shs,18
bd_shs,48
bd_shs,145
bd_shs,14
bd_shs,40
bd_shs,21
bd_shs,7
bd_shs,30
bd_shs,21
bd_shs,15
bd_shs,30
bd_shs,39
bd_shs,16
bd_shs,4
bd_shs,9
bd_shs,20
bd_shs,38
bd_shs,16
bd_shs,24
bd_shs,20
bd_shs,9
bd_shs,11
bd_shs,36
bd_shs,8
bd_shs,62
bd_shs,15
bd_shs,75
bd_shs,7
bd_shs,21
bd_shs,4
bd_shs,12
bd_shs,99
bd_shs,8
bd_shs,28
bd_shs,16
bd_shs,16
bd_shs,46
bd_shs,25
bd_shs,46
bd_shs,9
bd_shs,13
bd_shs,26
bd_shs,33
bd_shs,65
bd_shs,40
bd_shs,16
bd_shs,13
bd_shs,19
bd_shs,7
bd_shs,31
bd_shs,8
bd_shs,11
bd_shs,5
bd_shs,11
bd_shs,8
bd_shs,123
bd_shs,30
bd_shs,8
bd_shs,19
bd_shs,10
bd_shs,10
bd_shs,32
bd_shs,13
bd_shs,191
bd_shs,149
bd_shs,19
bd_shs,31
bd_shs,57
bd_shs,42
bd_shs,27
bd_shs,42
bd_shs,13
bd_shs,14
bd_shs,18
bd_shs,9
bd_shs,32
bd_shs,7
bd_shs,19
bd_shs,11
bd_shs,14
bd_shs,79
bd_shs,8
bd_shs,21
bd_shs,7
bd_shs,80
bd_shs,34
bd_shs,28
bd_shs,30
bd_shs,18
bd_shs,16
bd_shs,141
bd_shs,376
bd_shs,15
bd_shs,5
bd_shs,50
bd_shs,8
bd_shs,7
bd_shs,10
bd_shs,20
bd_shs,21
bd_shs,303
bd_shs,31
bd_shs,12
bd_shs,4
bd_shs,93
bd_shs,43
bd_shs,32
bd_shs,140
bd_shs,110
bd_shs,40
bd_shs,6
bd_shs,20
bd_shs,22
bd_shs,60
bd_shs,13
bd_shs,79
bd_shs,32
bd_shs,8
bd_shs,16
bd_shs,51
bd_shs,23
bd_shs,126
bd_shs,67
bd_shs,36
bd_shs,46
bd_shs,57
bd_shs,100
bd_shs,32
bd_shs,24
bd_shs,34
bd_shs,874
bd_shs,67
bd_shs,19
bd_shs,9
bd_shs,174
bd_shs,23
bd_shs,29
bd_shs,12
bd_shs,37
bd_shs,43
bd_shs,16
bd_shs,19
bd_shs,25
bd_shs,18
bd_shs,75
bd_shs,199
bd_shs,31
bd_shs,40
bd_shs,10
bd_shs,114
bd_shs,29
bd_shs,19
bd_shs,25
bd_shs,21
bd_shs,46
bd_shs,27
bd_shs,33
bd_shs,81
bd_shs,61
bd_shs,50
bd_shs,242
bd_shs,46
bd_shs,5
bd_shs,85
bd_shs,312
bd_shs,45
bd_shs,25
bd_shs,43
bd_shs,7
bd_shs,25
bd_shs,2
bd_shs,21
bd_shs,37
bd_shs,6
bd_shs,16
bd_shs,25
bd_shs,23
bd_shs,8
bd_shs,44
bd_shs,32
bd_shs,56
bd_shs,18
bd_shs,16
bd_shs,12
bd_shs,56
bd_shs,99
bd_shs,37
bd_shs,15
bd_shs,8
bd_shs,47
bd_shs,12
bd_shs,6
bd_shs,17
bd_shs,26
bd_shs,35
bd_shs,21
bd_shs,21
bd_shs,30
bd_shs,76
bd_shs,8
bd_shs,21
bd_shs,58
bd_shs,35
bd_shs,7
bd_shs,2
bd_shs,6
bd_shs,10
bd_shs,150
bd_shs,63
bd_shs,38
bd_shs,10
bd_shs,53
bd_shs,72
bd_shs,13
bd_shs,21
bd_shs,7
bd_shs,54
bd_shs,149
bd_shs,24
bd_shs,22
bd_shs,50
bd_shs,34
bd_shs,27
bd_shs,36
bd_shs,18
bd_shs,51
bd_shs,144
bd_shs,81
bd_shs,26
bd_shs,31
bd_shs,76
bd_shs,19
bd_shs,103
bd_shs,34
bd_shs,15
bd_shs,24
bd_shs,57
bd_shs,67
bd_shs,22
bd_shs,42
bd_shs,83
bd_shs,9
bd_shs,41
bd_shs,38
bd_shs,44
bd_shs,97
bd_shs,69
bd_shs,16
bd_shs,50
bd_shs,18
bd_shs,41
bd_shs,12
bd_shs,219
bd_shs,32
bd_shs,13
bd_shs,68
bd_shs,45
bd_shs,63
bd_shs,19
bd_shs,60
bd_shs,31
bd_shs,48
bd_shs,50
bd_shs,78
bd_shs,33
bd_shs,22
bd_shs,20
bd_shs,27
bd_shs,64
bd_shs,24
bd_shs,24
bd_shs,79
bd_shs,86
bd_shs,104
bd_shs,282
bd_shs,184
bd_shs,15
bd_shs,57
bd_shs,61
bd_shs,13
bd_shs,41
bd_shs,54
bd_shs,43
bd_shs,43
bd_shs,26
bd_shs,110
bd_shs,52
bd_shs,54
bd_shs,83
bd_shs,53
bd_shs,29
bd_shs,28
bd_shs,21
bd_shs,243
bd_shs,18
bd_shs,25
bd_shs,76
bd_shs,114
bd_shs,39
bd_shs,195
bd_shs,426
bd_shs,30
bd_shs,39
bd_shs,76
bd_shs,53
bd_shs,10
bd_shs,43
bd_shs,36
bd_shs,127
bd_shs,25
bd_shs,135
bd_shs,60
bd_shs,156
bd_shs,40
bd_shs,35
bd_shs,17
bd_shs,240
bd_shs,24
bd_shs,39
bd_shs,83
bd_shs,11
bd_shs,23
bd_shs,14
bd_shs,52
bd_shs,125
bd_shs,1299
bd_shs,29
bd_shs,155
bd_shs,64
bd_shs,131
bd_shs,9
bd_shs,57
bd_shs,35
bd_shs,18
bd_shs,41
bd_shs,19
bd_shs,44
bd_shs,11
bd_shs,31
bd_shs,33
bd_shs,70
bd_shs,32
bd_shs,20
bd_shs,51
bd_shs,19
bd_shs,20
bd_shs,101
bd_shs,27
bd_shs,24
bd_shs,70
bd_shs,174
bd_shs,67
bd_shs,70
bd_shs,102
bd_shs,111
bd_shs,59
bd_shs,25
bd_shs,32
bd_shs,23
bd_shs,36
bd_shs,95
bd_shs,57
bd_shs,22
bd_shs,29
bd_shs,21
bd_shs,74
bd_shs,19
bd_shs,25
bd_shs,88
bd_shs,50
bd_shs,40
bd_shs,73
bd_shs,93
bd_shs,56
bd_shs,243
bd_shs,66
bd_shs,28
bd_shs,39
bd_shs,25
bd_shs,52
bd_shs,40
bd_shs,68
bd_shs,151
bd_shs,45
bd_shs,49
bd_shs,97
bd_shs,52
bd_shs,211
bd_shs,78
bd_shs,12
bd_shs,29
bd_shs,43
bd_shs,23
bd_shs,67
bd_shs,49
bd_shs,10
bd_shs,228
bd_shs,13
bd_shs,66
bd_shs,235
bd_shs,44
bd_shs,190
bd_shs,19
bd_shs,148
bd_shs,22
bd_shs,54
bd_shs,88
bd_shs,23
bd_shs,106
bd_shs,91
bd_shs,45
bd_shs,30
bd_shs,85
bd_shs,28
bd_shs,126
bd_shs,23
bd_shs,15
bd_shs,23
bd_shs,30
bd_shs,19
bd_shs,28
bd_shs,119
bd_shs,33
bd_shs,13
bd_shs,13
bd_shs,60
bd_shs,96
bd_shs,18
bd_shs,33
bd_shs,40
bd_shs,1182
bd_shs,81
bd_shs,38
bd_shs,90
bd_shs,48
bd_shs,24
bd_shs,36
bd_shs,12
bd_shs,146
bd_shs,38
bd_shs,24
bd_shs,11
bd_shs,55
bd_shs,20
bd_shs,21
bd_shs,17
bd_shs,44
bd_shs,17
bd_shs,13
bd_shs,27
bd_shs,38
bd_shs,152
bd_shs,203
bd_shs,26
bd_shs,43
bd_shs,61
bd_shs,184
bd_shs,28
bd_shs,18
bd_shs,23
bd_shs,18
bd_shs,20
bd_shs,16
bd_shs,32
bd_shs,72
bd_shs,52
bd_shs,42
bd_shs,117
bd_shs,59
bd_shs,25
bd_shs,131
bd_shs,35
bd_shs,39
bd_shs,28
bd_shs,20
bd_shs,40
bd_shs,52
bd_shs,39
bd_shs,46
bd_shs,23
bd_shs,29
bd_shs,56
bd_shs,30
bd_shs,20
bd_shs,76
bd_shs,22
bd_shs,26
bd_shs,16
bd_shs,47
bd_shs,41
bd_shs,198
bd_shs,61
bd_shs,27
bd_shs,33
bd_shs,77
bd_shs,24
bd_shs,174
bd_shs,12
bd_shs,13
bd_shs,18
bd_shs,70
bd_shs,98
bd_shs,39
bd_shs,37
bd_shs,46
bd_shs,14
bd_shs,22
bd_shs,40
bd_shs,145
bd_shs,105
bd_shs,35
bd_shs,27
bd_shs,15
bd_shs,100
bd_shs,106
bd_shs,81
bd_shs,76
bd_shs,50
bd_shs,16
bd_shs,39
bd_shs,9
bd_shs,16
bd_shs,15
bd_shs,64
bd_shs,43
bd_shs,59
bd_shs,68
bd_shs,13
bd_shs,57
bd_shs,36
bd_shs,36
bd_shs,41
bd_shs,30
bd_shs,16
bd_shs,63
bd_shs,11
bd_shs,17
bd_shs,26
bd_shs,66
bd_shs,40
bd_shs,36
bd_shs,188
bd_shs,18
bd_shs,27
bd_shs,89
bd_shs,114
bd_shs,46
bd_shs,22
bd_shs,24
bd_shs,5
bd_shs,14
bd_shs,24
bd_shs,34
bd_shs,54
bd_shs,115
bd_shs,47
bd_shs,114
bd_shs,149
bd_shs,34
bd_shs,30
bd_shs,30
bd_shs,69
bd_shs,26
bd_shs,24
bd_shs,15
bd_shs,18
bd_shs,31
bd_shs,19
bd_shs,20
bd_shs,12
bd_shs,97
bd_shs,46
bd_shs,18
bd_shs,58
bd_shs,79
bd_shs,12
bd_shs,26
bd_shs,21
bd_shs,38
bd_shs,17
bd_shs,12
bd_shs,37
bd_shs,41
bd_shs,23
bd_shs,20
bd_shs,42
bd_shs,33
bd_shs,9
bd_shs,14
bd_shs,15
bd_shs,72
bd_shs,52
bd_shs,46
bd_shs,41
bd_shs,19
bd_shs,37
bd_shs,39
bd_shs,25
bd_shs,26
bd_shs,180
bd_shs,62
bd_shs,37
bd_shs,217
bd_shs,30
bd_shs,60
bd_shs,64
bd_shs,44
bd_shs,215
bd_shs,475
bd_shs,26
bd_shs,38
bd_shs,15
bd_shs,49
bd_shs,11
bd_shs,66
bd_shs,77
bd_shs,24
bd_shs,64
bd_shs,29
bd_shs,12
bd_shs,19
bd_shs,19
bd_shs,37
bd_shs,30
bd_shs,47
bd_shs,56
bd_shs,35
bd_shs,66
bd_shs,52
bd_shs,27
bd_shs,86
bd_shs,31
bd_shs,30
bd_shs,24
bd_shs,39
bd_shs,15
bd_shs,18
bd_shs,73
bd_shs,19
bd_shs,18
bd_shs,63
bd_shs,63
bd_shs,42
bd_shs,11
bd_shs,26
bd_shs,21
bd_shs,27
bd_shs,12
bd_shs,39
bd_shs,19
bd_shs,72
bd_shs,16
bd_shs,48
bd_shs,7
bd_shs,32
bd_shs,15
bd_shs,9
bd_shs,16
bd_shs,67
bd_shs,16
bd_shs,22
bd_shs,26
bd_shs,27
bd_shs,22
bd_shs,47
bd_shs,34
bd_shs,48
bd_shs,51
bd_shs,315
bd_shs,26
bd_shs,42
bd_shs,12
bd_shs,18
bd_shs,10
bd_shs,41
bd_shs,72
bd_shs,42
bd_shs,126
bd_shs,94
bd_shs,129
bd_shs,106
bd_shs,95
bd_shs,49
bd_shs,56
bd_shs,56
bd_shs,67
bd_shs,29
bd_shs,70
bd_shs,30
bd_shs,32
bd_shs,78
bd_shs,82
bd_shs,90
bd_shs,341
bd_shs,62
bd_shs,34
bd_shs,10
bd_shs,42
bd_shs,13
bd_shs,25
bd_shs,18
bd_shs,24
bd_shs,84
bd_shs,46
bd_shs,14
bd_shs,564
bd_shs,34
bd_shs,21
bd_shs,83
bd_shs,19
bd_shs,38
bd_shs,24
bd_shs,30
bd_shs,60
bd_shs,61
bd_shs,14
bd_shs,29
bd_shs,38
bd_shs,47
bd_shs,59
bd_shs,93
bd_shs,133
bd_shs,58
bd_shs,65
bd_shs,60
bd_shs,16
bd_shs,83
bd_shs,20
bd_shs,33
bd_shs,44
bd_shs,24
bd_shs,81
bd_shs,60
bd_shs,59
bd_shs,343
bd_shs,64
bd_shs,14
bd_shs,44
bd_shs,9
bd_shs,13
bd_shs,157
bd_shs,159
bd_shs,35
bd_shs,7
bd_shs,22
bd_shs,16
bd_shs,56
bd_shs,50
bd_shs,299
bd_shs,11
bd_shs,26
bd_shs,20
bd_shs,38
bd_shs,319
bd_shs,9
bd_shs,250
bd_shs,3
bd_shs,10
bd_shs,74
bd_shs,47
bd_shs,35
bd_shs,28
bd_shs,79
bd_shs,120
bd_shs,119
bd_shs,20
bd_shs,21
bd_shs,25
bd_shs,14
bd_shs,148
bd_shs,33
bd_shs,30
bd_shs,39
bd_shs,32
bd_shs,21
bd_shs,244
bd_shs,44
bd_shs,97
bd_shs,98
bd_shs,43
bd_shs,34
bd_shs,89
bd_shs,54
bd_shs,22
bd_shs,12
bd_shs,67
bd_shs,79
bd_shs,14
bd_shs,69
bd_shs,28
bd_shs,35
bd_shs,187
bd_shs,105
bd_shs,66
bd_shs,32
bd_shs,55
bd_shs,56
bd_shs,43
bd_shs,207
bd_shs,102
bd_shs,17
bd_shs,59
bd_shs,91
bd_shs,30
bd_shs,27
bd_shs,13
bd_shs,5
bd_shs,31
bd_shs,71
bd_shs,15
bd_shs,72
bd_shs,41
bd_shs,14
bd_shs,24
bd_shs,16
bd_shs,29
bd_shs,89
bd_shs,38
bd_shs,61
bd_shs,53
bd_shs,37
bd_shs,20
bd_shs,255
bd_shs,18
bd_shs,110
bd_shs,37
bd_shs,16
bd_shs,11
bd_shs,31
bd_shs,94
bd_shs,117
bd_shs,39
bd_shs,69
bd_shs,30
bd_shs,42
bd_shs,39
bd_shs,23
bd_shs,29
bd_shs,14
bd_shs,11
bd_shs,177
bd_shs,45
bd_shs,88
bd_shs,47
bd_shs,17
bd_shs,157
bd_shs,13
bd_shs,5
bd_shs,28
bd_shs,44
bd_shs,196
bd_shs,22
bd_shs,32
bd_shs,62
bd_shs,89
bd_shs,39
bd_shs,34
bd_shs,100
bd_shs,22
bd_shs,42
bd_shs,63
bd_shs,66
bd_shs,31
bd_shs,44
bd_shs,22
bd_shs,19
bd_shs,33
bd_shs,36
bd_shs,8
bd_shs,20
bd_shs,9
bd_shs,14
bd_shs,28
bd_shs,42
bd_shs,40
bd_shs,26
bd_shs,34
bd_shs,15
bd_shs,24
bd_shs,31
bd_shs,52
bd_shs,135
bd_shs,57
bd_shs,47
bd_shs,198
bd_shs,35
bd_shs,10
bd_shs,21
bd_shs,104
bd_shs,41
bd_shs,14
bd_shs,356
bd_shs,133
bd_shs,48
bd_shs,86
bd_shs,63
bd_shs,35
bd_shs,61
bd_shs,52
bd_shs,48
bd_shs,39
bd_shs,19
bd_shs,78
bd_shs,68
bd_shs,11
bd_shs,6
bd_shs,140
bd_shs,30
bd_shs,25
bd_shs,19
bd_shs,69
bd_shs,18
bd_shs,84
bd_shs,13
bd_shs,117
bd_shs,42
bd_shs,14
bd_shs,483
bd_shs,108
bd_shs,6
bd_shs,15
bd_shs,28
bd_shs,156
bd_shs,11
bd_shs,61
bd_shs,25
bd_shs,165
bd_shs,34
bd_shs,14
bd_shs,63
bd_shs,18
bd_shs,25
bd_shs,14
bd_shs,20
bd_shs,26
bd_shs,43
bd_shs,24
bd_shs,17
bd_shs,40
bd_shs,102
bd_shs,23
bd_shs,7
bd_shs,42
bd_shs,249
bd_shs,43
bd_shs,118
bd_shs,114
bd_shs,15
bd_shs,77
bd_shs,29
bd_shs,378
bd_shs,93
bd_shs,18
bd_shs,20
bd_shs,62
bd_shs,154
bd_shs,68
bd_shs,6
bd_shs,28
bd_shs,10
bd_shs,35
bd_shs,15
bd_shs,36
bd_shs,74
bd_shs,9
bd_shs,246
bd_shs,35
bd_shs,52
bd_shs,135
bd_shs,363
bd_shs,27
bd_shs,36
bd_shs,23
bd_shs,12
bd_shs,108
bd_shs,29
bd_shs,18
bd_shs,40
bd_shs,21
bd_shs,167
bd_shs,10
bd_shs,23
bd_shs,7
bd_shs,8
bd_shs,21
bd_shs,10
bd_shs,53
bd_shs,29
bd_shs,84
bd_shs,26
bd_shs,34
bd_shs,11
bd_shs,14
bd_shs,8
bd_shs,22
bd_shs,44
bd_shs,134
bd_shs,116
bd_shs,49
bd_shs,37
bd_shs,19
bd_shs,63
bd_shs,22
bd_shs,105
bd_shs,79
bd_shs,22
bd_shs,24
bd_shs,100
bd_shs,33
bd_shs,119
bd_shs,43
bd_shs,31
bd_shs,82
bd_shs,22
bd_shs,83
bd_shs,24
bd_shs,146
bd_shs,20
bd_shs,75
bd_shs,39
bd_shs,35
bd_shs,2
bd_shs,27
bd_shs,48
bd_shs,20
bd_shs,101
bd_shs,6
bd_shs,15
bd_shs,8
bd_shs,77
bd_shs,6
bd_shs,14
bd_shs,46
bd_shs,13
bd_shs,56
bd_shs,127
bd_shs,15
bd_shs,47
bd_shs,34
bd_shs,17
bd_shs,12
bd_shs,40
bd_shs,19
bd_shs,18
bd_shs,6
bd_shs,19
bd_shs,74
bd_shs,9
bd_shs,8
bd_shs,22
bd_shs,37
bd_shs,22
bd_shs,71
bd_shs,6
bd_shs,5
bd_shs,5
bd_shs,30
bd_shs,12
bd_shs,521
bd_shs,35
bd_shs,33
bd_shs,148
bd_shs,13
bd_shs,14
bd_shs,17
bd_shs,5
bd_shs,10
bd_shs,11
bd_shs,11
bd_shs,2
bd_shs,29
bd_shs,27
bd_shs,58
bd_shs,6
bd_shs,51
bd_shs,27
bd_shs,15
bd_shs,16
bd_shs,38
bd_shs,24
bd_shs,20
bd_shs,5
bd_shs,8
bd_shs,31
bd_shs,8
bd_shs,26
bd_shs,10
bd_shs,7
bd_shs,10
bd_shs,11
bd_shs,75
bd_shs,5
bd_shs,25
bd_shs,71
bd_shs,25
bd_shs,35
bd_shs,46
bd_shs,56
bd_shs,18
bd_shs,28
bd_shs,37
bd_shs,6
bd_shs,60
bd_shs,51
bd_shs,13
bd_shs,9
bd_shs,13
bd_shs,6
bd_shs,24
bd_shs,32
bd_shs,359
bd_shs,12
bd_shs,9
bd_shs,17
bd_shs,11
bd_shs,14
bd_shs,5
bd_shs,103
bd_shs,17
bd_shs,14
bd_shs,23
bd_shs,8
bd_shs,13
bd_shs,8
bd_shs,26
bd_shs,6
bd_shs,33
bd_shs,27
bd_shs,10
bd_shs,60
bd_shs,14
bd_shs,20
bd_shs,33
bd_shs,56
bd_shs,44
bd_shs,21
bd_shs,21
bd_shs,55
bd_shs,120
bd_shs,16
bd_shs,35
bd_shs,27
bd_shs,17
bd_shs,41
bd_shs,11
bd_shs,114
bd_shs,225
bd_shs,11
bd_shs,8
bd_shs,14
bd_shs,13
bd_shs,23
bd_shs,34
bd_shs,16
bd_shs,27
bd_shs,17
bd_shs,16
bd_shs,240
bd_shs,20
bd_shs,22
bd_shs,18
bd_shs,20
bd_shs,32
bd_shs,26
bd_shs,13
bd_shs,11
bd_shs,43
bd_shs,29
bd_shs,17
bd_shs,14
bd_shs,128
bd_shs,20
bd_shs,16
bd_shs,12
bd_shs,29
bd_shs,22
bd_shs,29
bd_shs,6
bd_shs,8
bd_shs,11
bd_shs,12
bd_shs,24
bd_shs,25
bd_shs,35
bd_shs,48
bd_shs,24
bd_shs,56
bd_shs,223
bd_shs,51
bd_shs,26
bd_shs,20
bd_shs,28
bd_shs,18
bd_shs,12
bd_shs,88
bd_shs,74
bd_shs,28
bd_shs,51
bd_shs,109
bd_shs,18
bd_shs,23
bd_shs,23
bd_shs,41
bd_shs,52
bd_shs,67
bd_shs,27
bd_shs,34
bd_shs,75
bd_shs,15
bd_shs,32
bd_shs,18
bd_shs,41
bd_shs,17
bd_shs,72
bd_shs,142
bd_shs,32
bd_shs,82
bd_shs,69
bd_shs,22
bd_shs,59
bd_shs,59
bd_shs,40
bd_shs,41
bd_shs,25
bd_shs,34
bd_shs,11
bd_shs,39
bd_shs,15
bd_shs,44
bd_shs,99
bd_shs,88
bd_shs,101
bd_shs,53
bd_shs,26
bd_shs,158
bd_shs,51
bd_shs,28
bd_shs,19
bd_shs,109
bd_shs,99
bd_shs,33
bd_shs,23
bd_shs,22
bd_shs,84
bd_shs,23
bd_shs,75
bd_shs,57
bd_shs,29
bd_shs,43
bd_shs,54
bd_shs,36
bd_shs,45
bd_shs,58
bd_shs,32
bd_shs,26
bd_shs,84
bd_shs,22
bd_shs,21
bd_shs,31
bd_shs,58
bd_shs,24
bd_shs,11
bd_shs,14
bd_shs,62
bd_shs,78
bd_shs,120
bd_shs,136
bd_shs,66
bd_shs,36
bd_shs,45
bd_shs,10
bd_shs,118
bd_shs,37
bd_shs,67
bd_shs,8
bd_shs,53
bd_shs,11
bd_shs,41
bd_shs,85
bd_shs,66
bd_shs,78
bd_shs,93
bd_shs,21
bd_shs,23
bd_shs,11
bd_shs,24
bd_shs,162
bd_shs,39
bd_shs,13
bd_shs,2
bd_shs,37
bd_shs,10
bd_shs,6
bd_shs,22
bd_shs,18
bd_shs,67
bd_shs,22
bd_shs,21
bd_shs,22
bd_shs,2
bd_shs,6
bd_shs,29
bd_shs,71
bd_shs,93
bd_shs,11
bd_shs,26
bd_shs,23
bd_shs,30
bd_shs,15
bd_shs,100
bd_shs,66
bd_shs,97
bd_shs,23
bd_shs,240
bd_shs,50
bd_shs,42
bd_shs,44
bd_shs,7
bd_shs,6
bd_shs,7
bd_shs,95
bd_shs,5
bd_shs,14
bd_shs,30
bd_shs,137
bd_shs,50
bd_shs,9
bd_shs,30
bd_shs,58
bd_shs,37
bd_shs,18
bd_shs,41
bd_shs,24
bd_shs,44
bd_shs,31
bd_shs,19
bd_shs,23
bd_shs,29
bd_shs,13
bd_shs,46
bd_shs,22
bd_shs,5
bd_shs,8
bd_shs,24
bd_shs,6
bd_shs,65
bd_shs,184
bd_shs,9
bd_shs,15
bd_shs,7
bd_shs,24
bd_shs,35
bd_shs,24
bd_shs,74
bd_shs,35
bd_shs,8
bd_shs,75
bd_shs,24
bd_shs,13
bd_shs,92
bd_shs,7
bd_shs,33
bd_shs,17
bd_shs,9
bd_shs,6
bd_shs,6
bd_shs,30
bd_shs,6
bd_shs,6
bd_shs,59
bd_shs,78
bd_shs,27
bd_shs,46
bd_shs,216
bd_shs,146
bd_shs,194
bd_shs,20
bd_shs,20
bd_shs,23
bd_shs,32
bd_shs,7
bd_shs,41
bd_shs,7
bd_shs,14
bd_shs,29
bd_shs,11
bd_shs,67
bd_shs,17
bd_shs,23
bd_shs,18
bd_shs,12
bd_shs,53
bd_shs,13
bd_shs,16
bd_shs,14
bd_shs,70
bd_shs,33
bd_shs,14
bd_shs,24
bd_shs,100
bd_shs,51
bd_shs,9
bd_shs,16
bd_shs,26
bd_shs,12
bd_shs,7
bd_shs,32
bd_shs,46
bd_shs,29
bd_shs,61
bd_shs,45
bd_shs,8
bd_shs,12
bd_shs,32
bd_shs,17
bd_shs,44
bd_shs,31
bd_shs,83
bd_shs,69
bd_shs,7
bd_shs,19
bd_shs,33
bd_shs,18
bd_shs,12
bd_shs,89
bd_shs,10
bd_shs,30
bd_shs,18
bd_shs,18
bd_shs,181
bd_shs,80
bd_shs,30
bd_shs,13
bd_shs,27
bd_shs,49
bd_shs,41
bd_shs,27
bd_shs,70
bd_shs,41
bd_shs,44
bd_shs,16
bd_shs,23
bd_shs,13
bd_shs,23
bd_shs,23
bd_shs,18
bd_shs,17
bd_shs,68
bd_shs,38
bd_shs,33
bd_shs,13
bd_shs,74
bd_shs,30
bd_shs,19
bd_shs,63
bd_shs,26
bd_shs,30
bd_shs,88
bd_shs,59
bd_shs,13
bd_shs,106
bd_shs,51
bd_shs,16
bd_shs,18
bd_shs,67
bd_shs,46
bd_shs,106
bd_shs,31
bd_shs,17
bd_shs,46
bd_shs,12
bd_shs,28
bd_shs,25
bd_shs,174
bd_shs,11
bd_shs,21
bd_shs,15
bd_shs,18
bd_shs,30
bd_shs,14
bd_shs,21
bd_shs,14
bd_shs,17
bd_shs,20
bd_shs,15
bd_shs,24
bd_shs,26
bd_shs,16
bd_shs,60
bd_shs,55
bd_shs,44
bd_shs,21
bd_shs,22
bd_shs,39
bd_shs,12
bd_shs,53
bd_shs,13
bd_shs,48
bd_shs,25
bd_shs,10
bd_shs,73
bd_shs,21
bd_shs,20
bd_shs,39
bd_shs,54
bd_shs,17
bd_shs,79
bd_shs,6
bd_shs,18
bd_shs,16
bd_shs,33
bd_shs,102
bd_shs,49
bd_shs,57
bd_shs,28
bd_shs,30
bd_shs,88
bd_shs,43
bd_shs,14
bd_shs,24
bd_shs,14
bd_shs,11
bd_shs,104
bd_shs,51
bd_shs,46
bd_shs,64
bd_shs,33
bd_shs,33
bd_shs,50
bd_shs,20
bd_shs,52
bd_shs,14
bd_shs,11
bd_shs,23
bd_shs,58
bd_shs,28
bd_shs,20
bd_shs,32
bd_shs,21
bd_shs,14
bd_shs,24
bd_shs,28
bd_shs,29
bd_shs,19
bd_shs,28
bd_shs,14
bd_shs,19
bd_shs,75
bd_shs,31
bd_shs,44
bd_shs,90
bd_shs,29
bd_shs,27
bd_shs,3
bd_shs,19
bd_shs,413
bd_shs,7
bd_shs,52
bd_shs,27
bd_shs,185
bd_shs,27
bd_shs,21
bd_shs,133
bd_shs,63
bd_shs,113
bd_shs,92
bd_shs,7
bd_shs,3
bd_shs,13
bd_shs,7
bd_shs,65
bd_shs,35
bd_shs,7
bd_shs,9
bd_shs,18
bd_shs,70
bd_shs,50
bd_shs,137
bd_shs,17
bd_shs,13
bd_shs,32
bd_shs,49
bd_shs,11
bd_shs,20
bd_shs,18
bd_shs,21
bd_shs,73
bd_shs,659
bd_shs,49
bd_shs,32
bd_shs,40
bd_shs,45
bd_shs,18
bd_shs,13
bd_shs,35
bd_shs,100
bd_shs,52
bd_shs,46
bd_shs,21
bd_shs,11
bd_shs,45
bd_shs,276
bd_shs,32
bd_shs,121
bd_shs,18
bd_shs,9
bd_shs,7
bd_shs,36
bd_shs,15
bd_shs,3
bd_shs,41
bd_shs,14
bd_shs,15
bd_shs,8
bd_shs,44
bd_shs,5
bd_shs,22
bd_shs,28
bd_shs,74
bd_shs,62
bd_shs,33
bd_shs,53
bd_shs,6
bd_shs,37
bd_shs,11
bd_shs,81
bd_shs,361
bd_shs,7
bd_shs,37
bd_shs,23
bd_shs,30
bd_shs,17
bd_shs,18
bd_shs,25
bd_shs,34
bd_shs,34
bd_shs,14
bd_shs,16
bd_shs,24
bd_shs,14
bd_shs,22
bd_shs,44
bd_shs,23
bd_shs,2
bd_shs,6
bd_shs,22
bd_shs,19
bd_shs,6
bd_shs,9
bd_shs,40
bd_shs,29
bd_shs,8
bd_shs,111
bd_shs,21
bd_shs,30
bd_shs,6
bd_shs,11
bd_shs,87
bd_shs,11
bd_shs,48
bd_shs,42
bd_shs,45
bd_shs,33
bd_shs,263
bd_shs,63
bd_shs,73
bd_shs,71
bd_shs,49
bd_shs,25
bd_shs,22
bd_shs,43
bd_shs,23
bd_shs,11
bd_shs,59
bd_shs,30
bd_shs,157
bd_shs,10
bd_shs,9
bd_shs,7
bd_shs,23
bd_shs,33
bd_shs,65
bd_shs,11
bd_shs,39
bd_shs,39
bd_shs,54
bd_shs,506
bd_shs,17
bd_shs,31
bd_shs,45
bd_shs,23
bd_shs,44
bd_shs,144
bd_shs,67
bd_shs,95
bd_shs,141
bd_shs,14
bd_shs,27
bd_shs,71
bd_shs,20
bd_shs,69
bd_shs,41
bd_shs,168
bd_shs,111
bd_shs,133
bd_shs,23
bd_shs,8
bd_shs,144
bd_shs,29
bd_shs,23
bd_shs,38
bd_shs,147
bd_shs,6
bd_shs,55
bd_shs,33
bd_shs,164
bd_shs,39
bd_shs,77
bd_shs,185
bd_shs,47
bd_shs,15
bd_shs,18
bd_shs,23
bd_shs,181
bd_shs,19
bd_shs,34
bd_shs,17
bd_shs,8
bd_shs,90
bd_shs,66
bd_shs,219
bd_shs,18
bd_shs,20
bd_shs,21
bd_shs,28
bd_shs,56
bd_shs,16
bd_shs,15
bd_shs,214
bd_shs,23
bd_shs,118
bd_shs,23
bd_shs,21
bd_shs,32
bd_shs,74
bd_shs,10
bd_shs,13
bd_shs,11
bd_shs,42
bd_shs,28
bd_shs,184
bd_shs,77
bd_shs,42
bd_shs,40
bd_shs,186
bd_shs,45
bd_shs,30
bd_shs,43
bd_shs,29
bd_shs,36
bd_shs,13
bd_shs,17
bd_shs,20
bd_shs,68
bd_shs,176
bd_shs,50
bd_shs,8
bd_shs,11
bd_shs,11
bd_shs,74
bd_shs,13
bd_shs,21
bd_shs,25
bd_shs,25
bd_shs,30
bd_shs,73
bd_shs,18
bd_shs,19
bd_shs,107
bd_shs,13
bd_shs,24
bd_shs,24
bd_shs,17
bd_shs,30
bd_shs,25
bd_shs,21
bd_shs,10
bd_shs,5
bd_shs,168
bd_shs,19
bd_shs,271
bd_shs,34
bd_shs,26
bd_shs,7
bd_shs,28
bd_shs,14
bd_shs,18
bd_shs,41
bd_shs,123
bd_shs,20
bd_shs,768
bd_shs,39
bd_shs,102
bd_shs,88
bd_shs,20
bd_shs,23
bd_shs,12
bd_shs,52
bd_shs,12
bd_shs,5
bd_shs,9
bd_shs,28
bd_shs,52
bd_shs,4
bd_shs,12
bd_shs,9
bd_shs,42
bd_shs,90
bd_shs,17
bd_shs,35
bd_shs,24
bd_shs,91
bd_shs,29
bd_shs,42
bd_shs,32
bd_shs,32
bd_shs,8
bd_shs,5
bd_shs,42
bd_shs,77
bd_shs,46
bd_shs,7
bd_shs,11
bd_shs,70
bd_shs,6
bd_shs,5
bd_shs,21
bd_shs,23
bd_shs,41
bd_shs,13
bd_shs,22
bd_shs,28
bd_shs,20
bd_shs,135
bd_shs,37
bd_shs,40
bd_shs,20
bd_shs,7
bd_shs,12
bd_shs,87
bd_shs,18
bd_shs,37
bd_shs,51
bd_shs,38
bd_shs,31
bd_shs,4
bd_shs,16
bd_shs,61
bd_shs,17
bd_shs,52
bd_shs,29
bd_shs,34
bd_shs,40
bd_shs,35
bd_shs,19
bd_shs,32
bd_shs,8
bd_shs,279
bd_shs,75
bd_shs,63
bd_shs,25
bd_shs,102
bd_shs,32
bd_shs,39
bd_shs,48
bd_shs,17
bd_shs,23
bd_shs,23
bd_shs,32
bd_shs,25
bd_shs,16
bd_shs,16
bd_shs,58
bd_shs,32
bd_shs,20
bd_shs,69
bd_shs,51
bd_shs,56
bd_shs,37
bd_shs,20
bd_shs,6
bd_shs,13
bd_shs,21
bd_shs,43
bd_shs,13
bd_shs,12
bd_shs,8
bd_shs,23
bd_shs,14
bd_shs,45
bd_shs,18
bd_shs,11
bd_shs,9
bd_shs,18
bd_shs,26
bd_shs,29
bd_shs,30
bd_shs,24
bd_shs,49
bd_shs,26
bd_shs,47
bd_shs,56
bd_shs,73
bd_shs,95
bd_shs,79
bd_shs,19
bd_shs,37
bd_shs,57
bd_shs,18
bd_shs,35
bd_shs,21
bd_shs,80
bd_shs,35
bd_shs,24
bd_shs,85
bd_shs,28
bd_shs,24
bd_shs,51
bd_shs,18
bd_shs,27
bd_shs,18
bd_shs,84
bd_shs,21
bd_shs,13
bd_shs,23
bd_shs,68
bd_shs,21
bd_shs,37
bd_shs,17
bd_shs,28
bd_shs,20
bd_shs,21
bd_shs,241
bd_shs,47
bd_shs,132
bd_shs,76
bd_shs,132
bd_shs,33
bd_shs,6
bd_shs,71
bd_shs,18
bd_shs,40
bd_shs,43
bd_shs,13
bd_shs,14
bd_shs,222
bd_shs,21
bd_shs,24
bd_shs,9
bd_shs,79
bd_shs,39
bd_shs,17
bd_shs,19
bd_shs,88
bd_shs,27
bd_shs,35
bd_shs,29
bd_shs,31
bd_shs,75
bd_shs,17
bd_shs,21
bd_shs,32
bd_shs,34
bd_shs,24
bd_shs,36
bd_shs,26
bd_shs,57
bd_shs,156
bd_shs,22
bd_shs,24
bd_shs,11
bd_shs,15
bd_shs,14
bd_shs,34
bd_shs,13
bd_shs,55
bd_shs,59
bd_shs,5
bd_shs,16
bd_shs,21
bd_shs,50
bd_shs,41
bd_shs,26
bd_shs,16
bd_shs,8
bd_shs,53
bd_shs,35
bd_shs,27
bd_shs,30
bd_shs,207
bd_shs,21
bd_shs,24
bd_shs,37
bd_shs,7
bd_shs,69
bd_shs,33
bd_shs,23
bd_shs,9
bd_shs,51
bd_shs,8
bd_shs,33
bd_shs,30
bd_shs,34
bd_shs,26
bd_shs,43
bd_shs,27
bd_shs,16
bd_shs,52
bd_shs,14
bd_shs,88
bd_shs,21
bd_shs,25
bd_shs,9
bd_shs,7
bd_shs,13
bd_shs,42
bd_shs,20
bd_shs,18
bd_shs,16
bd_shs,24
bd_shs,10
bd_shs,18
bd_shs,27
bd_shs,14
bd_shs,21
bd_shs,21
bd_shs,24
bd_shs,11
bd_shs,15
bd_shs,56
bd_shs,138
bd_shs,15
bd_shs,20
bd_shs,13
bd_shs,112
bd_shs,39
bd_shs,32
bd_shs,29
bd_shs,19
bd_shs,8
bd_shs,24
bd_shs,47
bd_shs,83
bd_shs,119
bd_shs,93
bd_shs,2
bd_shs,61
bd_shs,18
bd_shs,29
bd_shs,408
bd_shs,39
bd_shs,121
bd_shs,35
bd_shs,213
bd_shs,13
bd_shs,7
bd_shs,24
bd_shs,21
bd_shs,8
bd_shs,30
bd_shs,86
bd_shs,17
bd_shs,21
bd_shs,48
bd_shs,13
bd_shs,20
bd_shs,28
bd_shs,16
bd_shs,42
bd_shs,218
bd_shs,29
bd_shs,57
bd_shs,237
bd_shs,27
bd_shs,30
bd_shs,6
bd_shs,23
bd_shs,14
bd_shs,55
bd_shs,64
bd_shs,140
bd_shs,46
bd_shs,35
bd_shs,103
bd_shs,5
bd_shs,52
bd_shs,140
bd_shs,14
bd_shs,9
bd_shs,18
bd_shs,10
bd_shs,56
bd_shs,52
bd_shs,10
bd_shs,22
bd_shs,149
bd_shs,156
bd_shs,149
bd_shs,10
bd_shs,47
bd_shs,45
bd_shs,36
bd_shs,23
bd_shs,10
bd_shs,25
bd_shs,23
bd_shs,24
bd_shs,9
bd_shs,70
bd_shs,24
bd_shs,13
bd_shs,12
bd_shs,13
bd_shs,22
bd_shs,22
bd_shs,27
bd_shs,22
bd_shs,6
bd_shs,22
bd_shs,18
bd_shs,66
bd_shs,54
bd_shs,37
bd_shs,14
bd_shs,27
bd_shs,119
bd_shs,78
bd_shs,13
bd_shs,13
bd_shs,36
bd_shs,24
bd_shs,20
bd_shs,159
bd_shs,14
bd_shs,10
bd_shs,124
bd_shs,58
bd_shs,85
bd_shs,26
bd_shs,37
bd_shs,19
bd_shs,18
bd_shs,83
bd_shs,37
bd_shs,6
bd_shs,6
bd_shs,244
bd_shs,41
bd_shs,137
bd_shs,67
bd_shs,21
bd_shs,9
bd_shs,9
bd_shs,9
bd_shs,31
bd_shs,17
bd_shs,43
bd_shs,13
bd_shs,82
bd_shs,37
bd_shs,10
bd_shs,212
bd_shs,60
bd_shs,57
bd_shs,14
bd_shs,109
bd_shs,130
bd_shs,295
bd_shs,33
bd_shs,24
bd_shs,24
bd_shs,48
bd_shs,78
bd_shs,121
bd_shs,11
bd_shs,32
bd_shs,7
bd_shs,18
bd_shs,9
bd_shs,33
bd_shs,83
bd_shs,24
bd_shs,16
bd_shs,22
bd_shs,23
bd_shs,14
bd_shs,19
bd_shs,32
bd_shs,84
bd_shs,25
bd_shs,12
bd_shs,9
bd_shs,19
bd_shs,22
bd_shs,180
bd_shs,12
bd_shs,27
bd_shs,25
bd_shs,8
bd_shs,36
bd_shs,31
bd_shs,13
bd_shs,22
bd_shs,10
bd_shs,8
bd_shs,19
bd_shs,14
bd_shs,8
bd_shs,33
bd_shs,16
bd_shs,43
bd_shs,19
bd_shs,9
bd_shs,63
bd_shs,156
bd_shs,123
bd_shs,10
bd_shs,18
bd_shs,190
bd_shs,46
bd_shs,27
bd_shs,161
bd_shs,40
bd_shs,45
bd_shs,10
bd_shs,19
bd_shs,19
bd_shs,17
bd_shs,17
bd_shs,103
bd_shs,22
bd_shs,48
bd_shs,101
bd_shs,64
bd_shs,30
bd_shs,14
bd_shs,14
bd_shs,20
bd_shs,8
bd_shs,13
bd_shs,101
bd_shs,7
bd_shs,19
bd_shs,86
bd_shs,14
bd_shs,29
bd_shs,40
bd_shs,42
bd_shs,52
bd_shs,11
bd_shs,11
bd_shs,16
bd_shs,54
bd_shs,28
bd_shs,14
bd_shs,10
bd_shs,27
bd_shs,29
bd_shs,32
bd_shs,73
bd_shs,13
bd_shs,13
bd_shs,30
bd_shs,8
bd_shs,57
bd_shs,17
bd_shs,12
bd_shs,13
bd_shs,10
bd_shs,14
bd_shs,35
bd_shs,13
bd_shs,70
bd_shs,7
bd_shs,32
bd_shs,41
bd_shs,43
bd_shs,18
bd_shs,6
bd_shs,12
bd_shs,8
bd_shs,23
bd_shs,30
bd_shs,21
bd_shs,32
bd_shs,25
bd_shs,26
bd_shs,10
bd_shs,26
bd_shs,41
bd_shs,40
bd_shs,75
bd_shs,24
bd_shs,88
bd_shs,12
bd_shs,21
bd_shs,35
bd_shs,13
bd_shs,138
bd_shs,5
bd_shs,3
bd_shs,24
bd_shs,22
bd_shs,60
bd_shs,97
bd_shs,69
bd_shs,28
bd_shs,9
bd_shs,72
bd_shs,16
bd_shs,18
bd_shs,41
bd_shs,59
bd_shs,70
bd_shs,29
bd_shs,66
bd_shs,23
bd_shs,21
bd_shs,152
bd_shs,58
bd_shs,34
bd_shs,10
bd_shs,19
bd_shs,131
bd_shs,12
bd_shs,22
bd_shs,43
bd_shs,24
bd_shs,309
bd_shs,39
bd_shs,18
bd_shs,38
bd_shs,103
bd_shs,29
bd_shs,8
bd_shs,73
bd_shs,54
bd_shs,147
bd_shs,56
bd_shs,21
bd_shs,26
bd_shs,79
bd_shs,9
bd_shs,20
bd_shs,56
bd_shs,92
bd_shs,10
bd_shs,81
bd_shs,32
bd_shs,933
bd_shs,45
bd_shs,47
bd_shs,156
bd_shs,53
bd_shs,58
bd_shs,215
bd_shs,13
bd_shs,151
bd_shs,15
bd_shs,27
bd_shs,13
bd_shs,15
bd_shs,37
bd_shs,85
bd_shs,26
bd_shs,43
bd_shs,34
bd_shs,17
bd_shs,77
bd_shs,17
bd_shs,35
bd_shs,19
bd_shs,35
bd_shs,28
bd_shs,80
bd_shs,16
bd_shs,38
bd_shs,41
bd_shs,24
bd_shs,24
bd_shs,30
bd_shs,88
bd_shs,269
bd_shs,20
bd_shs,7
bd_shs,39
bd_shs,15
bd_shs,47
bd_shs,24
bd_shs,51
bd_shs,27
bd_shs,9
bd_shs,21
bd_shs,88
bd_shs,72
bd_shs,20
bd_shs,29
bd_shs,100
bd_shs,32
bd_shs,73
bd_shs,61
bd_shs,21
bd_shs,59
bd_shs,19
bd_shs,29
bd_shs,37
bd_shs,72
bd_shs,52
bd_shs,25
bd_shs,21
bd_shs,359
bd_shs,29
bd_shs,11
bd_shs,10
bd_shs,22
bd_shs,11
bd_shs,23
bd_shs,10
bd_shs,21
bd_shs,13
bd_shs,40
bd_shs,133
bd_shs,10
bd_shs,95
bd_shs,10
bd_shs,64
bd_shs,90
bd_shs,33
bd_shs,11
bd_shs,34
bd_shs,546
bd_shs,165
bd_shs,27
bd_shs,24
bd_shs,78
bd_shs,14
bd_shs,29
bd_shs,32
bd_shs,26
bd_shs,28
bd_shs,12
bd_shs,15
bd_shs,35
bd_shs,20
bd_shs,15
bd_shs,23
bd_shs,40
bd_shs,27
bd_shs,15
bd_shs,28
bd_shs,58
bd_shs,24
bd_shs,19
bd_shs,22
bd_shs,32
bd_shs,11
bd_shs,19
bd_shs,150
bd_shs,14
bd_shs,11
bd_shs,17
bd_shs,14
bd_shs,19
bd_shs,14
bd_shs,24
bd_shs,8
bd_shs,17
bd_shs,24
bd_shs,90
bd_shs,10
bd_shs,14
bd_shs,18
bd_shs,15
bd_shs,6
bd_shs,6
bd_shs,25
bd_shs,11
bd_shs,23
bd_shs,23
bd_shs,21
bd_shs,27
bd_shs,23
bd_shs,50
bd_shs,111
bd_shs,26
bd_shs,55
bd_shs,62
bd_shs,59
bd_shs,12
bd_shs,79
bd_shs,18
bd_shs,23
bd_shs,48
bd_shs,27
bd_shs,18
bd_shs,979
bd_shs,32
bd_shs,12
bd_shs,11
bd_shs,27
bd_shs,270
bd_shs,144
bd_shs,26
bd_shs,44
bd_shs,34
bd_shs,55
bd_shs,12
bd_shs,11
bd_shs,11
bd_shs,19
bd_shs,57
bd_shs,19
bd_shs,19
bd_shs,17
bd_shs,37
bd_shs,23
bd_shs,51
bd_shs,38
bd_shs,31
bd_shs,10
bd_shs,12
bd_shs,35
bd_shs,33
bd_shs,63
bd_shs,27
bd_shs,11
bd_shs,21
bd_shs,5
bd_shs,31
bd_shs,19
bd_shs,56
bd_shs,126
bd_shs,26
bd_shs,20
bd_shs,33
bd_shs,40
bd_shs,16
bd_shs,12
bd_shs,31
bd_shs,17
bd_shs,25
bd_shs,18
bd_shs,10
bd_shs,43
bd_shs,93
bd_shs,15
bd_shs,48
bd_shs,18
bd_shs,18
bd_shs,30
bd_shs,28
bd_shs,108
bd_shs,2
bd_shs,15
bd_shs,120
bd_shs,57
bd_shs,21
bd_shs,27
bd_shs,36
bd_shs,17
bd_shs,10
bd_shs,40
bd_shs,18
bd_shs,38
bd_shs,20
bd_shs,4
bd_shs,15
bd_shs,124
bd_shs,10
bd_shs,9
bd_shs,17
bd_shs,57
bd_shs,8
bd_shs,7
bd_shs,16
bd_shs,41
bd_shs,11
bd_shs,10
bd_shs,37
bd_shs,48
bd_shs,29
bd_shs,19
bd_shs,11
bd_shs,12
bd_shs,32
bd_shs,10
bd_shs,78
bd_shs,10
bd_shs,24
bd_shs,29
bd_shs,12
bd_shs,19
bd_shs,7
bd_shs,20
bd_shs,62
bd_shs,131
bd_shs,17
bd_shs,17
bd_shs,9
bd_shs,16
bd_shs,2
bd_shs,23
bd_shs,44
bd_shs,12
bd_shs,14
bd_shs,41
bd_shs,14
bd_shs,15
bd_shs,12
bd_shs,43
bd_shs,15
bd_shs,23
bd_shs,63
bd_shs,48
bd_shs,15
bd_shs,41
bd_shs,15
bd_shs,17
bd_shs,34
bd_shs,86
bd_shs,47
bd_shs,115
bd_shs,146
bd_shs,156
bd_shs,7
bd_shs,23
bd_shs,27
bd_shs,36
bd_shs,14
bd_shs,18
bd_shs,29
bd_shs,56
bd_shs,10
bd_shs,8
bd_shs,34
bd_shs,21
bd_shs,60
bd_shs,67
bd_shs,36
bd_shs,55
bd_shs,42
bd_shs,25
bd_shs,60
bd_shs,11
bd_shs,46
bd_shs,968
bd_shs,24
bd_shs,45
bd_shs,9
bd_shs,13
bd_shs,170
bd_shs,50
bd_shs,38
bd_shs,95
bd_shs,3
bd_shs,2
bd_shs,28
bd_shs,8
bd_shs,8
bd_shs,85
bd_shs,64
bd_shs,14
bd_shs,124
bd_shs,31
bd_shs,29
bd_shs,4
bd_shs,19
bd_shs,16
bd_shs,23
bd_shs,49
bd_shs,62
bd_shs,32
bd_shs,99
bd_shs,167
bd_shs,132
bd_shs,166
bd_shs,117
bd_shs,345
bd_shs,51
bd_shs,55
bd_shs,57
bd_shs,35
bd_shs,47
bd_shs,73
bd_shs,73
bd_shs,38
bd_shs,49
bd_shs,60
bd_shs,33
bd_shs,161
bd_shs,109
bd_shs,86
bd_shs,129
bd_shs,23
bd_shs,165
bd_shs,132
bd_shs,101
bd_shs,21
bd_shs,103
bd_shs,86
bd_shs,19
bd_shs,13
bd_shs,15
bd_shs,77
bd_shs,11
bd_shs,31
bd_shs,11
bd_shs,12
bd_shs,39
bd_shs,11
bd_shs,9
bd_shs,207
bd_shs,25
bd_shs,221
bd_shs,95
bd_shs,574
bd_shs,46
bd_shs,55
bd_shs,37
bd_shs,85
bd_shs,17
bd_shs,38
bd_shs,29
bd_shs,45
bd_shs,24
bd_shs,25
bd_shs,27
bd_shs,11
bd_shs,23
bd_shs,16
bd_shs,26
bd_shs,30
bd_shs,6
bd_shs,11
bd_shs,42
bd_shs,67
bd_shs,53
bd_shs,55
bd_shs,82
bd_shs,23
bd_shs,146
bd_shs,136
bd_shs,49
bd_shs,80
bd_shs,53
bd_shs,48
bd_shs,35
bd_shs,47
bd_shs,83
bd_shs,73
bd_shs,73
bd_shs,32
bd_shs,28
bd_shs,61
bd_shs,95
bd_shs,28
bd_shs,44
bd_shs,290
bd_shs,56
bd_shs,50
bd_shs,44
bd_shs,73
bd_shs,58
bd_shs,22
bd_shs,27
bd_shs,26
bd_shs,26
bd_shs,24
bd_shs,52
bd_shs,152
bd_shs,126
bd_shs,122
bd_shs,63
bd_shs,1040
bd_shs,29
bd_shs,55
bd_shs,16
bd_shs,28
bd_shs,45
bd_shs,2
bd_shs,12
bd_shs,27
bd_shs,98
bd_shs,46
bd_shs,17
bd_shs,50
bd_shs,19
bd_shs,124
bd_shs,12
bd_shs,106
bd_shs,26
bd_shs,14
bd_shs,23
bd_shs,72
bd_shs,22
bd_shs,72
bd_shs,22
bd_shs,36
bd_shs,28
bd_shs,69
bd_shs,21
bd_shs,11
bd_shs,33
bd_shs,136
bd_shs,47
bd_shs,18
bd_shs,46
bd_shs,28
bd_shs,24
bd_shs,139
bd_shs,30
bd_shs,17
bd_shs,18
bd_shs,16
bd_shs,19
bd_shs,8
bd_shs,24
bd_shs,578
bd_shs,63
bd_shs,67
bd_shs,31
bd_shs,86
bd_shs,52
bd_shs,30
bd_shs,79
bd_shs,10
bd_shs,13
bd_shs,89
bd_shs,34
bd_shs,35
bd_shs,33
bd_shs,76
bd_shs,51
bd_shs,27
bd_shs,51
bd_shs,46
bd_shs,30
bd_shs,90
bd_shs,83
bd_shs,16
bd_shs,22
bd_shs,48
bd_shs,60
bd_shs,76
bd_shs,110
bd_shs,37
bd_shs,140
bd_shs,366
bd_shs,40
bd_shs,111
bd_shs,80
bd_shs,12
bd_shs,32
bd_shs,33
bd_shs,38
bd_shs,92
bd_shs,43
bd_shs,69
bd_shs,40
bd_shs,136
bd_shs,22
bd_shs,399
bd_shs,68
bd_shs,99
bd_shs,32
bd_shs,27
bd_shs,26
bd_shs,102
bd_shs,58
bd_shs,45
bd_shs,26
bd_shs,44
bd_shs,109
bd_shs,23
bd_shs,25
bd_shs,29
bd_shs,33
bd_shs,81
bd_shs,17
bd_shs,25
bd_shs,25
bd_shs,32
bd_shs,158
bd_shs,55
bd_shs,41
bd_shs,23
bd_shs,125
bd_shs,32
bd_shs,82
bd_shs,60
bd_shs,73
bd_shs,34
bd_shs,23
bd_shs,35
bd_shs,38
bd_shs,126
bd_shs,46
bd_shs,29
bd_shs,22
bd_shs,68
bd_shs,52
bd_shs,34
bd_shs,98
bd_shs,100
bd_shs,31
bd_shs,38
bd_shs,126
bd_shs,166
bd_shs,69
bd_shs,71
bd_shs,38
bd_shs,23
bd_shs,20
bd_shs,100
bd_shs,66
bd_shs,49
bd_shs,18
bd_shs,27
bd_shs,47
bd_shs,206
bd_shs,72
bd_shs,269
bd_shs,23
bd_shs,28
bd_shs,17
bd_shs,12
bd_shs,107
bd_shs,24
bd_shs,36
bd_shs,35
bd_shs,109
bd_shs,268
bd_shs,47
bd_shs,56
bd_shs,22
bd_shs,43
bd_shs,34
bd_shs,92
bd_shs,83
bd_shs,35
bd_shs,68
bd_shs,25
bd_shs,35
bd_shs,77
bd_shs,69
bd_shs,78
bd_shs,47
bd_shs,71
bd_shs,72
bd_shs,48
bd_shs,30
bd_shs,13
bd_shs,49
bd_shs,27
bd_shs,20
bd_shs,48
bd_shs,37
bd_shs,13
bd_shs,29
bd_shs,68
bd_shs,64
bd_shs,23
bd_shs,79
bd_shs,37
bd_shs,64
bd_shs,47
bd_shs,128
bd_shs,18
bd_shs,38
bd_shs,99
bd_shs,42
bd_shs,44
bd_shs,121
bd_shs,57
bd_shs,68
bd_shs,34
bd_shs,159
bd_shs,143
bd_shs,125
bd_shs,40
bd_shs,31
bd_shs,112
bd_shs,33
bd_shs,8
bd_shs,38
bd_shs,27
bd_shs,40
bd_shs,45
bd_shs,47
bd_shs,44
bd_shs,34
bd_shs,33
bd_shs,22
bd_shs,60
bd_shs,50
bd_shs,21
bd_shs,27
bd_shs,21
bd_shs,60
bd_shs,79
bd_shs,23
bd_shs,96
bd_shs,28
bd_shs,76
bd_shs,20
bd_shs,54
bd_shs,76
bd_shs,31
bd_shs,54
bd_shs,26
bd_shs,89
bd_shs,45
bd_shs,55
bd_shs,101
bd_shs,211
bd_shs,81
bd_shs,59
bd_shs,137
bd_shs,101
bd_shs,42
bd_shs,43
bd_shs,19
bd_shs,15
bd_shs,17
bd_shs,25
bd_shs,28
bd_shs,68
bd_shs,56
bd_shs,21
bd_shs,74
bd_shs,19
bd_shs,26
bd_shs,47
bd_shs,16
bd_shs,63
bd_shs,30
bd_shs,38
bd_shs,71
bd_shs,111
bd_shs,48
bd_shs,116
bd_shs,12
bd_shs,20
bd_shs,40
bd_shs,32
bd_shs,30
bd_shs,29
bd_shs,33
bd_shs,36
bd_shs,38
bd_shs,115
bd_shs,37
bd_shs,24
bd_shs,42
bd_shs,52
bd_shs,44
bd_shs,46
bd_shs,3
bd_shs,14
bd_shs,13
bd_shs,15
bd_shs,81
bd_shs,68
bd_shs,136
bd_shs,14
bd_shs,22
bd_shs,55
bd_shs,6
bd_shs,13
bd_shs,191
bd_shs,520
bd_shs,23
bd_shs,19
bd_shs,15
bd_shs,51
bd_shs,123
bd_shs,213
bd_shs,29
bd_shs,47
bd_shs,33
bd_shs,8
bd_shs,64
bd_shs,202
bd_shs,22
bd_shs,23
bd_shs,37
bd_shs,53
bd_shs,80
bd_shs,50
bd_shs,1
bd_shs,5
bd_shs,5
bd_shs,4
bd_shs,23
bd_shs,22
bd_shs,8
bd_shs,25
bd_shs,253
bd_shs,39
bd_shs,43
bd_shs,22
bd_shs,54
bd_shs,20
bd_shs,44
bd_shs,4
bd_shs,36
bd_shs,64
bd_shs,9
bd_shs,61
bd_shs,178
bd_shs,8
bd_shs,10
bd_shs,34
bd_shs,12
bd_shs,5
bd_shs,22
bd_shs,7
bd_shs,4
bd_shs,16
bd_shs,36
bd_shs,11
bd_shs,6
bd_shs,37
bd_shs,10
bd_shs,32
bd_shs,10
bd_shs,33
bd_shs,7
bd_shs,8
bd_shs,11
bd_shs,13
bd_shs,7
bd_shs,11
bd_shs,10
bd_shs,18
bd_shs,4
bd_shs,53
bd_shs,14
bd_shs,21
bd_shs,52
bd_shs,8
bd_shs,22
bd_shs,21
bd_shs,23
bd_shs,78
bd_shs,82
bd_shs,29
bd_shs,8
bd_shs,8
bd_shs,7
bd_shs,10
bd_shs,58
bd_shs,18
bd_shs,22
bd_shs,55
bd_shs,10
bd_shs,37
bd_shs,53
bd_shs,32
bd_shs,8
bd_shs,54
bd_shs,13
bd_shs,17
bd_shs,51
bd_shs,341
bd_shs,14
bd_shs,41
bd_shs,24
bd_shs,30
bd_shs,16
bd_shs,30
bd_shs,8
bd_shs,15
bd_shs,45
bd_shs,13
bd_shs,11
bd_shs,48
bd_shs,16
bd_shs,18
bd_shs,19
bd_shs,187
bd_shs,304
bd_shs,56
bd_shs,37
bd_shs,8
bd_shs,35
bd_shs,89
bd_shs,16
bd_shs,2
bd_shs,88
bd_shs,22
bd_shs,34
bd_shs,136
bd_shs,16
bd_shs,24
bd_shs,54
bd_shs,29
bd_shs,64
bd_shs,20
bd_shs,6
bd_shs,34
bd_shs,13
bd_shs,66
bd_shs,18
bd_shs,195
bd_shs,42
bd_shs,11
bd_shs,17
bd_shs,58
bd_shs,39
bd_shs,42
bd_shs,8
bd_shs,89
bd_shs,63
bd_shs,70
bd_shs,51
bd_shs,38
bd_shs,39
bd_shs,45
bd_shs,124
bd_shs,18
bd_shs,27
bd_shs,60
bd_shs,32
bd_shs,111
bd_shs,11
bd_shs,158
bd_shs,30
bd_shs,41
bd_shs,21
bd_shs,18
bd_shs,102
bd_shs,27
bd_shs,24
bd_shs,47
bd_shs,21
bd_shs,54
bd_shs,64
bd_shs,20
bd_shs,23
bd_shs,61
bd_shs,25
bd_shs,9
bd_shs,20
bd_shs,47
bd_shs,38
bd_shs,21
bd_shs,13
bd_shs,7
bd_shs,37
bd_shs,78
bd_shs,22
bd_shs,208
bd_shs,52
bd_shs,23
bd_shs,6
bd_shs,90
bd_shs,44
bd_shs,22
bd_shs,112
bd_shs,93
bd_shs,130
bd_shs,250
bd_shs,102
bd_shs,38
bd_shs,28
bd_shs,22
bd_shs,229
bd_shs,15
bd_shs,22
bd_shs,12
bd_shs,25
bd_shs,9
bd_shs,27
bd_shs,23
bd_shs,81
bd_shs,91
bd_shs,112
bd_shs,50
bd_shs,104
bd_shs,25
bd_shs,18
bd_shs,17
bd_shs,11
bd_shs,26
bd_shs,11
bd_shs,46
bd_shs,104
bd_shs,57
bd_shs,48
bd_shs,119
bd_shs,12
bd_shs,13
bd_shs,23
bd_shs,16
bd_shs,25
bd_shs,11
bd_shs,31
bd_shs,57
bd_shs,209
bd_shs,42
bd_shs,50
bd_shs,34
bd_shs,17
bd_shs,9
bd_shs,52
bd_shs,93
bd_shs,31
bd_shs,17
bd_shs,27
bd_shs,75
bd_shs,17
bd_shs,29
bd_shs,40
bd_shs,15
bd_shs,111
bd_shs,25
bd_shs,49
bd_shs,40
bd_shs,33
bd_shs,14
bd_shs,36
bd_shs,21
bd_shs,39
bd_shs,49
bd_shs,16
bd_shs,31
bd_shs,48
bd_shs,23
bd_shs,77
bd_shs,92
bd_shs,151
bd_shs,79
bd_shs,63
bd_shs,58
bd_shs,32
bd_shs,43
bd_shs,16
bd_shs,13
bd_shs,50
bd_shs,12
bd_shs,27
bd_shs,12
bd_shs,10
bd_shs,149
bd_shs,18
bd_shs,44
bd_shs,104
bd_shs,99
bd_shs,34
bd_shs,32
bd_shs,35
bd_shs,29
bd_shs,91
bd_shs,4
bd_shs,83
bd_shs,9
bd_shs,152
bd_shs,28
bd_shs,27
bd_shs,91
bd_shs,19
bd_shs,13
bd_shs,10
bd_shs,19
bd_shs,6
bd_shs,18
bd_shs,57
bd_shs,68
bd_shs,7
bd_shs,12
bd_shs,6
bd_shs,23
bd_shs,37
bd_shs,160
bd_shs,18
bd_shs,90
bd_shs,9
bd_shs,177
bd_shs,194
bd_shs,53
bd_shs,254
bd_shs,25
bd_shs,39
bd_shs,30
bd_shs,40
bd_shs,53
bd_shs,30
bd_shs,87
bd_shs,35
bd_shs,23
bd_shs,55
bd_shs,22
bd_shs,37
bd_shs,48
bd_shs,33
bd_shs,30
bd_shs,26
bd_shs,14
bd_shs,43
bd_shs,96
bd_shs,49
bd_shs,44
bd_shs,172
bd_shs,11
bd_shs,18
bd_shs,55
bd_shs,17
bd_shs,38
bd_shs,95
bd_shs,113
bd_shs,24
bd_shs,14
bd_shs,45
bd_shs,223
bd_shs,56
bd_shs,45
bd_shs,529
bd_shs,97
bd_shs,116
bd_shs,15
bd_shs,148
bd_shs,42
bd_shs,35
bd_shs,16
bd_shs,84
bd_shs,30
bd_shs,13
bd_shs,24
bd_shs,308
bd_shs,17
bd_shs,24
bd_shs,71
bd_shs,22
bd_shs,74
bd_shs,214
bd_shs,21
bd_shs,47
bd_shs,58
bd_shs,19
bd_shs,23
bd_shs,61
bd_shs,19
bd_shs,204
bd_shs,18
bd_shs,53
bd_shs,206
bd_shs,60
bd_shs,31
bd_shs,48
bd_shs,15
bd_shs,124
bd_shs,58
bd_shs,16
bd_shs,31
bd_shs,39
bd_shs,81
bd_shs,22
bd_shs,3
bd_shs,10
bd_shs,17
bd_shs,15
bd_shs,10
bd_shs,30
bd_shs,10
bd_shs,15
bd_shs,51
bd_shs,40
bd_shs,9
bd_shs,85
bd_shs,28
bd_shs,18
bd_shs,68
bd_shs,24
bd_shs,18
bd_shs,26
bd_shs,21
bd_shs,21
bd_shs,224
bd_shs,211
bd_shs,38
bd_shs,37
bd_shs,130
bd_shs,58
bd_shs,69
bd_shs,19
bd_shs,16
bd_shs,39
bd_shs,43
bd_shs,54
bd_shs,30
bd_shs,31
bd_shs,28
bd_shs,59
bd_shs,19
bd_shs,16
bd_shs,170
bd_shs,9
bd_shs,110
bd_shs,17
bd_shs,39
bd_shs,81
bd_shs,61
bd_shs,15
bd_shs,39
bd_shs,44
bd_shs,32
bd_shs,25
bd_shs,57
bd_shs,45
bd_shs,54
bd_shs,13
bd_shs,14
bd_shs,1
bd_shs,7
bd_shs,13
bd_shs,76
bd_shs,21
bd_shs,57
bd_shs,18
bd_shs,9
bd_shs,6
bd_shs,9
bd_shs,53
bd_shs,8
bd_shs,12
bd_shs,61
bd_shs,87
bd_shs,17
bd_shs,26
bd_shs,45
bd_shs,24
bd_shs,14
bd_shs,22
bd_shs,12
bd_shs,1
bd_shs,31
bd_shs,83
bd_shs,56
bd_shs,67
bd_shs,15
bd_shs,10
bd_shs,15
bd_shs,40
bd_shs,36
bd_shs,23
bd_shs,16
bd_shs,25
bd_shs,82
bd_shs,15
bd_shs,6
bd_shs,7
bd_shs,15
bd_shs,11
bd_shs,60
bd_shs,107
bd_shs,53
bd_shs,39
bd_shs,30
bd_shs,19
bd_shs,107
bd_shs,41
bd_shs,85
bd_shs,22
bd_shs,3
bd_shs,11
bd_shs,178
bd_shs,24
bd_shs,14
bd_shs,30
bd_shs,36
bd_shs,48
bd_shs,12
bd_shs,73
bd_shs,15
bd_shs,10
bd_shs,26
bd_shs,84
bd_shs,6
bd_shs,9
bd_shs,12
bd_shs,11
bd_shs,18
bd_shs,37
bd_shs,17
bd_shs,44
bd_shs,8
bd_shs,10
bd_shs,9
bd_shs,21
bd_shs,5
bd_shs,23
bd_shs,56
bd_shs,142
bd_shs,52
bd_shs,10
bd_shs,8
bd_shs,17
bd_shs,11
bd_shs,3
bd_shs,14
bd_shs,44
bd_shs,43
bd_shs,9
bd_shs,11
bd_shs,15
bd_shs,19
bd_shs,105
bd_shs,22
bd_shs,16
bd_shs,9
bd_shs,13
bd_shs,9
bd_shs,10
bd_shs,25
bd_shs,290
bd_shs,11
bd_shs,32
bd_shs,160
bd_shs,53
bd_shs,37
bd_shs,73
bd_shs,50
bd_shs,17
bd_shs,19
bd_shs,44
bd_shs,17
bd_shs,111
bd_shs,108
bd_shs,62
bd_shs,88
bd_shs,10
bd_shs,14
bd_shs,26
bd_shs,7
bd_shs,58
bd_shs,10
bd_shs,104
bd_shs,2
bd_shs,64
bd_shs,80
bd_shs,21
bd_shs,45
bd_shs,33
bd_shs,651
bd_shs,10
bd_shs,141
bd_shs,28
bd_shs,44
bd_shs,14
bd_shs,9
bd_shs,20
bd_shs,26
bd_shs,186
bd_shs,60
bd_shs,88
bd_shs,63
bd_shs,9
bd_shs,92
bd_shs,27
bd_shs,19
bd_shs,14
bd_shs,29
bd_shs,29
bd_shs,25
bd_shs,19
bd_shs,15
bd_shs,21
bd_shs,118
bd_shs,20
bd_shs,37
bd_shs,22
bd_shs,27
bd_shs,31
bd_shs,16
bd_shs,15
bd_shs,140
bd_shs,74
bd_shs,3
bd_shs,301
bd_shs,5
bd_shs,9
bd_shs,13
bd_shs,30
bd_shs,5
bd_shs,11
bd_shs,12
bd_shs,2
bd_shs,17
bd_shs,3
bd_shs,6
bd_shs,33
bd_shs,27
bd_shs,2
bd_shs,66
bd_shs,51
bd_shs,9
bd_shs,207
bd_shs,2
bd_shs,44
bd_shs,13
bd_shs,34
bd_shs,22
bd_shs,34
bd_shs,20
bd_shs,35
bd_shs,55
bd_shs,1
bd_shs,6
bd_shs,24
bd_shs,17
bd_shs,54
bd_shs,6
bd_shs,37
bd_shs,12
bd_shs,64
bd_shs,16
bd_shs,18
bd_shs,12
bd_shs,33
bd_shs,41
bd_shs,26
bd_shs,25
bd_shs,11
bd_shs,20
bd_shs,15
bd_shs,24
bd_shs,76
bd_shs,18
bd_shs,12
bd_shs,22
bd_shs,25
bd_shs,16
bd_shs,13
bd_shs,21
bd_shs,105
bd_shs,25
bd_shs,37
bd_shs,10
bd_shs,13
bd_shs,9
bd_shs,15
bd_shs,41
bd_shs,43
bd_shs,32
bd_shs,15
bd_shs,68
bd_shs,14
bd_shs,12
bd_shs,89
bd_shs,28
bd_shs,23
bd_shs,54
bd_shs,74
bd_shs,173
bd_shs,33
bd_shs,25
bd_shs,17
bd_shs,80
bd_shs,25
bd_shs,19
bd_shs,14
bd_shs,30
bd_shs,18
bd_shs,67
bd_shs,44
bd_shs,40
bd_shs,17
bd_shs,23
bd_shs,14
bd_shs,36
bd_shs,27
bd_shs,89
bd_shs,39
bd_shs,34
bd_shs,26
bd_shs,140
bd_shs,14
bd_shs,89
bd_shs,40
bd_shs,42
bd_shs,80
bd_shs,47
bd_shs,23
bd_shs,47
bd_shs,46
bd_shs,15
bd_shs,34
bd_shs,33
bd_shs,45
bd_shs,23
bd_shs,40
bd_shs,23
bd_shs,18
bd_shs,20
bd_shs,42
bd_shs,39
bd_shs,40
bd_shs,18
bd_shs,8
bd_shs,27
bd_shs,18
bd_shs,59
bd_shs,13
bd_shs,19
bd_shs,73
bd_shs,16
bd_shs,13
bd_shs,14
bd_shs,72
bd_shs,33
bd_shs,46
bd_shs,43
bd_shs,14
bd_shs,19
bd_shs,22
bd_shs,36
bd_shs,30
bd_shs,18
bd_shs,71
bd_shs,20
bd_shs,32
bd_shs,16
bd_shs,19
bd_shs,44
bd_shs,80
bd_shs,17
bd_shs,29
bd_shs,50
bd_shs,14
bd_shs,197
bd_shs,13
bd_shs,9
bd_shs,35
bd_shs,13
bd_shs,36
bd_shs,53
bd_shs,28
bd_shs,12
bd_shs,23
bd_shs,14
bd_shs,87
bd_shs,192
bd_shs,45
bd_shs,21
bd_shs,20
bd_shs,20
bd_shs,36
bd_shs,36
bd_shs,19
bd_shs,39
bd_shs,13
bd_shs,13
bd_shs,32
bd_shs,16
bd_shs,30
bd_shs,11
bd_shs,17
bd_shs,48
bd_shs,30
bd_shs,19
bd_shs,16
bd_shs,25
bd_shs,21
bd_shs,36
bd_shs,27
bd_shs,18
bd_shs,6
bd_shs,18
bd_shs,24
bd_shs,16
bd_shs,22
bd_shs,81
bd_shs,111
bd_shs,45
bd_shs,81
bd_shs,69
bd_shs,14
bd_shs,18
bd_shs,14
bd_shs,18
bd_shs,29
bd_shs,15
bd_shs,18
bd_shs,17
bd_shs,19
bd_shs,19
bd_shs,19
bd_shs,76
bd_shs,18
bd_shs,6
bd_shs,14
bd_shs,21
bd_shs,46
bd_shs,23
bd_shs,70
bd_shs,15
bd_shs,75
bd_shs,43
bd_shs,71
bd_shs,14
bd_shs,13
bd_shs,38
bd_shs,19
bd_shs,28
bd_shs,117
bd_shs,101
bd_shs,19
bd_shs,44
bd_shs,30
bd_shs,19
bd_shs,74
bd_shs,30
bd_shs,196
bd_shs,25
bd_shs,28
bd_shs,51
bd_shs,13
bd_shs,15
bd_shs,47
bd_shs,22
bd_shs,6
bd_shs,31
bd_shs,64
bd_shs,57
bd_shs,19
bd_shs,47
bd_shs,17
bd_shs,46
bd_shs,18
bd_shs,22
bd_shs,16
bd_shs,139
bd_shs,30
bd_shs,15
bd_shs,90
bd_shs,14
bd_shs,17
bd_shs,47
bd_shs,12
bd_shs,125
bd_shs,26
bd_shs,38
bd_shs,38
bd_shs,18
bd_shs,34
bd_shs,51
bd_shs,6
bd_shs,51
bd_shs,34
bd_shs,32
bd_shs,140
bd_shs,30
bd_shs,24
bd_shs,14
bd_shs,34
bd_shs,20
bd_shs,19
bd_shs,51
bd_shs,75
bd_shs,45
bd_shs,63
bd_shs,11
bd_shs,18
bd_shs,19
bd_shs,11
bd_shs,35
bd_shs,19
bd_shs,40
bd_shs,41
bd_shs,61
bd_shs,64
bd_shs,53
bd_shs,7
bd_shs,22
bd_shs,41
bd_shs,43
bd_shs,36
bd_shs,23
bd_shs,61
bd_shs,22
bd_shs,56
bd_shs,23
bd_shs,12
bd_shs,5
bd_shs,5
bd_shs,5
bd_shs,21
bd_shs,21
bd_shs,24
bd_shs,5
bd_shs,45
bd_shs,137
bd_shs,14
bd_shs,147
bd_shs,104
bd_shs,75
bd_shs,87
bd_shs,83
bd_shs,110
bd_shs,49
bd_shs,29
bd_shs,25
bd_shs,22
bd_shs,42
bd_shs,66
bd_shs,10
bd_shs,24
bd_shs,41
bd_shs,52
bd_shs,17
bd_shs,13
bd_shs,18
bd_shs,30
bd_shs,41
bd_shs,31
bd_shs,15
bd_shs,7
bd_shs,15
bd_shs,12
bd_shs,8
bd_shs,84
bd_shs,21
bd_shs,11
bd_shs,9
bd_shs,19
bd_shs,19
bd_shs,33
bd_shs,20
bd_shs,22
bd_shs,23
bd_shs,26
bd_shs,34
bd_shs,17
bd_shs,47
bd_shs,59
bd_shs,146
bd_shs,27
bd_shs,16
bd_shs,85
bd_shs,35
bd_shs,24
bd_shs,27
bd_shs,74
bd_shs,38
bd_shs,169
bd_shs,4
bd_shs,16
bd_shs,7
bd_shs,33
bd_shs,24
bd_shs,18
bd_shs,10
bd_shs,12
bd_shs,85
bd_shs,98
bd_shs,122
bd_shs,7
bd_shs,48
bd_shs,35
bd_shs,48
bd_shs,85
bd_shs,25
bd_shs,8
bd_shs,23
bd_shs,19
bd_shs,14
bd_shs,39
bd_shs,49
bd_shs,81
bd_shs,89
bd_shs,54
bd_shs,21
bd_shs,56
bd_shs,23
bd_shs,80
bd_shs,66
bd_shs,15
bd_shs,21
bd_shs,152
bd_shs,61
bd_shs,320
bd_shs,82
bd_shs,40
bd_shs,85
bd_shs,11
bd_shs,14
bd_shs,9
bd_shs,39
bd_shs,50
bd_shs,59
bd_shs,206
bd_shs,107
bd_shs,14
bd_shs,18
bd_shs,27
bd_shs,17
bd_shs,20
bd_shs,94
bd_shs,33
bd_shs,18
bd_shs,34
bd_shs,18
bd_shs,18
bd_shs,3
bd_shs,12
bd_shs,19
bd_shs,13
bd_shs,75
bd_shs,25
bd_shs,31
bd_shs,3
bd_shs,35
bd_shs,22
bd_shs,41
bd_shs,15
bd_shs,17
bd_shs,441
bd_shs,54
bd_shs,183
bd_shs,551
bd_shs,76
bd_shs,21
bd_shs,76
bd_shs,13
bd_shs,60
bd_shs,34
bd_shs,82
bd_shs,115
bd_shs,210
bd_shs,45
bd_shs,50
bd_shs,29
bd_shs,101
bd_shs,17
bd_shs,58
bd_shs,14
bd_shs,227
bd_shs,18
bd_shs,23
bd_shs,19
bd_shs,10
bd_shs,18
bd_shs,25
bd_shs,21
bd_shs,112
bd_shs,16
bd_shs,23
bd_shs,16
bd_shs,15
bd_shs,34
bd_shs,49
bd_shs,170
bd_shs,90
bd_shs,41
bd_shs,269
bd_shs,137
bd_shs,66
bd_shs,150
bd_shs,41
bd_shs,220
bd_shs,10
bd_shs,13
bd_shs,69
bd_shs,23
bd_shs,18
bd_shs,23
bd_shs,47
bd_shs,130
bd_shs,126
bd_shs,1
bd_shs,19
bd_shs,26
bd_shs,70
bd_shs,225
bd_shs,527
bd_shs,31
bd_shs,19
bd_shs,23
bd_shs,23
bd_shs,41
bd_shs,20
bd_shs,122
bd_shs,13
bd_shs,75
bd_shs,71
bd_shs,3
bd_shs,32
bd_shs,11
bd_shs,56
bd_shs,9
bd_shs,13
bd_shs,37
bd_shs,90
bd_shs,16
bd_shs,32
bd_shs,22
bd_shs,69
bd_shs,54
bd_shs,5
bd_shs,47
bd_shs,12
bd_shs,8
bd_shs,11
bd_shs,11
bd_shs,40
bd_shs,7
bd_shs,13
bd_shs,10
bd_shs,19
bd_shs,11
bd_shs,36
bd_shs,7
bd_shs,753
bd_shs,8
bd_shs,16
bd_shs,21
bd_shs,17
bd_shs,10
bd_shs,83
bd_shs,48
bd_shs,17
bd_shs,23
bd_shs,311
bd_shs,74
bd_shs,8
bd_shs,82
bd_shs,65
bd_shs,36
bd_shs,16
bd_shs,306
bd_shs,135
bd_shs,14
bd_shs,27
bd_shs,61
bd_shs,15
bd_shs,57
bd_shs,26
bd_shs,25
bd_shs,34
bd_shs,43
bd_shs,19
bd_shs,46
bd_shs,10
bd_shs,97
bd_shs,67
bd_shs,62
bd_shs,29
bd_shs,12
bd_shs,19
bd_shs,18
bd_shs,34
bd_shs,124
bd_shs,95
bd_shs,120
bd_shs,59
bd_shs,8
bd_shs,48
bd_shs,262
bd_shs,14
bd_shs,71
bd_shs,33
bd_shs,37
bd_shs,22
bd_shs,42
bd_shs,47
bd_shs,27
bd_shs,95
bd_shs,79
bd_shs,52
bd_shs,23
bd_shs,13
bd_shs,33
bd_shs,29
bd_shs,28
bd_shs,43
bd_shs,67
bd_shs,84
bd_shs,12
bd_shs,11
bd_shs,39
bd_shs,16
bd_shs,18
bd_shs,18
bd_shs,22
bd_shs,26
bd_shs,145
bd_shs,69
bd_shs,295
bd_shs,3
bd_shs,96
bd_shs,25
bd_shs,10
bd_shs,51
bd_shs,178
bd_shs,81
bd_shs,166
bd_shs,123
bd_shs,8
bd_shs,49
bd_shs,28
bd_shs,19
bd_shs,80
bd_shs,24
bd_shs,68
bd_shs,23
bd_shs,20
bd_shs,121
bd_shs,31
bd_shs,40
bd_shs,402
bd_shs,366
bd_shs,275
bd_shs,78
bd_shs,7
bd_shs,5
bd_shs,13
bd_shs,9
bd_shs,69
bd_shs,15
bd_shs,21
bd_shs,174
bd_shs,15
bd_shs,11
bd_shs,12
bd_shs,18
bd_shs,91
bd_shs,92
bd_shs,41
bd_shs,21
bd_shs,9
bd_shs,9
bd_shs,13
bd_shs,14
bd_shs,15
bd_shs,19
bd_shs,86
bd_shs,98
bd_shs,69
bd_shs,17
bd_shs,36
bd_shs,34
bd_shs,31
bd_shs,117
bd_shs,23
bd_shs,11
bd_shs,23
bd_shs,63
bd_shs,40
bd_shs,41
bd_shs,18
bd_shs,46
bd_shs,20
bd_shs,13
bd_shs,42
bd_shs,18
bd_shs,70
bd_shs,101
bd_shs,157
bd_shs,33
bd_shs,39
bd_shs,56
bd_shs,125
bd_shs,81
bd_shs,25
bd_shs,47
bd_shs,52
bd_shs,20
bd_shs,10
bd_shs,26
bd_shs,8
bd_shs,28
bd_shs,46
bd_shs,13
bd_shs,16
bd_shs,18
bd_shs,5
bd_shs,6
bd_shs,46
bd_shs,14
bd_shs,9
bd_shs,26
bd_shs,29
bd_shs,5
bd_shs,22
bd_shs,8
bd_shs,12
bd_shs,88
bd_shs,54
bd_shs,124
bd_shs,9
bd_shs,13
bd_shs,25
bd_shs,15
bd_shs,11
bd_shs,78
bd_shs,59
bd_shs,22
bd_shs,10
bd_shs,152
bd_shs,232
bd_shs,42
bd_shs,117
bd_shs,12
bd_shs,10
bd_shs,31
bd_shs,11
bd_shs,46
bd_shs,24
bd_shs,27
bd_shs,12
bd_shs,11
bd_shs,38
bd_shs,149
bd_shs,39
bd_shs,43
bd_shs,110
bd_shs,79
bd_shs,38
bd_shs,39
bd_shs,20
bd_shs,18
bd_shs,7
bd_shs,38
bd_shs,18
bd_shs,94
bd_shs,28
bd_shs,37
bd_shs,72
bd_shs,28
bd_shs,40
bd_shs,125
bd_shs,78
bd_shs,53
bd_shs,19
bd_shs,119
bd_shs,82
bd_shs,97
bd_shs,21
bd_shs,52
bd_shs,53
bd_shs,18
bd_shs,47
bd_shs,95
bd_shs,15
bd_shs,19
bd_shs,70
bd_shs,33
bd_shs,20
bd_shs,41
bd_shs,25
bd_shs,63
bd_shs,39
bd_shs,132
bd_shs,39
bd_shs,98
bd_shs,23
bd_shs,47
bd_shs,19
bd_shs,46
bd_shs,241
bd_shs,78
bd_shs,25
bd_shs,25
bd_shs,171
bd_shs,31
bd_shs,25
bd_shs,61
bd_shs,38
bd_shs,22
bd_shs,16
bd_shs,267
bd_shs,101
bd_shs,81
bd_shs,11
bd_shs,19
bd_shs,10
bd_shs,6
bd_shs,24
bd_shs,28
bd_shs,14
bd_shs,56
bd_shs,26
bd_shs,4
bd_shs,32
bd_shs,12
bd_shs,16
bd_shs,65
bd_shs,37
bd_shs,34
bd_shs,48
bd_shs,103
bd_shs,8
bd_shs,33
bd_shs,63
bd_shs,55
bd_shs,20
bd_shs,39
bd_shs,40
bd_shs,17
bd_shs,39
bd_shs,44
bd_shs,27
bd_shs,45
bd_shs,160
bd_shs,25
bd_shs,75
bd_shs,19
bd_shs,48
bd_shs,43
bd_shs,6
bd_shs,75
bd_shs,482
bd_shs,81
bd_shs,23
bd_shs,16
bd_shs,39
bd_shs,59
bd_shs,122
bd_shs,30
bd_shs,18
bd_shs,13
bd_shs,66
bd_shs,458
bd_shs,38
bd_shs,27
bd_shs,15
bd_shs,27
bd_shs,19
bd_shs,20
bd_shs,27
bd_shs,93
bd_shs,13
bd_shs,14
bd_shs,13
bd_shs,20
bd_shs,29
bd_shs,93
bd_shs,13
bd_shs,47
bd_shs,11
bd_shs,42
bd_shs,12
bd_shs,46
bd_shs,80
bd_shs,47
bd_shs,53
bd_shs,16
bd_shs,13
bd_shs,24
bd_shs,28
bd_shs,98
bd_shs,40
bd_shs,47
bd_shs,106
bd_shs,92
bd_shs,21
bd_shs,32
bd_shs,10
bd_shs,32
bd_shs,63
bd_shs,9
bd_shs,24
bd_shs,29
bd_shs,37
bd_shs,22
bd_shs,90
bd_shs,54
bd_shs,24
bd_shs,56
bd_shs,12
bd_shs,27
bd_shs,9
bd_shs,17
bd_shs,59
bd_shs,12
bd_shs,4
bd_shs,27
bd_shs,15
bd_shs,129
bd_shs,35
bd_shs,77
bd_shs,60
bd_shs,39
bd_shs,124
bd_shs,1225
bd_shs,12
bd_shs,196
bd_shs,59
bd_shs,16
bd_shs,19
bd_shs,50
bd_shs,37
bd_shs,68
bd_shs,19
bd_shs,49
bd_shs,25
bd_shs,35
bd_shs,17
bd_shs,57
bd_shs,77
bd_shs,36
bd_shs,10
bd_shs,109
bd_shs,90
bd_shs,67
bd_shs,32
bd_shs,20
bd_shs,44
bd_shs,74
bd_shs,30
bd_shs,75
bd_shs,131
bd_shs,48
bd_shs,25
bd_shs,23
bd_shs,152
bd_shs,153
bd_shs,36
bd_shs,11
bd_shs,34
bd_shs,49
bd_shs,24
bd_shs,35
bd_shs,18
bd_shs,28
bd_shs,5
bd_shs,22
bd_shs,122
bd_shs,40
bd_shs,4
bd_shs,21
bd_shs,128
bd_shs,21
bd_shs,37
bd_shs,77
bd_shs,17
bd_shs,4
bd_shs,48
bd_shs,11
bd_shs,111
bd_shs,4
bd_shs,12
bd_shs,27
bd_shs,68
bd_shs,5
bd_shs,38
bd_shs,5
bd_shs,47
bd_shs,197
bd_shs,11
bd_shs,3
bd_shs,35
bd_shs,38
bd_shs,22
bd_shs,26
bd_shs,41
bd_shs,48
bd_shs,11
bd_shs,27
bd_shs,27
bd_shs,8
bd_shs,46
bd_shs,22
bd_shs,174
bd_shs,27
bd_shs,37
bd_shs,180
bd_shs,107
bd_shs,38
bd_shs,9
bd_shs,38
bd_shs,28
bd_shs,8
bd_shs,28
bd_shs,16
bd_shs,24
bd_shs,80
bd_shs,6
bd_shs,76
bd_shs,36
bd_shs,58
bd_shs,53
bd_shs,38
bd_shs,117
bd_shs,43
bd_shs,31
bd_shs,12
bd_shs,48
bd_shs,19
bd_shs,26
bd_shs,17
bd_shs,11
bd_shs,9
bd_shs,9
bd_shs,9
bd_shs,20
bd_shs,15
bd_shs,36
bd_shs,12
bd_shs,22
bd_shs,63
bd_shs,45
bd_shs,14
bd_shs,19
bd_shs,12
bd_shs,11
bd_shs,13
bd_shs,171
bd_shs,26
bd_shs,12
bd_shs,47
bd_shs,75
bd_shs,76
bd_shs,49
bd_shs,10
bd_shs,142
bd_shs,14
bd_shs,28
bd_shs,41
bd_shs,16
bd_shs,42
bd_shs,27
bd_shs,18
bd_shs,34
bd_shs,53
bd_shs,58
bd_shs,32
bd_shs,54
bd_shs,74
bd_shs,42
bd_shs,33
bd_shs,43
bd_shs,24
bd_shs,38
bd_shs,74
bd_shs,35
bd_shs,36
bd_shs,16
bd_shs,18
bd_shs,71
bd_shs,10
bd_shs,42
bd_shs,25
bd_shs,14
bd_shs,73
bd_shs,9
bd_shs,31
bd_shs,26
bd_shs,22
bd_shs,23
bd_shs,15
bd_shs,14
bd_shs,63
bd_shs,29
bd_shs,15
bd_shs,14
bd_shs,28
bd_shs,37
bd_shs,22
bd_shs,29
bd_shs,29
bd_shs,15
bd_shs,16
bd_shs,24
bd_shs,88
bd_shs,41
bd_shs,38
bd_shs,26
bd_shs,13
bd_shs,19
bd_shs,23
bd_shs,34
bd_shs,50
bd_shs,14
bd_shs,40
bd_shs,18
bd_shs,42
bd_shs,43
bd_shs,59
bd_shs,40
bd_shs,74
bd_shs,13
bd_shs,9
bd_shs,21
bd_shs,90
bd_shs,18
bd_shs,27
bd_shs,51
bd_shs,19
bd_shs,127
bd_shs,25
bd_shs,27
bd_shs,9
bd_shs,36
bd_shs,55
bd_shs,22
bd_shs,23
bd_shs,16
bd_shs,13
bd_shs,13
bd_shs,15
bd_shs,11
bd_shs,169
bd_shs,15
bd_shs,28
bd_shs,29
bd_shs,55
bd_shs,23
bd_shs,39
bd_shs,42
bd_shs,19
bd_shs,21
bd_shs,63
bd_shs,17
bd_shs,19
bd_shs,16
bd_shs,58
bd_shs,42
bd_shs,26
bd_shs,17
bd_shs,40
bd_shs,20
bd_shs,16
bd_shs,28
bd_shs,32
bd_shs,45
bd_shs,18
bd_shs,46
bd_shs,100
bd_shs,21
bd_shs,13
bd_shs,17
bd_shs,21
bd_shs,20
bd_shs,38
bd_shs,17
bd_shs,13
bd_shs,24
bd_shs,10
bd_shs,23
bd_shs,25
bd_shs,21
bd_shs,17
bd_shs,37
bd_shs,19
bd_shs,18
bd_shs,37
bd_shs,24
bd_shs,10
bd_shs,49
bd_shs,21
bd_shs,40
bd_shs,66
bd_shs,39
bd_shs,122
bd_shs,24
bd_shs,79
bd_shs,61
bd_shs,24
bd_shs,85
bd_shs,53
bd_shs,35
bd_shs,13
bd_shs,33
bd_shs,36
bd_shs,19
bd_shs,20
bd_shs,31
bd_shs,36
bd_shs,39
bd_shs,18
bd_shs,24
bd_shs,24
bd_shs,63
bd_shs,34
bd_shs,6
bd_shs,31
bd_shs,16
bd_shs,35
bd_shs,23
bd_shs,94
bd_shs,39
bd_shs,8
bd_shs,48
bd_shs,6
bd_shs,62
bd_shs,36
bd_shs,28
bd_shs,36
bd_shs,22
bd_shs,39
bd_shs,27
bd_shs,100
bd_shs,24
bd_shs,45
bd_shs,35
bd_shs,20
bd_shs,366
bd_shs,13
bd_shs,17
bd_shs,47
bd_shs,58
bd_shs,105
bd_shs,16
bd_shs,46
bd_shs,40
bd_shs,66
bd_shs,51
bd_shs,40
bd_shs,22
bd_shs,19
bd_shs,22
bd_shs,31
bd_shs,17
bd_shs,17
bd_shs,67
bd_shs,44
bd_shs,30
bd_shs,57
bd_shs,302
bd_shs,156
bd_shs,23
bd_shs,28
bd_shs,75
bd_shs,87
bd_shs,29
bd_shs,22
bd_shs,17
bd_shs,51
bd_shs,169
bd_shs,9
bd_shs,46
bd_shs,42
bd_shs,33
bd_shs,22
bd_shs,21
bd_shs,44
bd_shs,16
bd_shs,46
bd_shs,28
bd_shs,226
bd_shs,14
bd_shs,48
bd_shs,336
bd_shs,80
bd_shs,43
bd_shs,17
bd_shs,20
bd_shs,11
bd_shs,19
bd_shs,18
bd_shs,25
bd_shs,15
bd_shs,195
bd_shs,18
bd_shs,102
bd_shs,15
bd_shs,43
bd_shs,79
bd_shs,24
bd_shs,205
bd_shs,16
bd_shs,81
bd_shs,18
bd_shs,25
bd_shs,27
bd_shs,53
bd_shs,176
bd_shs,41
bd_shs,34
bd_shs,32
bd_shs,28
bd_shs,16
bd_shs,17
bd_shs,75
bd_shs,25
bd_shs,43
bd_shs,21
bd_shs,39
bd_shs,14
bd_shs,28
bd_shs,21
bd_shs,18
bd_shs,44
bd_shs,15
bd_shs,24
bd_shs,24
bd_shs,11
bd_shs,23
bd_shs,19
bd_shs,27
bd_shs,16
bd_shs,41
bd_shs,35
bd_shs,20
bd_shs,15
bd_shs,50
bd_shs,16
bd_shs,47
bd_shs,61
bd_shs,47
bd_shs,19
bd_shs,29
bd_shs,25
bd_shs,33
bd_shs,23
bd_shs,16
bd_shs,43
bd_shs,22
bd_shs,54
bd_shs,28
bd_shs,10
bd_shs,26
bd_shs,199
bd_shs,46
bd_shs,33
bd_shs,68
bd_shs,25
bd_shs,13
bd_shs,15
bd_shs,10
bd_shs,23
bd_shs,27
bd_shs,17
bd_shs,20
bd_shs,19
bd_shs,5
bd_shs,16
bd_shs,38
bd_shs,13
bd_shs,16
bd_shs,10
bd_shs,5
bd_shs,56
bd_shs,18
bd_shs,119
bd_shs,40
bd_shs,49
bd_shs,34
bd_shs,18
bd_shs,24
bd_shs,107
bd_shs,8
bd_shs,17
bd_shs,37
bd_shs,11
bd_shs,11
bd_shs,37
bd_shs,24
bd_shs,16
bd_shs,22
bd_shs,91
bd_shs,15
bd_shs,54
bd_shs,59
bd_shs,28
bd_shs,19
bd_shs,16
bd_shs,506
bd_shs,46
bd_shs,10
bd_shs,7
bd_shs,146
bd_shs,2
bd_shs,16
bd_shs,7
bd_shs,9
bd_shs,22
bd_shs,20
bd_shs,13
bd_shs,70
bd_shs,84
bd_shs,15
bd_shs,21
bd_shs,30
bd_shs,17
bd_shs,64
bd_shs,24
bd_shs,21
bd_shs,79
bd_shs,133
bd_shs,25
bd_shs,19
bd_shs,34
bd_shs,16
bd_shs,22
bd_shs,7
bd_shs,89
bd_shs,16
bd_shs,78
bd_shs,6
bd_shs,38
bd_shs,73
bd_shs,16
bd_shs,7
bd_shs,57
bd_shs,47
bd_shs,23
bd_shs,121
bd_shs,4
bd_shs,13
bd_shs,15
bd_shs,39
bd_shs,20
bd_shs,31
bd_shs,72
bd_shs,15
bd_shs,26
bd_shs,72
bd_shs,22
bd_shs,52
bd_shs,26
bd_shs,16
bd_shs,41
bd_shs,55
bd_shs,57
bd_shs,28
bd_shs,95
bd_shs,11
bd_shs,43
bd_shs,61
bd_shs,11
bd_shs,17
bd_shs,219
bd_shs,20
bd_shs,22
bd_shs,14
bd_shs,39
bd_shs,11
bd_shs,19
bd_shs,32
bd_shs,27
bd_shs,76
bd_shs,93
bd_shs,17
bd_shs,14
bd_shs,115
bd_shs,19
bd_shs,52
bd_shs,50
bd_shs,14
bd_shs,10
bd_shs,33
bd_shs,3
bd_shs,10
bd_shs,34
bd_shs,22
bd_shs,6
bd_shs,44
bd_shs,9
bd_shs,3
bd_shs,12
bd_shs,31
bd_shs,10
bd_shs,26
bd_shs,9
bd_shs,22
bd_shs,11
bd_shs,15
bd_shs,6
bd_shs,13
bd_shs,32
bd_shs,5
bd_shs,6
bd_shs,24
bd_shs,12
bd_shs,9
bd_shs,8
bd_shs,7
bd_shs,7
bd_shs,14
bd_shs,60
bd_shs,4
bd_shs,13
bd_shs,24
bd_shs,40
bd_shs,43
bd_shs,17
bd_shs,3
bd_shs,15
bd_shs,39
bd_shs,19
bd_shs,39
bd_shs,36
bd_shs,35
bd_shs,60
bd_shs,17
bd_shs,126
bd_shs,130
bd_shs,64
bd_shs,36
bd_shs,84
bd_shs,29
bd_shs,83
bd_shs,20
bd_shs,11
bd_shs,10
bd_shs,26
bd_shs,8
bd_shs,33
bd_shs,116
bd_shs,16
bd_shs,95
bd_shs,11
bd_shs,22
bd_shs,27
bd_shs,18
bd_shs,28
bd_shs,21
bd_shs,27
bd_shs,30
bd_shs,42
bd_shs,32
bd_shs,19
bd_shs,34
bd_shs,9
bd_shs,35
bd_shs,119
bd_shs,32
bd_shs,25
bd_shs,72
bd_shs,114
bd_shs,6
bd_shs,71
bd_shs,10
bd_shs,28
bd_shs,25
bd_shs,29
bd_shs,22
bd_shs,32
bd_shs,49
bd_shs,15
bd_shs,58
bd_shs,42
bd_shs,288
bd_shs,46
bd_shs,20
bd_shs,40
bd_shs,18
bd_shs,68
bd_shs,20
bd_shs,46
bd_shs,114
bd_shs,68
bd_shs,473
bd_shs,41
bd_shs,38
bd_shs,26
bd_shs,27
bd_shs,26
bd_shs,15
bd_shs,24
bd_shs,35
bd_shs,85
bd_shs,20
bd_shs,88
bd_shs,18
bd_shs,43
bd_shs,4
bd_shs,92
bd_shs,20
bd_shs,27
bd_shs,33
bd_shs,8
bd_shs,10
bd_shs,443
bd_shs,21
bd_shs,144
bd_shs,48
bd_shs,106
bd_shs,61
bd_shs,33
bd_shs,16
bd_shs,59
bd_shs,25
bd_shs,48
bd_shs,37
bd_shs,75
bd_shs,105
bd_shs,47
bd_shs,64
bd_shs,42
bd_shs,43
bd_shs,23
bd_shs,16
bd_shs,18
bd_shs,30
bd_shs,15
bd_shs,9
bd_shs,138
bd_shs,7
bd_shs,33
bd_shs,325
bd_shs,17
bd_shs,29
bd_shs,22
bd_shs,35
bd_shs,121
bd_shs,50
bd_shs,16
bd_shs,23
bd_shs,24
bd_shs,27
bd_shs,30
bd_shs,15
bd_shs,68
bd_shs,123
bd_shs,153
bd_shs,6
bd_shs,6
bd_shs,71
bd_shs,14
bd_shs,7
bd_shs,7
bd_shs,38
bd_shs,196
bd_shs,129
bd_shs,75
bd_shs,21
bd_shs,9
bd_shs,19
bd_shs,63
bd_shs,11
bd_shs,36
bd_shs,31
bd_shs,17
bd_shs,13
bd_shs,19
bd_shs,38
bd_shs,19
bd_shs,19
bd_shs,74
bd_shs,39
bd_shs,24
bd_shs,1
bd_shs,39
bd_shs,34
bd_shs,32
bd_shs,56
bd_shs,66
bd_shs,56
bd_shs,47
bd_shs,12
bd_shs,24
bd_shs,81
bd_shs,9
bd_shs,73
bd_shs,18
bd_shs,20
bd_shs,19
bd_shs,20
bd_shs,28
bd_shs,58
bd_shs,20
bd_shs,38
bd_shs,23
bd_shs,35
bd_shs,27
bd_shs,92
bd_shs,37
bd_shs,10
bd_shs,114
bd_shs,79
bd_shs,25
bd_shs,6
bd_shs,73
bd_shs,25
bd_shs,75
bd_shs,49
bd_shs,76
bd_shs,72
bd_shs,20
bd_shs,90
bd_shs,37
bd_shs,40
bd_shs,3
bd_shs,15
bd_shs,19
bd_shs,19
bd_shs,47
bd_shs,13
bd_shs,61
bd_shs,97
bd_shs,40
bd_shs,9
bd_shs,14
bd_shs,22
bd_shs,14
bd_shs,17
bd_shs,17
bd_shs,38
bd_shs,6
bd_shs,6
bd_shs,7
bd_shs,6
bd_shs,41
bd_shs,14
bd_shs,25
bd_shs,18
bd_shs,11
bd_shs,12
bd_shs,63
bd_shs,398
bd_shs,6
bd_shs,66
bd_shs,38
bd_shs,8
bd_shs,7
bd_shs,21
bd_shs,26
bd_shs,51
bd_shs,6
bd_shs,7
bd_shs,41
bd_shs,15
bd_shs,13
bd_shs,9
bd_shs,12
bd_shs,22
bd_shs,14
bd_shs,31
bd_shs,18
bd_shs,18
bd_shs,10
bd_shs,57
bd_shs,385
bd_shs,30
bd_shs,61
bd_shs,15
bd_shs,35
bd_shs,166
bd_shs,50
bd_shs,83
bd_shs,15
bd_shs,45
bd_shs,103
bd_shs,332
bd_shs,64
bd_shs,22
bd_shs,74
bd_shs,8
bd_shs,21
bd_shs,29
bd_shs,11
bd_shs,62
bd_shs,28
bd_shs,53
bd_shs,55
bd_shs,59
bd_shs,14
bd_shs,30
bd_shs,24
bd_shs,24
bd_shs,64
bd_shs,52
bd_shs,551
bd_shs,77
bd_shs,180
bd_shs,57
bd_shs,109
bd_shs,59
bd_shs,176
bd_shs,28
bd_shs,66
bd_shs,483
bd_shs,7
bd_shs,43
bd_shs,28
bd_shs,5
bd_shs,37
bd_shs,31
bd_shs,13
bd_shs,5
bd_shs,9
bd_shs,8
bd_shs,9
bd_shs,6
bd_shs,32
bd_shs,15
bd_shs,18
bd_shs,31
bd_shs,15
bd_shs,21
bd_shs,32
bd_shs,20
bd_shs,29
bd_shs,23
bd_shs,29
bd_shs,43
bd_shs,15
bd_shs,68
bd_shs,15
bd_shs,74
bd_shs,28
bd_shs,13
bd_shs,43
bd_shs,101
bd_shs,14
bd_shs,85
bd_shs,20
bd_shs,23
bd_shs,22
bd_shs,10
bd_shs,11
bd_shs,12
bd_shs,18
bd_shs,9
bd_shs,16
bd_shs,32
bd_shs,25
bd_shs,64
bd_shs,12
bd_shs,6
bd_shs,176
bd_shs,14
bd_shs,4
bd_shs,16
bd_shs,10
bd_shs,20
bd_shs,8
bd_shs,38
bd_shs,9
bd_shs,6
bd_shs,44
bd_shs,54
bd_shs,199
bd_shs,49
bd_shs,11
bd_shs,9
bd_shs,6
bd_shs,17
bd_shs,87
bd_shs,22
bd_shs,54
bd_shs,12
bd_shs,41
bd_shs,10
bd_shs,9
bd_shs,17
bd_shs,17
bd_shs,41
bd_shs,40
bd_shs,121
bd_shs,14
bd_shs,28
bd_shs,95
bd_shs,15
bd_shs,20
bd_shs,31
bd_shs,36
bd_shs,16
bd_shs,64
bd_shs,41
bd_shs,88
bd_shs,38
bd_shs,122
bd_shs,59
bd_shs,32
bd_shs,36
bd_shs,15
bd_shs,11
bd_shs,78
bd_shs,24
bd_shs,123
bd_shs,30
bd_shs,93
bd_shs,38
bd_shs,9
bd_shs,29
bd_shs,23
bd_shs,7
bd_shs,19
bd_shs,69
bd_shs,117
bd_shs,35
bd_shs,17
bd_shs,53
bd_shs,53
bd_shs,35
bd_shs,43
bd_shs,19
bd_shs,24
bd_shs,86
bd_shs,26
bd_shs,153
bd_shs,128
bd_shs,8
bd_shs,21
bd_shs,57
bd_shs,30
bd_shs,31
bd_shs,10
bd_shs,35
bd_shs,7
bd_shs,584
bd_shs,63
bd_shs,11
bd_shs,234
bd_shs,20
bd_shs,25
bd_shs,57
bd_shs,56
bd_shs,40
bd_shs,16
bd_shs,60
bd_shs,13
bd_shs,62
bd_shs,27
bd_shs,14
bd_shs,21
bd_shs,73
bd_shs,69
bd_shs,48
bd_shs,301
bd_shs,100
bd_shs,98
bd_shs,321
bd_shs,78
bd_shs,42
bd_shs,82
bd_shs,34
bd_shs,48
bd_shs,132
bd_shs,109
bd_shs,116
bd_shs,171
bd_shs,509
bd_shs,20
bd_shs,65
bd_shs,84
bd_shs,151
bd_shs,40
bd_shs,103
bd_shs,538
bd_shs,42
bd_shs,135
bd_shs,34
bd_shs,78
bd_shs,138
bd_shs,19
bd_shs,87
bd_shs,79
bd_shs,81
bd_shs,135
bd_shs,99
bd_shs,76
bd_shs,136
bd_shs,76
bd_shs,243
bd_shs,139
bd_shs,134
bd_shs,359
bd_shs,130
bd_shs,53
bd_shs,64
bd_shs,69
bd_shs,21
bd_shs,158
bd_shs,58
bd_shs,144
bd_shs,38
bd_shs,79
bd_shs,50
bd_shs,386
bd_shs,97
bd_shs,114
bd_shs,50
bd_shs,63
bd_shs,77
bd_shs,27
bd_shs,24
bd_shs,114
bd_shs,44
bd_shs,31
bd_shs,22
bd_shs,17
bd_shs,12
bd_shs,386
bd_shs,31
bd_shs,37
bd_shs,117
bd_shs,33
bd_shs,19
bd_shs,11
bd_shs,56
bd_shs,52
bd_shs,182
bd_shs,124
bd_shs,24
bd_shs,37
bd_shs,193
bd_shs,30
bd_shs,128
bd_shs,241
bd_shs,72
bd_shs,133
bd_shs,41
bd_shs,57
bd_shs,29
bd_shs,42
bd_shs,63
bd_shs,77
bd_shs,169
bd_shs,74
bd_shs,55
bd_shs,56
bd_shs,88
bd_shs,130
bd_shs,111
bd_shs,126
bd_shs,71
bd_shs,33
bd_shs,43
bd_shs,150
bd_shs,363
bd_shs,192
bd_shs,447
bd_shs,366
bd_shs,89
bd_shs,181
bd_shs,76
bd_shs,52
bd_shs,20
bd_shs,131
bd_shs,198
bd_shs,39
bd_shs,258
bd_shs,85
bd_shs,151
bd_shs,248
bd_shs,70
bd_shs,29
bd_shs,286
bd_shs,40
bd_shs,61
bd_shs,32
bd_shs,84
bd_shs,151
bd_shs,31
bd_shs,156
bd_shs,125
bd_shs,71
bd_shs,37
bd_shs,25
bd_shs,20
bd_shs,17
bd_shs,111
bd_shs,140
bd_shs,76
bd_shs,45
bd_shs,23
bd_shs,48
bd_shs,25
bd_shs,26
bd_shs,27
bd_shs,73
bd_shs,127
bd_shs,32
bd_shs,342
bd_shs,73
bd_shs,36
bd_shs,123
bd_shs,40
bd_shs,28
bd_shs,28
bd_shs,26
bd_shs,27
bd_shs,12
bd_shs,9
bd_shs,19
bd_shs,17
bd_shs,123
bd_shs,278
bd_shs,10
bd_shs,17
bd_shs,34
bd_shs,23
bd_shs,35
bd_shs,15
bd_shs,13
bd_shs,39
bd_shs,10
bd_shs,260
bd_shs,50
bd_shs,402
bd_shs,28
bd_shs,17
bd_shs,22
bd_shs,9
bd_shs,9
bd_shs,30
bd_shs,43
bd_shs,51
bd_shs,2
bd_shs,12
bd_shs,16
bd_shs,11
bd_shs,12
bd_shs,24
bd_shs,21
bd_shs,68
bd_shs,32
bd_shs,145
bd_shs,52
bd_shs,60
bd_shs,45
bd_shs,16
bd_shs,35
bd_shs,110
bd_shs,15
bd_shs,125
bd_shs,11
bd_shs,12
bd_shs,13
bd_shs,137
bd_shs,19
bd_shs,73
bd_shs,15
bd_shs,29
bd_shs,264
bd_shs,9
bd_shs,106
bd_shs,16
bd_shs,49
bd_shs,9
bd_shs,11
bd_shs,20
bd_shs,5
bd_shs,45
bd_shs,46
bd_shs,47
bd_shs,23
bd_shs,17
bd_shs,19
bd_shs,8
bd_shs,26
bd_shs,10
bd_shs,13
bd_shs,19
bd_shs,50
bd_shs,7
bd_shs,17
bd_shs,30
bd_shs,11
bd_shs,31
bd_shs,27
bd_shs,8
bd_shs,17
bd_shs,17
bd_shs,70
bd_shs,2
bd_shs,66
bd_shs,20
bd_shs,65
bd_shs,9
bd_shs,26
bd_shs,10
bd_shs,10
bd_shs,65
bd_shs,111
bd_shs,9
bd_shs,45
bd_shs,159
bd_shs,11
bd_shs,86
bd_shs,7
bd_shs,25
bd_shs,14
bd_shs,5
bd_shs,15
bd_shs,22
bd_shs,340
bd_shs,19
bd_shs,105
bd_shs,22
bd_shs,26
bd_shs,18
bd_shs,39
bd_shs,11
bd_shs,18
bd_shs,32
bd_shs,37
bd_shs,145
bd_shs,8
bd_shs,97
bd_shs,76
bd_shs,31
bd_shs,14
bd_shs,29
bd_shs,6
bd_shs,58
bd_shs,45
bd_shs,18
bd_shs,32
bd_shs,52
bd_shs,35
bd_shs,7
bd_shs,24
bd_shs,10
bd_shs,18
bd_shs,60
bd_shs,30
bd_shs,15
bd_shs,29
bd_shs,20
bd_shs,30
bd_shs,14
bd_shs,91
bd_shs,22
bd_shs,106
bd_shs,22
bd_shs,96
bd_shs,37
bd_shs,10
bd_shs,40
bd_shs,18
bd_shs,11
bd_shs,9
bd_shs,26
bd_shs,97
bd_shs,10
bd_shs,40
bd_shs,202
bd_shs,19
bd_shs,44
bd_shs,15
bd_shs,20
bd_shs,91
bd_shs,64
bd_shs,99
bd_shs,22
bd_shs,23
bd_shs,26
bd_shs,75
bd_shs,25
bd_shs,36
bd_shs,33
bd_shs,55
bd_shs,34
bd_shs,5
bd_shs,19
bd_shs,21
bd_shs,17
bd_shs,23
bd_shs,57
bd_shs,62
bd_shs,26
bd_shs,51
bd_shs,27
bd_shs,39
bd_shs,40
bd_shs,48
bd_shs,101
bd_shs,7
bd_shs,149
bd_shs,20
bd_shs,56
bd_shs,8
bd_shs,9
bd_shs,62
bd_shs,41
bd_shs,21
bd_shs,150
bd_shs,70
bd_shs,34
bd_shs,23
bd_shs,59
bd_shs,10
bd_shs,101
bd_shs,33
bd_shs,15
bd_shs,31
bd_shs,60
bd_shs,431
bd_shs,16
bd_shs,34
bd_shs,16
bd_shs,24
bd_shs,37
bd_shs,67
bd_shs,46
bd_shs,15
bd_shs,6
bd_shs,17
bd_shs,18
bd_shs,68
bd_shs,46
bd_shs,12
bd_shs,36
bd_shs,16
bd_shs,6
bd_shs,41
bd_shs,6
bd_shs,37
bd_shs,665
bd_shs,18
bd_shs,35
bd_shs,51
bd_shs,28
bd_shs,55
bd_shs,34
bd_shs,8
bd_shs,70
bd_shs,16
bd_shs,75
bd_shs,9
bd_shs,61
bd_shs,10
bd_shs,26
bd_shs,10
bd_shs,28
bd_shs,40
bd_shs,115
bd_shs,23
bd_shs,23
bd_shs,84
bd_shs,81
bd_shs,29
bd_shs,43
bd_shs,15
bd_shs,53
bd_shs,52
bd_shs,7
bd_shs,17
bd_shs,10
bd_shs,210
bd_shs,73
bd_shs,31
bd_shs,96
bd_shs,52
bd_shs,6
bd_shs,6
bd_shs,11
bd_shs,41
bd_shs,43
bd_shs,53
bd_shs,6
bd_shs,72
bd_shs,48
bd_shs,11
bd_shs,15
bd_shs,11
bd_shs,56
bd_shs,27
bd_shs,39
bd_shs,21
bd_shs,18
bd_shs,8
bd_shs,44
bd_shs,40
bd_shs,13
bd_shs,69
bd_shs,6
bd_shs,59
bd_shs,18
bd_shs,11
bd_shs,5
bd_shs,26
bd_shs,74
bd_shs,79
bd_shs,33
bd_shs,19
bd_shs,67
bd_shs,93
bd_shs,49
bd_shs,42
bd_shs,58
bd_shs,21
bd_shs,8
bd_shs,19
bd_shs,15
bd_shs,7
bd_shs,45
bd_shs,11
bd_shs,110
bd_shs,17
bd_shs,8
bd_shs,31
bd_shs,19
bd_shs,10
bd_shs,27
bd_shs,3
bd_shs,51
bd_shs,24
bd_shs,35
bd_shs,8
bd_shs,42
bd_shs,44
bd_shs,4
bd_shs,15
bd_shs,1
bd_shs,15
bd_shs,15
bd_shs,5
bd_shs,48
bd_shs,22
bd_shs,36
bd_shs,3
bd_shs,24
bd_shs,13
bd_shs,42
bd_shs,22
bd_shs,122
bd_shs,35
bd_shs,92
bd_shs,46
bd_shs,271
bd_shs,7
bd_shs,28
bd_shs,14
bd_shs,35
bd_shs,257
bd_shs,16
bd_shs,189
bd_shs,67
bd_shs,42
bd_shs,15
bd_shs,60
bd_shs,177
bd_shs,79
bd_shs,12
bd_shs,34
bd_shs,7
bd_shs,51
bd_shs,14
bd_shs,9
bd_shs,44
bd_shs,33
bd_shs,20
bd_shs,228
bd_shs,73
bd_shs,122
bd_shs,68
bd_shs,45
bd_shs,22
bd_shs,46
bd_shs,22
bd_shs,39
bd_shs,21
bd_shs,20
bd_shs,22
bd_shs,26
bd_shs,20
bd_shs,5
bd_shs,8
bd_shs,118
bd_shs,67
bd_shs,9
bd_shs,10
bd_shs,211
bd_shs,116
bd_shs,19
bd_shs,58
bd_shs,34
bd_shs,14
bd_shs,20
bd_shs,50
bd_shs,58
bd_shs,28
bd_shs,33
bd_shs,12
bd_shs,24
bd_shs,68
bd_shs,11
bd_shs,13
bd_shs,11
bd_shs,59
bd_shs,20
bd_shs,10
bd_shs,60
bd_shs,61
bd_shs,17
bd_shs,204
bd_shs,25
bd_shs,90
bd_shs,25
bd_shs,11
bd_shs,58
bd_shs,82
bd_shs,22
bd_shs,80
bd_shs,18
bd_shs,19
bd_shs,26
bd_shs,47
bd_shs,3
bd_shs,85
bd_shs,2
bd_shs,29
bd_shs,52
bd_shs,13
bd_shs,45
bd_shs,29
bd_shs,16
bd_shs,8
bd_shs,402
bd_shs,359
bd_shs,6
bd_shs,19
bd_shs,29
bd_shs,60
bd_shs,33
bd_shs,49
bd_shs,2
bd_shs,8
bd_shs,80
bd_shs,20
bd_shs,11
bd_shs,20
bd_shs,27
bd_shs,73
bd_shs,17
bd_shs,43
bd_shs,37
bd_shs,43
bd_shs,23
bd_shs,21
bd_shs,28
bd_shs,46
bd_shs,26
bd_shs,19
bd_shs,31
bd_shs,43
bd_shs,35
bd_shs,15
bd_shs,103
bd_shs,26
bd_shs,28
bd_shs,110
bd_shs,26
bd_shs,52
bd_shs,18
bd_shs,21
bd_shs,115
bd_shs,35
bd_shs,28
bd_shs,62
bd_shs,24
bd_shs,158
bd_shs,44
bd_shs,16
bd_shs,4
bd_shs,28
bd_shs,48
bd_shs,28
bd_shs,32
bd_shs,118
bd_shs,235
bd_shs,12
bd_shs,90
bd_shs,4
bd_shs,53
bd_shs,61
bd_shs,40
bd_shs,19
bd_shs,15
bd_shs,12
bd_shs,30
bd_shs,11
bd_shs,12
bd_shs,45
bd_shs,66
bd_shs,12
bd_shs,19
bd_shs,12
bd_shs,31
bd_shs,44
bd_shs,58
bd_shs,32
bd_shs,41
bd_shs,52
bd_shs,26
bd_shs,36
bd_shs,9
bd_shs,12
bd_shs,9
bd_shs,22
bd_shs,33
bd_shs,42
bd_shs,61
bd_shs,34
bd_shs,21
bd_shs,16
bd_shs,5
bd_shs,29
bd_shs,9
bd_shs,25
bd_shs,44
bd_shs,109
bd_shs,27
bd_shs,5
bd_shs,23
bd_shs,25
bd_shs,332
bd_shs,109
bd_shs,152
bd_shs,8
bd_shs,38
bd_shs,8
bd_shs,53
bd_shs,40
bd_shs,5
bd_shs,31
bd_shs,71
bd_shs,27
bd_shs,28
bd_shs,22
bd_shs,50
bd_shs,23
bd_shs,12
bd_shs,24
bd_shs,56
bd_shs,53
bd_shs,43
bd_shs,30
bd_shs,34
bd_shs,50
bd_shs,55
bd_shs,21
bd_shs,1
bd_shs,114
bd_shs,64
bd_shs,18
bd_shs,169
bd_shs,21
bd_shs,11
bd_shs,137
bd_shs,55
bd_shs,24
bd_shs,55
bd_shs,88
bd_shs,18
bd_shs,7
bd_shs,25
bd_shs,21
bd_shs,114
bd_shs,815
bd_shs,85
bd_shs,172
bd_shs,17
bd_shs,132
bd_shs,39
bd_shs,20
bd_shs,52
bd_shs,41
bd_shs,19
bd_shs,58
bd_shs,107
bd_shs,34
bd_shs,36
bd_shs,27
bd_shs,49
bd_shs,97
bd_shs,54
bd_shs,49
bd_shs,51
bd_shs,11
bd_shs,60
bd_shs,14
bd_shs,30
bd_shs,13
bd_shs,16
bd_shs,6
bd_shs,23
bd_shs,51
bd_shs,94
bd_shs,8
bd_shs,85
bd_shs,55
bd_shs,40
bd_shs,39
bd_shs,13
bd_shs,113
bd_shs,12
bd_shs,43
bd_shs,55
bd_shs,52
bd_shs,13
bd_shs,15
bd_shs,18
bd_shs,38
bd_shs,93
bd_shs,27
bd_shs,40
bd_shs,21
bd_shs,17
bd_shs,48
bd_shs,21
bd_shs,45
bd_shs,246
bd_shs,11
bd_shs,36
bd_shs,100
bd_shs,56
bd_shs,43
bd_shs,91
bd_shs,75
bd_shs,47
bd_shs,50
bd_shs,63
bd_shs,48
bd_shs,53
bd_shs,76
bd_shs,111
bd_shs,180
bd_shs,33
bd_shs,75
bd_shs,30
bd_shs,38
bd_shs,64
bd_shs,137
bd_shs,83
bd_shs,15
bd_shs,19
bd_shs,20
bd_shs,81
bd_shs,35
bd_shs,30
bd_shs,67
bd_shs,12
bd_shs,19
bd_shs,25
bd_shs,11
bd_shs,40
bd_shs,18
bd_shs,57
bd_shs,110
bd_shs,10
bd_shs,46
bd_shs,5
bd_shs,96
bd_shs,31
bd_shs,58
bd_shs,71
bd_shs,26
bd_shs,46
bd_shs,84
bd_shs,198
bd_shs,53
bd_shs,285
bd_shs,71
bd_shs,132
bd_shs,110
bd_shs,39
bd_shs,106
bd_shs,10
bd_shs,55
bd_shs,4
bd_shs,29
bd_shs,36
bd_shs,86
bd_shs,22
bd_shs,36
bd_shs,66
bd_shs,40
bd_shs,27
bd_shs,73
bd_shs,20
bd_shs,70
bd_shs,18
bd_shs,29
bd_shs,20
bd_shs,136
bd_shs,72
bd_shs,25
bd_shs,111
bd_shs,52
bd_shs,55
bd_shs,68
bd_shs,34
bd_shs,128
bd_shs,92
bd_shs,40
bd_shs,94
bd_shs,98
bd_shs,309
bd_shs,76
bd_shs,118
bd_shs,112
bd_shs,51
bd_shs,58
bd_shs,59
bd_shs,57
bd_shs,55
bd_shs,52
bd_shs,52
bd_shs,58
bd_shs,28
bd_shs,23
bd_shs,89
bd_shs,15
bd_shs,42
bd_shs,51
bd_shs,53
bd_shs,105
bd_shs,102
bd_shs,11
bd_shs,64
bd_shs,12
bd_shs,36
bd_shs,87
bd_shs,153
bd_shs,18
bd_shs,45
bd_shs,92
bd_shs,31
bd_shs,77
bd_shs,51
bd_shs,16
bd_shs,65
bd_shs,29
bd_shs,87
bd_shs,52
bd_shs,49
bd_shs,15
bd_shs,104
bd_shs,39
bd_shs,13
bd_shs,28
bd_shs,37
bd_shs,37
bd_shs,22
bd_shs,22
bd_shs,25
bd_shs,32
bd_shs,32
bd_shs,63
bd_shs,31
bd_shs,242
bd_shs,54
bd_shs,26
bd_shs,13
bd_shs,45
bd_shs,45
bd_shs,33
bd_shs,124
bd_shs,50
bd_shs,10
bd_shs,8
bd_shs,8
bd_shs,35
bd_shs,34
bd_shs,132
bd_shs,72
bd_shs,18
bd_shs,13
bd_shs,70
bd_shs,38
bd_shs,123
bd_shs,36
bd_shs,36
bd_shs,29
bd_shs,23
bd_shs,31
bd_shs,200
bd_shs,39
bd_shs,51
bd_shs,183
bd_shs,66
bd_shs,42
bd_shs,17
bd_shs,64
bd_shs,36
bd_shs,27
bd_shs,168
bd_shs,19
bd_shs,8
bd_shs,30
bd_shs,9
bd_shs,35
bd_shs,45
bd_shs,10
bd_shs,116
bd_shs,46
bd_shs,60
bd_shs,20
bd_shs,43
bd_shs,50
bd_shs,27
bd_shs,85
bd_shs,27
bd_shs,21
bd_shs,17
bd_shs,22
bd_shs,23
bd_shs,12
bd_shs,86
bd_shs,48
bd_shs,100
bd_shs,43
bd_shs,74
bd_shs,35
bd_shs,23
bd_shs,23
bd_shs,20
bd_shs,61
bd_shs,55
bd_shs,64
bd_shs,89
bd_shs,99
bd_shs,25
bd_shs,41
bd_shs,55
bd_shs,47
bd_shs,40
bd_shs,26
bd_shs,21
bd_shs,88
bd_shs,43
bd_shs,16
bd_shs,37
bd_shs,29
bd_shs,56
bd_shs,28
bd_shs,16
bd_shs,31
bd_shs,74
bd_shs,48
bd_shs,27
bd_shs,35
bd_shs,93
bd_shs,22
bd_shs,21
bd_shs,79
bd_shs,17
bd_shs,75
bd_shs,76
bd_shs,38
bd_shs,16
bd_shs,34
bd_shs,23
bd_shs,19
bd_shs,19
bd_shs,60
bd_shs,88
bd_shs,25
bd_shs,25
bd_shs,51
bd_shs,89
bd_shs,22
bd_shs,15
bd_shs,22
bd_shs,25
bd_shs,69
bd_shs,82
bd_shs,60
bd_shs,20
bd_shs,63
bd_shs,18
bd_shs,20
bd_shs,30
bd_shs,26
bd_shs,42
bd_shs,19
bd_shs,69
bd_shs,26
bd_shs,70
bd_shs,99
bd_shs,23
bd_shs,83
bd_shs,211
bd_shs,176
bd_shs,72
bd_shs,72
bd_shs,13
bd_shs,27
bd_shs,78
bd_shs,77
bd_shs,50
bd_shs,35
bd_shs,23
bd_shs,43
bd_shs,47
bd_shs,46
bd_shs,15
bd_shs,37
bd_shs,56
bd_shs,28
bd_shs,12
bd_shs,42
bd_shs,111
bd_shs,20
bd_shs,13
bd_shs,62
bd_shs,74
bd_shs,24
bd_shs,32
bd_shs,40
bd_shs,72
bd_shs,28
bd_shs,44
bd_shs,22
bd_shs,90
bd_shs,22
bd_shs,26
bd_shs,17
bd_shs,61
bd_shs,132
bd_shs,53
bd_shs,62
bd_shs,53
bd_shs,20
bd_shs,18
bd_shs,74
bd_shs,67
bd_shs,9
bd_shs,127
bd_shs,20
bd_shs,28
bd_shs,18
bd_shs,28
bd_shs,14
bd_shs,17
bd_shs,27
bd_shs,73
bd_shs,21
bd_shs,47
bd_shs,30
bd_shs,30
bd_shs,104
bd_shs,20
bd_shs,22
bd_shs,46
bd_shs,43
bd_shs,18
bd_shs,23
bd_shs,13
bd_shs,14
bd_shs,52
bd_shs,32
bd_shs,30
bd_shs,19
bd_shs,76
bd_shs,45
bd_shs,92
bd_shs,66
bd_shs,53
bd_shs,91
bd_shs,39
bd_shs,13
bd_shs,31
bd_shs,16
bd_shs,111
bd_shs,39
bd_shs,32
bd_shs,93
bd_shs,16
bd_shs,38
bd_shs,54
bd_shs,17
bd_shs,9
bd_shs,59
bd_shs,47
bd_shs,42
bd_shs,52
bd_shs,271
bd_shs,66
bd_shs,48
bd_shs,28
bd_shs,107
bd_shs,40
bd_shs,46
bd_shs,21
bd_shs,13
bd_shs,19
bd_shs,113
bd_shs,32
bd_shs,63
bd_shs,49
bd_shs,14
bd_shs,63
bd_shs,21
bd_shs,24
bd_shs,22
bd_shs,13
bd_shs,47
bd_shs,17
bd_shs,49
bd_shs,41
bd_shs,45
bd_shs,21
bd_shs,41
bd_shs,20
bd_shs,19
bd_shs,83
bd_shs,36
bd_shs,18
bd_shs,11
bd_shs,61
bd_shs,48
bd_shs,121
bd_shs,24
bd_shs,40
bd_shs,13
bd_shs,39
bd_shs,29
bd_shs,35
bd_shs,57
bd_shs,12
bd_shs,160
bd_shs,113
bd_shs,31
bd_shs,25
bd_shs,80
bd_shs,32
bd_shs,24
bd_shs,33
bd_shs,49
bd_shs,61
bd_shs,85
bd_shs,40
bd_shs,46
bd_shs,37
bd_shs,70
bd_shs,10
bd_shs,25
bd_shs,58
bd_shs,11
bd_shs,19
bd_shs,58
bd_shs,35
bd_shs,16
bd_shs,6
bd_shs,89
bd_shs,54
bd_shs,44
bd_shs,16
bd_shs,28
bd_shs,37
bd_shs,20
bd_shs,21
bd_shs,38
bd_shs,19
bd_shs,28
bd_shs,23
bd_shs,178
bd_shs,106
bd_shs,38
bd_shs,24
bd_shs,16
bd_shs,21
bd_shs,48
bd_shs,17
bd_shs,12
bd_shs,20
bd_shs,36
bd_shs,76
bd_shs,22
bd_shs,21
bd_shs,25
bd_shs,17
bd_shs,11
bd_shs,75
bd_shs,62
bd_shs,15
bd_shs,74
bd_shs,43
bd_shs,22
bd_shs,73
bd_shs,31
bd_shs,19
bd_shs,17
bd_shs,16
bd_shs,15
bd_shs,61
bd_shs,22
bd_shs,86
bd_shs,39
bd_shs,37
bd_shs,36
bd_shs,26
bd_shs,11
bd_shs,22
bd_shs,95
bd_shs,38
bd_shs,23
bd_shs,87
bd_shs,23
bd_shs,56
bd_shs,22
bd_shs,22
bd_shs,18
bd_shs,26
bd_shs,56
bd_shs,26
bd_shs,16
bd_shs,21
bd_shs,61
bd_shs,98
bd_shs,29
bd_shs,19
bd_shs,45
bd_shs,27
bd_shs,54
bd_shs,16
bd_shs,166
bd_shs,57
bd_shs,28
bd_shs,72
bd_shs,33
bd_shs,36
bd_shs,80
bd_shs,373
bd_shs,106
bd_shs,36
bd_shs,10
bd_shs,13
bd_shs,40
bd_shs,90
bd_shs,16
bd_shs,66
bd_shs,193
bd_shs,9
bd_shs,10
bd_shs,15
bd_shs,29
bd_shs,14
bd_shs,22
bd_shs,42
bd_shs,140
bd_shs,63
bd_shs,11
bd_shs,21
bd_shs,69
bd_shs,257
bd_shs,35
bd_shs,212
bd_shs,69
bd_shs,14
bd_shs,28
bd_shs,43
bd_shs,61
bd_shs,49
bd_shs,15
bd_shs,43
bd_shs,105
bd_shs,184
bd_shs,50
bd_shs,36
bd_shs,177
bd_shs,43
bd_shs,16
bd_shs,25
bd_shs,21
bd_shs,18
bd_shs,9
bd_shs,267
bd_shs,13
bd_shs,8
bd_shs,9
bd_shs,25
bd_shs,35
bd_shs,30
bd_shs,37
bd_shs,18
bd_shs,11
bd_shs,55
bd_shs,16
bd_shs,9
bd_shs,105
bd_shs,21
bd_shs,44
bd_shs,9
bd_shs,26
bd_shs,76
bd_shs,28
bd_shs,48
bd_shs,44
bd_shs,22
bd_shs,66
bd_shs,120
bd_shs,40
bd_shs,84
bd_shs,25
bd_shs,155
bd_shs,42
bd_shs,30
bd_shs,53
bd_shs,12
bd_shs,31
bd_shs,16
bd_shs,57
bd_shs,18
bd_shs,22
bd_shs,25
bd_shs,60
bd_shs,57
bd_shs,123
bd_shs,42
bd_shs,12
bd_shs,14
bd_shs,20
bd_shs,18
bd_shs,16
bd_shs,16
bd_shs,29
bd_shs,33
bd_shs,19
bd_shs,24
bd_shs,41
bd_shs,44
bd_shs,60
bd_shs,26
bd_shs,15
bd_shs,30
bd_shs,23
bd_shs,16
bd_shs,53
bd_shs,19
bd_shs,44
bd_shs,23
bd_shs,53
bd_shs,20
bd_shs,25
bd_shs,18
bd_shs,46
bd_shs,45
bd_shs,81
bd_shs,19
bd_shs,11
bd_shs,71
bd_shs,63
bd_shs,53
bd_shs,20
bd_shs,58
bd_shs,17
bd_shs,7
bd_shs,11
bd_shs,51
bd_shs,48
bd_shs,76
bd_shs,14
bd_shs,76
bd_shs,38
bd_shs,31
bd_shs,50
bd_shs,14
bd_shs,128
bd_shs,110
bd_shs,48
bd_shs,15
bd_shs,14
bd_shs,23
bd_shs,24
bd_shs,27
bd_shs,20
bd_shs,21
bd_shs,33
bd_shs,20
bd_shs,18
bd_shs,48
bd_shs,98
bd_shs,114
bd_shs,18
bd_shs,35
bd_shs,52
bd_shs,72
bd_shs,27
bd_shs,11
bd_shs,43
bd_shs,12
bd_shs,27
bd_shs,32
bd_shs,36
bd_shs,8
bd_shs,30
bd_shs,52
bd_shs,16
bd_shs,19
bd_shs,6
bd_shs,82
bd_shs,53
bd_shs,94
bd_shs,69
bd_shs,77
bd_shs,88
bd_shs,7
bd_shs,21
bd_shs,17
bd_shs,16
bd_shs,17
bd_shs,26
bd_shs,65
bd_shs,38
bd_shs,133
bd_shs,29
bd_shs,35
bd_shs,21
bd_shs,130
bd_shs,13
bd_shs,31
bd_shs,47
bd_shs,47
bd_shs,141
bd_shs,46
bd_shs,18
bd_shs,16
bd_shs,8
bd_shs,64
bd_shs,51
bd_shs,62
bd_shs,66
bd_shs,33
bd_shs,20
bd_shs,261
bd_shs,63
bd_shs,31
bd_shs,49
bd_shs,36
bd_shs,39
bd_shs,19
bd_shs,38
bd_shs,68
bd_shs,22
bd_shs,85
bd_shs,32
bd_shs,34
bd_shs,22
bd_shs,42
bd_shs,29
bd_shs,20
bd_shs,49
bd_shs,21
bd_shs,23
bd_shs,8
bd_shs,18
bd_shs,60
bd_shs,37
bd_shs,89
bd_shs,13
bd_shs,38
bd_shs,76
bd_shs,83
bd_shs,25
bd_shs,29
bd_shs,30
bd_shs,27
bd_shs,60
bd_shs,30
bd_shs,7
bd_shs,46
bd_shs,26
bd_shs,17
bd_shs,19
bd_shs,12
bd_shs,22
bd_shs,86
bd_shs,37
bd_shs,16
bd_shs,16
bd_shs,14
bd_shs,46
bd_shs,32
bd_shs,11
bd_shs,17
bd_shs,19
bd_shs,94
bd_shs,28
bd_shs,33
bd_shs,34
bd_shs,103
bd_shs,40
bd_shs,34
bd_shs,17
bd_shs,36
bd_shs,51
bd_shs,27
bd_shs,25
bd_shs,21
bd_shs,47
bd_shs,28
bd_shs,124
bd_shs,11
bd_shs,54
bd_shs,48
bd_shs,25
bd_shs,17
bd_shs,44
bd_shs,13
bd_shs,18
bd_shs,14
bd_shs,14
bd_shs,141
bd_shs,30
bd_shs,20
bd_shs,41
bd_shs,7
bd_shs,27
bd_shs,12
bd_shs,29
bd_shs,6
bd_shs,79
bd_shs,27
bd_shs,42
bd_shs,14
bd_shs,12
bd_shs,23
bd_shs,9
bd_shs,74
bd_shs,6
bd_shs,37
bd_shs,54
bd_shs,19
bd_shs,8
bd_shs,14
bd_shs,93
bd_shs,10
bd_shs,127
bd_shs,23
bd_shs,32
bd_shs,33
bd_shs,48
bd_shs,103
bd_shs,31
bd_shs,19
bd_shs,111
bd_shs,46
bd_shs,25
bd_shs,33
bd_shs,44
bd_shs,111
bd_shs,57
bd_shs,39
bd_shs,65
bd_shs,99
bd_shs,260
bd_shs,18
bd_shs,15
bd_shs,27
bd_shs,27
bd_shs,49
bd_shs,26
bd_shs,27
bd_shs,49
bd_shs,40
bd_shs,14
bd_shs,25
bd_shs,63
bd_shs,30
bd_shs,50
bd_shs,88
bd_shs,35
bd_shs,17
bd_shs,10
bd_shs,16
bd_shs,11
bd_shs,34
bd_shs,16
bd_shs,78
bd_shs,39
bd_shs,14
bd_shs,6
bd_shs,29
bd_shs,10
bd_shs,40
bd_shs,70
bd_shs,35
bd_shs,20
bd_shs,20
bd_shs,7
bd_shs,42
bd_shs,71
bd_shs,8
bd_shs,76
bd_shs,35
bd_shs,30
bd_shs,16
bd_shs,75
bd_shs,31
bd_shs,21
bd_shs,40
bd_shs,25
bd_shs,25
bd_shs,18
bd_shs,28
bd_shs,10
bd_shs,42
bd_shs,16
bd_shs,36
bd_shs,7
bd_shs,59
bd_shs,19
bd_shs,61
bd_shs,198
bd_shs,48
bd_shs,41
bd_shs,50
bd_shs,30
bd_shs,11
bd_shs,48
bd_shs,37
bd_shs,21
bd_shs,50
bd_shs,28
bd_shs,65
bd_shs,21
bd_shs,49
bd_shs,32
bd_shs,78
bd_shs,21
bd_shs,33
bd_shs,18
bd_shs,14
bd_shs,22
bd_shs,23
bd_shs,19
bd_shs,49
bd_shs,47
bd_shs,58
bd_shs,13
bd_shs,63
bd_shs,94
bd_shs,106
bd_shs,8
bd_shs,101
bd_shs,15
bd_shs,50
bd_shs,20
bd_shs,39
bd_shs,65
bd_shs,20
bd_shs,96
bd_shs,68
bd_shs,33
bd_shs,23
bd_shs,47
bd_shs,11
bd_shs,23
bd_shs,9
bd_shs,5
bd_shs,12
bd_shs,20
bd_shs,289
bd_shs,27
bd_shs,94
bd_shs,24
bd_shs,45
bd_shs,88
bd_shs,18
bd_shs,13
bd_shs,9
bd_shs,34
bd_shs,30
bd_shs,28
bd_shs,30
bd_shs,70
bd_shs,37
bd_shs,15
bd_shs,35
bd_shs,13
bd_shs,46
bd_shs,60
bd_shs,76
bd_shs,8
bd_shs,16
bd_shs,192
bd_shs,18
bd_shs,10
bd_shs,26
bd_shs,24
bd_shs,23
bd_shs,50
bd_shs,11
bd_shs,27
bd_shs,25
bd_shs,5
bd_shs,79
bd_shs,206
bd_shs,15
bd_shs,15
bd_shs,14
bd_shs,6
bd_shs,22
bd_shs,5
bd_shs,134
bd_shs,40
bd_shs,7
bd_shs,55
bd_shs,19
bd_shs,110
bd_shs,6
bd_shs,39
bd_shs,15
bd_shs,37
bd_shs,21
bd_shs,14
bd_shs,20
bd_shs,37
bd_shs,8
bd_shs,7
bd_shs,52
bd_shs,62
bd_shs,67
bd_shs,196
bd_shs,20
bd_shs,11
bd_shs,29
bd_shs,70
bd_shs,51
bd_shs,23
bd_shs,20
bd_shs,45
bd_shs,41
bd_shs,19
bd_shs,31
bd_shs,60
bd_shs,46
bd_shs,37
bd_shs,14
bd_shs,56
bd_shs,81
bd_shs,51
bd_shs,13
bd_shs,91
bd_shs,34
bd_shs,7
bd_shs,20
bd_shs,25
bd_shs,30
bd_shs,73
bd_shs,22
bd_shs,61
bd_shs,11
bd_shs,11
bd_shs,18
bd_shs,39
bd_shs,31
bd_shs,35
bd_shs,62
bd_shs,35
bd_shs,18
bd_shs,18
bd_shs,11
bd_shs,111
bd_shs,29
bd_shs,22
bd_shs,59
bd_shs,44
bd_shs,36
bd_shs,58
bd_shs,33
bd_shs,26
bd_shs,33
bd_shs,21
bd_shs,40
bd_shs,18
bd_shs,25
bd_shs,86
bd_shs,231
bd_shs,35
bd_shs,15
bd_shs,4
bd_shs,20
bd_shs,44
bd_shs,32
bd_shs,29
bd_shs,23
bd_shs,72
bd_shs,53
bd_shs,10
bd_shs,14
bd_shs,20
bd_shs,17
bd_shs,46
bd_shs,16
bd_shs,17
bd_shs,19
bd_shs,36
bd_shs,12
bd_shs,19
bd_shs,11
bd_shs,39
bd_shs,16
bd_shs,41
bd_shs,256
bd_shs,24
bd_shs,19
bd_shs,78
bd_shs,137
bd_shs,14
bd_shs,14
bd_shs,15
bd_shs,90
bd_shs,32
bd_shs,19
bd_shs,32
bd_shs,689
bd_shs,180
bd_shs,26
bd_shs,58
bd_shs,64
bd_shs,31
bd_shs,30
bd_shs,10
bd_shs,81
bd_shs,14
bd_shs,37
bd_shs,30
bd_shs,57
bd_shs,23
bd_shs,21
bd_shs,37
bd_shs,12
bd_shs,32
bd_shs,52
bd_shs,57
bd_shs,8
bd_shs,29
bd_shs,17
bd_shs,40
bd_shs,16
bd_shs,68
bd_shs,25
bd_shs,15
bd_shs,51
bd_shs,54
bd_shs,5
bd_shs,34
bd_shs,59
bd_shs,424
bd_shs,93
bd_shs,61
bd_shs,18
bd_shs,21
bd_shs,21
bd_shs,37
bd_shs,11
bd_shs,12
bd_shs,28
bd_shs,16
bd_shs,48
bd_shs,34
bd_shs,25
bd_shs,29
bd_shs,95
bd_shs,18
bd_shs,54
bd_shs,16
bd_shs,10
bd_shs,42
bd_shs,356
bd_shs,17
bd_shs,18
bd_shs,14
bd_shs,13
bd_shs,87
bd_shs,16
bd_shs,20
bd_shs,39
bd_shs,13
bd_shs,67
bd_shs,20
bd_shs,11
bd_shs,25
bd_shs,60
bd_shs,31
bd_shs,8
bd_shs,50
bd_shs,8
bd_shs,10
bd_shs,26
bd_shs,7
bd_shs,23
bd_shs,13
bd_shs,21
bd_shs,171
bd_shs,36
bd_shs,14
bd_shs,37
bd_shs,19
bd_shs,22
bd_shs,9
bd_shs,12
bd_shs,9
bd_shs,37
bd_shs,53
bd_shs,149
bd_shs,39
bd_shs,15
bd_shs,23
bd_shs,13
bd_shs,28
bd_shs,10
bd_shs,20
bd_shs,184
bd_shs,59
bd_shs,79
bd_shs,19
bd_shs,10
bd_shs,83
bd_shs,7
bd_shs,29
bd_shs,8
bd_shs,25
bd_shs,46
bd_shs,15
bd_shs,13
bd_shs,60
bd_shs,33
bd_shs,48
bd_shs,6
bd_shs,27
bd_shs,70
bd_shs,67
bd_shs,20
bd_shs,60
bd_shs,18
bd_shs,93
bd_shs,16
bd_shs,80
bd_shs,25
bd_shs,27
bd_shs,35
bd_shs,11
bd_shs,22
bd_shs,11
bd_shs,85
bd_shs,25
bd_shs,14
bd_shs,45
bd_shs,15
bd_shs,20
bd_shs,48
bd_shs,31
bd_shs,29
bd_shs,14
bd_shs,73
bd_shs,60
bd_shs,13
bd_shs,25
bd_shs,36
bd_shs,6
bd_shs,74
bd_shs,24
bd_shs,70
bd_shs,22
bd_shs,36
bd_shs,40
bd_shs,41
bd_shs,33
bd_shs,12
bd_shs,5
bd_shs,14
bd_shs,22
bd_shs,35
bd_shs,38
bd_shs,19
bd_shs,26
bd_shs,13
bd_shs,20
bd_shs,39
bd_shs,28
bd_shs,27
bd_shs,84
bd_shs,79
bd_shs,31
bd_shs,15
bd_shs,19
bd_shs,15
bd_shs,12
bd_shs,36
bd_shs,21
bd_shs,8
bd_shs,11
bd_shs,36
bd_shs,36
bd_shs,8
bd_shs,18
bd_shs,8
bd_shs,18
bd_shs,32
bd_shs,8
bd_shs,6
bd_shs,19
bd_shs,63
bd_shs,10
bd_shs,26
bd_shs,17
bd_shs,39
bd_shs,11
bd_shs,18
bd_shs,6
bd_shs,6
bd_shs,6
bd_shs,56
bd_shs,46
bd_shs,32
bd_shs,41
bd_shs,25
bd_shs,5
bd_shs,3
bd_shs,13
bd_shs,138
bd_shs,33
bd_shs,63
bd_shs,137
bd_shs,24
bd_shs,15
bd_shs,10
bd_shs,11
bd_shs,21
bd_shs,11
bd_shs,24
bd_shs,12
bd_shs,17
bd_shs,28
bd_shs,38
bd_shs,96
bd_shs,44
bd_shs,35
bd_shs,10
bd_shs,9
bd_shs,23
bd_shs,17
bd_shs,41
bd_shs,52
bd_shs,8
bd_shs,17
bd_shs,23
bd_shs,21
bd_shs,17
bd_shs,14
bd_shs,21
bd_shs,29
bd_shs,28
bd_shs,16
bd_shs,26
bd_shs,21
bd_shs,58
bd_shs,25
bd_shs,37
bd_shs,18
bd_shs,6
bd_shs,20
bd_shs,18
bd_shs,59
bd_shs,32
bd_shs,36
bd_shs,78
bd_shs,6
bd_shs,27
bd_shs,16
bd_shs,26
bd_shs,62
bd_shs,22
bd_shs,7
bd_shs,30
bd_shs,6
bd_shs,161
bd_shs,9
bd_shs,227
bd_shs,108
bd_shs,50
bd_shs,46
bd_shs,12
bd_shs,16
bd_shs,41
bd_shs,21
bd_shs,19
bd_shs,13
bd_shs,16
bd_shs,54
bd_shs,92
bd_shs,13
bd_shs,16
bd_shs,10
bd_shs,10
bd_shs,33
bd_shs,126
bd_shs,13
bd_shs,20
bd_shs,19
bd_shs,127
bd_shs,15
bd_shs,33
bd_shs,19
bd_shs,293
bd_shs,63
bd_shs,36
bd_shs,33
bd_shs,36
bd_shs,31
bd_shs,16
bd_shs,5
bd_shs,20
bd_shs,31
bd_shs,9
bd_shs,18
bd_shs,33
bd_shs,86
bd_shs,29
bd_shs,17
bd_shs,9
bd_shs,112
bd_shs,11
bd_shs,49
bd_shs,17
bd_shs,14
bd_shs,21
bd_shs,58
bd_shs,6
bd_shs,12
bd_shs,31
bd_shs,16
bd_shs,7
bd_shs,6
bd_shs,12
bd_shs,35
bd_shs,48
bd_shs,49
bd_shs,40
bd_shs,21
bd_shs,13
bd_shs,20
bd_shs,38
bd_shs,19
bd_shs,10
bd_shs,18
bd_shs,105
bd_shs,152
bd_shs,12
bd_shs,13
bd_shs,135
bd_shs,70
bd_shs,14
bd_shs,23
bd_shs,41
bd_shs,64
bd_shs,34
bd_shs,77
bd_shs,13
bd_shs,32
bd_shs,18
bd_shs,15
bd_shs,18
bd_shs,58
bd_shs,17
bd_shs,139
bd_shs,7
bd_shs,78
bd_shs,18
bd_shs,58
bd_shs,17
bd_shs,11
bd_shs,23
bd_shs,26
bd_shs,58
bd_shs,10
bd_shs,58
bd_shs,10
bd_shs,146
bd_shs,70
bd_shs,55
bd_shs,28
bd_shs,20
bd_shs,10
bd_shs,19
bd_shs,116
bd_shs,38
bd_shs,68
bd_shs,87
bd_shs,33
bd_shs,28
bd_shs,25
bd_shs,69
bd_shs,32
bd_shs,44
bd_shs,35
bd_shs,21
bd_shs,13
bd_shs,20
bd_shs,63
bd_shs,36
bd_shs,10
bd_shs,17
bd_shs,48
bd_shs,16
bd_shs,47
bd_shs,36
bd_shs,7
bd_shs,9
bd_shs,26
bd_shs,38
bd_shs,20
bd_shs,15
bd_shs,25
bd_shs,26
bd_shs,20
bd_shs,9
bd_shs,10
bd_shs,23
bd_shs,17
bd_shs,34
bd_shs,29
bd_shs,18
bd_shs,24
bd_shs,12
bd_shs,29
bd_shs,43
bd_shs,13
bd_shs,16
bd_shs,17
bd_shs,23
bd_shs,37
bd_shs,30
bd_shs,70
bd_shs,22
bd_shs,32
bd_shs,12
bd_shs,58
bd_shs,22
bd_shs,29
bd_shs,15
bd_shs,35
bd_shs,184
bd_shs,117
bd_shs,61
bd_shs,20
bd_shs,13
bd_shs,12
bd_shs,44
bd_shs,25
bd_shs,57
bd_shs,24
bd_shs,44
bd_shs,31
bd_shs,31
bd_shs,20
bd_shs,12
bd_shs,22
bd_shs,38
bd_shs,86
bd_shs,15
bd_shs,113
bd_shs,12
bd_shs,9
bd_shs,29
bd_shs,13
bd_shs,24
bd_shs,43
bd_shs,39
bd_shs,18
bd_shs,9
bd_shs,58
bd_shs,31
bd_shs,19
bd_shs,11
bd_shs,86
bd_shs,7
bd_shs,33
bd_shs,17
bd_shs,13
bd_shs,35
bd_shs,60
bd_shs,19
bd_shs,108
bd_shs,41
bd_shs,43
bd_shs,43
bd_shs,12
bd_shs,30
bd_shs,29
bd_shs,26
bd_shs,15
bd_shs,12
bd_shs,34
bd_shs,52
bd_shs,145
bd_shs,52
bd_shs,32
bd_shs,171
bd_shs,10
bd_shs,25
bd_shs,12
bd_shs,14
bd_shs,28
bd_shs,14
bd_shs,59
bd_shs,39
bd_shs,30
bd_shs,6
bd_shs,11
bd_shs,63
bd_shs,22
bd_shs,109
bd_shs,118
bd_shs,9
bd_shs,30
bd_shs,11
bd_shs,16
bd_shs,19
bd_shs,35
bd_shs,30
bd_shs,367
bd_shs,56
bd_shs,12
bd_shs,16
bd_shs,16
bd_shs,44
bd_shs,24
bd_shs,29
bd_shs,35
bd_shs,70
bd_shs,68
bd_shs,91
bd_shs,30
bd_shs,44
bd_shs,33
bd_shs,67
bd_shs,123
bd_shs,37
bd_shs,39
bd_shs,51
bd_shs,107
bd_shs,303
bd_shs,45
bd_shs,34
bd_shs,40
bd_shs,53
bd_shs,15
bd_shs,17
bd_shs,34
bd_shs,199
bd_shs,43
bd_shs,52
bd_shs,23
bd_shs,21
bd_shs,68
bd_shs,38
bd_shs,14
bd_shs,44
bd_shs,59
bd_shs,105
bd_shs,234
bd_shs,324
bd_shs,17
bd_shs,63
bd_shs,64
bd_shs,102
bd_shs,14
bd_shs,134
bd_shs,40
bd_shs,13
bd_shs,28
bd_shs,9
bd_shs,46
bd_shs,67
bd_shs,84
bd_shs,33
bd_shs,75
bd_shs,164
bd_shs,97
bd_shs,26
bd_shs,49
bd_shs,69
bd_shs,17
bd_shs,15
bd_shs,50
bd_shs,18
bd_shs,34
bd_shs,30
bd_shs,17
bd_shs,9
bd_shs,23
bd_shs,19
bd_shs,30
bd_shs,132
bd_shs,20
bd_shs,12
bd_shs,12
bd_shs,8
bd_shs,7
bd_shs,42
bd_shs,5
bd_shs,42
bd_shs,67
bd_shs,51
bd_shs,65
bd_shs,73
bd_shs,178
bd_shs,63
bd_shs,18
bd_shs,19
bd_shs,28
bd_shs,15
bd_shs,107
bd_shs,23
bd_shs,9
bd_shs,46
bd_shs,48
bd_shs,62
bd_shs,38
bd_shs,11
bd_shs,29
bd_shs,36
bd_shs,15
bd_shs,10
bd_shs,86
bd_shs,25
bd_shs,17
bd_shs,5
bd_shs,28
bd_shs,34
bd_shs,17
bd_shs,26
bd_shs,48
bd_shs,9
bd_shs,13
bd_shs,6
bd_shs,19
bd_shs,8
bd_shs,7
bd_shs,74
bd_shs,25
bd_shs,4
bd_shs,9
bd_shs,14
bd_shs,30
bd_shs,108
bd_shs,17
bd_shs,12
bd_shs,13
bd_shs,15
bd_shs,37
bd_shs,29
bd_shs,23
bd_shs,45
bd_shs,102
bd_shs,19
bd_shs,65
bd_shs,15
bd_shs,40
bd_shs,21
bd_shs,24
bd_shs,114
bd_shs,37
bd_shs,528
bd_shs,18
bd_shs,25
bd_shs,18
bd_shs,57
bd_shs,9
bd_shs,206
bd_shs,7
bd_shs,71
bd_shs,19
bd_shs,24
bd_shs,35
bd_shs,13
bd_shs,38
bd_shs,57
bd_shs,35
bd_shs,279
bd_shs,17
bd_shs,44
bd_shs,16
bd_shs,68
bd_shs,30
bd_shs,108
bd_shs,9
bd_shs,30
bd_shs,16
bd_shs,9
bd_shs,22
bd_shs,43
bd_shs,20
bd_shs,24
bd_shs,34
bd_shs,21
bd_shs,15
bd_shs,27
bd_shs,74
bd_shs,10
bd_shs,18
bd_shs,24
bd_shs,21
bd_shs,105
bd_shs,7
bd_shs,56
bd_shs,18
bd_shs,17
bd_shs,14
bd_shs,18
bd_shs,110
bd_shs,26
bd_shs,34
bd_shs,63
bd_shs,29
bd_shs,24
bd_shs,22
bd_shs,21
bd_shs,50
bd_shs,19
bd_shs,12
bd_shs,18
bd_shs,9
bd_shs,23
bd_shs,13
bd_shs,5
bd_shs,43
bd_shs,3
bd_shs,23
bd_shs,39
bd_shs,35
bd_shs,142
bd_shs,136
bd_shs,59
bd_shs,56
bd_shs,52
bd_shs,29
bd_shs,42
bd_shs,6
bd_shs,22
bd_shs,30
bd_shs,66
bd_shs,13
bd_shs,13
bd_shs,41
bd_shs,44
bd_shs,37
bd_shs,14
bd_shs,9
bd_shs,16
bd_shs,35
bd_shs,30
bd_shs,14
bd_shs,10
bd_shs,16
bd_shs,62
bd_shs,20
bd_shs,50
bd_shs,45
bd_shs,17
bd_shs,337
bd_shs,22
bd_shs,47
bd_shs,61
bd_shs,13
bd_shs,50
bd_shs,23
bd_shs,36
bd_shs,51
bd_shs,38
bd_shs,14
bd_shs,120
bd_shs,121
bd_shs,23
bd_shs,27
bd_shs,19
bd_shs,38
bd_shs,9
bd_shs,37
bd_shs,32
bd_shs,51
bd_shs,16
bd_shs,14
bd_shs,45
bd_shs,73
bd_shs,41
bd_shs,53
bd_shs,43
bd_shs,18
bd_shs,305
bd_shs,21
bd_shs,9
bd_shs,92
bd_shs,44
bd_shs,38
bd_shs,62
bd_shs,37
bd_shs,10
bd_shs,171
bd_shs,11
bd_shs,10
bd_shs,22
bd_shs,26
bd_shs,30
bd_shs,25
bd_shs,6
bd_shs,43
bd_shs,13
bd_shs,8
bd_shs,19
bd_shs,46
bd_shs,24
bd_shs,33
bd_shs,69
bd_shs,14
bd_shs,11
bd_shs,23
bd_shs,64
bd_shs,47
bd_shs,111
bd_shs,381
bd_shs,392
bd_shs,38
bd_shs,22
bd_shs,53
bd_shs,219
bd_shs,44
bd_shs,61
bd_shs,85
bd_shs,95
bd_shs,157
bd_shs,54
bd_shs,61
bd_shs,89
bd_shs,49
bd_shs,29
bd_shs,25
bd_shs,83
bd_shs,19
bd_shs,30
bd_shs,9
bd_shs,46
bd_shs,22
bd_shs,162
bd_shs,51
bd_shs,18
bd_shs,19
bd_shs,5
bd_shs,52
bd_shs,42
bd_shs,16
bd_shs,19
bd_shs,26
bd_shs,30
bd_shs,41
bd_shs,62
bd_shs,34
bd_shs,55
bd_shs,23
bd_shs,75
bd_shs,14
bd_shs,22
bd_shs,22
bd_shs,23
bd_shs,12
bd_shs,22
bd_shs,21
bd_shs,7
bd_shs,20
bd_shs,33
bd_shs,14
bd_shs,128
bd_shs,23
bd_shs,34
bd_shs,86
bd_shs,56
bd_shs,11
bd_shs,122
bd_shs,21
bd_shs,30
bd_shs,31
bd_shs,10
bd_shs,42
bd_shs,31
bd_shs,51
bd_shs,9
bd_shs,17
bd_shs,35
bd_shs,12
bd_shs,27
bd_shs,18
bd_shs,19
bd_shs,49
bd_shs,53
bd_shs,37
bd_shs,25
bd_shs,31
bd_shs,61
bd_shs,6
bd_shs,9
bd_shs,48
bd_shs,31
bd_shs,18
bd_shs,57
bd_shs,21
bd_shs,79
bd_shs,14
bd_shs,11
bd_shs,11
bd_shs,8
bd_shs,101
bd_shs,6
bd_shs,9
bd_shs,47
bd_shs,10
bd_shs,14
bd_shs,13
bd_shs,13
bd_shs,23
bd_shs,11
bd_shs,24
bd_shs,19
bd_shs,14
bd_shs,119
bd_shs,17
bd_shs,60
bd_shs,17
bd_shs,24
bd_shs,226
bd_shs,40
bd_shs,24
bd_shs,9
bd_shs,29
bd_shs,142
bd_shs,56
bd_shs,24
bd_shs,21
bd_shs,31
bd_shs,100
bd_shs,41
bd_shs,22
bd_shs,25
bd_shs,26
bd_shs,13
bd_shs,6
bd_shs,140
bd_shs,7
bd_shs,25
bd_shs,50
bd_shs,46
bd_shs,129
bd_shs,47
bd_shs,31
bd_shs,30
bd_shs,115
bd_shs,80
bd_shs,13
bd_shs,52
bd_shs,7
bd_shs,18
bd_shs,46
bd_shs,8
bd_shs,28
bd_shs,16
bd_shs,27
bd_shs,14
bd_shs,12
bd_shs,25
bd_shs,15
bd_shs,18
bd_shs,18
bd_shs,119
bd_shs,35
bd_shs,29
bd_shs,16
bd_shs,13
bd_shs,13
bd_shs,6
bd_shs,8
bd_shs,45
bd_shs,51
bd_shs,25
bd_shs,5
bd_shs,34
bd_shs,70
bd_shs,9
bd_shs,31
bd_shs,8
bd_shs,184
bd_shs,55
bd_shs,31
bd_shs,20
bd_shs,56
bd_shs,21
bd_shs,75
bd_shs,7
bd_shs,31
bd_shs,34
bd_shs,33
bd_shs,19
bd_shs,17
bd_shs,7
bd_shs,26
bd_shs,30
bd_shs,64
bd_shs,14
bd_shs,25
bd_shs,9
bd_shs,133
bd_shs,48
bd_shs,18
bd_shs,8
bd_shs,14
bd_shs,38
bd_shs,81
bd_shs,59
bd_shs,17
bd_shs,34
bd_shs,49
bd_shs,28
bd_shs,54
bd_shs,26
bd_shs,24
bd_shs,129
bd_shs,11
bd_shs,18
bd_shs,86
bd_shs,10
bd_shs,20
bd_shs,28
bd_shs,42
bd_shs,20
bd_shs,57
bd_shs,6
bd_shs,50
bd_shs,148
bd_shs,73
bd_shs,22
bd_shs,16
bd_shs,30
bd_shs,53
bd_shs,3
bd_shs,18
bd_shs,51
bd_shs,81
bd_shs,26
bd_shs,40
bd_shs,14
bd_shs,36
bd_shs,22
bd_shs,70
bd_shs,17
bd_shs,32
bd_shs,30
bd_shs,29
bd_shs,26
bd_shs,23
bd_shs,22
bd_shs,27
bd_shs,153
bd_shs,34
bd_shs,45
bd_shs,85
bd_shs,18
bd_shs,36
bd_shs,15
bd_shs,67
bd_shs,30
bd_shs,15
bd_shs,89
bd_shs,25
bd_shs,24
bd_shs,15
bd_shs,38
bd_shs,35
bd_shs,87
bd_shs,78
bd_shs,26
bd_shs,29
bd_shs,53
bd_shs,25
bd_shs,34
bd_shs,17
bd_shs,35
bd_shs,29
bd_shs,6
bd_shs,19
bd_shs,12
bd_shs,16
bd_shs,10
bd_shs,23
bd_shs,10
bd_shs,82
bd_shs,6
bd_shs,24
bd_shs,15
bd_shs,27
bd_shs,23
bd_shs,62
bd_shs,138
bd_shs,34
bd_shs,30
bd_shs,20
bd_shs,12
bd_shs,39
bd_shs,18
bd_shs,9
bd_shs,38
bd_shs,12
bd_shs,40
bd_shs,181
bd_shs,10
bd_shs,21
bd_shs,82
bd_shs,11
bd_shs,9
bd_shs,21
bd_shs,9
bd_shs,13
bd_shs,26
bd_shs,12
bd_shs,13
bd_shs,7
bd_shs,5
bd_shs,105
bd_shs,21
bd_shs,37
bd_shs,9
bd_shs,185
bd_shs,23
bd_shs,29
bd_shs,12
bd_shs,9
bd_shs,12
bd_shs,21
bd_shs,21
bd_shs,32
bd_shs,32
bd_shs,20
bd_shs,12
bd_shs,73
bd_shs,30
bd_shs,10
bd_shs,35
bd_shs,22
bd_shs,8
bd_shs,13
bd_shs,30
bd_shs,25
bd_shs,71
bd_shs,23
bd_shs,36
bd_shs,18
bd_shs,17
bd_shs,17
bd_shs,92
bd_shs,16
bd_shs,30
bd_shs,13
bd_shs,20
bd_shs,14
bd_shs,8
bd_shs,57
bd_shs,16
bd_shs,32
bd_shs,57
bd_shs,10
bd_shs,10
bd_shs,15
bd_shs,23
bd_shs,35
bd_shs,13
bd_shs,22
bd_shs,25
bd_shs,20
bd_shs,20
bd_shs,25
bd_shs,22
bd_shs,14
bd_shs,105
bd_shs,26
bd_shs,22
bd_shs,79
bd_shs,16
bd_shs,115
bd_shs,19
bd_shs,15
bd_shs,22
bd_shs,35
bd_shs,13
bd_shs,55
bd_shs,20
bd_shs,33
bd_shs,32
bd_shs,103
bd_shs,23
bd_shs,26
bd_shs,53
bd_shs,33
bd_shs,25
bd_shs,15
bd_shs,12
bd_shs,64
bd_shs,87
bd_shs,42
bd_shs,11
bd_shs,27
bd_shs,46
bd_shs,23
bd_shs,42
bd_shs,132
bd_shs,52
bd_shs,47
bd_shs,17
bd_shs,34
bd_shs,24
bd_shs,11
bd_shs,62
bd_shs,49
bd_shs,25
bd_shs,50
bd_shs,10
bd_shs,90
bd_shs,27
bd_shs,65
bd_shs,64
bd_shs,8
bd_shs,41
bd_shs,56
bd_shs,36
bd_shs,18
bd_shs,94
bd_shs,111
bd_shs,36
bd_shs,15
bd_shs,17
bd_shs,24
bd_shs,44
bd_shs,13
bd_shs,14
bd_shs,36
bd_shs,73
bd_shs,9
bd_shs,35
bd_shs,14
bd_shs,25
bd_shs,24
bd_shs,27
bd_shs,14
bd_shs,36
bd_shs,26
bd_shs,15
bd_shs,2
bd_shs,43
bd_shs,24
bd_shs,24
bd_shs,12
bd_shs,55
bd_shs,16
bd_shs,9
bd_shs,59
bd_shs,67
bd_shs,22
bd_shs,73
bd_shs,28
bd_shs,32
bd_shs,37
bd_shs,70
bd_shs,42
bd_shs,70
bd_shs,12
bd_shs,18
bd_shs,8
bd_shs,43
bd_shs,97
bd_shs,30
bd_shs,145
bd_shs,57
bd_shs,208
bd_shs,76
bd_shs,15
bd_shs,370
bd_shs,142
bd_shs,206
bd_shs,327
bd_shs,141
bd_shs,124
bd_shs,61
bd_shs,31
bd_shs,38
bd_shs,41
bd_shs,284
bd_shs,22
bd_shs,144
bd_shs,137
bd_shs,41
bd_shs,26
bd_shs,20
bd_shs,120
bd_shs,18
bd_shs,18
bd_shs,331
bd_shs,86
bd_shs,16
bd_shs,20
bd_shs,282
bd_shs,26
bd_shs,17
bd_shs,24
bd_shs,37
bd_shs,13
bd_shs,38
bd_shs,23
bd_shs,93
bd_shs,38
bd_shs,12
bd_shs,24
bd_shs,26
bd_shs,14
bd_shs,38
bd_shs,49
bd_shs,9
bd_shs,12
bd_shs,31
bd_shs,8
bd_shs,106
bd_shs,148
bd_shs,20
bd_shs,7
bd_shs,48
bd_shs,19
bd_shs,108
bd_shs,73
bd_shs,13
bd_shs,30
bd_shs,26
bd_shs,12
bd_shs,11
bd_shs,48
bd_shs,13
bd_shs,53
bd_shs,16
bd_shs,8
bd_shs,17
bd_shs,11
bd_shs,34
bd_shs,81
bd_shs,9
bd_shs,24
bd_shs,11
bd_shs,63
bd_shs,20
bd_shs,460
bd_shs,23
bd_shs,72
bd_shs,112
bd_shs,34
bd_shs,36
bd_shs,22
bd_shs,11
bd_shs,26
bd_shs,11
bd_shs,238
bd_shs,120
bd_shs,17
bd_shs,29
bd_shs,35
bd_shs,59
bd_shs,24
bd_shs,12
bd_shs,5
bd_shs,3
bd_shs,11
bd_shs,45
bd_shs,41
bd_shs,30
bd_shs,16
bd_shs,9
bd_shs,26
bd_shs,15
bd_shs,16
bd_shs,36
bd_shs,55
bd_shs,32
bd_shs,202
bd_shs,37
bd_shs,47
bd_shs,243
bd_shs,19
bd_shs,16
bd_shs,7
bd_shs,28
bd_shs,10
bd_shs,18
bd_shs,41
bd_shs,47
bd_shs,5
bd_shs,5
bd_shs,72
bd_shs,35
bd_shs,72
bd_shs,40
bd_shs,45
bd_shs,67
bd_shs,74
bd_shs,18
bd_shs,7
bd_shs,8
bd_shs,104
bd_shs,43
bd_shs,6
bd_shs,87
bd_shs,17
bd_shs,94
bd_shs,41
bd_shs,50
bd_shs,26
bd_shs,19
bd_shs,42
bd_shs,59
bd_shs,14
bd_shs,26
bd_shs,53
bd_shs,65
bd_shs,35
bd_shs,55
bd_shs,18
bd_shs,140
bd_shs,81
bd_shs,13
bd_shs,10
bd_shs,279
bd_shs,23
bd_shs,21
bd_shs,64
bd_shs,63
bd_shs,141
bd_shs,80
bd_shs,27
bd_shs,117
bd_shs,18
bd_shs,10
bd_shs,12
bd_shs,31
bd_shs,29
bd_shs,39
bd_shs,73
bd_shs,22
bd_shs,188
bd_shs,55
bd_shs,45
bd_shs,118
bd_shs,32
bd_shs,18
bd_shs,53
bd_shs,18
bd_shs,52
bd_shs,91
bd_shs,102
bd_shs,68
bd_shs,26
bd_shs,16
bd_shs,28
bd_shs,59
bd_shs,20
bd_shs,35
bd_shs,19
bd_shs,25
bd_shs,62
bd_shs,60
bd_shs,81
bd_shs,18
bd_shs,5
bd_shs,12
bd_shs,15
bd_shs,18
bd_shs,47
bd_shs,51
bd_shs,87
bd_shs,28
bd_shs,14
bd_shs,16
bd_shs,20
bd_shs,78
bd_shs,18
bd_shs,18
bd_shs,37
bd_shs,33
bd_shs,25
bd_shs,97
bd_shs,23
bd_shs,51
bd_shs,43
bd_shs,43
bd_shs,62
bd_shs,27
bd_shs,59
bd_shs,19
bd_shs,64
bd_shs,39
bd_shs,39
bd_shs,10
bd_shs,19
bd_shs,36
bd_shs,44
bd_shs,14
bd_shs,114
bd_shs,12
bd_shs,17
bd_shs,34
bd_shs,9
bd_shs,242
bd_shs,55
bd_shs,87
bd_shs,126
bd_shs,120
bd_shs,38
bd_shs,131
bd_shs,59
bd_shs,50
bd_shs,759
bd_shs,92
bd_shs,11
bd_shs,29
bd_shs,10
bd_shs,101
bd_shs,31
bd_shs,21
bd_shs,11
bd_shs,14
bd_shs,171
bd_shs,35
bd_shs,16
bd_shs,30
bd_shs,18
bd_shs,38
bd_shs,25
bd_shs,7
bd_shs,21
bd_shs,31
bd_shs,16
bd_shs,48
bd_shs,24
bd_shs,36
bd_shs,100
bd_shs,48
bd_shs,150
bd_shs,18
bd_shs,16
bd_shs,187
bd_shs,143
bd_shs,42
bd_shs,22
bd_shs,13
bd_shs,22
bd_shs,43
bd_shs,109
bd_shs,12
bd_shs,31
bd_shs,88
bd_shs,151
bd_shs,24
bd_shs,16
bd_shs,19
bd_shs,48
bd_shs,32
bd_shs,11
bd_shs,126
bd_shs,25
bd_shs,53
bd_shs,46
bd_shs,420
bd_shs,38
bd_shs,11
bd_shs,82
bd_shs,52
bd_shs,9
bd_shs,11
bd_shs,24
bd_shs,30
bd_shs,18
bd_shs,16
bd_shs,56
bd_shs,7
bd_shs,24
bd_shs,50
bd_shs,45
bd_shs,73
bd_shs,11
bd_shs,12
bd_shs,13
bd_shs,46
bd_shs,8
bd_shs,75
bd_shs,161
bd_shs,201
bd_shs,144
bd_shs,6
bd_shs,32
bd_shs,199
bd_shs,22
bd_shs,11
bd_shs,19
bd_shs,20
bd_shs,16
bd_shs,12
bd_shs,9
bd_shs,95
bd_shs,120
bd_shs,39
bd_shs,35
bd_shs,27
bd_shs,42
bd_shs,31
bd_shs,198
bd_shs,14
bd_shs,42
bd_shs,326
bd_shs,21
bd_shs,79
bd_shs,30
bd_shs,24
bd_shs,12
bd_shs,179
bd_shs,97
bd_shs,49
bd_shs,79
bd_shs,129
bd_shs,116
bd_shs,88
bd_shs,14
bd_shs,9
bd_shs,88
bd_shs,45
bd_shs,129
bd_shs,10
bd_shs,108
bd_shs,413
bd_shs,22
bd_shs,32
bd_shs,26
bd_shs,24
bd_shs,26
bd_shs,12
bd_shs,27
bd_shs,16
bd_shs,63
bd_shs,38
bd_shs,19
bd_shs,61
bd_shs,75
bd_shs,55
bd_shs,92
bd_shs,16
bd_shs,59
bd_shs,12
bd_shs,119
bd_shs,94
bd_shs,8
bd_shs,10
bd_shs,72
bd_shs,27
bd_shs,221
bd_shs,48
bd_shs,50
bd_shs,135
bd_shs,48
bd_shs,66
bd_shs,5
bd_shs,20
bd_shs,79
bd_shs,85
bd_shs,45
bd_shs,22
bd_shs,44
bd_shs,55
bd_shs,4
bd_shs,20
bd_shs,62
bd_shs,94
bd_shs,22
bd_shs,40
bd_shs,136
bd_shs,46
bd_shs,97
bd_shs,110
bd_shs,62
bd_shs,23
bd_shs,73
bd_shs,44
bd_shs,14
bd_shs,18
bd_shs,12
bd_shs,18
bd_shs,31
bd_shs,21
bd_shs,8
bd_shs,49
bd_shs,48
bd_shs,43
bd_shs,13
bd_shs,21
bd_shs,42
bd_shs,76
bd_shs,12
bd_shs,27
bd_shs,48
bd_shs,47
bd_shs,31
bd_shs,64
bd_shs,17
bd_shs,17
bd_shs,47
bd_shs,30
bd_shs,43
bd_shs,37
bd_shs,33
bd_shs,28
bd_shs,33
bd_shs,22
bd_shs,42
bd_shs,53
bd_shs,48
bd_shs,25
bd_shs,20
bd_shs,110
bd_shs,43
bd_shs,18
bd_shs,21
bd_shs,17
bd_shs,51
bd_shs,22
bd_shs,45
bd_shs,21
bd_shs,48
bd_shs,55
bd_shs,42
bd_shs,134
bd_shs,37
bd_shs,41
bd_shs,317
bd_shs,39
bd_shs,129
bd_shs,17
bd_shs,20
bd_shs,25
bd_shs,18
bd_shs,22
bd_shs,9
bd_shs,19
bd_shs,165
bd_shs,44
bd_shs,23
bd_shs,21
bd_shs,31
bd_shs,123
bd_shs,70
bd_shs,243
bd_shs,125
bd_shs,391
bd_shs,371
bd_shs,46
bd_shs,24
bd_shs,20
bd_shs,276
bd_shs,40
bd_shs,92
bd_shs,41
bd_shs,2
bd_shs,16
bd_shs,103
bd_shs,7
bd_shs,25
bd_shs,13
bd_shs,70
bd_shs,9
bd_shs,42
bd_shs,12
bd_shs,47
bd_shs,16
bd_shs,26
bd_shs,20
bd_shs,19
bd_shs,6
bd_shs,29
bd_shs,25
bd_shs,18
bd_shs,90
bd_shs,32
bd_shs,41
bd_shs,7
bd_shs,43
bd_shs,70
bd_shs,104
bd_shs,5
bd_shs,8
bd_shs,46
bd_shs,294
bd_shs,21
bd_shs,42
bd_shs,195
bd_shs,52
bd_shs,74
bd_shs,30
bd_shs,13
bd_shs,22
bd_shs,109
bd_shs,3
bd_shs,29
bd_shs,23
bd_shs,58
bd_shs,9
bd_shs,65
bd_shs,46
bd_shs,102
bd_shs,33
bd_shs,13
bd_shs,14
bd_shs,20
bd_shs,34
bd_shs,27
bd_shs,13
bd_shs,40
bd_shs,110
bd_shs,12
bd_shs,20
bd_shs,10
bd_shs,50
bd_shs,21
bd_shs,14
bd_shs,22
bd_shs,65
bd_shs,13
bd_shs,14
bd_shs,29
bd_shs,35
bd_shs,19
bd_shs,21
bd_shs,14
bd_shs,28
bd_shs,16
bd_shs,53
bd_shs,49
bd_shs,57
bd_shs,33
bd_shs,31
bd_shs,58
bd_shs,53
bd_shs,80
bd_shs,26
bd_shs,23
bd_shs,13
bd_shs,19
bd_shs,10
bd_shs,56
bd_shs,103
bd_shs,123
bd_shs,63
bd_shs,34
bd_shs,126
bd_shs,21
bd_shs,147
bd_shs,76
bd_shs,122
bd_shs,25
bd_shs,107
bd_shs,30
bd_shs,67
bd_shs,62
bd_shs,164
bd_shs,23
bd_shs,10
bd_shs,75
bd_shs,26
bd_shs,69
bd_shs,27
bd_shs,99
bd_shs,51
bd_shs,94
bd_shs,8
bd_shs,43
bd_shs,24
bd_shs,17
bd_shs,40
bd_shs,52
bd_shs,52
bd_shs,51
bd_shs,66
bd_shs,9
bd_shs,300
bd_shs,14
bd_shs,24
bd_shs,20
bd_shs,64
bd_shs,55
bd_shs,20
bd_shs,23
bd_shs,18
bd_shs,35
bd_shs,24
bd_shs,64
bd_shs,40
bd_shs,35
bd_shs,110
bd_shs,20
bd_shs,76
bd_shs,22
bd_shs,134
bd_shs,28
bd_shs,90
bd_shs,22
bd_shs,18
bd_shs,20
bd_shs,45
bd_shs,35
bd_shs,19
bd_shs,22
bd_shs,64
bd_shs,57
bd_shs,48
bd_shs,5
bd_shs,11
bd_shs,36
bd_shs,23
bd_shs,13
bd_shs,47
bd_shs,13
bd_shs,52
bd_shs,182
bd_shs,35
bd_shs,108
bd_shs,40
bd_shs,18
bd_shs,196
bd_shs,54
bd_shs,112
bd_shs,37
bd_shs,9
bd_shs,212
bd_shs,16
bd_shs,38
bd_shs,37
bd_shs,24
bd_shs,19
bd_shs,137
bd_shs,68
bd_shs,88
bd_shs,33
bd_shs,14
bd_shs,105
bd_shs,14
bd_shs,83
bd_shs,21
bd_shs,11
bd_shs,38
bd_shs,97
bd_shs,18
bd_shs,21
bd_shs,29
bd_shs,46
bd_shs,11
bd_shs,17
bd_shs,28
bd_shs,15
bd_shs,79
bd_shs,17
bd_shs,61
bd_shs,198
bd_shs,23
bd_shs,15
bd_shs,29
bd_shs,73
bd_shs,15
bd_shs,49
bd_shs,39
bd_shs,20
bd_shs,15
bd_shs,64
bd_shs,27
bd_shs,18
bd_shs,29
bd_shs,44
bd_shs,11
bd_shs,32
bd_shs,7
bd_shs,7
bd_shs,15
bd_shs,52
bd_shs,46
bd_shs,142
bd_shs,7
bd_shs,86
bd_shs,13
bd_shs,16
bd_shs,30
bd_shs,9
bd_shs,35
bd_shs,48
bd_shs,63
bd_shs,26
bd_shs,55
bd_shs,19
bd_shs,10
bd_shs,22
bd_shs,181
bd_shs,13
bd_shs,55
bd_shs,84
bd_shs,153
bd_shs,13
bd_shs,177
bd_shs,49
bd_shs,71
bd_shs,14
bd_shs,224
bd_shs,48
bd_shs,13
bd_shs,96
bd_shs,13
bd_shs,96
bd_shs,21
bd_shs,27
bd_shs,9
bd_shs,23
bd_shs,37
bd_shs,34
bd_shs,56
bd_shs,22
bd_shs,40
bd_shs,20
bd_shs,129
bd_shs,14
bd_shs,18
bd_shs,39
bd_shs,46
bd_shs,18
bd_shs,30
bd_shs,23
bd_shs,8
bd_shs,139
bd_shs,21
bd_shs,23
bd_shs,326
bd_shs,65
bd_shs,17
bd_shs,66
bd_shs,10
bd_shs,38
bd_shs,21
bd_shs,34
bd_shs,47
bd_shs,48
bd_shs,89
bd_shs,74
bd_shs,13
bd_shs,12
bd_shs,19
bd_shs,8
bd_shs,19
bd_shs,10
bd_shs,11
bd_shs,41
bd_shs,36
bd_shs,15
bd_shs,62
bd_shs,52
bd_shs,13
bd_shs,19
bd_shs,32
bd_shs,160
bd_shs,16
bd_shs,19
bd_shs,9
bd_shs,25
bd_shs,92
bd_shs,65
bd_shs,28
bd_shs,26
bd_shs,14
bd_shs,125
bd_shs,60
bd_shs,18
bd_shs,60
bd_shs,43
bd_shs,90
bd_shs,70
bd_shs,84
bd_shs,13
bd_shs,26
bd_shs,67
bd_shs,31
bd_shs,22
bd_shs,28
bd_shs,66
bd_shs,19
bd_shs,31
bd_shs,18
bd_shs,139
bd_shs,282
bd_shs,104
bd_shs,12
bd_shs,65
bd_shs,1
bd_shs,20
bd_shs,66
bd_shs,16
bd_shs,9
bd_shs,51
bd_shs,86
bd_shs,20
bd_shs,59
bd_shs,17
bd_shs,33
bd_shs,171
bd_shs,31
bd_shs,8
bd_shs,49
bd_shs,13
bd_shs,20
bd_shs,15
bd_shs,30
bd_shs,88
bd_shs,11
bd_shs,15
bd_shs,53
bd_shs,17
bd_shs,12
bd_shs,57
bd_shs,14
bd_shs,20
bd_shs,94
bd_shs,128
bd_shs,23
bd_shs,19
bd_shs,48
bd_shs,36
bd_shs,35
bd_shs,90
bd_shs,20
bd_shs,49
bd_shs,12
bd_shs,15
bd_shs,37
bd_shs,8
bd_shs,31
bd_shs,86
bd_shs,178
bd_shs,15
bd_shs,17
bd_shs,6
bd_shs,22
bd_shs,40
bd_shs,21
bd_shs,30
bd_shs,83
bd_shs,18
bd_shs,39
bd_shs,188
bd_shs,6
bd_shs,98
bd_shs,150
bd_shs,5
bd_shs,17
bd_shs,271
bd_shs,5
bd_shs,30
bd_shs,55
bd_shs,31
bd_shs,39
bd_shs,15
bd_shs,16
bd_shs,19
bd_shs,36
bd_shs,19
bd_shs,84
bd_shs,21
bd_shs,26
bd_shs,35
bd_shs,67
bd_shs,68
bd_shs,21
bd_shs,19
bd_shs,7
bd_shs,25
bd_shs,9
bd_shs,14
bd_shs,19
bd_shs,14
bd_shs,27
bd_shs,28
bd_shs,49
bd_shs,25
bd_shs,45
bd_shs,68
bd_shs,20
bd_shs,95
bd_shs,6
bd_shs,3
bd_shs,148
bd_shs,113
bd_shs,85
bd_shs,24
bd_shs,10
bd_shs,15
bd_shs,113
bd_shs,504
bd_shs,54
bd_shs,160
bd_shs,25
bd_shs,15
bd_shs,12
bd_shs,31
bd_shs,75
bd_shs,11
bd_shs,16
bd_shs,15
bd_shs,34
bd_shs,12
bd_shs,28
bd_shs,25
bd_shs,15
bd_shs,15
bd_shs,9
bd_shs,15
bd_shs,62
bd_shs,65
bd_shs,38
bd_shs,15
bd_shs,8
bd_shs,198
bd_shs,18
bd_shs,18
bd_shs,115
bd_shs,9
bd_shs,36
bd_shs,13
bd_shs,64
bd_shs,56
bd_shs,80
bd_shs,32
bd_shs,24
bd_shs,39
bd_shs,51
bd_shs,82
bd_shs,101
bd_shs,14
bd_shs,12
bd_shs,53
bd_shs,52
bd_shs,24
bd_shs,86
bd_shs,28
bd_shs,70
bd_shs,68
bd_shs,78
bd_shs,39
bd_shs,83
bd_shs,64
bd_shs,62
bd_shs,14
bd_shs,13
bd_shs,129
bd_shs,12
bd_shs,18
bd_shs,12
bd_shs,355
bd_shs,14
bd_shs,49
bd_shs,47
bd_shs,75
bd_shs,50
bd_shs,79
bd_shs,59
bd_shs,9
bd_shs,14
bd_shs,112
bd_shs,28
bd_shs,41
bd_shs,15
bd_shs,31
bd_shs,22
bd_shs,52
bd_shs,91
bd_shs,55
bd_shs,63
bd_shs,36
bd_shs,33
bd_shs,29
bd_shs,28
bd_shs,6
bd_shs,25
bd_shs,25
bd_shs,56
bd_shs,7
bd_shs,16
bd_shs,3
bd_shs,6
bd_shs,7
bd_shs,31
bd_shs,44
bd_shs,6
bd_shs,264
bd_shs,34
bd_shs,10
bd_shs,11
bd_shs,120
bd_shs,253
bd_shs,18
bd_shs,30
bd_shs,35
bd_shs,35
bd_shs,11
bd_shs,43
bd_shs,7
bd_shs,14
bd_shs,23
bd_shs,21
bd_shs,12
bd_shs,117
bd_shs,5
bd_shs,32
bd_shs,44
bd_shs,61
bd_shs,6
bd_shs,5
bd_shs,11
bd_shs,67
bd_shs,66
bd_shs,43
bd_shs,3
bd_shs,17
bd_shs,10
bd_shs,34
bd_shs,6
bd_shs,8
bd_shs,8
bd_shs,9
bd_shs,16
bd_shs,57
bd_shs,74
bd_shs,10
bd_shs,29
bd_shs,39
bd_shs,19
bd_shs,91
bd_shs,9
bd_shs,5
bd_shs,28
bd_shs,33
bd_shs,31
bd_shs,11
bd_shs,32
bd_shs,41
bd_shs,5
bd_shs,12
bd_shs,166
bd_shs,17
bd_shs,12
bd_shs,25
bd_shs,18
bd_shs,4
bd_shs,6
bd_shs,15
bd_shs,65
bd_shs,68
bd_shs,46
bd_shs,2
bd_shs,33
bd_shs,32
bd_shs,81
bd_shs,21
bd_shs,4
bd_shs,19
bd_shs,26
bd_shs,22
bd_shs,31
bd_shs,7
bd_shs,44
bd_shs,18
bd_shs,14
bd_shs,50
bd_shs,100
bd_shs,541
bd_shs,62
bd_shs,30
bd_shs,113
bd_shs,9
bd_shs,20
bd_shs,24
bd_shs,112
bd_shs,22
bd_shs,14
bd_shs,31
bd_shs,24
bd_shs,35
bd_shs,30
bd_shs,25
bd_shs,9
bd_shs,8
bd_shs,35
bd_shs,8
bd_shs,12
bd_shs,43
bd_shs,48
bd_shs,38
bd_shs,9
bd_shs,47
bd_shs,129
bd_shs,49
bd_shs,111
bd_shs,21
bd_shs,39
bd_shs,34
bd_shs,27
bd_shs,72
bd_shs,28
bd_shs,36
bd_shs,28
bd_shs,39
bd_shs,28
bd_shs,8
bd_shs,93
bd_shs,18
bd_shs,52
bd_shs,19
bd_shs,13
bd_shs,14
bd_shs,31
bd_shs,20
bd_shs,16
bd_shs,13
bd_shs,76
bd_shs,32
bd_shs,26
bd_shs,25
bd_shs,21
bd_shs,15
bd_shs,23
bd_shs,28
bd_shs,15
bd_shs,18
bd_shs,29
bd_shs,23
bd_shs,88
bd_shs,27
bd_shs,119
bd_shs,127
bd_shs,23
bd_shs,89
bd_shs,56
bd_shs,96
bd_shs,22
bd_shs,41
bd_shs,37
bd_shs,9
bd_shs,12
bd_shs,18
bd_shs,15
bd_shs,19
bd_shs,82
bd_shs,38
bd_shs,70
bd_shs,26
bd_shs,2
bd_shs,7
bd_shs,8
bd_shs,40
bd_shs,66
bd_shs,41
bd_shs,32
bd_shs,16
bd_shs,175
bd_shs,20
bd_shs,132
bd_shs,9
bd_shs,7
bd_shs,15
bd_shs,71
bd_shs,16
bd_shs,5
bd_shs,216
bd_shs,30
bd_shs,65
bd_shs,21
bd_shs,77
bd_shs,64
bd_shs,13
bd_shs,25
bd_shs,71
bd_shs,25
bd_shs,20
bd_shs,42
bd_shs,48
bd_shs,40
bd_shs,19
bd_shs,89
bd_shs,21
bd_shs,14
bd_shs,13
bd_shs,19
bd_shs,38
bd_shs,39
bd_shs,8
bd_shs,207
bd_shs,123
bd_shs,9
bd_shs,24
bd_shs,32
bd_shs,90
bd_shs,13
bd_shs,13
bd_shs,14
bd_shs,9
bd_shs,7
bd_shs,1638
bd_shs,16
bd_shs,58
bd_shs,12
bd_shs,18
bd_shs,33
bd_shs,70
bd_shs,3
bd_shs,13
bd_shs,13
bd_shs,55
bd_shs,39
bd_shs,19
bd_shs,84
bd_shs,26
bd_shs,74
bd_shs,18
bd_shs,45
bd_shs,18
bd_shs,5
bd_shs,17
bd_shs,89
bd_shs,9
bd_shs,9
bd_shs,22
bd_shs,50
bd_shs,7
bd_shs,15
bd_shs,26
bd_shs,12
bd_shs,13
bd_shs,40
bd_shs,11
bd_shs,38
bd_shs,20
bd_shs,10
bd_shs,14
bd_shs,19
bd_shs,19
bd_shs,22
bd_shs,21
bd_shs,98
bd_shs,22
bd_shs,29
bd_shs,58
bd_shs,101
bd_shs,14
bd_shs,12
bd_shs,35
bd_shs,16
bd_shs,10
bd_shs,43
bd_shs,41
bd_shs,21
bd_shs,28
bd_shs,33
bd_shs,22
bd_shs,57
bd_shs,13
bd_shs,16
bd_shs,41
bd_shs,17
bd_shs,48
bd_shs,29
bd_shs,83
bd_shs,58
bd_shs,99
bd_shs,37
bd_shs,27
bd_shs,25
bd_shs,42
bd_shs,23
bd_shs,40
bd_shs,26
bd_shs,299
bd_shs,27
bd_shs,28
bd_shs,9
bd_shs,20
bd_shs,14
bd_shs,14
bd_shs,141
bd_shs,11
bd_shs,9
bd_shs,24
bd_shs,51
bd_shs,46
bd_shs,12
bd_shs,28
bd_shs,89
bd_shs,11
bd_shs,10
bd_shs,8
bd_shs,29
bd_shs,155
bd_shs,63
bd_shs,12
bd_shs,18
bd_shs,15
bd_shs,63
bd_shs,70
bd_shs,20
bd_shs,18
bd_shs,18
bd_shs,27
bd_shs,9
bd_shs,153
bd_shs,21
bd_shs,17
bd_shs,99
bd_shs,17
bd_shs,28
bd_shs,13
bd_shs,20
bd_shs,86
bd_shs,30
bd_shs,46
bd_shs,12
bd_shs,11
bd_shs,16
bd_shs,33
bd_shs,9
bd_shs,39
bd_shs,20
bd_shs,28
bd_shs,38
bd_shs,15
bd_shs,12
bd_shs,11
bd_shs,15
bd_shs,17
bd_shs,136
bd_shs,24
bd_shs,6
bd_shs,9
bd_shs,22
bd_shs,106
bd_shs,21
bd_shs,9
bd_shs,46
bd_shs,9
bd_shs,29
bd_shs,53
bd_shs,90
bd_shs,15
bd_shs,13
bd_shs,17
bd_shs,17
bd_shs,25
bd_shs,36
bd_shs,12
bd_shs,29
bd_shs,13
bd_shs,7
bd_shs,11
bd_shs,82
bd_shs,15
bd_shs,7
bd_shs,9
bd_shs,50
bd_shs,21
bd_shs,16
bd_shs,28
bd_shs,19
bd_shs,51
bd_shs,19
bd_shs,12
bd_shs,19
bd_shs,13
bd_shs,21
bd_shs,60
bd_shs,5
bd_shs,56
bd_shs,22
bd_shs,16
bd_shs,8
bd_shs,21
bd_shs,15
bd_shs,282
bd_shs,86
bd_shs,6
bd_shs,22
bd_shs,7
bd_shs,27
bd_shs,12
bd_shs,15
bd_shs,27
bd_shs,33
bd_shs,23
bd_shs,82
bd_shs,25
bd_shs,116
bd_shs,30
bd_shs,22
bd_shs,4
bd_shs,2
bd_shs,98
bd_shs,20
bd_shs,77
bd_shs,25
bd_shs,13
bd_shs,17
bd_shs,36
bd_shs,11
bd_shs,35
bd_shs,29
bd_shs,26
bd_shs,37
bd_shs,87
bd_shs,115
bd_shs,44
bd_shs,14
bd_shs,92
bd_shs,25
bd_shs,46
bd_shs,9
bd_shs,43
bd_shs,15
bd_shs,11
bd_shs,36
bd_shs,36
bd_shs,40
bd_shs,38
bd_shs,37
bd_shs,13
bd_shs,115
bd_shs,15
bd_shs,19
bd_shs,17
bd_shs,26
bd_shs,11
bd_shs,34
bd_shs,385
bd_shs,58
bd_shs,5
bd_shs,31
bd_shs,61
bd_shs,48
bd_shs,14
bd_shs,19
bd_shs,23
bd_shs,40
bd_shs,16
bd_shs,19
bd_shs,15
bd_shs,20
bd_shs,15
bd_shs,7
bd_shs,96
bd_shs,28
bd_shs,80
bd_shs,55
bd_shs,139
bd_shs,43
bd_shs,18
bd_shs,26
bd_shs,23
bd_shs,68
bd_shs,41
bd_shs,9
bd_shs,9
bd_shs,23
bd_shs,17
bd_shs,20
bd_shs,20
bd_shs,30
bd_shs,15
bd_shs,9
bd_shs,43
bd_shs,169
bd_shs,46
bd_shs,66
bd_shs,20
bd_shs,24
bd_shs,6
bd_shs,23
bd_shs,35
bd_shs,43
bd_shs,35
bd_shs,23
bd_shs,30
bd_shs,50
bd_shs,19
bd_shs,11
bd_shs,22
bd_shs,6
bd_shs,143
bd_shs,19
bd_shs,33
bd_shs,18
bd_shs,31
bd_shs,26
bd_shs,71
bd_shs,40
bd_shs,70
bd_shs,33
bd_shs,25
bd_shs,56
bd_shs,38
bd_shs,17
bd_shs,40
bd_shs,8
bd_shs,18
bd_shs,50
bd_shs,13
bd_shs,43
bd_shs,23
bd_shs,58
bd_shs,15
bd_shs,10
bd_shs,15
bd_shs,19
bd_shs,29
bd_shs,10
bd_shs,47
bd_shs,18
bd_shs,174
bd_shs,18
bd_shs,132
bd_shs,45
bd_shs,33
bd_shs,9
bd_shs,136
bd_shs,13
bd_shs,8
bd_shs,17
bd_shs,20
bd_shs,11
bd_shs,21
bd_shs,11
bd_shs,43
bd_shs,26
bd_shs,8
bd_shs,2
bd_shs,12
bd_shs,14
bd_shs,10
bd_shs,56
bd_shs,5
bd_shs,13
bd_shs,17
bd_shs,36
bd_shs,7
bd_shs,50
bd_shs,52
bd_shs,39
bd_shs,50
bd_shs,18
bd_shs,13
bd_shs,26
bd_shs,70
bd_shs,35
bd_shs,138
bd_shs,13
bd_shs,30
bd_shs,15
bd_shs,25
bd_shs,15
bd_shs,130
bd_shs,28
bd_shs,22
bd_shs,17
bd_shs,33
bd_shs,13
bd_shs,60
bd_shs,19
bd_shs,10
bd_shs,11
bd_shs,56
bd_shs,17
bd_shs,88
bd_shs,68
bd_shs,26
bd_shs,177
bd_shs,20
bd_shs,5
bd_shs,16
bd_shs,26
bd_shs,11
bd_shs,10
bd_shs,122
bd_shs,83
bd_shs,9
bd_shs,9
bd_shs,20
bd_shs,16
bd_shs,28
bd_shs,97
bd_shs,28
bd_shs,22
bd_shs,43
bd_shs,22
bd_shs,30
bd_shs,17
bd_shs,23
bd_shs,31
bd_shs,26
bd_shs,6
bd_shs,5
bd_shs,15
bd_shs,2
bd_shs,10
bd_shs,109
bd_shs,18
bd_shs,48
bd_shs,58
bd_shs,19
bd_shs,96
bd_shs,17
bd_shs,4
bd_shs,8
bd_shs,49
bd_shs,8
bd_shs,7
bd_shs,5
bd_shs,27
bd_shs,52
bd_shs,29
bd_shs,34
bd_shs,7
bd_shs,27
bd_shs,6
bd_shs,9
bd_shs,55
bd_shs,6
bd_shs,20
bd_shs,55
bd_shs,161
bd_shs,67
bd_shs,21
bd_shs,140
bd_shs,21
bd_shs,7
bd_shs,17
bd_shs,5
bd_shs,8
bd_shs,109
bd_shs,34
bd_shs,98
bd_shs,13
bd_shs,15
bd_shs,9
bd_shs,43
bd_shs,38
bd_shs,18
bd_shs,16
bd_shs,34
bd_shs,13
bd_shs,41
bd_shs,18
bd_shs,7
bd_shs,27
bd_shs,37
bd_shs,31
bd_shs,66
bd_shs,29
bd_shs,24
bd_shs,6
bd_shs,6
bd_shs,9
bd_shs,43
bd_shs,26
bd_shs,22
bd_shs,39
bd_shs,34
bd_shs,16
bd_shs,27
bd_shs,15
bd_shs,74
bd_shs,64
bd_shs,134
bd_shs,39
bd_shs,42
bd_shs,12
bd_shs,166
bd_shs,4
bd_shs,43
bd_shs,31
bd_shs,109
bd_shs,121
bd_shs,19
bd_shs,32
bd_shs,52
bd_shs,24
bd_shs,20
bd_shs,27
bd_shs,21
bd_shs,19
bd_shs,12
bd_shs,7
bd_shs,124
bd_shs,5
bd_shs,21
bd_shs,28
bd_shs,51
bd_shs,18
bd_shs,31
bd_shs,14
bd_shs,94
bd_shs,36
bd_shs,20
bd_shs,71
bd_shs,28
bd_shs,69
bd_shs,39
bd_shs,41
bd_shs,85
bd_shs,7
bd_shs,49
bd_shs,18
bd_shs,20
bd_shs,161
bd_shs,21
bd_shs,36
bd_shs,25
bd_shs,13
bd_shs,96
bd_shs,71
bd_shs,81
bd_shs,40
bd_shs,16
bd_shs,38
bd_shs,89
bd_shs,51
bd_shs,31
bd_shs,64
bd_shs,37
bd_shs,47
bd_shs,37
bd_shs,6
bd_shs,40
bd_shs,30
bd_shs,33
bd_shs,13
bd_shs,42
bd_shs,160
bd_shs,8
bd_shs,11
bd_shs,7
bd_shs,7
bd_shs,17
bd_shs,63
bd_shs,168
bd_shs,93
bd_shs,2
bd_shs,35
bd_shs,28
bd_shs,43
bd_shs,24
bd_shs,52
bd_shs,209
bd_shs,23
bd_shs,142
bd_shs,37
bd_shs,6
bd_shs,37
bd_shs,56
bd_shs,15
bd_shs,7
bd_shs,107
bd_shs,14
bd_shs,76
bd_shs,92
bd_shs,26
bd_shs,36
bd_shs,65
bd_shs,23
bd_shs,57
bd_shs,9
bd_shs,685
bd_shs,36
bd_shs,95
bd_shs,12
bd_shs,36
bd_shs,60
bd_shs,41
bd_shs,70
bd_shs,10
bd_shs,23
bd_shs,24
bd_shs,76
bd_shs,75
bd_shs,8
bd_shs,36
bd_shs,8
bd_shs,20
bd_shs,48
bd_shs,9
bd_shs,13
bd_shs,58
bd_shs,6
bd_shs,12
bd_shs,78
bd_shs,20
bd_shs,35
bd_shs,29
bd_shs,6
bd_shs,14
bd_shs,108
bd_shs,14
bd_shs,55
bd_shs,22
bd_shs,13
bd_shs,5
bd_shs,22
bd_shs,41
bd_shs,43
bd_shs,4
bd_shs,11
bd_shs,67
bd_shs,27
bd_shs,31
bd_shs,40
bd_shs,81
bd_shs,23
bd_shs,12
bd_shs,59
bd_shs,46
bd_shs,24
bd_shs,8
bd_shs,24
bd_shs,82
bd_shs,7
bd_shs,5
bd_shs,57
bd_shs,93
bd_shs,20
bd_shs,11
bd_shs,12
bd_shs,41
bd_shs,24
bd_shs,59
bd_shs,27
bd_shs,49
bd_shs,76
bd_shs,33
bd_shs,35
bd_shs,119
bd_shs,14
bd_shs,39
bd_shs,24
bd_shs,34
bd_shs,22
bd_shs,62
bd_shs,51
bd_shs,54
bd_shs,57
bd_shs,57
bd_shs,8
bd_shs,74
bd_shs,55
bd_shs,6
bd_shs,25
bd_shs,25
bd_shs,78
bd_shs,46
bd_shs,51
bd_shs,9
bd_shs,154
bd_shs,12
bd_shs,136
bd_shs,58
bd_shs,64
bd_shs,28
bd_shs,21
bd_shs,40
bd_shs,54
bd_shs,34
bd_shs,9
bd_shs,22
bd_shs,16
bd_shs,21
bd_shs,26
bd_shs,85
bd_shs,6
bd_shs,22
bd_shs,50
bd_shs,21
bd_shs,39
bd_shs,46
bd_shs,116
bd_shs,34
bd_shs,38
bd_shs,34
bd_shs,26
bd_shs,48
bd_shs,20
bd_shs,46
bd_shs,57
bd_shs,52
bd_shs,27
bd_shs,88
bd_shs,175
bd_shs,20
bd_shs,29
bd_shs,35
bd_shs,31
bd_shs,280
bd_shs,38
bd_shs,48
bd_shs,21
bd_shs,20
bd_shs,51
bd_shs,19
bd_shs,102
bd_shs,45
bd_shs,38
bd_shs,49
bd_shs,8
bd_shs,17
bd_shs,19
bd_shs,21
bd_shs,61
bd_shs,26
bd_shs,54
bd_shs,41
bd_shs,14
bd_shs,19
bd_shs,95
bd_shs,267
bd_shs,136
bd_shs,79
bd_shs,15
bd_shs,14
bd_shs,50
bd_shs,10
bd_shs,15
bd_shs,35
bd_shs,38
bd_shs,21
bd_shs,51
bd_shs,40
bd_shs,26
bd_shs,69
bd_shs,91
bd_shs,11
bd_shs,24
bd_shs,14
bd_shs,60
bd_shs,16
bd_shs,13
bd_shs,66
bd_shs,12
bd_shs,34
bd_shs,84
bd_shs,98
bd_shs,144
bd_shs,33
bd_shs,89
bd_shs,25
bd_shs,16
bd_shs,15
bd_shs,23
bd_shs,22
bd_shs,4
bd_shs,25
bd_shs,100
bd_shs,25
bd_shs,19
bd_shs,10
bd_shs,11
bd_shs,150
bd_shs,21
bd_shs,61
bd_shs,25
bd_shs,15
bd_shs,9
bd_shs,12
bd_shs,51
bd_shs,12
bd_shs,31
bd_shs,7
bd_shs,23
bd_shs,9
bd_shs,203
bd_shs,209
bd_shs,26
bd_shs,11
bd_shs,14
bd_shs,140
bd_shs,18
bd_shs,22
bd_shs,32
bd_shs,6
bd_shs,12
bd_shs,19
bd_shs,81
bd_shs,22
bd_shs,27
bd_shs,35
bd_shs,71
bd_shs,17
bd_shs,184
bd_shs,9
bd_shs,14
bd_shs,3
bd_shs,104
bd_shs,6
bd_shs,9
bd_shs,65
bd_shs,60
bd_shs,20
bd_shs,38
bd_shs,55
bd_shs,176
bd_shs,20
bd_shs,54
bd_shs,13
bd_shs,292
bd_shs,24
bd_shs,40
bd_shs,9
bd_shs,100
bd_shs,29
bd_shs,40
bd_shs,40
bd_shs,16
bd_shs,17
bd_shs,31
bd_shs,91
bd_shs,45
bd_shs,33
bd_shs,39
bd_shs,49
bd_shs,27
bd_shs,85
bd_shs,48
bd_shs,12
bd_shs,37
bd_shs,52
bd_shs,85
bd_shs,70
bd_shs,13
bd_shs,180
bd_shs,29
bd_shs,47
bd_shs,17
bd_shs,118
bd_shs,277
bd_shs,24
bd_shs,15
bd_shs,17
bd_shs,149
bd_shs,34
bd_shs,17
bd_shs,28
bd_shs,26
bd_shs,105
bd_shs,14
bd_shs,62
bd_shs,42
bd_shs,9
bd_shs,19
bd_shs,36
bd_shs,20
bd_shs,31
bd_shs,14
bd_shs,39
bd_shs,28
bd_shs,30
bd_shs,11
bd_shs,16
bd_shs,24
bd_shs,14
bd_shs,30
bd_shs,16
bd_shs,36
bd_shs,84
bd_shs,107
bd_shs,27
bd_shs,126
bd_shs,23
bd_shs,19
bd_shs,68
bd_shs,375
bd_shs,23
bd_shs,8
bd_shs,17
bd_shs,86
bd_shs,11
bd_shs,104
bd_shs,11
bd_shs,23
bd_shs,11
bd_shs,27
bd_shs,28
bd_shs,71
bd_shs,13
bd_shs,83
bd_shs,73
bd_shs,22
bd_shs,6
bd_shs,30
bd_shs,11
bd_shs,9
bd_shs,7
bd_shs,103
bd_shs,48
bd_shs,42
bd_shs,7
bd_shs,7
bd_shs,7
bd_shs,123
bd_shs,13
bd_shs,14
bd_shs,10
bd_shs,47
bd_shs,66
bd_shs,53
bd_shs,424
bd_shs,378
bd_shs,40
bd_shs,54
bd_shs,516
bd_shs,25
bd_shs,20
bd_shs,8
bd_shs,34
bd_shs,52
bd_shs,42
bd_shs,23
bd_shs,26
bd_shs,85
bd_shs,39
bd_shs,242
bd_shs,47
bd_shs,23
bd_shs,92
bd_shs,45
bd_shs,57
bd_shs,25
bd_shs,14
bd_shs,24
bd_shs,53
bd_shs,43
bd_shs,21
bd_shs,72
bd_shs,180
bd_shs,36
bd_shs,33
bd_shs,144
bd_shs,97
bd_shs,80
bd_shs,57
bd_shs,273
bd_shs,29
bd_shs,34
bd_shs,65
bd_shs,45
bd_shs,45
bd_shs,149
bd_shs,13
bd_shs,41
bd_shs,27
bd_shs,91
bd_shs,64
bd_shs,40
bd_shs,52
bd_shs,38
bd_shs,53
bd_shs,63
bd_shs,53
bd_shs,14
bd_shs,13
bd_shs,38
bd_shs,40
bd_shs,51
bd_shs,8
bd_shs,16
bd_shs,116
bd_shs,45
bd_shs,26
bd_shs,24
bd_shs,11
bd_shs,29
bd_shs,24
bd_shs,69
bd_shs,29
bd_shs,17
bd_shs,17
bd_shs,18
bd_shs,30
bd_shs,25
bd_shs,43
bd_shs,69
bd_shs,146
bd_shs,12
bd_shs,82
bd_shs,42
bd_shs,15
bd_shs,23
bd_shs,47
bd_shs,10
bd_shs,50
bd_shs,52
bd_shs,66
bd_shs,44
bd_shs,18
bd_shs,51
bd_shs,9
bd_shs,25
bd_shs,19
bd_shs,32
bd_shs,25
bd_shs,21
bd_shs,33
bd_shs,3
bd_shs,18
bd_shs,13
bd_shs,50
bd_shs,17
bd_shs,2203
bd_shs,39
bd_shs,18
bd_shs,18
bd_shs,8
bd_shs,76
bd_shs,24
bd_shs,55
bd_shs,74
bd_shs,14
bd_shs,75
bd_shs,25
bd_shs,23
bd_shs,14
bd_shs,13
bd_shs,28
bd_shs,51
bd_shs,26
bd_shs,26
bd_shs,6
bd_shs,27
bd_shs,21
bd_shs,38
bd_shs,26
bd_shs,9
bd_shs,13
bd_shs,20
bd_shs,13
bd_shs,22
bd_shs,41
bd_shs,18
bd_shs,10
bd_shs,27
bd_shs,25
bd_shs,64
bd_shs,219
bd_shs,34
bd_shs,62
bd_shs,17
bd_shs,7
bd_shs,35
bd_shs,18
bd_shs,13
bd_shs,21
bd_shs,6
bd_shs,23
bd_shs,79
bd_shs,17
bd_shs,204
bd_shs,3
bd_shs,61
bd_shs,17
bd_shs,10
bd_shs,43
bd_shs,24
bd_shs,22
bd_shs,57
bd_shs,5
bd_shs,17
bd_shs,14
bd_shs,76
bd_shs,51
bd_shs,73
bd_shs,22
bd_shs,105
bd_shs,24
bd_shs,106
bd_shs,54
bd_shs,48
bd_shs,26
bd_shs,77
bd_shs,43
bd_shs,1
bd_shs,57
bd_shs,21
bd_shs,13
bd_shs,15
bd_shs,116
bd_shs,28
bd_shs,73
bd_shs,63
bd_shs,15
bd_shs,23
bd_shs,103
bd_shs,60
bd_shs,9
bd_shs,70
bd_shs,86
bd_shs,52
bd_shs,170
bd_shs,3
bd_shs,22
bd_shs,10
bd_shs,62
bd_shs,17
bd_shs,32
bd_shs,21
bd_shs,9
bd_shs,58
bd_shs,24
bd_shs,6
bd_shs,15
bd_shs,9
bd_shs,39
bd_shs,38
bd_shs,24
bd_shs,37
bd_shs,22
bd_shs,45
bd_shs,13
bd_shs,73
bd_shs,43
bd_shs,63
bd_shs,40
bd_shs,27
bd_shs,53
bd_shs,23
bd_shs,25
bd_shs,36
bd_shs,26
bd_shs,43
bd_shs,38
bd_shs,42
bd_shs,254
bd_shs,35
bd_shs,12
bd_shs,65
bd_shs,227
bd_shs,30
bd_shs,327
bd_shs,13
bd_shs,34
bd_shs,19
bd_shs,327
bd_shs,51
bd_shs,18
bd_shs,10
bd_shs,19
bd_shs,10
bd_shs,27
bd_shs,29
bd_shs,200
bd_shs,289
bd_shs,38
bd_shs,14
bd_shs,223
bd_shs,3
bd_shs,11
bd_shs,8
bd_shs,28
bd_shs,63
bd_shs,1
bd_shs,9
bd_shs,28
bd_shs,7
bd_shs,47
bd_shs,9
bd_shs,104
bd_shs,120
bd_shs,21
bd_shs,14
bd_shs,26
bd_shs,23
bd_shs,42
bd_shs,22
bd_shs,30
bd_shs,343
bd_shs,26
bd_shs,44
bd_shs,6
bd_shs,30
bd_shs,50
bd_shs,21
bd_shs,19
bd_shs,23
bd_shs,29
bd_shs,28
bd_shs,13
bd_shs,10
bd_shs,266
bd_shs,42
bd_shs,48
bd_shs,14
bd_shs,23
bd_shs,58
bd_shs,19
bd_shs,14
bd_shs,47
bd_shs,28
bd_shs,46
bd_shs,58
bd_shs,68
bd_shs,98
bd_shs,10
bd_shs,35
bd_shs,36
bd_shs,18
bd_shs,12
bd_shs,109
bd_shs,20
bd_shs,35
bd_shs,16
bd_shs,40
bd_shs,9
bd_shs,28
bd_shs,92
bd_shs,44
bd_shs,27
bd_shs,36
bd_shs,16
bd_shs,41
bd_shs,40
bd_shs,27
bd_shs,51
bd_shs,100
bd_shs,38
bd_shs,20
bd_shs,169
bd_shs,5
bd_shs,10
bd_shs,17
bd_shs,58
bd_shs,541
bd_shs,18
bd_shs,57
bd_shs,27
bd_shs,44
bd_shs,5
bd_shs,60
bd_shs,66
bd_shs,13
bd_shs,17
bd_shs,9
bd_shs,48
bd_shs,10
bd_shs,14
bd_shs,62
bd_shs,83
bd_shs,37
bd_shs,29
bd_shs,7
bd_shs,25
bd_shs,32
bd_shs,12
bd_shs,19
bd_shs,89
bd_shs,35
bd_shs,70
bd_shs,27
bd_shs,142
bd_shs,46
bd_shs,47
bd_shs,5
bd_shs,12
bd_shs,24
bd_shs,10
bd_shs,16
bd_shs,19
bd_shs,16
bd_shs,23
bd_shs,134
bd_shs,18
bd_shs,25
bd_shs,20
bd_shs,34
bd_shs,39
bd_shs,18
bd_shs,63
bd_shs,54
bd_shs,51
bd_shs,69
bd_shs,141
bd_shs,86
bd_shs,96
bd_shs,86
bd_shs,29
bd_shs,11
bd_shs,40
bd_shs,48
bd_shs,354
bd_shs,200
bd_shs,107
bd_shs,144
bd_shs,63
bd_shs,50
bd_shs,602
bd_shs,22
bd_shs,30
bd_shs,122
bd_shs,80
bd_shs,100
bd_shs,81
bd_shs,10
bd_shs,76
bd_shs,16
bd_shs,33
bd_shs,18
bd_shs,52
bd_shs,21
bd_shs,14
bd_shs,30
bd_shs,66
bd_shs,20
bd_shs,1
bd_shs,16
bd_shs,8
bd_shs,31
bd_shs,14
bd_shs,12
bd_shs,25
bd_shs,29
bd_shs,7
bd_shs,8
bd_shs,72
bd_shs,15
bd_shs,45
bd_shs,12
bd_shs,62
bd_shs,17
bd_shs,38
bd_shs,143
bd_shs,68
bd_shs,6
bd_shs,13
bd_shs,15
bd_shs,18
bd_shs,6
bd_shs,33
bd_shs,7
bd_shs,10
bd_shs,37
bd_shs,98
bd_shs,72
bd_shs,25
bd_shs,43
bd_shs,27
bd_shs,7
bd_shs,11
bd_shs,16
bd_shs,29
bd_shs,29
bd_shs,16
bd_shs,128
bd_shs,22
bd_shs,30
bd_shs,8
bd_shs,29
bd_shs,34
bd_shs,26
bd_shs,44
bd_shs,75
bd_shs,25
bd_shs,57
bd_shs,17
bd_shs,78
bd_shs,32
bd_shs,23
bd_shs,51
bd_shs,12
bd_shs,18
bd_shs,170
bd_shs,39
bd_shs,14
bd_shs,83
bd_shs,16
bd_shs,16
bd_shs,58
bd_shs,28
bd_shs,670
bd_shs,28
bd_shs,151
bd_shs,70
bd_shs,22
bd_shs,6
bd_shs,16
bd_shs,171
bd_shs,59
bd_shs,81
bd_shs,14
bd_shs,48
bd_shs,29
bd_shs,25
bd_shs,15
bd_shs,159
bd_shs,50
bd_shs,75
bd_shs,95
bd_shs,42
bd_shs,67
bd_shs,60
bd_shs,87
bd_shs,14
bd_shs,17
bd_shs,28
bd_shs,36
bd_shs,98
bd_shs,18
bd_shs,36
bd_shs,211
bd_shs,42
bd_shs,160
bd_shs,46
bd_shs,71
bd_shs,72
bd_shs,36
bd_shs,51
bd_shs,55
bd_shs,44
bd_shs,69
bd_shs,76
bd_shs,15
bd_shs,18
bd_shs,36
bd_shs,170
bd_shs,62
bd_shs,32
bd_shs,23
bd_shs,91
bd_shs,28
bd_shs,85
bd_shs,6
bd_shs,39
bd_shs,12
bd_shs,12
bd_shs,141
bd_shs,54
bd_shs,28
bd_shs,11
bd_shs,106
bd_shs,101
bd_shs,44
bd_shs,28
bd_shs,140
bd_shs,148
bd_shs,18
bd_shs,22
bd_shs,10
bd_shs,35
bd_shs,18
bd_shs,14
bd_shs,15
bd_shs,12
bd_shs,8
bd_shs,34
bd_shs,7
bd_shs,66
bd_shs,7
bd_shs,105
bd_shs,14
bd_shs,21
bd_shs,63
bd_shs,57
bd_shs,19
bd_shs,35
bd_shs,33
bd_shs,43
bd_shs,17
bd_shs,32
bd_shs,71
bd_shs,12
bd_shs,19
bd_shs,9
bd_shs,71
bd_shs,22
bd_shs,43
bd_shs,91
bd_shs,33
bd_shs,39
bd_shs,27
bd_shs,172
bd_shs,8
bd_shs,18
bd_shs,30
bd_shs,60
bd_shs,48
bd_shs,26
bd_shs,176
bd_shs,42
bd_shs,32
bd_shs,14
bd_shs,28
bd_shs,40
bd_shs,44
bd_shs,155
bd_shs,54
bd_shs,23
bd_shs,14
bd_shs,159
bd_shs,16
bd_shs,9
bd_shs,37
bd_shs,38
bd_shs,102
bd_shs,14
bd_shs,73
bd_shs,65
bd_shs,118
bd_shs,87
bd_shs,43
bd_shs,17
bd_shs,56
bd_shs,50
bd_shs,23
bd_shs,16
bd_shs,27
bd_shs,9
bd_shs,77
bd_shs,42
bd_shs,190
bd_shs,247
bd_shs,10
bd_shs,14
bd_shs,9
bd_shs,17
bd_shs,17
bd_shs,12
bd_shs,16
bd_shs,28
bd_shs,18
bd_shs,77
bd_shs,14
bd_shs,19
bd_shs,22
bd_shs,10
bd_shs,13
bd_shs,31
bd_shs,101
bd_shs,25
bd_shs,12
bd_shs,39
bd_shs,39
bd_shs,243
bd_shs,687
bd_shs,51
bd_shs,33
bd_shs,30
bd_shs,12
bd_shs,11
bd_shs,29
bd_shs,33
bd_shs,12
bd_shs,32
bd_shs,22
bd_shs,85
bd_shs,28
bd_shs,212
bd_shs,7
bd_shs,19
bd_shs,13
bd_shs,18
bd_shs,154
bd_shs,27
bd_shs,25
bd_shs,19
bd_shs,23
bd_shs,2
bd_shs,24
bd_shs,13
bd_shs,26
bd_shs,10
bd_shs,10
bd_shs,42
bd_shs,160
bd_shs,27
bd_shs,9
bd_shs,169
bd_shs,37
bd_shs,53
bd_shs,45
bd_shs,117
bd_shs,24
bd_shs,135
bd_shs,23
bd_shs,95
bd_shs,98
bd_shs,105
bd_shs,173
bd_shs,55
bd_shs,48
bd_shs,81
bd_shs,88
bd_shs,29
bd_shs,38
bd_shs,12
bd_shs,37
bd_shs,37
bd_shs,31
bd_shs,12
bd_shs,57
bd_shs,8
bd_shs,14
bd_shs,19
bd_shs,17
bd_shs,5
bd_shs,23
bd_shs,88
bd_shs,12
bd_shs,46
bd_shs,30
bd_shs,57
bd_shs,69
bd_shs,22
bd_shs,6
bd_shs,24
bd_shs,42
bd_shs,11
bd_shs,225
bd_shs,56
bd_shs,16
bd_shs,43
bd_shs,18
bd_shs,22
bd_shs,19
bd_shs,32
bd_shs,6
bd_shs,27
bd_shs,18
bd_shs,17
bd_shs,8
bd_shs,6
bd_shs,17
bd_shs,20
bd_shs,28
bd_shs,10
bd_shs,5
bd_shs,15
bd_shs,43
bd_shs,32
bd_shs,21
bd_shs,78
bd_shs,6
bd_shs,12
bd_shs,10
bd_shs,24
bd_shs,49
bd_shs,43
bd_shs,32
bd_shs,26
bd_shs,52
bd_shs,59
bd_shs,40
bd_shs,11
bd_shs,30
bd_shs,6
bd_shs,17
bd_shs,62
bd_shs,48
bd_shs,8
bd_shs,28
bd_shs,91
bd_shs,17
bd_shs,31
bd_shs,73
bd_shs,95
bd_shs,16
bd_shs,17
bd_shs,85
bd_shs,94
bd_shs,276
bd_shs,66
bd_shs,79
bd_shs,27
bd_shs,36
bd_shs,98
bd_shs,154
bd_shs,117
bd_shs,16
bd_shs,44
bd_shs,58
bd_shs,31
bd_shs,17
bd_shs,15
bd_shs,110
bd_shs,39
bd_shs,42
bd_shs,12
bd_shs,86
bd_shs,62
bd_shs,25
bd_shs,46
bd_shs,18
bd_shs,93
bd_shs,19
bd_shs,217
bd_shs,71
bd_shs,101
bd_shs,17
bd_shs,18
bd_shs,94
bd_shs,25
bd_shs,45
bd_shs,15
bd_shs,32
bd_shs,123
bd_shs,26
bd_shs,29
bd_shs,24
bd_shs,29
bd_shs,24
bd_shs,87
bd_shs,227
bd_shs,35
bd_shs,102
bd_shs,17
bd_shs,52
bd_shs,34
bd_shs,246
bd_shs,18
bd_shs,106
bd_shs,18
bd_shs,22
bd_shs,26
bd_shs,12
bd_shs,43
bd_shs,38
bd_shs,48
bd_shs,15
bd_shs,78
bd_shs,23
bd_shs,74
bd_shs,22
bd_shs,48
bd_shs,49
bd_shs,26
bd_shs,69
bd_shs,19
bd_shs,31
bd_shs,45
bd_shs,30
bd_shs,31
bd_shs,59
bd_shs,18
bd_shs,42
bd_shs,7
bd_shs,18
bd_shs,27
bd_shs,10
bd_shs,41
bd_shs,9
bd_shs,21
bd_shs,51
bd_shs,18
bd_shs,13
bd_shs,25
bd_shs,6
bd_shs,27
bd_shs,32
bd_shs,30
bd_shs,23
bd_shs,98
bd_shs,50
bd_shs,16
bd_shs,38
bd_shs,12
bd_shs,20
bd_shs,26
bd_shs,25
bd_shs,15
bd_shs,53
bd_shs,37
bd_shs,42
bd_shs,46
bd_shs,5
bd_shs,52
bd_shs,37
bd_shs,32
bd_shs,11
bd_shs,75
bd_shs,32
bd_shs,58
bd_shs,32
bd_shs,17
bd_shs,18
bd_shs,12
bd_shs,17
bd_shs,9
bd_shs,23
bd_shs,14
bd_shs,22
bd_shs,20
bd_shs,175
bd_shs,25
bd_shs,23
bd_shs,15
bd_shs,31
bd_shs,22
bd_shs,36
bd_shs,16
bd_shs,14
bd_shs,14
bd_shs,62
bd_shs,10
bd_shs,132
bd_shs,76
bd_shs,36
bd_shs,48
bd_shs,20
bd_shs,12
bd_shs,55
bd_shs,29
bd_shs,33
bd_shs,42
bd_shs,56
bd_shs,147
bd_shs,64
bd_shs,12
bd_shs,28
bd_shs,23
bd_shs,51
bd_shs,110
bd_shs,48
bd_shs,45
bd_shs,86
bd_shs,34
bd_shs,19
bd_shs,16
bd_shs,16
bd_shs,113
bd_shs,17
bd_shs,16
bd_shs,38
bd_shs,25
bd_shs,11
bd_shs,19
bd_shs,10
bd_shs,201
bd_shs,11
bd_shs,114
bd_shs,3
bd_shs,6
bd_shs,43
bd_shs,51
bd_shs,25
bd_shs,35
bd_shs,10
bd_shs,2
bd_shs,112
bd_shs,1227
bd_shs,117
bd_shs,14
bd_shs,39
bd_shs,196
bd_shs,97
bd_shs,20
bd_shs,79
bd_shs,63
bd_shs,138
bd_shs,88
bd_shs,67
bd_shs,22
bd_shs,4
bd_shs,33
bd_shs,82
bd_shs,195
bd_shs,36
bd_shs,55
bd_shs,35
bd_shs,80
bd_shs,10
bd_shs,17
bd_shs,27
bd_shs,81
bd_shs,36
bd_shs,22
bd_shs,36
bd_shs,33
bd_shs,12
bd_shs,13
bd_shs,225
bd_shs,5
bd_shs,114
bd_shs,59
bd_shs,29
bd_shs,35
bd_shs,37
bd_shs,45
bd_shs,6
bd_shs,21
bd_shs,151
bd_shs,18
bd_shs,20
bd_shs,25
bd_shs,406
bd_shs,13
bd_shs,47
bd_shs,20
bd_shs,99
bd_shs,46
bd_shs,38
bd_shs,53
bd_shs,27
bd_shs,28
bd_shs,108
bd_shs,52
bd_shs,44
bd_shs,108
bd_shs,51
bd_shs,314
bd_shs,47
bd_shs,24
bd_shs,21
bd_shs,80
bd_shs,75
bd_shs,28
bd_shs,23
bd_shs,28
bd_shs,29
bd_shs,14
bd_shs,25
bd_shs,31
bd_shs,23
bd_shs,11
bd_shs,19
bd_shs,45
bd_shs,41
bd_shs,13
bd_shs,29
bd_shs,25
bd_shs,3
bd_shs,247
bd_shs,11
bd_shs,17
bd_shs,31
bd_shs,13
bd_shs,83
bd_shs,91
bd_shs,50
bd_shs,13
bd_shs,34
bd_shs,21
bd_shs,39
bd_shs,35
bd_shs,20
bd_shs,17
bd_shs,19
bd_shs,77
bd_shs,8
bd_shs,16
bd_shs,79
bd_shs,23
bd_shs,12
bd_shs,166
bd_shs,77
bd_shs,25
bd_shs,77
bd_shs,28
bd_shs,32
bd_shs,57
bd_shs,67
bd_shs,7
bd_shs,23
bd_shs,18
bd_shs,48
bd_shs,28
bd_shs,115
bd_shs,43
bd_shs,51
bd_shs,70
bd_shs,19
bd_shs,96
bd_shs,131
bd_shs,48
bd_shs,30
bd_shs,15
bd_shs,27
bd_shs,35
bd_shs,25
bd_shs,35
bd_shs,14
bd_shs,151
bd_shs,39
bd_shs,20
bd_shs,66
bd_shs,97
bd_shs,11
bd_shs,22
bd_shs,67
bd_shs,20
bd_shs,34
bd_shs,87
bd_shs,26
bd_shs,87
bd_shs,8
bd_shs,143
bd_shs,175
bd_shs,117
bd_shs,73
bd_shs,49
bd_shs,31
bd_shs,29
bd_shs,66
bd_shs,156
bd_shs,28
bd_shs,26
bd_shs,16
bd_shs,38
bd_shs,22
bd_shs,56
bd_shs,23
bd_shs,23
bd_shs,98
bd_shs,18
bd_shs,39
bd_shs,29
bd_shs,55
bd_shs,12
bd_shs,16
bd_shs,29
bd_shs,27
bd_shs,22
bd_shs,15
bd_shs,15
bd_shs,29
bd_shs,33
bd_shs,33
bd_shs,46
bd_shs,19
bd_shs,19
bd_shs,11
bd_shs,97
bd_shs,8
bd_shs,166
bd_shs,47
bd_shs,20
bd_shs,185
bd_shs,11
bd_shs,37
bd_shs,36
bd_shs,29
bd_shs,105
bd_shs,44
bd_shs,36
bd_shs,64
bd_shs,98
bd_shs,40
bd_shs,36
bd_shs,19
bd_shs,52
bd_shs,107
bd_shs,14
bd_shs,14
bd_shs,12
bd_shs,18
bd_shs,48
bd_shs,62
bd_shs,28
bd_shs,22
bd_shs,22
bd_shs,10
bd_shs,14
bd_shs,21
bd_shs,37
bd_shs,46
bd_shs,7
bd_shs,17
bd_shs,42
bd_shs,11
bd_shs,7
bd_shs,52
bd_shs,22
bd_shs,12
bd_shs,20
bd_shs,51
bd_shs,21
bd_shs,140
bd_shs,27
bd_shs,16
bd_shs,71
bd_shs,69
bd_shs,33
bd_shs,46
bd_shs,31
bd_shs,43
bd_shs,23
bd_shs,14
bd_shs,23
bd_shs,60
bd_shs,55
bd_shs,33
bd_shs,254
bd_shs,23
bd_shs,119
bd_shs,51
bd_shs,28
bd_shs,13
bd_shs,26
bd_shs,9
bd_shs,9
bd_shs,7
bd_shs,12
bd_shs,26
bd_shs,11
bd_shs,43
bd_shs,15
bd_shs,13
bd_shs,41
bd_shs,29
bd_shs,33
bd_shs,8
bd_shs,28
bd_shs,39
bd_shs,36
bd_shs,25
bd_shs,42
bd_shs,71
bd_shs,40
bd_shs,65
bd_shs,34
bd_shs,29
bd_shs,11
bd_shs,36
bd_shs,33
bd_shs,30
bd_shs,12
bd_shs,43
bd_shs,65
bd_shs,119
bd_shs,117
bd_shs,32
bd_shs,23
bd_shs,22
bd_shs,121
bd_shs,59
bd_shs,19
bd_shs,58
bd_shs,84
bd_shs,16
bd_shs,50
bd_shs,52
bd_shs,14
bd_shs,33
bd_shs,29
bd_shs,23
bd_shs,13
bd_shs,9
bd_shs,66
bd_shs,54
bd_shs,27
bd_shs,36
bd_shs,36
bd_shs,34
bd_shs,17
bd_shs,16
bd_shs,19
bd_shs,28
bd_shs,43
bd_shs,50
bd_shs,42
bd_shs,47
bd_shs,44
bd_shs,35
bd_shs,5
bd_shs,10
bd_shs,19
bd_shs,7
bd_shs,15
bd_shs,47
bd_shs,23
bd_shs,31
bd_shs,55
bd_shs,36
bd_shs,173
bd_shs,85
bd_shs,14
bd_shs,43
bd_shs,25
bd_shs,52
bd_shs,17
bd_shs,13
bd_shs,16
bd_shs,43
bd_shs,86
bd_shs,138
bd_shs,79
bd_shs,19
bd_shs,11
bd_shs,10
bd_shs,149
bd_shs,13
bd_shs,81
bd_shs,5
bd_shs,37
bd_shs,5
bd_shs,24
bd_shs,17
bd_shs,29
bd_shs,132
bd_shs,49
bd_shs,22
bd_shs,128
bd_shs,30
bd_shs,24
bd_shs,52
bd_shs,24
bd_shs,68
bd_shs,73
bd_shs,75
bd_shs,37
bd_shs,12
bd_shs,54
bd_shs,16
bd_shs,28
bd_shs,31
bd_shs,30
bd_shs,5
bd_shs,2
bd_shs,9
bd_shs,20
bd_shs,14
bd_shs,35
bd_shs,26
bd_shs,32
bd_shs,39
bd_shs,11
bd_shs,25
bd_shs,59
bd_shs,16
bd_shs,107
bd_shs,41
bd_shs,23
bd_shs,16
bd_shs,12
bd_shs,72
bd_shs,20
bd_shs,50
bd_shs,19
bd_shs,28
bd_shs,99
bd_shs,48
bd_shs,90
bd_shs,102
bd_shs,323
bd_shs,11
bd_shs,63
bd_shs,15
bd_shs,25
bd_shs,33
bd_shs,17
bd_shs,56
bd_shs,23
bd_shs,19
bd_shs,63
bd_shs,22
bd_shs,166
bd_shs,86
bd_shs,17
bd_shs,36
bd_shs,76
bd_shs,98
bd_shs,89
bd_shs,10
bd_shs,28
bd_shs,14
bd_shs,51
bd_shs,98
bd_shs,37
bd_shs,33
bd_shs,122
bd_shs,10
bd_shs,26
bd_shs,60
bd_shs,17
bd_shs,32
bd_shs,15
bd_shs,6
bd_shs,27
bd_shs,21
bd_shs,28
bd_shs,15
bd_shs,43
bd_shs,32
bd_shs,21
bd_shs,22
bd_shs,7
bd_shs,207
bd_shs,10
bd_shs,20
bd_shs,68
bd_shs,31
bd_shs,34
bd_shs,15
bd_shs,56
bd_shs,34
bd_shs,109
bd_shs,9
bd_shs,24
bd_shs,20
bd_shs,47
bd_shs,7
bd_shs,65
bd_shs,70
bd_shs,8
bd_shs,43
bd_shs,62
bd_shs,33
bd_shs,54
bd_shs,23
bd_shs,35
bd_shs,32
bd_shs,199
bd_shs,39
bd_shs,53
bd_shs,24
bd_shs,24
bd_shs,49
bd_shs,50
bd_shs,52
bd_shs,32
bd_shs,13
bd_shs,46
bd_shs,19
bd_shs,67
bd_shs,48
bd_shs,134
bd_shs,143
bd_shs,17
bd_shs,83
bd_shs,10
bd_shs,69
bd_shs,92
bd_shs,10
bd_shs,9
bd_shs,58
bd_shs,52
bd_shs,36
bd_shs,40
bd_shs,40
bd_shs,9
bd_shs,15
bd_shs,24
bd_shs,46
bd_shs,171
bd_shs,192
bd_shs,122
bd_shs,9
bd_shs,191
bd_shs,20
bd_shs,39
bd_shs,24
bd_shs,36
bd_shs,81
bd_shs,14
bd_shs,150
bd_shs,37
bd_shs,151
bd_shs,73
bd_shs,36
bd_shs,220
bd_shs,35
bd_shs,16
bd_shs,32
bd_shs,19
bd_shs,58
bd_shs,47
bd_shs,17
bd_shs,29
bd_shs,74
bd_shs,39
bd_shs,30
bd_shs,45
bd_shs,44
bd_shs,35
bd_shs,136
bd_shs,78
bd_shs,27
bd_shs,39
bd_shs,48
bd_shs,56
bd_shs,190
bd_shs,82
bd_shs,51
bd_shs,12
bd_shs,2
bd_shs,15
bd_shs,11
bd_shs,21
bd_shs,18
bd_shs,7
bd_shs,21
bd_shs,16
bd_shs,15
bd_shs,39
bd_shs,33
bd_shs,20
bd_shs,41
bd_shs,22
bd_shs,24
bd_shs,21
bd_shs,7
bd_shs,53
bd_shs,16
bd_shs,83
bd_shs,161
bd_shs,21
bd_shs,9
bd_shs,29
bd_shs,183
bd_shs,19
bd_shs,21
bd_shs,15
bd_shs,17
bd_shs,31
bd_shs,33
bd_shs,5
bd_shs,17
bd_shs,37
bd_shs,12
bd_shs,51
bd_shs,447
bd_shs,36
bd_shs,27
bd_shs,26
bd_shs,31
bd_shs,13
bd_shs,7
bd_shs,204
bd_shs,18
bd_shs,16
bd_shs,30
bd_shs,62
bd_shs,28
bd_shs,39
bd_shs,127
bd_shs,11
bd_shs,8
bd_shs,8
bd_shs,13
bd_shs,32
bd_shs,28
bd_shs,21
bd_shs,14
bd_shs,16
bd_shs,2
bd_shs,106
bd_shs,33
bd_shs,29
bd_shs,6
bd_shs,8
bd_shs,13
bd_shs,6
bd_shs,13
bd_shs,18
bd_shs,6
bd_shs,61
bd_shs,17
bd_shs,122
bd_shs,2
bd_shs,549
bd_shs,5
bd_shs,63
bd_shs,173
bd_shs,3
bd_shs,81
bd_shs,20
bd_shs,37
bd_shs,27
bd_shs,2
bd_shs,11
bd_shs,61
bd_shs,67
bd_shs,70
bd_shs,24
bd_shs,27
bd_shs,17
bd_shs,36
bd_shs,15
bd_shs,11
bd_shs,23
bd_shs,237
bd_shs,69
bd_shs,28
bd_shs,104
bd_shs,31
bd_shs,49
bd_shs,23
bd_shs,8
bd_shs,24
bd_shs,18
bd_shs,29
bd_shs,38
bd_shs,9
bd_shs,30
bd_shs,114
bd_shs,3
bd_shs,10
bd_shs,93
bd_shs,59
bd_shs,60
bd_shs,11
bd_shs,90
bd_shs,48
bd_shs,20
bd_shs,16
bd_shs,13
bd_shs,39
bd_shs,77
bd_shs,77
bd_shs,14
bd_shs,87
bd_shs,11
bd_shs,8
bd_shs,15
bd_shs,15
bd_shs,58
bd_shs,46
bd_shs,10
bd_shs,32
bd_shs,7
bd_shs,26
bd_shs,28
bd_shs,21
bd_shs,217
bd_shs,6
bd_shs,4
bd_shs,19
bd_shs,16
bd_shs,31
bd_shs,2
bd_shs,1
bd_shs,112
bd_shs,13
bd_shs,9
bd_shs,16
bd_shs,35
bd_shs,21
bd_shs,38
bd_shs,10
bd_shs,16
bd_shs,23
bd_shs,4
bd_shs,20
bd_shs,39
bd_shs,8
bd_shs,30
bd_shs,22
bd_shs,45
bd_shs,31
bd_shs,3
bd_shs,225
bd_shs,16
bd_shs,95
bd_shs,32
bd_shs,5
bd_shs,15
bd_shs,103
bd_shs,12
bd_shs,43
bd_shs,106
bd_shs,14
bd_shs,6
bd_shs,50
bd_shs,74
bd_shs,77
bd_shs,82
bd_shs,53
bd_shs,14
bd_shs,27
bd_shs,42
bd_shs,19
bd_shs,65
bd_shs,31
bd_shs,72
bd_shs,17
bd_shs,300
bd_shs,55
bd_shs,26
bd_shs,108
bd_shs,15
bd_shs,11
bd_shs,60
bd_shs,19
bd_shs,38
bd_shs,97
bd_shs,32
bd_shs,77
bd_shs,38
bd_shs,57
bd_shs,26
bd_shs,53
bd_shs,109
bd_shs,14
bd_shs,15
bd_shs,33
bd_shs,25
bd_shs,75
bd_shs,77
bd_shs,86
bd_shs,102
bd_shs,11
bd_shs,41
bd_shs,25
bd_shs,31
bd_shs,22
bd_shs,11
bd_shs,12
bd_shs,15
bd_shs,15
bd_shs,32
bd_shs,45
bd_shs,57
bd_shs,70
bd_shs,12
bd_shs,111
bd_shs,13
bd_shs,57
bd_shs,12
bd_shs,16
bd_shs,21
bd_shs,27
bd_shs,67
bd_shs,38
bd_shs,16
bd_shs,104
bd_shs,8
bd_shs,33
bd_shs,33
bd_shs,108
bd_shs,40
bd_shs,203
bd_shs,81
bd_shs,15
bd_shs,44
bd_shs,18
bd_shs,226
bd_shs,3
bd_shs,55
bd_shs,3
bd_shs,20
bd_shs,59
bd_shs,95
bd_shs,45
bd_shs,29
bd_shs,14
bd_shs,21
bd_shs,16
bd_shs,11
bd_shs,51
bd_shs,20
bd_shs,74
bd_shs,13
bd_shs,10
bd_shs,13
bd_shs,36
bd_shs,77
bd_shs,39
bd_shs,51
bd_shs,24
bd_shs,14
bd_shs,4
bd_shs,20
bd_shs,71
bd_shs,2
bd_shs,12
bd_shs,36
bd_shs,14
bd_shs,29
bd_shs,37
bd_shs,3
bd_shs,13
bd_shs,13
bd_shs,12
bd_shs,30
bd_shs,23
bd_shs,775
bd_shs,17
bd_shs,20
bd_shs,86
bd_shs,42
bd_shs,76
bd_shs,266
bd_shs,17
bd_shs,41
bd_shs,23
bd_shs,67
bd_shs,31
bd_shs,40
bd_shs,10
bd_shs,65
bd_shs,73
bd_shs,69
bd_shs,95
bd_shs,122
bd_shs,32
bd_shs,22
bd_shs,81
bd_shs,70
bd_shs,51
bd_shs,18
bd_shs,23
bd_shs,24
bd_shs,65
bd_shs,130
bd_shs,42
bd_shs,19
bd_shs,21
bd_shs,78
bd_shs,24
bd_shs,30
bd_shs,39
bd_shs,15
bd_shs,38
bd_shs,40
bd_shs,82
bd_shs,49
bd_shs,36
bd_shs,68
bd_shs,69
bd_shs,41
bd_shs,57
bd_shs,24
bd_shs,113
bd_shs,32
bd_shs,106
bd_shs,55
bd_shs,20
bd_shs,68
bd_shs,45
bd_shs,21
bd_shs,21
bd_shs,55
bd_shs,83
bd_shs,105
bd_shs,13
bd_shs,35
bd_shs,22
bd_shs,57
bd_shs,12
bd_shs,14
bd_shs,60
bd_shs,34
bd_shs,181
bd_shs,9
bd_shs,16
bd_shs,41
bd_shs,74
bd_shs,50
bd_shs,35
bd_shs,45
bd_shs,85
bd_shs,107
bd_shs,37
bd_shs,62
bd_shs,63
bd_shs,42
bd_shs,41
bd_shs,41
bd_shs,60
bd_shs,44
bd_shs,37
bd_shs,89
bd_shs,75
bd_shs,5
bd_shs,42
bd_shs,33
bd_shs,25
bd_shs,38
bd_shs,52
bd_shs,22
bd_shs,164
bd_shs,20
bd_shs,40
bd_shs,61
bd_shs,14
bd_shs,8
bd_shs,17
bd_shs,204
bd_shs,54
bd_shs,13
bd_shs,14
bd_shs,27
bd_shs,22
bd_shs,32
bd_shs,9
bd_shs,20
bd_shs,590
bd_shs,28
bd_shs,14
bd_shs,56
bd_shs,18
bd_shs,76
bd_shs,17
bd_shs,52
bd_shs,27
bd_shs,40
bd_shs,110
bd_shs,13
bd_shs,90
bd_shs,23
bd_shs,9
bd_shs,11
bd_shs,67
bd_shs,9
bd_shs,242
bd_shs,100
bd_shs,109
bd_shs,69
bd_shs,76
bd_shs,71
bd_shs,9
bd_shs,17
bd_shs,27
bd_shs,13
bd_shs,44
bd_shs,52
bd_shs,27
bd_shs,10
bd_shs,64
bd_shs,179
bd_shs,51
bd_shs,30
bd_shs,210
bd_shs,152
bd_shs,42
bd_shs,103
bd_shs,159
bd_shs,85
bd_shs,33
bd_shs,11
bd_shs,8
bd_shs,52
bd_shs,43
bd_shs,40
bd_shs,17
bd_shs,9
bd_shs,44
bd_shs,18
bd_shs,44
bd_shs,9
bd_shs,13
bd_shs,6
bd_shs,8
bd_shs,8
bd_shs,28
bd_shs,38
bd_shs,15
bd_shs,22
bd_shs,73
bd_shs,72
bd_shs,37
bd_shs,5
bd_shs,22
bd_shs,25
bd_shs,98
bd_shs,31
bd_shs,73
bd_shs,57
bd_shs,25
bd_shs,13
bd_shs,25
bd_shs,93
bd_shs,37
bd_shs,12
bd_shs,32
bd_shs,25
bd_shs,37
bd_shs,14
bd_shs,27
bd_shs,1211
bd_shs,20
bd_shs,88
bd_shs,77
bd_shs,5
bd_shs,7
bd_shs,30
bd_shs,14
bd_shs,30
bd_shs,26
bd_shs,5
bd_shs,56
bd_shs,17
bd_shs,37
bd_shs,112
bd_shs,10
bd_shs,35
bd_shs,13
bd_shs,13
bd_shs,68
bd_shs,45
bd_shs,7
bd_shs,35
bd_shs,25
bd_shs,42
bd_shs,64
bd_shs,105
bd_shs,57
bd_shs,11
bd_shs,27
bd_shs,15
bd_shs,7
bd_shs,35
bd_shs,18
bd_shs,23
bd_shs,12
bd_shs,58
bd_shs,32
bd_shs,358
bd_shs,30
bd_shs,12
bd_shs,66
bd_shs,19
bd_shs,17
bd_shs,46
bd_shs,16
bd_shs,28
bd_shs,24
bd_shs,40
bd_shs,59
bd_shs,23
bd_shs,116
bd_shs,20
bd_shs,61
bd_shs,27
bd_shs,12
bd_shs,98
bd_shs,150
bd_shs,108
bd_shs,41
bd_shs,187
bd_shs,70
bd_shs,34
bd_shs,222
bd_shs,13
bd_shs,46
bd_shs,22
bd_shs,67
bd_shs,269
bd_shs,172
bd_shs,10
bd_shs,27
bd_shs,148
bd_shs,11
bd_shs,65
bd_shs,24
bd_shs,46
bd_shs,9
bd_shs,331
bd_shs,23
bd_shs,21
bd_shs,23
bd_shs,30
bd_shs,20
bd_shs,74
bd_shs,70
bd_shs,35
bd_shs,14
bd_shs,24
bd_shs,65
bd_shs,34
bd_shs,179
bd_shs,83
bd_shs,36
bd_shs,12
bd_shs,15
bd_shs,103
bd_shs,63
bd_shs,77
bd_shs,75
bd_shs,30
bd_shs,22
bd_shs,41
bd_shs,32
bd_shs,39
bd_shs,65
bd_shs,11
bd_shs,19
bd_shs,78
bd_shs,40
bd_shs,29
bd_shs,62
bd_shs,44
bd_shs,66
bd_shs,104
bd_shs,22
bd_shs,41
bd_shs,81
bd_shs,13
bd_shs,47
bd_shs,22
bd_shs,161
bd_shs,62
bd_shs,12
bd_shs,54
bd_shs,53
bd_shs,99
bd_shs,301
bd_shs,107
bd_shs,26
bd_shs,28
bd_shs,139
bd_shs,44
bd_shs,18
bd_shs,23
bd_shs,48
bd_shs,13
bd_shs,30
bd_shs,126
bd_shs,16
bd_shs,26
bd_shs,54
bd_shs,52
bd_shs,254
bd_shs,762
bd_shs,15
bd_shs,15
bd_shs,22
bd_shs,16
bd_shs,148
bd_shs,10
bd_shs,53
bd_shs,28
bd_shs,28
bd_shs,15
bd_shs,13
bd_shs,15
bd_shs,94
bd_shs,24
bd_shs,92
bd_shs,13
bd_shs,90
bd_shs,58
bd_shs,14
bd_shs,91
bd_shs,21
bd_shs,74
bd_shs,20
bd_shs,49
bd_shs,76
bd_shs,60
bd_shs,17
bd_shs,29
bd_shs,122
bd_shs,18
bd_shs,29
bd_shs,14
bd_shs,30
bd_shs,82
bd_shs,23
bd_shs,70
bd_shs,14
bd_shs,15
bd_shs,2
bd_shs,80
bd_shs,9
bd_shs,27
bd_shs,14
bd_shs,43
bd_shs,97
bd_shs,21
bd_shs,6
bd_shs,27
bd_shs,36
bd_shs,15
bd_shs,27
bd_shs,64
bd_shs,36
bd_shs,71
bd_shs,22
bd_shs,37
bd_shs,275
bd_shs,49
bd_shs,62
bd_shs,147
bd_shs,8
bd_shs,6
bd_shs,21
bd_shs,84
bd_shs,8
bd_shs,11
bd_shs,41
bd_shs,140
bd_shs,49
bd_shs,49
bd_shs,55
bd_shs,99
bd_shs,321
bd_shs,35
bd_shs,14
bd_shs,13
bd_shs,27
bd_shs,34
bd_shs,12
bd_shs,17
bd_shs,42
bd_shs,230
bd_shs,89
bd_shs,9
bd_shs,74
bd_shs,30
bd_shs,22
bd_shs,21
bd_shs,560
bd_shs,36
bd_shs,14
bd_shs,23
bd_shs,132
bd_shs,8
bd_shs,3
bd_shs,160
bd_shs,85
bd_shs,128
bd_shs,36
bd_shs,5
bd_shs,19
bd_shs,12
bd_shs,9
bd_shs,54
bd_shs,40
bd_shs,25
bd_shs,79
bd_shs,9
bd_shs,11
bd_shs,13
bd_shs,7
bd_shs,20
bd_shs,24
bd_shs,47
bd_shs,87
bd_shs,27
bd_shs,91
bd_shs,41
bd_shs,23
bd_shs,199
bd_shs,35
bd_shs,46
bd_shs,549
bd_shs,32
bd_shs,49
bd_shs,100
bd_shs,20
bd_shs,39
bd_shs,68
bd_shs,20
bd_shs,24
bd_shs,44
bd_shs,165
bd_shs,14
bd_shs,21
bd_shs,14
bd_shs,19
bd_shs,24
bd_shs,55
bd_shs,27
bd_shs,29
bd_shs,18
bd_shs,176
bd_shs,25
bd_shs,13
bd_shs,37
bd_shs,119
bd_shs,45
bd_shs,31
bd_shs,79
bd_shs,17
bd_shs,31
bd_shs,152
bd_shs,62
bd_shs,132
bd_shs,48
bd_shs,226
bd_shs,120
bd_shs,42
bd_shs,37
bd_shs,81
bd_shs,22
bd_shs,106
bd_shs,109
bd_shs,12
bd_shs,54
bd_shs,22
bd_shs,13
bd_shs,73
bd_shs,43
bd_shs,36
bd_shs,9
bd_shs,17
bd_shs,27
bd_shs,95
bd_shs,142
bd_shs,38
bd_shs,66
bd_shs,59
bd_shs,30
bd_shs,19
bd_shs,46
bd_shs,50
bd_shs,16
bd_shs,29
bd_shs,27
bd_shs,28
bd_shs,29
bd_shs,45
bd_shs,26
bd_shs,43
bd_shs,22
bd_shs,6
bd_shs,34
bd_shs,4
bd_shs,17
bd_shs,228
bd_shs,17
bd_shs,22
bd_shs,39
bd_shs,50
bd_shs,45
bd_shs,35
bd_shs,39
bd_shs,28
bd_shs,41
bd_shs,35
bd_shs,33
bd_shs,36
bd_shs,80
bd_shs,62
bd_shs,87
bd_shs,30
bd_shs,19
bd_shs,26
bd_shs,32
bd_shs,284
bd_shs,32
bd_shs,24
bd_shs,66
bd_shs,30
bd_shs,120
bd_shs,66
bd_shs,19
bd_shs,27
bd_shs,40
bd_shs,40
bd_shs,35
bd_shs,74
bd_shs,35
bd_shs,32
bd_shs,24
bd_shs,21
bd_shs,49
bd_shs,34
bd_shs,59
bd_shs,55
bd_shs,29
bd_shs,136
bd_shs,19
bd_shs,26
bd_shs,49
bd_shs,26
bd_shs,11
bd_shs,22
bd_shs,39
bd_shs,45
bd_shs,8
bd_shs,10
bd_shs,37
bd_shs,50
bd_shs,18
bd_shs,117
bd_shs,110
bd_shs,18
bd_shs,59
bd_shs,26
bd_shs,24
bd_shs,136
bd_shs,64
bd_shs,14
bd_shs,156
bd_shs,35
bd_shs,50
bd_shs,37
bd_shs,9
bd_shs,22
bd_shs,20
bd_shs,6
bd_shs,2
bd_shs,25
bd_shs,27
bd_shs,23
bd_shs,36
bd_shs,74
bd_shs,74
bd_shs,23
bd_shs,31
bd_shs,47
bd_shs,73
bd_shs,15
bd_shs,129
bd_shs,17
bd_shs,50
bd_shs,21
bd_shs,21
bd_shs,32
bd_shs,11
bd_shs,21
bd_shs,19
bd_shs,11
bd_shs,32
bd_shs,16
bd_shs,74
bd_shs,6
bd_shs,13
bd_shs,17
bd_shs,36
bd_shs,89
bd_shs,55
bd_shs,57
bd_shs,7
bd_shs,7
bd_shs,15
bd_shs,46
bd_shs,17
bd_shs,8
bd_shs,29
bd_shs,12
bd_shs,20
bd_shs,56
bd_shs,21
bd_shs,34
bd_shs,27
bd_shs,24
bd_shs,109
bd_shs,54
bd_shs,17
bd_shs,28
bd_shs,50
bd_shs,18
bd_shs,12
bd_shs,30
bd_shs,92
bd_shs,37
bd_shs,23
bd_shs,15
bd_shs,16
bd_shs,12
bd_shs,200
bd_shs,46
bd_shs,36
bd_shs,45
bd_shs,46
bd_shs,34
bd_shs,92
bd_shs,38
bd_shs,16
bd_shs,50
bd_shs,33
bd_shs,47
bd_shs,47
bd_shs,22
bd_shs,24
bd_shs,37
bd_shs,97
bd_shs,33
bd_shs,60
bd_shs,71
bd_shs,21
bd_shs,13
bd_shs,31
bd_shs,21
bd_shs,14
bd_shs,56
bd_shs,11
bd_shs,8
bd_shs,11
bd_shs,13
bd_shs,37
bd_shs,25
bd_shs,22
bd_shs,18
bd_shs,22
bd_shs,12
bd_shs,51
bd_shs,11
bd_shs,41
bd_shs,28
bd_shs,139
bd_shs,29
bd_shs,28
bd_shs,83
bd_shs,12
bd_shs,105
bd_shs,49
bd_shs,27
bd_shs,9
bd_shs,49
bd_shs,51
bd_shs,18
bd_shs,23
bd_shs,29
bd_shs,38
bd_shs,31
bd_shs,115
bd_shs,34
bd_shs,14
bd_shs,21
bd_shs,131
bd_shs,79
bd_shs,89
bd_shs,62
bd_shs,80
bd_shs,19
bd_shs,29
bd_shs,84
bd_shs,38
bd_shs,6
bd_shs,32
bd_shs,17
bd_shs,23
bd_shs,51
bd_shs,38
bd_shs,101
bd_shs,13
bd_shs,41
bd_shs,71
bd_shs,21
bd_shs,22
bd_shs,80
bd_shs,44
bd_shs,47
bd_shs,87
bd_shs,42
bd_shs,19
bd_shs,24
bd_shs,124
bd_shs,17
bd_shs,42
bd_shs,20
bd_shs,15
bd_shs,9
bd_shs,16
bd_shs,29
bd_shs,18
bd_shs,8
bd_shs,67
bd_shs,16
bd_shs,9
bd_shs,106
bd_shs,87
bd_shs,24
bd_shs,9
bd_shs,979
bd_shs,37
bd_shs,17
bd_shs,74
bd_shs,34
bd_shs,42
bd_shs,82
bd_shs,13
bd_shs,35
bd_shs,22
bd_shs,25
bd_shs,35
bd_shs,90
bd_shs,54
bd_shs,8
bd_shs,16
bd_shs,35
bd_shs,42
bd_shs,24
bd_shs,6
bd_shs,6
bd_shs,23
bd_shs,19
bd_shs,19
bd_shs,30
bd_shs,35
bd_shs,17
bd_shs,77
bd_shs,50
bd_shs,52
bd_shs,89
bd_shs,29
bd_shs,28
bd_shs,75
bd_shs,30
bd_shs,8
bd_shs,36
bd_shs,24
bd_shs,25
bd_shs,26
bd_shs,52
bd_shs,11
bd_shs,22
bd_shs,162
bd_shs,36
bd_shs,28
bd_shs,38
bd_shs,30
bd_shs,52
bd_shs,40
bd_shs,73
bd_shs,23
bd_shs,27
bd_shs,50
bd_shs,7
bd_shs,14
bd_shs,14
bd_shs,10
bd_shs,24
bd_shs,18
bd_shs,34
bd_shs,71
bd_shs,62
bd_shs,38
bd_shs,24
bd_shs,24
bd_shs,19
bd_shs,29
bd_shs,49
bd_shs,27
bd_shs,32
bd_shs,145
bd_shs,42
bd_shs,22
bd_shs,79
bd_shs,38
bd_shs,22
bd_shs,11
bd_shs,103
bd_shs,275
bd_shs,15
bd_shs,162
bd_shs,77
bd_shs,17
bd_shs,40
bd_shs,34
bd_shs,19
bd_shs,14
bd_shs,50
bd_shs,33
bd_shs,83
bd_shs,15
bd_shs,534
bd_shs,21
bd_shs,23
bd_shs,25
bd_shs,9
bd_shs,12
bd_shs,12
bd_shs,81
bd_shs,40
bd_shs,24
bd_shs,11
bd_shs,72
bd_shs,17
bd_shs,25
bd_shs,41
bd_shs,34
bd_shs,391
bd_shs,18
bd_shs,7
bd_shs,17
bd_shs,64
bd_shs,19
bd_shs,7
bd_shs,20
bd_shs,19
bd_shs,21
bd_shs,28
bd_shs,197
bd_shs,5
bd_shs,10
bd_shs,2
bd_shs,39
bd_shs,4
bd_shs,47
bd_shs,10
bd_shs,31
bd_shs,53
bd_shs,29
bd_shs,23
bd_shs,31
bd_shs,17
bd_shs,19
bd_shs,45
bd_shs,47
bd_shs,34
bd_shs,25
bd_shs,74
bd_shs,26
bd_shs,10
bd_shs,26
bd_shs,31
bd_shs,34
bd_shs,16
bd_shs,25
bd_shs,26
bd_shs,6
bd_shs,8
bd_shs,59
bd_shs,17
bd_shs,8
bd_shs,21
bd_shs,57
bd_shs,15
bd_shs,29
bd_shs,16
bd_shs,114
bd_shs,29
bd_shs,16
bd_shs,12
bd_shs,28
bd_shs,17
bd_shs,17
bd_shs,31
bd_shs,4
bd_shs,36
bd_shs,17
bd_shs,46
bd_shs,40
bd_shs,18
bd_shs,126
bd_shs,50
bd_shs,84
bd_shs,29
bd_shs,28
bd_shs,10
bd_shs,30
bd_shs,101
bd_shs,28
bd_shs,18
bd_shs,62
bd_shs,18
bd_shs,71
bd_shs,31
bd_shs,30
bd_shs,110
bd_shs,7
bd_shs,7
bd_shs,30
bd_shs,11
bd_shs,15
bd_shs,97
bd_shs,41
bd_shs,32
bd_shs,44
bd_shs,37
bd_shs,31
bd_shs,403
bd_shs,71
bd_shs,2
bd_shs,8
bd_shs,34
bd_shs,21
bd_shs,18
bd_shs,14
bd_shs,100
bd_shs,25
bd_shs,22
bd_shs,15
bd_shs,89
bd_shs,28
bd_shs,28
bd_shs,32
bd_shs,43
bd_shs,110
bd_shs,88
bd_shs,6
bd_shs,66
bd_shs,17
bd_shs,34
bd_shs,89
bd_shs,93
bd_shs,806
bd_shs,4
bd_shs,41
bd_shs,130
bd_shs,9
bd_shs,77
bd_shs,11
bd_shs,6
bd_shs,10
bd_shs,171
bd_shs,394
bd_shs,5
bd_shs,25
bd_shs,40
bd_shs,134
bd_shs,16
bd_shs,13
bd_shs,21
bd_shs,54
bd_shs,59
bd_shs,10
bd_shs,442
bd_shs,11
bd_shs,73
bd_shs,13
bd_shs,14
bd_shs,87
bd_shs,29
bd_shs,49
bd_shs,24
bd_shs,45
bd_shs,37
bd_shs,36
bd_shs,43
bd_shs,58
bd_shs,21
bd_shs,44
bd_shs,49
bd_shs,42
bd_shs,50
bd_shs,30
bd_shs,26
bd_shs,110
bd_shs,29
bd_shs,41
bd_shs,80
bd_shs,40
bd_shs,31
bd_shs,45
bd_shs,15
bd_shs,14
bd_shs,55
bd_shs,17
bd_shs,25
bd_shs,16
bd_shs,20
bd_shs,59
bd_shs,7
bd_shs,48
bd_shs,117
bd_shs,20
bd_shs,71
bd_shs,35
bd_shs,19
bd_shs,205
bd_shs,16
bd_shs,44
bd_shs,72
bd_shs,20
bd_shs,45
bd_shs,24
bd_shs,87
bd_shs,26
bd_shs,63
bd_shs,14
bd_shs,28
bd_shs,51
bd_shs,55
bd_shs,32
bd_shs,56
bd_shs,45
bd_shs,97
bd_shs,21
bd_shs,58
bd_shs,232
bd_shs,73
bd_shs,20
bd_shs,40
bd_shs,24
bd_shs,18
bd_shs,46
bd_shs,16
bd_shs,61
bd_shs,27
bd_shs,75
bd_shs,11
bd_shs,11
bd_shs,55
bd_shs,22
bd_shs,16
bd_shs,36
bd_shs,298
bd_shs,21
bd_shs,103
bd_shs,43
bd_shs,100
bd_shs,23
bd_shs,27
bd_shs,64
bd_shs,24
bd_shs,233
bd_shs,17
bd_shs,6
bd_shs,100
bd_shs,25
bd_shs,41
bd_shs,106
bd_shs,34
bd_shs,14
bd_shs,6
bd_shs,13
bd_shs,50
bd_shs,140
bd_shs,17
bd_shs,43
bd_shs,12
bd_shs,23
bd_shs,13
bd_shs,10
bd_shs,26
bd_shs,31
bd_shs,14
bd_shs,39
bd_shs,153
bd_shs,12
bd_shs,13
bd_shs,17
bd_shs,54
bd_shs,100
bd_shs,17
bd_shs,10
bd_shs,99
bd_shs,96
bd_shs,28
bd_shs,150
bd_shs,39
bd_shs,19
bd_shs,66
bd_shs,27
bd_shs,39
bd_shs,88
bd_shs,58
bd_shs,79
bd_shs,15
bd_shs,141
bd_shs,64
bd_shs,41
bd_shs,47
bd_shs,81
bd_shs,80
bd_shs,13
bd_shs,15
bd_shs,45
bd_shs,44
bd_shs,49
bd_shs,12
bd_shs,40
bd_shs,25
bd_shs,60
bd_shs,12
bd_shs,81
bd_shs,44
bd_shs,55
bd_shs,20
bd_shs,13
bd_shs,47
bd_shs,22
bd_shs,22
bd_shs,53
bd_shs,29
bd_shs,47
bd_shs,6
bd_shs,59
bd_shs,17
bd_shs,78
bd_shs,22
bd_shs,19
bd_shs,10
bd_shs,32
bd_shs,52
bd_shs,50
bd_shs,27
bd_shs,21
bd_shs,169
bd_shs,28
bd_shs,16
bd_shs,6
bd_shs,7
bd_shs,97
bd_shs,51
bd_shs,30
bd_shs,42
bd_shs,30
bd_shs,54
bd_shs,15
bd_shs,22
bd_shs,37
bd_shs,81
bd_shs,84
bd_shs,50
bd_shs,50
bd_shs,9
bd_shs,88
bd_shs,8
bd_shs,31
bd_shs,268
bd_shs,251
bd_shs,89
bd_shs,62
bd_shs,30
bd_shs,64
bd_shs,20
bd_shs,18
bd_shs,16
bd_shs,232
bd_shs,47
bd_shs,24
bd_shs,58
bd_shs,232
bd_shs,48
bd_shs,6
bd_shs,26
bd_shs,17
bd_shs,36
bd_shs,19
bd_shs,48
bd_shs,47
bd_shs,9
bd_shs,18
bd_shs,64
bd_shs,61
bd_shs,34
bd_shs,61
bd_shs,106
bd_shs,59
bd_shs,70
bd_shs,3
bd_shs,27
bd_shs,84
bd_shs,33
bd_shs,29
bd_shs,7
bd_shs,24
bd_shs,64
bd_shs,46
bd_shs,95
bd_shs,16
bd_shs,32
bd_shs,24
bd_shs,26
bd_shs,20
bd_shs,46
bd_shs,18
bd_shs,2
bd_shs,45
bd_shs,15
bd_shs,23
bd_shs,16
bd_shs,184
bd_shs,19
bd_shs,13
bd_shs,72
bd_shs,36
bd_shs,41
bd_shs,44
bd_shs,11
bd_shs,54
bd_shs,23
bd_shs,71
bd_shs,82
bd_shs,59
bd_shs,9
bd_shs,59
bd_shs,145
bd_shs,27
bd_shs,28
bd_shs,85
bd_shs,71
bd_shs,68
bd_shs,23
bd_shs,62
bd_shs,172
bd_shs,31
bd_shs,58
bd_shs,36
bd_shs,18
bd_shs,34
bd_shs,23
bd_shs,39
bd_shs,11
bd_shs,10
bd_shs,146
bd_shs,6
bd_shs,100
bd_shs,144
bd_shs,32
bd_shs,109
bd_shs,73
bd_shs,11
bd_shs,25
bd_shs,92
bd_shs,24
bd_shs,242
bd_shs,79
bd_shs,39
bd_shs,78
bd_shs,21
bd_shs,13
bd_shs,6
bd_shs,9
bd_shs,77
bd_shs,18
bd_shs,89
bd_shs,23
bd_shs,44
bd_shs,48
bd_shs,7
bd_shs,59
bd_shs,105
bd_shs,26
bd_shs,12
bd_shs,9
bd_shs,97
bd_shs,53
bd_shs,38
bd_shs,43
bd_shs,48
bd_shs,57
bd_shs,310
bd_shs,263
bd_shs,140
bd_shs,26
bd_shs,65
bd_shs,6
bd_shs,74
bd_shs,226
bd_shs,13
bd_shs,346
bd_shs,91
bd_shs,68
bd_shs,166
bd_shs,33
bd_shs,89
bd_shs,165
bd_shs,125
bd_shs,19
bd_shs,243
bd_shs,34
bd_shs,25
bd_shs,41
bd_shs,77
bd_shs,25
bd_shs,82
bd_shs,28
bd_shs,154
bd_shs,194
bd_shs,42
bd_shs,48
bd_shs,103
bd_shs,22
bd_shs,66
bd_shs,125
bd_shs,133
bd_shs,76
bd_shs,111
bd_shs,34
bd_shs,150
bd_shs,28
bd_shs,55
bd_shs,74
bd_shs,185
bd_shs,62
bd_shs,44
bd_shs,66
bd_shs,43
bd_shs,83
bd_shs,23
bd_shs,22
bd_shs,145
bd_shs,14
bd_shs,24
bd_shs,46
bd_shs,12
bd_shs,36
bd_shs,308
bd_shs,28
bd_shs,23
bd_shs,98
bd_shs,61
bd_shs,55
bd_shs,56
bd_shs,12
bd_shs,358
bd_shs,18
bd_shs,30
bd_shs,25
bd_shs,23
bd_shs,13
bd_shs,16
bd_shs,70
bd_shs,36
bd_shs,12
bd_shs,42
bd_shs,167
bd_shs,67
bd_shs,7
bd_shs,64
bd_shs,70
bd_shs,4
bd_shs,57
bd_shs,13
bd_shs,58
bd_shs,12
bd_shs,356
bd_shs,723
bd_shs,19
bd_shs,16
bd_shs,306
bd_shs,233
bd_shs,26
bd_shs,96
bd_shs,36
bd_shs,137
bd_shs,130
bd_shs,4
bd_shs,36
bd_shs,68
bd_shs,248
bd_shs,34
bd_shs,31
bd_shs,42
bd_shs,74
bd_shs,131
bd_shs,7
bd_shs,49
bd_shs,59
bd_shs,36
bd_shs,131
bd_shs,25
bd_shs,140
bd_shs,28
bd_shs,92
bd_shs,35
bd_shs,72
bd_shs,21
bd_shs,214
bd_shs,12
bd_shs,71
bd_shs,122
bd_shs,9
bd_shs,54
bd_shs,54
bd_shs,9
bd_shs,36
bd_shs,18
bd_shs,54
bd_shs,653
bd_shs,71
bd_shs,31
bd_shs,33
bd_shs,122
bd_shs,142
bd_shs,29
bd_shs,202
bd_shs,116
bd_shs,46
bd_shs,17
bd_shs,25
bd_shs,94
bd_shs,98
bd_shs,168
bd_shs,68
bd_shs,48
bd_shs,30
bd_shs,205
bd_shs,36
bd_shs,380
bd_shs,19
bd_shs,9
bd_shs,55
bd_shs,6
bd_shs,19
bd_shs,26
bd_shs,10
bd_shs,12
bd_shs,35
bd_shs,23
bd_shs,29
bd_shs,14
bd_shs,70
bd_shs,11
bd_shs,57
bd_shs,6
bd_shs,22
bd_shs,40
bd_shs,30
bd_shs,9
bd_shs,16
bd_shs,40
bd_shs,56
bd_shs,73
bd_shs,60
bd_shs,11
bd_shs,17
bd_shs,14
bd_shs,11
bd_shs,56
bd_shs,21
bd_shs,9
bd_shs,33
bd_shs,12
bd_shs,25
bd_shs,27
bd_shs,22
bd_shs,23
bd_shs,38
bd_shs,79
bd_shs,26
bd_shs,28
bd_shs,65
bd_shs,46
bd_shs,41
bd_shs,49
bd_shs,22
bd_shs,323
bd_shs,24
bd_shs,63
bd_shs,17
bd_shs,40
bd_shs,41
bd_shs,15
bd_shs,52
bd_shs,38
bd_shs,30
bd_shs,214
bd_shs,42
bd_shs,34
bd_shs,21
bd_shs,146
bd_shs,16
bd_shs,42
bd_shs,29
bd_shs,26
bd_shs,34
bd_shs,30
bd_shs,24
bd_shs,65
bd_shs,32
bd_shs,17
bd_shs,12
bd_shs,78
bd_shs,25
bd_shs,37
bd_shs,127
bd_shs,25
bd_shs,42
bd_shs,34
bd_shs,64
bd_shs,35
bd_shs,47
bd_shs,42
bd_shs,20
bd_shs,86
bd_shs,27
bd_shs,11
bd_shs,27
bd_shs,21
bd_shs,58
bd_shs,27
bd_shs,27
bd_shs,19
bd_shs,124
bd_shs,52
bd_shs,61
bd_shs,19
bd_shs,27
bd_shs,56
bd_shs,17
bd_shs,29
bd_shs,21
bd_shs,23
bd_shs,25
bd_shs,23
bd_shs,21
bd_shs,18
bd_shs,28
bd_shs,57
bd_shs,21
bd_shs,33
bd_shs,17
bd_shs,39
bd_shs,40
bd_shs,37
bd_shs,26
bd_shs,16
bd_shs,27
bd_shs,16
bd_shs,16
bd_shs,18
bd_shs,28
bd_shs,33
bd_shs,11
bd_shs,62
bd_shs,78
bd_shs,107
bd_shs,19
bd_shs,89
bd_shs,15
bd_shs,100
bd_shs,19
bd_shs,63
bd_shs,19
bd_shs,87
bd_shs,124
bd_shs,11
bd_shs,18
bd_shs,45
bd_shs,26
bd_shs,18
bd_shs,15
bd_shs,18
bd_shs,40
bd_shs,19
bd_shs,31
bd_shs,37
bd_shs,23
bd_shs,45
bd_shs,32
bd_shs,103
bd_shs,38
bd_shs,26
bd_shs,18
bd_shs,33
bd_shs,18
bd_shs,18
bd_shs,22
bd_shs,46
bd_shs,39
bd_shs,14
bd_shs,38
bd_shs,81
bd_shs,74
bd_shs,43
bd_shs,31
bd_shs,20
bd_shs,39
bd_shs,40
bd_shs,148
bd_shs,29
bd_shs,32
bd_shs,17
bd_shs,125
bd_shs,33
bd_shs,24
bd_shs,22
bd_shs,65
bd_shs,32
bd_shs,17
bd_shs,23
bd_shs,43
bd_shs,34
bd_shs,15
bd_shs,27
bd_shs,36
bd_shs,46
bd_shs,29
bd_shs,51
bd_shs,122
bd_shs,19
bd_shs,266
bd_shs,31
bd_shs,31
bd_shs,25
bd_shs,22
bd_shs,22
bd_shs,58
bd_shs,36
bd_shs,91
bd_shs,21
bd_shs,21
bd_shs,101
bd_shs,14
bd_shs,12
bd_shs,45
bd_shs,48
bd_shs,25
bd_shs,69
bd_shs,34
bd_shs,42
bd_shs,18
bd_shs,59
bd_shs,33
bd_shs,18
bd_shs,37
bd_shs,104
bd_shs,25
bd_shs,20
bd_shs,20
bd_shs,11
bd_shs,207
bd_shs,35
bd_shs,28
bd_shs,19
bd_shs,34
bd_shs,24
bd_shs,62
bd_shs,66
bd_shs,20
bd_shs,41
bd_shs,52
bd_shs,35
bd_shs,8
bd_shs,56
bd_shs,10
bd_shs,30
bd_shs,23
bd_shs,43
bd_shs,27
bd_shs,17
bd_shs,31
bd_shs,74
bd_shs,54
bd_shs,58
bd_shs,16
bd_shs,48
bd_shs,23
bd_shs,30
bd_shs,49
bd_shs,31
bd_shs,23
bd_shs,79
bd_shs,27
bd_shs,32
bd_shs,37
bd_shs,70
bd_shs,24
bd_shs,93
bd_shs,17
bd_shs,31
bd_shs,29
bd_shs,19
bd_shs,18
bd_shs,17
bd_shs,48
bd_shs,16
bd_shs,19
bd_shs,20
bd_shs,27
bd_shs,20
bd_shs,113
bd_shs,27
bd_shs,9
bd_shs,23
bd_shs,5
bd_shs,90
bd_shs,98
bd_shs,4
bd_shs,36
bd_shs,15
bd_shs,18
bd_shs,110
bd_shs,44
bd_shs,23
bd_shs,29
bd_shs,22
bd_shs,27
bd_shs,43
bd_shs,35
bd_shs,175
bd_shs,54
bd_shs,13
bd_shs,107
bd_shs,23
bd_shs,19
bd_shs,14
bd_shs,21
bd_shs,24
bd_shs,43
bd_shs,49
bd_shs,25
bd_shs,137
bd_shs,17
bd_shs,17
bd_shs,28
bd_shs,13
bd_shs,20
bd_shs,59
bd_shs,31
bd_shs,30
bd_shs,87
bd_shs,55
bd_shs,15
bd_shs,22
bd_shs,43
bd_shs,40
bd_shs,19
bd_shs,116
bd_shs,78
bd_shs,32
bd_shs,14
bd_shs,26
bd_shs,17
bd_shs,20
bd_shs,37
bd_shs,19
bd_shs,43
bd_shs,12
bd_shs,11
bd_shs,49
bd_shs,110
bd_shs,29
bd_shs,25
bd_shs,241
bd_shs,62
bd_shs,44
bd_shs,38
bd_shs,13
bd_shs,26
bd_shs,25
bd_shs,219
bd_shs,16
bd_shs,6
bd_shs,116
bd_shs,86
bd_shs,12
bd_shs,13
bd_shs,17
bd_shs,16
bd_shs,75
bd_shs,37
bd_shs,15
bd_shs,51
bd_shs,106
bd_shs,24
bd_shs,52
bd_shs,21
bd_shs,37
bd_shs,25
bd_shs,304
bd_shs,91
bd_shs,43
bd_shs,6
bd_shs,22
bd_shs,39
bd_shs,74
bd_shs,11
bd_shs,85
bd_shs,6
bd_shs,16
bd_shs,12
bd_shs,6
bd_shs,14
bd_shs,47
bd_shs,57
bd_shs,64
bd_shs,20
bd_shs,17
bd_shs,24
bd_shs,58
bd_shs,34
bd_shs,123
bd_shs,22
bd_shs,22
bd_shs,32
bd_shs,27
bd_shs,13
bd_shs,32
bd_shs,7
bd_shs,13
bd_shs,33
bd_shs,12
bd_shs,45
bd_shs,44
bd_shs,13
bd_shs,20
bd_shs,38
bd_shs,7
bd_shs,22
bd_shs,133
bd_shs,65
bd_shs,48
bd_shs,105
bd_shs,25
bd_shs,23
bd_shs,27
bd_shs,36
bd_shs,2
bd_shs,9
bd_shs,19
bd_shs,14
bd_shs,42
bd_shs,10
bd_shs,13
bd_shs,34
bd_shs,33
bd_shs,15
bd_shs,57
bd_shs,50
bd_shs,43
bd_shs,45
bd_shs,42
bd_shs,16
bd_shs,34
bd_shs,75
bd_shs,32
bd_shs,37
bd_shs,154
bd_shs,20
bd_shs,27
bd_shs,40
bd_shs,73
bd_shs,20
bd_shs,47
bd_shs,35
bd_shs,32
bd_shs,44
bd_shs,30
bd_shs,45
bd_shs,131
bd_shs,35
bd_shs,40
bd_shs,28
bd_shs,38
bd_shs,29
bd_shs,16
bd_shs,60
bd_shs,20
bd_shs,15
bd_shs,32
bd_shs,3
bd_shs,6
bd_shs,36
bd_shs,9
bd_shs,28
bd_shs,19
bd_shs,24
bd_shs,6
bd_shs,8
bd_shs,25
bd_shs,207
bd_shs,168
bd_shs,31
bd_shs,15
bd_shs,13
bd_shs,6
bd_shs,6
bd_shs,95
bd_shs,9
bd_shs,171
bd_shs,17
bd_shs,32
bd_shs,34
bd_shs,22
bd_shs,92
bd_shs,103
bd_shs,44
bd_shs,15
bd_shs,130
bd_shs,43
bd_shs,27
bd_shs,22
bd_shs,40
bd_shs,20
bd_shs,24
bd_shs,31
bd_shs,10
bd_shs,33
bd_shs,24
bd_shs,13
bd_shs,28
bd_shs,10
bd_shs,8
bd_shs,34
bd_shs,68
bd_shs,21
bd_shs,29
bd_shs,17
bd_shs,16
bd_shs,22
bd_shs,68
bd_shs,60
bd_shs,27
bd_shs,17
bd_shs,29
bd_shs,16
bd_shs,22
bd_shs,20
bd_shs,70
bd_shs,73
bd_shs,31
bd_shs,21
bd_shs,47
bd_shs,14
bd_shs,53
bd_shs,14
bd_shs,27
bd_shs,97
bd_shs,29
bd_shs,15
bd_shs,36
bd_shs,229
bd_shs,9
bd_shs,12
bd_shs,9
bd_shs,34
bd_shs,26
bd_shs,36
bd_shs,15
bd_shs,8
bd_shs,19
bd_shs,57
bd_shs,11
bd_shs,9
bd_shs,12
bd_shs,11
bd_shs,13
bd_shs,130
bd_shs,29
bd_shs,27
bd_shs,65
bd_shs,54
bd_shs,35
bd_shs,73
bd_shs,39
bd_shs,41
bd_shs,31
bd_shs,18
bd_shs,22
bd_shs,28
bd_shs,13
bd_shs,54
bd_shs,49
bd_shs,84
bd_shs,9
bd_shs,21
bd_shs,10
bd_shs,26
bd_shs,8
bd_shs,27
bd_shs,44
bd_shs,59
bd_shs,17
bd_shs,5
bd_shs,35
bd_shs,13
bd_shs,12
bd_shs,17
bd_shs,13
bd_shs,75
bd_shs,26
bd_shs,8
bd_shs,25
bd_shs,62
bd_shs,30
bd_shs,11
bd_shs,21
bd_shs,54
bd_shs,27
bd_shs,24
bd_shs,27
bd_shs,47
bd_shs,36
bd_shs,41
bd_shs,28
bd_shs,7
bd_shs,51
bd_shs,9
bd_shs,17
bd_shs,69
bd_shs,30
bd_shs,31
bd_shs,24
bd_shs,49
bd_shs,20
bd_shs,51
bd_shs,32
bd_shs,9
bd_shs,18
bd_shs,8
bd_shs,11
bd_shs,16
bd_shs,17
bd_shs,86
bd_shs,75
bd_shs,27
bd_shs,19
bd_shs,57
bd_shs,27
bd_shs,13
bd_shs,55
bd_shs,37
bd_shs,53
bd_shs,58
bd_shs,8
bd_shs,40
bd_shs,13
bd_shs,18
bd_shs,28
bd_shs,16
bd_shs,11
bd_shs,23
bd_shs,28
bd_shs,8
bd_shs,27
bd_shs,15
bd_shs,17
bd_shs,15
bd_shs,15
bd_shs,32
bd_shs,91
bd_shs,23
bd_shs,8
bd_shs,9
bd_shs,9
bd_shs,23
bd_shs,46
bd_shs,10
bd_shs,49
bd_shs,26
bd_shs,69
bd_shs,13
bd_shs,28
bd_shs,26
bd_shs,11
bd_shs,141
bd_shs,18
bd_shs,37
bd_shs,53
bd_shs,49
bd_shs,14
bd_shs,48
bd_shs,29
bd_shs,5
bd_shs,5
bd_shs,15
bd_shs,14
bd_shs,17
bd_shs,37
bd_shs,14
bd_shs,29
bd_shs,72
bd_shs,39
bd_shs,19
bd_shs,8
bd_shs,13
bd_shs,34
bd_shs,10
bd_shs,138
bd_shs,18
bd_shs,99
bd_shs,20
bd_shs,6
bd_shs,17
bd_shs,7
bd_shs,103
bd_shs,87
bd_shs,28
bd_shs,14
bd_shs,26
bd_shs,35
bd_shs,107
bd_shs,17
bd_shs,49
bd_shs,76
bd_shs,27
bd_shs,18
bd_shs,19
bd_shs,7
bd_shs,33
bd_shs,12
bd_shs,28
bd_shs,10
bd_shs,12
bd_shs,9
bd_shs,7
bd_shs,11
bd_shs,13
bd_shs,10
bd_shs,34
bd_shs,27
bd_shs,43
bd_shs,40
bd_shs,36
bd_shs,143
bd_shs,35
bd_shs,80
bd_shs,19
bd_shs,30
bd_shs,34
bd_shs,99
bd_shs,37
bd_shs,18
bd_shs,13
bd_shs,37
bd_shs,19
bd_shs,34
bd_shs,35
bd_shs,43
bd_shs,50
bd_shs,6
bd_shs,23
bd_shs,24
bd_shs,26
bd_shs,30
bd_shs,29
bd_shs,31
bd_shs,16
bd_shs,36
bd_shs,9
bd_shs,17
bd_shs,85
bd_shs,24
bd_shs,57
bd_shs,20
bd_shs,22
bd_shs,48
bd_shs,15
bd_shs,12
bd_shs,29
bd_shs,14
bd_shs,7
bd_shs,22
bd_shs,15
bd_shs,21
bd_shs,21
bd_shs,25
bd_shs,46
bd_shs,54
bd_shs,11
bd_shs,58
bd_shs,38
bd_shs,7
bd_shs,12
bd_shs,69
bd_shs,31
bd_shs,87
bd_shs,11
bd_shs,31
bd_shs,29
bd_shs,181
bd_shs,5
bd_shs,46
bd_shs,13
bd_shs,16
bd_shs,14
bd_shs,51
bd_shs,81
bd_shs,68
bd_shs,35
bd_shs,35
bd_shs,56
bd_shs,51
bd_shs,23
bd_shs,35
bd_shs,12
bd_shs,55
bd_shs,52
bd_shs,12
bd_shs,18
bd_shs,12
bd_shs,59
bd_shs,58
bd_shs,31
bd_shs,23
bd_shs,64
bd_shs,48
bd_shs,16
bd_shs,20
bd_shs,11
bd_shs,110
bd_shs,10
bd_shs,27
bd_shs,99
bd_shs,15
bd_shs,38
bd_shs,23
bd_shs,24
bd_shs,24
bd_shs,20
bd_shs,12
bd_shs,22
bd_shs,18
bd_shs,15
bd_shs,12
bd_shs,15
bd_shs,10
bd_shs,14
bd_shs,23
bd_shs,55
bd_shs,45
bd_shs,21
bd_shs,6
bd_shs,9
bd_shs,14
bd_shs,25
bd_shs,28
bd_shs,11
bd_shs,25
bd_shs,13
bd_shs,19
bd_shs,21
bd_shs,83
bd_shs,23
bd_shs,55
bd_shs,22
bd_shs,60
bd_shs,51
bd_shs,23
bd_shs,56
bd_shs,6
bd_shs,16
bd_shs,37
bd_shs,58
bd_shs,19
bd_shs,34
bd_shs,31
bd_shs,30
bd_shs,24
bd_shs,24
bd_shs,12
bd_shs,51
bd_shs,5
bd_shs,252
bd_shs,10
bd_shs,39
bd_shs,93
bd_shs,11
bd_shs,63
bd_shs,166
bd_shs,29
bd_shs,300
bd_shs,11
bd_shs,111
bd_shs,35
bd_shs,14
bd_shs,10
bd_shs,185
bd_shs,19
bd_shs,39
bd_shs,19
bd_shs,10
bd_shs,39
bd_shs,20
bd_shs,16
bd_shs,44
bd_shs,63
bd_shs,21
bd_shs,91
bd_shs,37
bd_shs,15
bd_shs,22
bd_shs,26
bd_shs,41
bd_shs,41
bd_shs,10
bd_shs,40
bd_shs,18
bd_shs,13
bd_shs,41
bd_shs,18
bd_shs,147
bd_shs,192
bd_shs,79
bd_shs,51
bd_shs,44
bd_shs,29
bd_shs,94
bd_shs,62
bd_shs,57
bd_shs,144
bd_shs,86
bd_shs,117
bd_shs,46
bd_shs,160
bd_shs,33
bd_shs,17
bd_shs,13
bd_shs,159
bd_shs,115
bd_shs,19
bd_shs,26
bd_shs,14
bd_shs,24
bd_shs,5
bd_shs,80
bd_shs,28
bd_shs,26
bd_shs,19
bd_shs,23
bd_shs,21
bd_shs,43
bd_shs,23
bd_shs,30
bd_shs,14
bd_shs,13
bd_shs,34
bd_shs,114
bd_shs,10
bd_shs,48
bd_shs,61
bd_shs,72
bd_shs,28
bd_shs,16
bd_shs,79
bd_shs,27
bd_shs,37
bd_shs,44
bd_shs,10
bd_shs,43
bd_shs,86
bd_shs,57
bd_shs,10
bd_shs,29
bd_shs,22
bd_shs,46
bd_shs,153
bd_shs,12
bd_shs,61
bd_shs,26
bd_shs,38
bd_shs,78
bd_shs,14
bd_shs,13
bd_shs,15
bd_shs,7
bd_shs,32
bd_shs,18
bd_shs,13
bd_shs,15
bd_shs,12
bd_shs,9
bd_shs,14
bd_shs,58
bd_shs,6
bd_shs,40
bd_shs,67
bd_shs,17
bd_shs,18
bd_shs,40
bd_shs,9
bd_shs,14
bd_shs,104
bd_shs,25
bd_shs,39
bd_shs,120
bd_shs,67
bd_shs,14
bd_shs,29
bd_shs,27
bd_shs,18
bd_shs,27
bd_shs,28
bd_shs,9
bd_shs,66
bd_shs,148
bd_shs,51
bd_shs,138
bd_shs,10
bd_shs,108
bd_shs,70
bd_shs,32
bd_shs,21
bd_shs,27
bd_shs,12
bd_shs,197
bd_shs,44
bd_shs,20
bd_shs,13
bd_shs,23
bd_shs,17
bd_shs,78
bd_shs,36
bd_shs,37
bd_shs,35
bd_shs,97
bd_shs,34
bd_shs,6
bd_shs,51
bd_shs,200
bd_shs,30
bd_shs,19
bd_shs,158
bd_shs,118
bd_shs,7
bd_shs,87
bd_shs,47
bd_shs,10
bd_shs,13
bd_shs,13
bd_shs,56
bd_shs,30
bd_shs,22
bd_shs,15
bd_shs,7
bd_shs,48
bd_shs,43
bd_shs,20
bd_shs,10
bd_shs,204
bd_shs,10
bd_shs,21
bd_shs,17
bd_shs,23
bd_shs,13
bd_shs,15
bd_shs,10
bd_shs,25
bd_shs,25
bd_shs,22
bd_shs,30
bd_shs,12
bd_shs,29
bd_shs,20
bd_shs,26
bd_shs,19
bd_shs,19
bd_shs,15
bd_shs,60
bd_shs,11
bd_shs,43
bd_shs,33
bd_shs,55
bd_shs,30
bd_shs,48
bd_shs,35
bd_shs,55
bd_shs,15
bd_shs,18
bd_shs,25
bd_shs,8
bd_shs,13
bd_shs,11
bd_shs,7
bd_shs,51
bd_shs,14
bd_shs,10
bd_shs,23
bd_shs,41
bd_shs,21
bd_shs,113
bd_shs,59
bd_shs,70
bd_shs,63
bd_shs,23
bd_shs,88
bd_shs,96
bd_shs,22
bd_shs,101
bd_shs,14
bd_shs,15
bd_shs,13
bd_shs,9
bd_shs,16
bd_shs,12
bd_shs,17
bd_shs,10
bd_shs,12
bd_shs,12
bd_shs,13
bd_shs,7
bd_shs,22
bd_shs,39
bd_shs,7
bd_shs,7
bd_shs,105
bd_shs,23
bd_shs,50
bd_shs,17
bd_shs,16
bd_shs,33
bd_shs,45
bd_shs,327
bd_shs,12
bd_shs,62
bd_shs,26
bd_shs,135
bd_shs,240
bd_shs,8
bd_shs,47
bd_shs,38
bd_shs,35
bd_shs,16
bd_shs,19
bd_shs,45
bd_shs,12
bd_shs,29
bd_shs,13
bd_shs,12
bd_shs,11
bd_shs,6
bd_shs,10
bd_shs,20
bd_shs,20
bd_shs,21
bd_shs,36
bd_shs,28
bd_shs,57
bd_shs,66
bd_shs,58
bd_shs,9
bd_shs,9
bd_shs,70
bd_shs,16
bd_shs,7
bd_shs,38
bd_shs,43
bd_shs,26
bd_shs,12
bd_shs,8
bd_shs,18
bd_shs,48
bd_shs,19
bd_shs,17
bd_shs,11
bd_shs,16
bd_shs,25
bd_shs,42
bd_shs,43
bd_shs,11
bd_shs,41
bd_shs,50
bd_shs,21
bd_shs,13
bd_shs,76
bd_shs,38
bd_shs,95
bd_shs,47
bd_shs,657
bd_shs,8
bd_shs,45
bd_shs,250
bd_shs,28
bd_shs,64
bd_shs,24
bd_shs,19
bd_shs,26
bd_shs,18
bd_shs,16
bd_shs,15
bd_shs,17
bd_shs,23
bd_shs,15
bd_shs,101
bd_shs,10
bd_shs,10
bd_shs,38
bd_shs,70
bd_shs,10
bd_shs,37
bd_shs,35
bd_shs,19
bd_shs,36
bd_shs,22
bd_shs,9
bd_shs,33
bd_shs,6
bd_shs,34
bd_shs,28
bd_shs,8
bd_shs,16
bd_shs,21
bd_shs,31
bd_shs,43
bd_shs,87
bd_shs,51
bd_shs,79
bd_shs,17
bd_shs,28
bd_shs,24
bd_shs,39
bd_shs,36
bd_shs,29
bd_shs,25
bd_shs,38
bd_shs,79
bd_shs,19
bd_shs,15
bd_shs,93
bd_shs,53
bd_shs,25
bd_shs,24
bd_shs,31
bd_shs,47
bd_shs,52
bd_shs,13
bd_shs,37
bd_shs,127
bd_shs,13
bd_shs,20
bd_shs,98
bd_shs,52
bd_shs,10
bd_shs,31
bd_shs,27
bd_shs,20
bd_shs,24
bd_shs,27
bd_shs,25
bd_shs,67
bd_shs,52
bd_shs,44
bd_shs,49
bd_shs,10
bd_shs,59
bd_shs,15
bd_shs,96
bd_shs,32
bd_shs,18
bd_shs,51
bd_shs,19
bd_shs,24
bd_shs,40
bd_shs,22
bd_shs,14
bd_shs,173
bd_shs,13
bd_shs,45
bd_shs,43
bd_shs,5
bd_shs,52
bd_shs,15
bd_shs,102
bd_shs,39
bd_shs,105
bd_shs,19
bd_shs,16
bd_shs,10
bd_shs,15
bd_shs,52
bd_shs,17
bd_shs,21
bd_shs,34
bd_shs,39
bd_shs,5
bd_shs,19
bd_shs,31
bd_shs,32
bd_shs,24
bd_shs,15
bd_shs,16
bd_shs,78
bd_shs,30
bd_shs,112
bd_shs,12
bd_shs,24
bd_shs,13
bd_shs,66
bd_shs,30
bd_shs,110
bd_shs,22
bd_shs,49
bd_shs,76
bd_shs,95
bd_shs,63
bd_shs,20
bd_shs,27
bd_shs,10
bd_shs,21
bd_shs,21
bd_shs,15
bd_shs,30
bd_shs,9
bd_shs,23
bd_shs,86
bd_shs,10
bd_shs,22
bd_shs,133
bd_shs,49
bd_shs,166
bd_shs,12
bd_shs,287
bd_shs,13
bd_shs,139
bd_shs,75
bd_shs,69
bd_shs,109
bd_shs,22
bd_shs,22
bd_shs,17
bd_shs,52
bd_shs,51
bd_shs,62
bd_shs,11
bd_shs,40
bd_shs,131
bd_shs,18
bd_shs,75
bd_shs,83
bd_shs,8
bd_shs,51
bd_shs,129
bd_shs,18
bd_shs,39
bd_shs,114
bd_shs,11
bd_shs,7
bd_shs,40
bd_shs,16
bd_shs,20
bd_shs,23
bd_shs,56
bd_shs,10
bd_shs,128
bd_shs,17
bd_shs,40
bd_shs,50
bd_shs,71
bd_shs,26
bd_shs,59
bd_shs,41
bd_shs,11
bd_shs,66
bd_shs,25
bd_shs,12
bd_shs,15
bd_shs,13
bd_shs,3
bd_shs,9
bd_shs,3
bd_shs,31
bd_shs,17
bd_shs,27
bd_shs,6
bd_shs,11
bd_shs,82
bd_shs,108
bd_shs,25
bd_shs,53
bd_shs,17
bd_shs,31
bd_shs,42
bd_shs,29
bd_shs,115
bd_shs,82
bd_shs,20
bd_shs,82
bd_shs,45
bd_shs,38
bd_shs,25
bd_shs,35
bd_shs,20
bd_shs,64
bd_shs,72
bd_shs,53
bd_shs,21
bd_shs,30
bd_shs,55
bd_shs,17
bd_shs,33
bd_shs,33
bd_shs,16
bd_shs,106
bd_shs,67
bd_shs,50
bd_shs,76
bd_shs,22
bd_shs,41
bd_shs,40
bd_shs,90
bd_shs,15
bd_shs,56
bd_shs,36
bd_shs,15
bd_shs,29
bd_shs,13
bd_shs,27
bd_shs,23
bd_shs,61
bd_shs,15
bd_shs,20
bd_shs,25
bd_shs,116
bd_shs,100
bd_shs,47
bd_shs,25
bd_shs,14
bd_shs,49
bd_shs,16
bd_shs,43
bd_shs,30
bd_shs,99
bd_shs,6
bd_shs,10
bd_shs,103
bd_shs,9
bd_shs,20
bd_shs,18
bd_shs,41
bd_shs,17
bd_shs,17
bd_shs,43
bd_shs,63
bd_shs,40
bd_shs,20
bd_shs,18
bd_shs,11
bd_shs,8
bd_shs,31
bd_shs,51
bd_shs,10
bd_shs,23
bd_shs,50
bd_shs,18
bd_shs,11
bd_shs,354
bd_shs,20
bd_shs,14
bd_shs,10
bd_shs,87
bd_shs,60
bd_shs,43
bd_shs,26
bd_shs,71
bd_shs,3
bd_shs,16
bd_shs,92
bd_shs,45
bd_shs,100
bd_shs,56
bd_shs,54
bd_shs,96
bd_shs,52
bd_shs,20
bd_shs,42
bd_shs,66
bd_shs,123
bd_shs,22
bd_shs,14
bd_shs,16
bd_shs,26
bd_shs,31
bd_shs,80
bd_shs,17
bd_shs,29
bd_shs,23
bd_shs,49
bd_shs,21
bd_shs,2
bd_shs,99
bd_shs,10
bd_shs,20
bd_shs,58
bd_shs,31
bd_shs,13
bd_shs,31
bd_shs,25
bd_shs,15
bd_shs,15
bd_shs,15
bd_shs,16
bd_shs,29
bd_shs,39
bd_shs,77
bd_shs,21
bd_shs,22
bd_shs,21
bd_shs,33
bd_shs,40
bd_shs,28
bd_shs,29
bd_shs,52
bd_shs,15
bd_shs,84
bd_shs,16
bd_shs,14
bd_shs,89
bd_shs,29
bd_shs,178
bd_shs,13
bd_shs,14
bd_shs,15
bd_shs,58
bd_shs,25
bd_shs,53
bd_shs,30
bd_shs,9
bd_shs,94
bd_shs,47
bd_shs,12
bd_shs,37
bd_shs,36
bd_shs,32
bd_shs,253
bd_shs,8
bd_shs,36
bd_shs,37
bd_shs,5
bd_shs,43
bd_shs,11
bd_shs,16
bd_shs,64
bd_shs,9
bd_shs,17
bd_shs,12
bd_shs,21
bd_shs,21
bd_shs,30
bd_shs,47
bd_shs,15
bd_shs,38
bd_shs,51
bd_shs,1124
bd_shs,131
bd_shs,25
bd_shs,34
bd_shs,45
bd_shs,44
bd_shs,8
bd_shs,82
bd_shs,40
bd_shs,34
bd_shs,17
bd_shs,38
bd_shs,13
bd_shs,5
bd_shs,6
bd_shs,61
bd_shs,45
bd_shs,35
bd_shs,39
bd_shs,36
bd_shs,31
bd_shs,48
bd_shs,9
bd_shs,39
bd_shs,11
bd_shs,13
bd_shs,154
bd_shs,8
bd_shs,212
bd_shs,68
bd_shs,62
bd_shs,20
bd_shs,13
bd_shs,21
bd_shs,25
bd_shs,129
bd_shs,75
bd_shs,29
bd_shs,15
bd_shs,5
bd_shs,31
bd_shs,24
bd_shs,16
bd_shs,2
bd_shs,19
bd_shs,22
bd_shs,32
bd_shs,15
bd_shs,29
bd_shs,109
bd_shs,45
bd_shs,23
bd_shs,13
bd_shs,13
bd_shs,5
bd_shs,25
bd_shs,40
bd_shs,7
bd_shs,20
bd_shs,89
bd_shs,52
bd_shs,10
bd_shs,23
bd_shs,39
bd_shs,49
bd_shs,104
bd_shs,17
bd_shs,21
bd_shs,41
bd_shs,65
bd_shs,14
bd_shs,54
bd_shs,31
bd_shs,16
bd_shs,31
bd_shs,10
bd_shs,48
bd_shs,17
bd_shs,16
bd_shs,94
bd_shs,57
bd_shs,21
bd_shs,59
bd_shs,22
bd_shs,360
bd_shs,41
bd_shs,12
bd_shs,78
bd_shs,22
bd_shs,91
bd_shs,27
bd_shs,13
bd_shs,17
bd_shs,39
bd_shs,19
bd_shs,38
bd_shs,22
bd_shs,97
bd_shs,23
bd_shs,86
bd_shs,53
bd_shs,25
bd_shs,18
bd_shs,180
bd_shs,24
bd_shs,20
bd_shs,34
bd_shs,39
bd_shs,39
bd_shs,20
bd_shs,41
bd_shs,42
bd_shs,15
bd_shs,15
bd_shs,10
bd_shs,23
bd_shs,17
bd_shs,17
bd_shs,36
bd_shs,9
bd_shs,14
bd_shs,30
bd_shs,12
bd_shs,12
bd_shs,31
bd_shs,136
bd_shs,76
bd_shs,17
bd_shs,13
bd_shs,135
bd_shs,12
bd_shs,6
bd_shs,1
bd_shs,3
bd_shs,12
bd_shs,13
bd_shs,16
bd_shs,13
bd_shs,16
bd_shs,5
bd_shs,5
bd_shs,18
bd_shs,20
bd_shs,7
bd_shs,9
bd_shs,35
bd_shs,10
bd_shs,9
bd_shs,81
bd_shs,139
bd_shs,6
bd_shs,53
bd_shs,10
bd_shs,39
bd_shs,38
bd_shs,22
bd_shs,130
bd_shs,8
bd_shs,12
bd_shs,16
bd_shs,20
bd_shs,49
bd_shs,85
bd_shs,27
bd_shs,246
bd_shs,41
bd_shs,12
bd_shs,6
bd_shs,20
bd_shs,6
bd_shs,25
bd_shs,56
bd_shs,22
bd_shs,11
bd_shs,49
bd_shs,38
bd_shs,27
bd_shs,18
bd_shs,12
bd_shs,41
bd_shs,15
bd_shs,5
bd_shs,9
bd_shs,101
bd_shs,36
bd_shs,137
bd_shs,35
bd_shs,55
bd_shs,7
bd_shs,67
bd_shs,7
bd_shs,31
bd_shs,15
bd_shs,9
bd_shs,6
bd_shs,6
bd_shs,3
bd_shs,12
bd_shs,33
bd_shs,11
bd_shs,25
bd_shs,10
bd_shs,61
bd_shs,13
bd_shs,14
bd_shs,7
bd_shs,6
bd_shs,27
bd_shs,25
bd_shs,23
bd_shs,5
bd_shs,33
bd_shs,7
bd_shs,68
bd_shs,16
bd_shs,194
bd_shs,21
bd_shs,37
bd_shs,29
bd_shs,31
bd_shs,21
bd_shs,22
bd_shs,12
bd_shs,6
bd_shs,8
bd_shs,21
bd_shs,10
bd_shs,44
bd_shs,45
bd_shs,89
bd_shs,41
bd_shs,26
bd_shs,76
bd_shs,14
bd_shs,182
bd_shs,12
bd_shs,26
bd_shs,69
bd_shs,34
bd_shs,11
bd_shs,7
bd_shs,49
bd_shs,21
bd_shs,24
bd_shs,89
bd_shs,29
bd_shs,29
bd_shs,25
bd_shs,17
bd_shs,31
bd_shs,19
bd_shs,60
bd_shs,105
bd_shs,7
bd_shs,90
bd_shs,8
bd_shs,40
bd_shs,8
bd_shs,14
bd_shs,13
bd_shs,15
bd_shs,22
bd_shs,38
bd_shs,2
bd_shs,141
bd_shs,17
bd_shs,7
bd_shs,180
bd_shs,16
bd_shs,14
bd_shs,26
bd_shs,25
bd_shs,27
bd_shs,22
bd_shs,59
bd_shs,40
bd_shs,17
bd_shs,21
bd_shs,55
bd_shs,20
bd_shs,20
bd_shs,29
bd_shs,32
bd_shs,18
bd_shs,14
bd_shs,18
bd_shs,49
bd_shs,5
bd_shs,44
bd_shs,12
bd_shs,20
bd_shs,45
bd_shs,19
bd_shs,6
bd_shs,10
bd_shs,6
bd_shs,28
bd_shs,26
bd_shs,53
bd_shs,47
bd_shs,8
bd_shs,16
bd_shs,101
bd_shs,11
bd_shs,9
bd_shs,24
bd_shs,9
bd_shs,141
bd_shs,22
bd_shs,62
bd_shs,22
bd_shs,25
bd_shs,11
bd_shs,16
bd_shs,16
bd_shs,215
bd_shs,15
bd_shs,11
bd_shs,23
bd_shs,23
bd_shs,42
bd_shs,64
bd_shs,54
bd_shs,39
bd_shs,10
bd_shs,15
bd_shs,96
bd_shs,3
bd_shs,18
bd_shs,18
bd_shs,29
bd_shs,14
bd_shs,83
bd_shs,27
bd_shs,21
bd_shs,12
bd_shs,80
bd_shs,30
bd_shs,19
bd_shs,13
bd_shs,47
bd_shs,23
bd_shs,10
bd_shs,8
bd_shs,33
bd_shs,6
bd_shs,10
bd_shs,26
bd_shs,17
bd_shs,66
bd_shs,30
bd_shs,28
bd_shs,28
bd_shs,40
bd_shs,22
bd_shs,67
bd_shs,76
bd_shs,142
bd_shs,12
bd_shs,40
bd_shs,11
bd_shs,46
bd_shs,29
bd_shs,8
bd_shs,41
bd_shs,32
bd_shs,39
bd_shs,23
bd_shs,11
bd_shs,9
bd_shs,104
bd_shs,27
bd_shs,27
bd_shs,25
bd_shs,20
bd_shs,259
bd_shs,3
bd_shs,59
bd_shs,5
bd_shs,13
bd_shs,42
bd_shs,94
bd_shs,35
bd_shs,56
bd_shs,21
bd_shs,39
bd_shs,13
bd_shs,36
bd_shs,26
bd_shs,22
bd_shs,40
bd_shs,16
bd_shs,258
bd_shs,26
bd_shs,133
bd_shs,47
bd_shs,10
bd_shs,10
bd_shs,20
bd_shs,73
bd_shs,16
bd_shs,8
bd_shs,58
bd_shs,6
bd_shs,14
bd_shs,25
bd_shs,11
bd_shs,22
bd_shs,28
bd_shs,49
bd_shs,18
bd_shs,185
bd_shs,45
bd_shs,43
bd_shs,214
bd_shs,82
bd_shs,23
bd_shs,93
bd_shs,23
bd_shs,36
bd_shs,122
bd_shs,19
bd_shs,29
bd_shs,26
bd_shs,37
bd_shs,110
bd_shs,23
bd_shs,173
bd_shs,162
bd_shs,51
bd_shs,7
bd_shs,44
bd_shs,12
bd_shs,6
bd_shs,65
bd_shs,10
bd_shs,16
bd_shs,24
bd_shs,21
bd_shs,104
bd_shs,36
bd_shs,18
bd_shs,13
bd_shs,29
bd_shs,67
bd_shs,20
bd_shs,37
bd_shs,33
bd_shs,24
bd_shs,27
bd_shs,18
bd_shs,53
bd_shs,20
bd_shs,7
bd_shs,31
bd_shs,39
bd_shs,7
bd_shs,39
bd_shs,19
bd_shs,29
bd_shs,91
bd_shs,96
bd_shs,16
bd_shs,13
bd_shs,46
bd_shs,109
bd_shs,15
bd_shs,51
bd_shs,103
bd_shs,21
bd_shs,17
bd_shs,64
bd_shs,39
bd_shs,9
bd_shs,7
bd_shs,11
bd_shs,51
bd_shs,25
bd_shs,60
bd_shs,57
bd_shs,9
bd_shs,39
bd_shs,40
bd_shs,37
bd_shs,25
bd_shs,5
bd_shs,15
bd_shs,9
bd_shs,9
bd_shs,8
bd_shs,26
bd_shs,29
bd_shs,5
bd_shs,20
bd_shs,11
bd_shs,19
bd_shs,26
bd_shs,20
bd_shs,45
bd_shs,102
bd_shs,32
bd_shs,24
bd_shs,24
bd_shs,15
bd_shs,49
bd_shs,59
bd_shs,14
bd_shs,11
bd_shs,123
bd_shs,342
bd_shs,6
bd_shs,83
bd_shs,42
bd_shs,101
bd_shs,7
bd_shs,25
bd_shs,27
bd_shs,92
bd_shs,2
bd_shs,34
bd_shs,26
bd_shs,70
bd_shs,84
bd_shs,29
bd_shs,116
bd_shs,38
bd_shs,28
bd_shs,53
bd_shs,46
bd_shs,15
bd_shs,16
bd_shs,14
bd_shs,76
bd_shs,11
bd_shs,6
bd_shs,5
bd_shs,16
bd_shs,40
bd_shs,8
bd_shs,10
bd_shs,30
bd_shs,83
bd_shs,25
bd_shs,33
bd_shs,95
bd_shs,77
bd_shs,24
bd_shs,6
bd_shs,7
bd_shs,33
bd_shs,58
bd_shs,64
bd_shs,100
bd_shs,14
bd_shs,88
bd_shs,57
bd_shs,39
bd_shs,23
bd_shs,57
bd_shs,2
bd_shs,4
bd_shs,139
bd_shs,15
bd_shs,54
bd_shs,5
bd_shs,39
bd_shs,35
bd_shs,7
bd_shs,50
bd_shs,50
bd_shs,5
bd_shs,13
bd_shs,13
bd_shs,16
bd_shs,45
bd_shs,57
bd_shs,50
bd_shs,22
bd_shs,22
bd_shs,119
bd_shs,13
bd_shs,143
bd_shs,42
bd_shs,49
bd_shs,20
bd_shs,10
bd_shs,64
bd_shs,14
bd_shs,21
bd_shs,14
bd_shs,38
bd_shs,31
bd_shs,24
bd_shs,7
bd_shs,17
bd_shs,43
bd_shs,27
bd_shs,48
bd_shs,29
bd_shs,24
bd_shs,56
bd_shs,16
bd_shs,81
bd_shs,34
bd_shs,61
bd_shs,14
bd_shs,170
bd_shs,175
bd_shs,24
bd_shs,23
bd_shs,170
bd_shs,42
bd_shs,18
bd_shs,9
bd_shs,78
bd_shs,5
bd_shs,120
bd_shs,18
bd_shs,24
bd_shs,27
bd_shs,51
bd_shs,17
bd_shs,41
bd_shs,110
bd_shs,25
bd_shs,8
bd_shs,23
bd_shs,147
bd_shs,8
bd_shs,23
bd_shs,25
bd_shs,15
bd_shs,9
bd_shs,14
bd_shs,15
bd_shs,74
bd_shs,15
bd_shs,26
bd_shs,104
bd_shs,30
bd_shs,65
bd_shs,13
bd_shs,65
bd_shs,9
bd_shs,17
bd_shs,52
bd_shs,24
bd_shs,8
bd_shs,32
bd_shs,31
bd_shs,18
bd_shs,56
bd_shs,11
bd_shs,18
bd_shs,12
bd_shs,15
bd_shs,17
bd_shs,11
bd_shs,66
bd_shs,13
bd_shs,18
bd_shs,71
bd_shs,60
bd_shs,25
bd_shs,17
bd_shs,19
bd_shs,11
bd_shs,41
bd_shs,16
bd_shs,24
bd_shs,78
bd_shs,10
bd_shs,114
bd_shs,15
bd_shs,73
bd_shs,73
bd_shs,14
bd_shs,56
bd_shs,7
bd_shs,25
bd_shs,14
bd_shs,13
bd_shs,8
bd_shs,67
bd_shs,43
bd_shs,57
bd_shs,92
bd_shs,47
bd_shs,16
bd_shs,28
bd_shs,15
bd_shs,13
bd_shs,20
bd_shs,10
bd_shs,26
bd_shs,21
bd_shs,11
bd_shs,156
bd_shs,47
bd_shs,14
bd_shs,43
bd_shs,20
bd_shs,44
bd_shs,26
bd_shs,23
bd_shs,54
bd_shs,34
bd_shs,16
bd_shs,16
bd_shs,27
bd_shs,22
bd_shs,265
bd_shs,31
bd_shs,86
bd_shs,46
bd_shs,378
bd_shs,25
bd_shs,15
bd_shs,86
bd_shs,44
bd_shs,88
bd_shs,17
bd_shs,291
bd_shs,38
banfakenews,492
banfakenews,851
banfakenews,435
banfakenews,463
banfakenews,1032
banfakenews,742
banfakenews,941
banfakenews,1037
banfakenews,2305
banfakenews,974
banfakenews,733
banfakenews,1083
banfakenews,776
banfakenews,1835
banfakenews,2356
banfakenews,1232
banfakenews,1172
banfakenews,181
banfakenews,592
banfakenews,406
banfakenews,610
banfakenews,587
banfakenews,909
banfakenews,833
banfakenews,721
banfakenews,923
banfakenews,488
banfakenews,1576
banfakenews,1384
banfakenews,1038
banfakenews,1989
banfakenews,522
banfakenews,787
banfakenews,243
banfakenews,4792
banfakenews,574
banfakenews,423
banfakenews,1281
banfakenews,656
banfakenews,4466
banfakenews,1178
banfakenews,990
banfakenews,727
banfakenews,501
banfakenews,965
banfakenews,799
banfakenews,671
banfakenews,4290
banfakenews,345
banfakenews,1850
banfakenews,694
banfakenews,1180
banfakenews,828
banfakenews,907
banfakenews,429
banfakenews,770
banfakenews,1358
banfakenews,1721
banfakenews,4185
banfakenews,883
banfakenews,628
banfakenews,782
banfakenews,510
banfakenews,863
banfakenews,1045
banfakenews,1001
banfakenews,516
banfakenews,1013
banfakenews,742
banfakenews,466
banfakenews,3022
banfakenews,554
banfakenews,450
banfakenews,1209
banfakenews,3167
banfakenews,2755
banfakenews,741
banfakenews,1031
banfakenews,1053
banfakenews,782
banfakenews,619
banfakenews,909
banfakenews,719
banfakenews,1971
banfakenews,581
banfakenews,1077
banfakenews,595
banfakenews,3638
banfakenews,1165
banfakenews,231
banfakenews,1806
banfakenews,640
banfakenews,1140
banfakenews,1429
banfakenews,1794
banfakenews,1052
banfakenews,697
banfakenews,875
banfakenews,1294
banfakenews,470
banfakenews,375
banfakenews,1306
banfakenews,1223
banfakenews,400
banfakenews,1778
banfakenews,624
banfakenews,3309
banfakenews,782
banfakenews,1288
banfakenews,512
banfakenews,560
banfakenews,1806
banfakenews,474
banfakenews,986
banfakenews,2570
banfakenews,330
banfakenews,869
banfakenews,940
banfakenews,546
banfakenews,1169
banfakenews,730
banfakenews,1142
banfakenews,624
banfakenews,333
banfakenews,957
banfakenews,427
banfakenews,1645
banfakenews,633
banfakenews,1241
banfakenews,413
banfakenews,1204
banfakenews,682
banfakenews,961
banfakenews,1222
banfakenews,552
banfakenews,499
banfakenews,534
banfakenews,1041
banfakenews,897
banfakenews,511
banfakenews,1092
banfakenews,1118
banfakenews,1683
banfakenews,647
banfakenews,819
banfakenews,1278
banfakenews,970
banfakenews,5813
banfakenews,694
banfakenews,963
banfakenews,799
banfakenews,600
banfakenews,844
banfakenews,1424
banfakenews,2153
banfakenews,966
banfakenews,382
banfakenews,288
banfakenews,750
banfakenews,545
banfakenews,1404
banfakenews,735
banfakenews,966
banfakenews,1447
banfakenews,614
banfakenews,1476
banfakenews,208
banfakenews,332
banfakenews,2418
banfakenews,759
banfakenews,1418
banfakenews,2175
banfakenews,475
banfakenews,547
banfakenews,1000
banfakenews,254
banfakenews,761
banfakenews,401
banfakenews,371
banfakenews,1844
banfakenews,453
banfakenews,1224
banfakenews,344
banfakenews,1050
banfakenews,435
banfakenews,984
banfakenews,566
banfakenews,781
banfakenews,469
banfakenews,3428
banfakenews,267
banfakenews,1215
banfakenews,1234
banfakenews,3110
banfakenews,601
banfakenews,566
banfakenews,882
banfakenews,722
banfakenews,630
banfakenews,340
banfakenews,1088
banfakenews,496
banfakenews,1025
banfakenews,362
banfakenews,1640
banfakenews,1162
banfakenews,2540
banfakenews,759
banfakenews,1087
banfakenews,304
banfakenews,319
banfakenews,1059
banfakenews,1133
banfakenews,923
banfakenews,600
banfakenews,307
banfakenews,672
banfakenews,450
banfakenews,1353
banfakenews,1450
banfakenews,1217
banfakenews,422
banfakenews,932
banfakenews,1094
banfakenews,464
banfakenews,1182
banfakenews,1701
banfakenews,1327
banfakenews,2135
banfakenews,1487
banfakenews,872
banfakenews,739
banfakenews,495
banfakenews,716
banfakenews,538
banfakenews,957
banfakenews,1296
banfakenews,978
banfakenews,607
banfakenews,349
banfakenews,814
banfakenews,650
banfakenews,1414
banfakenews,1543
banfakenews,1263
banfakenews,991
banfakenews,737
banfakenews,680
banfakenews,1628
banfakenews,1063
banfakenews,834
banfakenews,2092
banfakenews,1103
banfakenews,770
banfakenews,499
banfakenews,850
banfakenews,1244
banfakenews,882
banfakenews,842
banfakenews,573
banfakenews,1334
banfakenews,660
banfakenews,1448
banfakenews,1092
banfakenews,2250
banfakenews,2859
banfakenews,400
banfakenews,757
banfakenews,331
banfakenews,480
banfakenews,516
banfakenews,889
banfakenews,1406
banfakenews,786
banfakenews,2444
banfakenews,376
banfakenews,1476
banfakenews,1227
banfakenews,2902
banfakenews,749
banfakenews,496
banfakenews,3446
banfakenews,744
banfakenews,1176
banfakenews,535
banfakenews,1141
banfakenews,1438
banfakenews,624
banfakenews,602
banfakenews,842
banfakenews,3711
banfakenews,827
banfakenews,1409
banfakenews,472
banfakenews,264
banfakenews,2227
banfakenews,461
banfakenews,1688
banfakenews,615
banfakenews,337
banfakenews,841
banfakenews,1328
banfakenews,7592
banfakenews,219
banfakenews,867
banfakenews,1267
banfakenews,913
banfakenews,1782
banfakenews,977
banfakenews,1393
banfakenews,2397
banfakenews,1456
banfakenews,722
banfakenews,1350
banfakenews,1008
banfakenews,702
banfakenews,2181
banfakenews,1044
banfakenews,535
banfakenews,951
banfakenews,1758
banfakenews,3520
banfakenews,766
banfakenews,604
banfakenews,1151
banfakenews,503
banfakenews,540
banfakenews,1192
banfakenews,795
banfakenews,808
banfakenews,528
banfakenews,175
banfakenews,704
banfakenews,2339
banfakenews,646
banfakenews,1010
banfakenews,2735
banfakenews,695
banfakenews,1004
banfakenews,449
banfakenews,760
banfakenews,2670
banfakenews,3291
banfakenews,1211
banfakenews,1925
banfakenews,9603
banfakenews,1085
banfakenews,1441
banfakenews,1108
banfakenews,395
banfakenews,814
banfakenews,1396
banfakenews,1116
banfakenews,914
banfakenews,543
banfakenews,484
banfakenews,871
banfakenews,645
banfakenews,1224
banfakenews,647
banfakenews,1064
banfakenews,630
banfakenews,341
banfakenews,1170
banfakenews,478
banfakenews,1015
banfakenews,1161
banfakenews,338
banfakenews,2012
banfakenews,565
banfakenews,663
banfakenews,768
banfakenews,1487
banfakenews,2103
banfakenews,2015
banfakenews,1017
banfakenews,1655
banfakenews,717
banfakenews,204
banfakenews,1586
banfakenews,1241
banfakenews,1438
banfakenews,1708
banfakenews,2846
banfakenews,415
banfakenews,695
banfakenews,593
banfakenews,228
banfakenews,1128
banfakenews,1465
banfakenews,1790
banfakenews,621
banfakenews,447
banfakenews,1491
banfakenews,1395
banfakenews,1160
banfakenews,471
banfakenews,1124
banfakenews,903
banfakenews,1047
banfakenews,834
banfakenews,1208
banfakenews,602
banfakenews,408
banfakenews,502
banfakenews,1765
banfakenews,651
banfakenews,521
banfakenews,52
banfakenews,1034
banfakenews,1062
banfakenews,1031
banfakenews,428
banfakenews,1733
banfakenews,1740
banfakenews,952
banfakenews,1051
banfakenews,1213
banfakenews,1040
banfakenews,596
banfakenews,1321
banfakenews,543
banfakenews,7861
banfakenews,1426
banfakenews,910
banfakenews,1850
banfakenews,331
banfakenews,1599
banfakenews,550
banfakenews,1105
banfakenews,2749
banfakenews,981
banfakenews,909
banfakenews,740
banfakenews,2394
banfakenews,1199
banfakenews,1059
banfakenews,742
banfakenews,1947
banfakenews,3406
banfakenews,1077
banfakenews,834
banfakenews,801
banfakenews,675
banfakenews,1509
banfakenews,656
banfakenews,1443
banfakenews,609
banfakenews,475
banfakenews,2205
banfakenews,1917
banfakenews,459
banfakenews,1758
banfakenews,1714
banfakenews,662
banfakenews,708
banfakenews,1017
banfakenews,340
banfakenews,2181
banfakenews,1598
banfakenews,735
banfakenews,843
banfakenews,2250
banfakenews,1633
banfakenews,8240
banfakenews,2523
banfakenews,417
banfakenews,1094
banfakenews,1465
banfakenews,788
banfakenews,2494
banfakenews,883
banfakenews,1521
banfakenews,837
banfakenews,3875
banfakenews,799
banfakenews,540
banfakenews,704
banfakenews,969
banfakenews,1175
banfakenews,1002
banfakenews,1176
banfakenews,1082
banfakenews,843
banfakenews,567
banfakenews,1566
banfakenews,2780
banfakenews,3113
banfakenews,398
banfakenews,640
banfakenews,6910
banfakenews,1128
banfakenews,1276
banfakenews,953
banfakenews,1543
banfakenews,546
banfakenews,429
banfakenews,1320
banfakenews,2779
banfakenews,1054
banfakenews,453
banfakenews,1572
banfakenews,2788
banfakenews,760
banfakenews,1002
banfakenews,1090
banfakenews,981
banfakenews,634
banfakenews,767
banfakenews,2541
banfakenews,782
banfakenews,538
banfakenews,1100
banfakenews,956
banfakenews,1474
banfakenews,2013
banfakenews,655
banfakenews,795
banfakenews,766
banfakenews,1832
banfakenews,313
banfakenews,1400
banfakenews,683
banfakenews,761
banfakenews,30
banfakenews,320
banfakenews,1725
banfakenews,731
banfakenews,3044
banfakenews,1041
banfakenews,367
banfakenews,1145
banfakenews,2673
banfakenews,1168
banfakenews,1247
banfakenews,1714
banfakenews,765
banfakenews,1879
banfakenews,418
banfakenews,470
banfakenews,463
banfakenews,459
banfakenews,558
banfakenews,446
banfakenews,649
banfakenews,1679
banfakenews,568
banfakenews,938
banfakenews,525
banfakenews,626
banfakenews,2677
banfakenews,1020
banfakenews,425
banfakenews,1500
banfakenews,1060
banfakenews,690
banfakenews,777
banfakenews,379
banfakenews,880
banfakenews,1099
banfakenews,512
banfakenews,1424
banfakenews,1063
banfakenews,1732
banfakenews,1242
banfakenews,1260
banfakenews,546
banfakenews,1557
banfakenews,1659
banfakenews,580
banfakenews,1244
banfakenews,749
banfakenews,1728
banfakenews,927
banfakenews,1208
banfakenews,501
banfakenews,1145
banfakenews,1341
banfakenews,1157
banfakenews,976
banfakenews,2315
banfakenews,564
banfakenews,595
banfakenews,681
banfakenews,3778
banfakenews,3239
banfakenews,241
banfakenews,702
banfakenews,3389
banfakenews,394
banfakenews,827
banfakenews,1688
banfakenews,989
banfakenews,1481
banfakenews,919
banfakenews,2386
banfakenews,400
banfakenews,430
banfakenews,983
banfakenews,1407
banfakenews,1563
banfakenews,1402
banfakenews,1048
banfakenews,462
banfakenews,397
banfakenews,783
banfakenews,910
banfakenews,1590
banfakenews,2279
banfakenews,872
banfakenews,939
banfakenews,468
banfakenews,1882
banfakenews,1139
banfakenews,610
banfakenews,453
banfakenews,287
banfakenews,656
banfakenews,6890
banfakenews,498
banfakenews,996
banfakenews,1882
banfakenews,959
banfakenews,660
banfakenews,564
banfakenews,1270
banfakenews,903
banfakenews,744
banfakenews,514
banfakenews,1454
banfakenews,240
banfakenews,889
banfakenews,522
banfakenews,1056
banfakenews,472
banfakenews,647
banfakenews,685
banfakenews,1287
banfakenews,445
banfakenews,531
banfakenews,797
banfakenews,962
banfakenews,670
banfakenews,474
banfakenews,1109
banfakenews,863
banfakenews,892
banfakenews,795
banfakenews,1468
banfakenews,1021
banfakenews,539
banfakenews,718
banfakenews,1448
banfakenews,1014
banfakenews,2297
banfakenews,969
banfakenews,720
banfakenews,867
banfakenews,747
banfakenews,979
banfakenews,1538
banfakenews,265
banfakenews,1275
banfakenews,775
banfakenews,770
banfakenews,2197
banfakenews,706
banfakenews,413
banfakenews,1162
banfakenews,1131
banfakenews,1099
banfakenews,362
banfakenews,643
banfakenews,367
banfakenews,1032
banfakenews,380
banfakenews,568
banfakenews,1285
banfakenews,519
banfakenews,628
banfakenews,979
banfakenews,1134
banfakenews,4445
banfakenews,4332
banfakenews,311
banfakenews,1459
banfakenews,1420
banfakenews,2921
banfakenews,945
banfakenews,1012
banfakenews,1066
banfakenews,699
banfakenews,1367
banfakenews,428
banfakenews,665
banfakenews,709
banfakenews,929
banfakenews,686
banfakenews,3874
banfakenews,2308
banfakenews,1063
banfakenews,4350
banfakenews,1066
banfakenews,1257
banfakenews,819
banfakenews,307
banfakenews,939
banfakenews,451
banfakenews,676
banfakenews,1236
banfakenews,922
banfakenews,1415
banfakenews,384
banfakenews,605
banfakenews,943
banfakenews,811
banfakenews,1026
banfakenews,2071
banfakenews,594
banfakenews,566
banfakenews,534
banfakenews,388
banfakenews,1136
banfakenews,4180
banfakenews,1304
banfakenews,989
banfakenews,935
banfakenews,851
banfakenews,550
banfakenews,999
banfakenews,2891
banfakenews,841
banfakenews,798
banfakenews,759
banfakenews,878
banfakenews,736
banfakenews,1248
banfakenews,838
banfakenews,429
banfakenews,538
banfakenews,1266
banfakenews,783
banfakenews,902
banfakenews,92
banfakenews,451
banfakenews,1277
banfakenews,1123
banfakenews,750
banfakenews,724
banfakenews,1499
banfakenews,728
banfakenews,856
banfakenews,1941
banfakenews,576
banfakenews,3588
banfakenews,1320
banfakenews,566
banfakenews,942
banfakenews,4318
banfakenews,560
banfakenews,1947
banfakenews,2199
banfakenews,1013
banfakenews,395
banfakenews,871
banfakenews,1256
banfakenews,580
banfakenews,545
banfakenews,3715
banfakenews,600
banfakenews,1098
banfakenews,1867
banfakenews,1475
banfakenews,476
banfakenews,435
banfakenews,857
banfakenews,332
banfakenews,1203
banfakenews,1555
banfakenews,1022
banfakenews,1102
banfakenews,666
banfakenews,2403
banfakenews,383
banfakenews,582
banfakenews,465
banfakenews,1890
banfakenews,429
banfakenews,1314
banfakenews,2207
banfakenews,558
banfakenews,528
banfakenews,859
banfakenews,346
banfakenews,425
banfakenews,1670
banfakenews,732
banfakenews,1691
banfakenews,2075
banfakenews,1955
banfakenews,937
banfakenews,6946
banfakenews,1041
banfakenews,1625
banfakenews,958
banfakenews,715
banfakenews,739
banfakenews,857
banfakenews,358
banfakenews,2344
banfakenews,1805
banfakenews,334
banfakenews,390
banfakenews,2191
banfakenews,696
banfakenews,930
banfakenews,1018
banfakenews,357
banfakenews,962
banfakenews,951
banfakenews,1487
banfakenews,329
banfakenews,262
banfakenews,7565
banfakenews,983
banfakenews,1350
banfakenews,1060
banfakenews,3281
banfakenews,1409
banfakenews,424
banfakenews,576
banfakenews,297
banfakenews,1079
banfakenews,803
banfakenews,697
banfakenews,1455
banfakenews,1503
banfakenews,619
banfakenews,430
banfakenews,1395
banfakenews,720
banfakenews,1147
banfakenews,1404
banfakenews,835
banfakenews,490
banfakenews,1246
banfakenews,690
banfakenews,619
banfakenews,448
banfakenews,1784
banfakenews,944
banfakenews,2292
banfakenews,1300
banfakenews,902
banfakenews,1582
banfakenews,1751
banfakenews,270
banfakenews,2261
banfakenews,1384
banfakenews,260
banfakenews,1206
banfakenews,1655
banfakenews,2536
banfakenews,930
banfakenews,1679
banfakenews,608
banfakenews,3509
banfakenews,518
banfakenews,649
banfakenews,2413
banfakenews,824
banfakenews,530
banfakenews,832
banfakenews,443
banfakenews,1091
banfakenews,500
banfakenews,1318
banfakenews,835
banfakenews,1815
banfakenews,830
banfakenews,1050
banfakenews,428
banfakenews,1986
banfakenews,646
banfakenews,673
banfakenews,910
banfakenews,889
banfakenews,1482
banfakenews,384
banfakenews,739
banfakenews,4947
banfakenews,575
banfakenews,1056
banfakenews,1866
banfakenews,396
banfakenews,382
banfakenews,532
banfakenews,459
banfakenews,910
banfakenews,1908
banfakenews,750
banfakenews,2321
banfakenews,432
banfakenews,1831
banfakenews,6872
banfakenews,3941
banfakenews,925
banfakenews,951
banfakenews,743
banfakenews,604
banfakenews,8428
banfakenews,593
banfakenews,1125
banfakenews,341
banfakenews,837
banfakenews,750
banfakenews,974
banfakenews,522
banfakenews,2796
banfakenews,199
banfakenews,955
banfakenews,868
banfakenews,158
banfakenews,1317
banfakenews,1260
banfakenews,1834
banfakenews,761
banfakenews,670
banfakenews,990
banfakenews,4026
banfakenews,1386
banfakenews,452
banfakenews,646
banfakenews,2979
banfakenews,977
banfakenews,882
banfakenews,660
banfakenews,775
banfakenews,667
banfakenews,972
banfakenews,1571
banfakenews,708
banfakenews,1413
banfakenews,1961
banfakenews,362
banfakenews,693
banfakenews,555
banfakenews,2090
banfakenews,1223
banfakenews,701
banfakenews,1029
banfakenews,1080
banfakenews,697
banfakenews,723
banfakenews,307
banfakenews,3161
banfakenews,6852
banfakenews,1608
banfakenews,934
banfakenews,930
banfakenews,2127
banfakenews,1027
banfakenews,2167
banfakenews,922
banfakenews,2643
banfakenews,400
banfakenews,967
banfakenews,589
banfakenews,685
banfakenews,751
banfakenews,2259
banfakenews,476
banfakenews,1582
banfakenews,292
banfakenews,403
banfakenews,582
banfakenews,539
banfakenews,433
banfakenews,715
banfakenews,646
banfakenews,666
banfakenews,1414
banfakenews,731
banfakenews,426
banfakenews,771
banfakenews,1497
banfakenews,791
banfakenews,1297
banfakenews,1396
banfakenews,2715
banfakenews,1095
banfakenews,930
banfakenews,1019
banfakenews,523
banfakenews,575
banfakenews,501
banfakenews,402
banfakenews,820
banfakenews,1059
banfakenews,660
banfakenews,700
banfakenews,499
banfakenews,1368
banfakenews,1283
banfakenews,1436
banfakenews,750
banfakenews,3501
banfakenews,3160
banfakenews,1184
banfakenews,2498
banfakenews,451
banfakenews,1459
banfakenews,469
banfakenews,474
banfakenews,4549
banfakenews,2798
banfakenews,700
banfakenews,4462
banfakenews,1315
banfakenews,1400
banfakenews,412
banfakenews,747
banfakenews,668
banfakenews,1193
banfakenews,2022
banfakenews,608
banfakenews,409
banfakenews,625
banfakenews,963
banfakenews,569
banfakenews,549
banfakenews,295
banfakenews,544
banfakenews,965
banfakenews,678
banfakenews,658
banfakenews,387
banfakenews,1974
banfakenews,835
banfakenews,925
banfakenews,1985
banfakenews,731
banfakenews,1259
banfakenews,388
banfakenews,371
banfakenews,625
banfakenews,962
banfakenews,860
banfakenews,772
banfakenews,1882
banfakenews,925
banfakenews,484
banfakenews,450
banfakenews,831
banfakenews,637
banfakenews,353
banfakenews,4660
banfakenews,440
banfakenews,615
banfakenews,940
banfakenews,2284
banfakenews,1024
banfakenews,332
banfakenews,926
banfakenews,882
banfakenews,747
banfakenews,724
banfakenews,437
banfakenews,1313
banfakenews,987
banfakenews,469
banfakenews,2041
banfakenews,2984
banfakenews,1632
banfakenews,681
banfakenews,670
banfakenews,364
banfakenews,502
banfakenews,756
banfakenews,1407
banfakenews,120
banfakenews,1373
banfakenews,694
banfakenews,744
banfakenews,1990
banfakenews,1093
banfakenews,1319
banfakenews,1292
banfakenews,863
banfakenews,814
banfakenews,1450
banfakenews,2538
banfakenews,1500
banfakenews,681
banfakenews,1223
banfakenews,752
banfakenews,1398
banfakenews,513
banfakenews,366
banfakenews,697
banfakenews,592
banfakenews,446
banfakenews,805
banfakenews,321
banfakenews,1125
banfakenews,584
banfakenews,1732
banfakenews,328
banfakenews,1675
banfakenews,6678
banfakenews,1051
banfakenews,334
banfakenews,454
banfakenews,1098
banfakenews,2908
banfakenews,785
banfakenews,619
banfakenews,353
banfakenews,1775
banfakenews,874
banfakenews,1315
banfakenews,844
banfakenews,781
banfakenews,1091
banfakenews,1680
banfakenews,400
banfakenews,1554
banfakenews,528
banfakenews,1025
banfakenews,1686
banfakenews,839
banfakenews,1043
banfakenews,1429
banfakenews,831
banfakenews,583
banfakenews,627
banfakenews,1849
banfakenews,671
banfakenews,509
banfakenews,1112
banfakenews,914
banfakenews,1740
banfakenews,1455
banfakenews,578
banfakenews,583
banfakenews,343
banfakenews,958
banfakenews,716
banfakenews,855
banfakenews,723
banfakenews,274
banfakenews,1006
banfakenews,660
banfakenews,953
banfakenews,790
banfakenews,1691
banfakenews,387
banfakenews,2799
banfakenews,432
banfakenews,825
banfakenews,472
banfakenews,642
banfakenews,755
banfakenews,1188
banfakenews,2622
banfakenews,430
banfakenews,782
banfakenews,563
banfakenews,1595
banfakenews,700
banfakenews,881
banfakenews,546
banfakenews,436
banfakenews,575
banfakenews,488
banfakenews,724
banfakenews,258
banfakenews,937
banfakenews,2013
banfakenews,837
banfakenews,3023
banfakenews,555
banfakenews,828
banfakenews,753
banfakenews,1831
banfakenews,718
banfakenews,2109
banfakenews,865
banfakenews,490
banfakenews,449
banfakenews,645
banfakenews,1842
banfakenews,690
banfakenews,2053
banfakenews,767
banfakenews,950
banfakenews,673
banfakenews,610
banfakenews,568
banfakenews,630
banfakenews,461
banfakenews,1958
banfakenews,1178
banfakenews,572
banfakenews,597
banfakenews,588
banfakenews,1798
banfakenews,1346
banfakenews,723
banfakenews,684
banfakenews,1975
banfakenews,523
banfakenews,411
banfakenews,180
banfakenews,1682
banfakenews,609
banfakenews,1044
banfakenews,1065
banfakenews,626
banfakenews,814
banfakenews,1467
banfakenews,1632
banfakenews,480
banfakenews,630
banfakenews,987
banfakenews,463
banfakenews,5414
banfakenews,344
banfakenews,2160
banfakenews,1762
banfakenews,895
banfakenews,1079
banfakenews,483
banfakenews,1278
banfakenews,432
banfakenews,480
banfakenews,995
banfakenews,1352
banfakenews,1178
banfakenews,905
banfakenews,782
banfakenews,1207
banfakenews,961
banfakenews,584
banfakenews,554
banfakenews,784
banfakenews,1364
banfakenews,751
banfakenews,694
banfakenews,1313
banfakenews,857
banfakenews,2153
banfakenews,2676
banfakenews,857
banfakenews,948
banfakenews,549
banfakenews,550
banfakenews,1251
banfakenews,2898
banfakenews,1265
banfakenews,1365
banfakenews,1937
banfakenews,1750
banfakenews,1300
banfakenews,633
banfakenews,593
banfakenews,1199
banfakenews,677
banfakenews,314
banfakenews,882
banfakenews,703
banfakenews,552
banfakenews,3218
banfakenews,609
banfakenews,1078
banfakenews,2695
banfakenews,259
banfakenews,952
banfakenews,422
banfakenews,450
banfakenews,786
banfakenews,482
banfakenews,513
banfakenews,712
banfakenews,313
banfakenews,827
banfakenews,989
banfakenews,493
banfakenews,1372
banfakenews,1284
banfakenews,1303
banfakenews,889
banfakenews,641
banfakenews,587
banfakenews,2142
banfakenews,754
banfakenews,490
banfakenews,688
banfakenews,532
banfakenews,2917
banfakenews,15490
banfakenews,1542
banfakenews,878
banfakenews,580
banfakenews,637
banfakenews,5401
banfakenews,382
banfakenews,642
banfakenews,700
banfakenews,689
banfakenews,1102
banfakenews,1691
banfakenews,644
banfakenews,560
banfakenews,1594
banfakenews,726
banfakenews,1142
banfakenews,948
banfakenews,1429
banfakenews,3279
banfakenews,504
banfakenews,460
banfakenews,555
banfakenews,1157
banfakenews,619
banfakenews,600
banfakenews,709
banfakenews,1737
banfakenews,443
banfakenews,661
banfakenews,1689
banfakenews,1055
banfakenews,305
banfakenews,983
banfakenews,1008
banfakenews,1280
banfakenews,573
banfakenews,1164
banfakenews,483
banfakenews,555
banfakenews,561
banfakenews,562
banfakenews,2461
banfakenews,2233
banfakenews,585
banfakenews,809
banfakenews,313
banfakenews,1517
banfakenews,253
banfakenews,1413
banfakenews,674
banfakenews,2087
banfakenews,867
banfakenews,2572
banfakenews,665
banfakenews,2287
banfakenews,3079
banfakenews,2125
banfakenews,516
banfakenews,1627
banfakenews,1903
banfakenews,1028
banfakenews,490
banfakenews,355
banfakenews,456
banfakenews,548
banfakenews,3280
banfakenews,881
banfakenews,223
banfakenews,5070
banfakenews,964
banfakenews,496
banfakenews,839
banfakenews,325
banfakenews,2981
banfakenews,1672
banfakenews,1121
banfakenews,1200
banfakenews,1241
banfakenews,1236
banfakenews,814
banfakenews,1428
banfakenews,779
banfakenews,1213
banfakenews,759
banfakenews,3920
banfakenews,732
banfakenews,367
banfakenews,2233
banfakenews,1739
banfakenews,635
banfakenews,596
banfakenews,647
banfakenews,755
banfakenews,422
banfakenews,2202
banfakenews,326
banfakenews,2838
banfakenews,581
banfakenews,470
banfakenews,3592
banfakenews,1125
banfakenews,288
banfakenews,508
banfakenews,1848
banfakenews,925
banfakenews,1359
banfakenews,642
banfakenews,3766
banfakenews,1000
banfakenews,343
banfakenews,774
banfakenews,2038
banfakenews,1111
banfakenews,1238
banfakenews,240
banfakenews,2890
banfakenews,1877
banfakenews,490
banfakenews,1280
banfakenews,703
banfakenews,1276
banfakenews,393
banfakenews,1049
banfakenews,429
banfakenews,409
banfakenews,506
banfakenews,809
banfakenews,506
banfakenews,637
banfakenews,300
banfakenews,542
banfakenews,1161
banfakenews,520
banfakenews,987
banfakenews,1591
banfakenews,620
banfakenews,3424
banfakenews,783
banfakenews,381
banfakenews,481
banfakenews,645
banfakenews,1344
banfakenews,1799
banfakenews,983
banfakenews,4062
banfakenews,308
banfakenews,834
banfakenews,795
banfakenews,732
banfakenews,1579
banfakenews,1109
banfakenews,918
banfakenews,396
banfakenews,629
banfakenews,840
banfakenews,397
banfakenews,651
banfakenews,884
banfakenews,768
banfakenews,892
banfakenews,692
banfakenews,916
banfakenews,307
banfakenews,439
banfakenews,3402
banfakenews,464
banfakenews,561
banfakenews,1882
banfakenews,912
banfakenews,632
banfakenews,731
banfakenews,897
banfakenews,421
banfakenews,975
banfakenews,3061
banfakenews,782
banfakenews,637
banfakenews,783
banfakenews,904
banfakenews,5246
banfakenews,2064
banfakenews,860
banfakenews,862
banfakenews,565
banfakenews,2342
banfakenews,558
banfakenews,1982
banfakenews,590
banfakenews,776
banfakenews,986
banfakenews,1160
banfakenews,609
banfakenews,816
banfakenews,1126
banfakenews,502
banfakenews,1037
banfakenews,1903
banfakenews,875
banfakenews,593
banfakenews,1024
banfakenews,1073
banfakenews,2355
banfakenews,2368
banfakenews,1031
banfakenews,1421
banfakenews,480
banfakenews,693
banfakenews,660
banfakenews,709
banfakenews,297
banfakenews,768
banfakenews,1542
banfakenews,464
banfakenews,959
banfakenews,1292
banfakenews,732
banfakenews,493
banfakenews,624
banfakenews,810
banfakenews,446
banfakenews,1100
banfakenews,454
banfakenews,987
banfakenews,474
banfakenews,598
banfakenews,366
banfakenews,1905
banfakenews,1324
banfakenews,2380
banfakenews,2387
banfakenews,554
banfakenews,314
banfakenews,1027
banfakenews,2666
banfakenews,2543
banfakenews,1490
banfakenews,771
banfakenews,825
banfakenews,1447
banfakenews,304
banfakenews,593
banfakenews,2303
banfakenews,2572
banfakenews,1519
banfakenews,229
banfakenews,1451
banfakenews,668
banfakenews,1131
banfakenews,468
banfakenews,447
banfakenews,887
banfakenews,575
banfakenews,956
banfakenews,918
banfakenews,3110
banfakenews,1207
banfakenews,919
banfakenews,557
banfakenews,722
banfakenews,794
banfakenews,1855
banfakenews,634
banfakenews,524
banfakenews,1561
banfakenews,364
banfakenews,741
banfakenews,994
banfakenews,4878
banfakenews,1051
banfakenews,1475
banfakenews,775
banfakenews,1637
banfakenews,1155
banfakenews,1833
banfakenews,365
banfakenews,357
banfakenews,138
banfakenews,1940
banfakenews,1160
banfakenews,1144
banfakenews,198
banfakenews,580
banfakenews,848
banfakenews,1992
banfakenews,985
banfakenews,3659
banfakenews,513
banfakenews,656
banfakenews,574
banfakenews,1058
banfakenews,851
banfakenews,498
banfakenews,1031
banfakenews,1897
banfakenews,537
banfakenews,1135
banfakenews,496
banfakenews,1327
banfakenews,423
banfakenews,1597
banfakenews,1311
banfakenews,614
banfakenews,593
banfakenews,1645
banfakenews,479
banfakenews,792
banfakenews,703
banfakenews,302
banfakenews,458
banfakenews,1267
banfakenews,939
banfakenews,1132
banfakenews,474
banfakenews,141
banfakenews,1625
banfakenews,1043
banfakenews,4904
banfakenews,2230
banfakenews,508
banfakenews,687
banfakenews,1889
banfakenews,282
banfakenews,1693
banfakenews,984
banfakenews,579
banfakenews,806
banfakenews,813
banfakenews,1661
banfakenews,509
banfakenews,1170
banfakenews,789
banfakenews,1479
banfakenews,3121
banfakenews,300
banfakenews,280
banfakenews,659
banfakenews,1612
banfakenews,856
banfakenews,632
banfakenews,865
banfakenews,1275
banfakenews,1074
banfakenews,1009
banfakenews,2400
banfakenews,325
banfakenews,905
banfakenews,732
banfakenews,455
banfakenews,479
banfakenews,928
banfakenews,727
banfakenews,6801
banfakenews,621
banfakenews,623
banfakenews,1053
banfakenews,1352
banfakenews,999
banfakenews,171
banfakenews,2552
banfakenews,1869
banfakenews,1263
banfakenews,1069
banfakenews,2829
banfakenews,346
banfakenews,895
banfakenews,1698
banfakenews,1182
banfakenews,1003
banfakenews,1060
banfakenews,1025
banfakenews,557
banfakenews,255
banfakenews,2345
banfakenews,1863
banfakenews,1366
banfakenews,822
banfakenews,1137
banfakenews,3887
banfakenews,615
banfakenews,824
banfakenews,1869
banfakenews,485
banfakenews,404
banfakenews,450
banfakenews,777
banfakenews,717
banfakenews,450
banfakenews,723
banfakenews,1123
banfakenews,852
banfakenews,677
banfakenews,777
banfakenews,623
banfakenews,638
banfakenews,2123
banfakenews,1008
banfakenews,795
banfakenews,490
banfakenews,875
banfakenews,153
banfakenews,1233
banfakenews,343
banfakenews,711
banfakenews,450
banfakenews,926
banfakenews,629
banfakenews,797
banfakenews,1280
banfakenews,466
banfakenews,870
banfakenews,1845
banfakenews,584
banfakenews,567
banfakenews,1251
banfakenews,1830
banfakenews,513
banfakenews,348
banfakenews,1996
banfakenews,631
banfakenews,1362
banfakenews,827
banfakenews,1022
banfakenews,2707
banfakenews,3015
banfakenews,1638
banfakenews,1023
banfakenews,238
banfakenews,5134
banfakenews,3557
banfakenews,1831
banfakenews,1318
banfakenews,650
banfakenews,1008
banfakenews,602
banfakenews,1237
banfakenews,765
banfakenews,356
banfakenews,833
banfakenews,804
banfakenews,1003
banfakenews,1868
banfakenews,627
banfakenews,1396
banfakenews,519
banfakenews,572
banfakenews,716
banfakenews,4982
banfakenews,415
banfakenews,945
banfakenews,1093
banfakenews,1241
banfakenews,2135
banfakenews,975
banfakenews,1732
banfakenews,887
banfakenews,683
banfakenews,809
banfakenews,2907
banfakenews,1188
banfakenews,2025
banfakenews,1618
banfakenews,1590
banfakenews,1003
banfakenews,1449
banfakenews,1514
banfakenews,2230
banfakenews,699
banfakenews,1407
banfakenews,1103
banfakenews,1182
banfakenews,1549
banfakenews,1756
banfakenews,4093
banfakenews,849
banfakenews,1381
banfakenews,905
banfakenews,885
banfakenews,527
banfakenews,336
banfakenews,495
banfakenews,529
banfakenews,1133
banfakenews,1063
banfakenews,2093
banfakenews,588
banfakenews,364
banfakenews,1133
banfakenews,570
banfakenews,1292
banfakenews,1015
banfakenews,831
banfakenews,1408
banfakenews,1328
banfakenews,951
banfakenews,824
banfakenews,967
banfakenews,911
banfakenews,1458
banfakenews,1505
banfakenews,1542
banfakenews,462
banfakenews,3093
banfakenews,940
banfakenews,392
banfakenews,2023
banfakenews,1763
banfakenews,512
banfakenews,1324
banfakenews,882
banfakenews,2246
banfakenews,1075
banfakenews,759
banfakenews,1002
banfakenews,766
banfakenews,820
banfakenews,4045
banfakenews,1030
banfakenews,398
banfakenews,4593
banfakenews,543
banfakenews,705
banfakenews,5054
banfakenews,707
banfakenews,306
banfakenews,759
banfakenews,834
banfakenews,576
banfakenews,711
banfakenews,396
banfakenews,1480
banfakenews,958
banfakenews,875
banfakenews,1003
banfakenews,804
banfakenews,996
banfakenews,805
banfakenews,3411
banfakenews,1684
banfakenews,356
banfakenews,885
banfakenews,852
banfakenews,1022
banfakenews,524
banfakenews,2671
banfakenews,660
banfakenews,1074
banfakenews,749
banfakenews,34
banfakenews,258
banfakenews,307
banfakenews,2588
banfakenews,549
banfakenews,872
banfakenews,1369
banfakenews,345
banfakenews,513
banfakenews,896
banfakenews,581
banfakenews,520
banfakenews,1160
banfakenews,3738
banfakenews,1452
banfakenews,973
banfakenews,678
banfakenews,551
banfakenews,774
banfakenews,964
banfakenews,693
banfakenews,2580
banfakenews,1563
banfakenews,634
banfakenews,543
banfakenews,1577
banfakenews,756
banfakenews,2558
banfakenews,996
banfakenews,874
banfakenews,945
banfakenews,272
banfakenews,1708
banfakenews,2331
banfakenews,1581
banfakenews,2148
banfakenews,1301
banfakenews,573
banfakenews,544
banfakenews,1281
banfakenews,1500
banfakenews,1014
banfakenews,1281
banfakenews,783
banfakenews,582
banfakenews,631
banfakenews,606
banfakenews,1705
banfakenews,473
banfakenews,686
banfakenews,1538
banfakenews,846
banfakenews,1197
banfakenews,321
banfakenews,708
banfakenews,415
banfakenews,1592
banfakenews,947
banfakenews,1222
banfakenews,741
banfakenews,479
banfakenews,387
banfakenews,349
banfakenews,632
banfakenews,1230
banfakenews,2543
banfakenews,332
banfakenews,880
banfakenews,960
banfakenews,658
banfakenews,1706
banfakenews,561
banfakenews,1185
banfakenews,640
banfakenews,752
banfakenews,441
banfakenews,1324
banfakenews,904
banfakenews,513
banfakenews,578
banfakenews,856
banfakenews,1261
banfakenews,882
banfakenews,788
banfakenews,1030
banfakenews,304
banfakenews,442
banfakenews,626
banfakenews,686
banfakenews,1088
banfakenews,358
banfakenews,684
banfakenews,399
banfakenews,1032
banfakenews,1251
banfakenews,543
banfakenews,816
banfakenews,345
banfakenews,566
banfakenews,455
banfakenews,590
banfakenews,1065
banfakenews,1199
banfakenews,1230
banfakenews,1407
banfakenews,1729
banfakenews,1049
banfakenews,527
banfakenews,1426
banfakenews,467
banfakenews,2814
banfakenews,973
banfakenews,1483
banfakenews,1995
banfakenews,1005
banfakenews,918
banfakenews,700
banfakenews,579
banfakenews,576
banfakenews,538
banfakenews,475
banfakenews,1366
banfakenews,1956
banfakenews,411
banfakenews,656
banfakenews,826
banfakenews,990
banfakenews,1177
banfakenews,367
banfakenews,669
banfakenews,4645
banfakenews,2703
banfakenews,807
banfakenews,602
banfakenews,1282
banfakenews,1256
banfakenews,255
banfakenews,1313
banfakenews,665
banfakenews,2057
banfakenews,1545
banfakenews,1321
banfakenews,1623
banfakenews,4387
banfakenews,1184
banfakenews,775
banfakenews,440
banfakenews,580
banfakenews,930
banfakenews,1939
banfakenews,1071
banfakenews,1311
banfakenews,1427
banfakenews,1516
banfakenews,761
banfakenews,728
banfakenews,652
banfakenews,863
banfakenews,2619
banfakenews,1013
banfakenews,914
banfakenews,857
banfakenews,1502
banfakenews,802
banfakenews,555
banfakenews,1132
banfakenews,1631
banfakenews,1420
banfakenews,575
banfakenews,2172
banfakenews,692
banfakenews,548
banfakenews,774
banfakenews,1872
banfakenews,380
banfakenews,892
banfakenews,374
banfakenews,1396
banfakenews,870
banfakenews,574
banfakenews,1174
banfakenews,378
banfakenews,884
banfakenews,10016
banfakenews,2152
banfakenews,316
banfakenews,1371
banfakenews,1237
banfakenews,358
banfakenews,605
banfakenews,8429
banfakenews,1502
banfakenews,337
banfakenews,1021
banfakenews,1735
banfakenews,581
banfakenews,1994
banfakenews,2590
banfakenews,964
banfakenews,731
banfakenews,542
banfakenews,397
banfakenews,815
banfakenews,613
banfakenews,2404
banfakenews,2685
banfakenews,2654
banfakenews,488
banfakenews,335
banfakenews,625
banfakenews,1308
banfakenews,534
banfakenews,620
banfakenews,594
banfakenews,482
banfakenews,780
banfakenews,567
banfakenews,1036
banfakenews,630
banfakenews,1773
banfakenews,2019
banfakenews,1550
banfakenews,2140
banfakenews,375
banfakenews,985
banfakenews,360
banfakenews,504
banfakenews,795
banfakenews,767
banfakenews,603
banfakenews,2263
banfakenews,1057
banfakenews,507
banfakenews,4892
banfakenews,2432
banfakenews,742
banfakenews,976
banfakenews,3706
banfakenews,573
banfakenews,784
banfakenews,1345
banfakenews,1476
banfakenews,713
banfakenews,837
banfakenews,713
banfakenews,1120
banfakenews,2846
banfakenews,620
banfakenews,1564
banfakenews,1056
banfakenews,670
banfakenews,428
banfakenews,421
banfakenews,800
banfakenews,2961
banfakenews,1148
banfakenews,257
banfakenews,1657
banfakenews,597
banfakenews,920
banfakenews,292
banfakenews,2356
banfakenews,482
banfakenews,2970
banfakenews,860
banfakenews,1624
banfakenews,558
banfakenews,919
banfakenews,1418
banfakenews,760
banfakenews,1481
banfakenews,657
banfakenews,1388
banfakenews,703
banfakenews,548
banfakenews,799
banfakenews,1467
banfakenews,986
banfakenews,1604
banfakenews,666
banfakenews,1008
banfakenews,484
banfakenews,509
banfakenews,937
banfakenews,1242
banfakenews,624
banfakenews,868
banfakenews,1824
banfakenews,1284
banfakenews,1329
banfakenews,905
banfakenews,363
banfakenews,1734
banfakenews,333
banfakenews,1237
banfakenews,2110
banfakenews,1743
banfakenews,2280
banfakenews,735
banfakenews,634
banfakenews,2878
banfakenews,2176
banfakenews,914
banfakenews,499
banfakenews,875
banfakenews,875
banfakenews,836
banfakenews,549
banfakenews,1152
banfakenews,1075
banfakenews,1043
banfakenews,1969
banfakenews,518
banfakenews,1363
banfakenews,383
banfakenews,756
banfakenews,1813
banfakenews,335
banfakenews,510
banfakenews,1066
banfakenews,806
banfakenews,853
banfakenews,783
banfakenews,2013
banfakenews,538
banfakenews,1079
banfakenews,801
banfakenews,1349
banfakenews,323
banfakenews,1511
banfakenews,2448
banfakenews,959
banfakenews,631
banfakenews,923
banfakenews,996
banfakenews,2542
banfakenews,690
banfakenews,372
banfakenews,5097
banfakenews,2404
banfakenews,1017
banfakenews,1208
banfakenews,334
banfakenews,565
banfakenews,621
banfakenews,460
banfakenews,538
banfakenews,1278
banfakenews,583
banfakenews,3861
banfakenews,452
banfakenews,1079
banfakenews,811
banfakenews,913
banfakenews,926
banfakenews,2167
banfakenews,5220
banfakenews,793
banfakenews,648
banfakenews,1001
banfakenews,338
banfakenews,1058
banfakenews,1535
banfakenews,2020
banfakenews,968
banfakenews,882
banfakenews,682
banfakenews,2079
banfakenews,1426
banfakenews,1877
banfakenews,1439
banfakenews,789
banfakenews,987
banfakenews,878
banfakenews,640
banfakenews,150
banfakenews,915
banfakenews,1325
banfakenews,428
banfakenews,642
banfakenews,1142
banfakenews,1823
banfakenews,1035
banfakenews,643
banfakenews,1126
banfakenews,1402
banfakenews,2090
banfakenews,675
banfakenews,1012
banfakenews,1520
banfakenews,3013
banfakenews,1295
banfakenews,1910
banfakenews,452
banfakenews,1053
banfakenews,683
banfakenews,2234
banfakenews,499
banfakenews,1350
banfakenews,792
banfakenews,1931
banfakenews,453
banfakenews,585
banfakenews,778
banfakenews,553
banfakenews,572
banfakenews,217
banfakenews,738
banfakenews,922
banfakenews,1416
banfakenews,4672
banfakenews,737
banfakenews,1217
banfakenews,676
banfakenews,859
banfakenews,672
banfakenews,317
banfakenews,657
banfakenews,732
banfakenews,614
banfakenews,502
banfakenews,553
banfakenews,1428
banfakenews,868
banfakenews,950
banfakenews,2395
banfakenews,823
banfakenews,625
banfakenews,220
banfakenews,674
banfakenews,2408
banfakenews,896
banfakenews,916
banfakenews,989
banfakenews,1372
banfakenews,1922
banfakenews,576
banfakenews,987
banfakenews,1332
banfakenews,1832
banfakenews,954
banfakenews,955
banfakenews,1870
banfakenews,1173
banfakenews,2979
banfakenews,1199
banfakenews,279
banfakenews,794
banfakenews,927
banfakenews,690
banfakenews,1121
banfakenews,1115
banfakenews,1379
banfakenews,901
banfakenews,580
banfakenews,5135
banfakenews,728
banfakenews,757
banfakenews,4930
banfakenews,775
banfakenews,955
banfakenews,1024
banfakenews,890
banfakenews,392
banfakenews,907
banfakenews,518
banfakenews,1093
banfakenews,1053
banfakenews,930
banfakenews,918
banfakenews,768
banfakenews,1169
banfakenews,646
banfakenews,861
banfakenews,1723
banfakenews,538
banfakenews,470
banfakenews,623
banfakenews,2514
banfakenews,595
banfakenews,877
banfakenews,1006
banfakenews,1612
banfakenews,2802
banfakenews,937
banfakenews,1054
banfakenews,892
banfakenews,1014
banfakenews,489
banfakenews,625
banfakenews,331
banfakenews,709
banfakenews,1660
banfakenews,719
banfakenews,1190
banfakenews,863
banfakenews,4749
banfakenews,1598
banfakenews,829
banfakenews,985
banfakenews,318
banfakenews,811
banfakenews,2941
banfakenews,550
banfakenews,859
banfakenews,885
banfakenews,2031
banfakenews,579
banfakenews,2729
banfakenews,820
banfakenews,2303
banfakenews,1486
banfakenews,559
banfakenews,1420
banfakenews,1308
banfakenews,828
banfakenews,813
banfakenews,803
banfakenews,667
banfakenews,392
banfakenews,563
banfakenews,913
banfakenews,558
banfakenews,694
banfakenews,519
banfakenews,1455
banfakenews,1200
banfakenews,268
banfakenews,418
banfakenews,1022
banfakenews,3828
banfakenews,364
banfakenews,1217
banfakenews,1199
banfakenews,3157
banfakenews,736
banfakenews,1317
banfakenews,1148
banfakenews,1571
banfakenews,921
banfakenews,710
banfakenews,978
banfakenews,335
banfakenews,867
banfakenews,891
banfakenews,2143
banfakenews,1167
banfakenews,1032
banfakenews,739
banfakenews,678
banfakenews,3335
banfakenews,3259
banfakenews,1087
banfakenews,1210
banfakenews,1981
banfakenews,783
banfakenews,727
banfakenews,549
banfakenews,515
banfakenews,601
banfakenews,475
banfakenews,785
banfakenews,768
banfakenews,6105
banfakenews,474
banfakenews,2681
banfakenews,1511
banfakenews,420
banfakenews,403
banfakenews,887
banfakenews,1307
banfakenews,352
banfakenews,678
banfakenews,766
banfakenews,630
banfakenews,842
banfakenews,608
banfakenews,357
banfakenews,1833
banfakenews,1286
banfakenews,425
banfakenews,552
banfakenews,872
banfakenews,369
banfakenews,1861
banfakenews,924
banfakenews,571
banfakenews,1603
banfakenews,1757
banfakenews,889
banfakenews,1718
banfakenews,345
banfakenews,394
banfakenews,1038
banfakenews,1537
banfakenews,618
banfakenews,677
banfakenews,784
banfakenews,625
banfakenews,1242
banfakenews,320
banfakenews,2449
banfakenews,854
banfakenews,905
banfakenews,936
banfakenews,692
banfakenews,636
banfakenews,911
banfakenews,1719
banfakenews,2831
banfakenews,1098
banfakenews,1034
banfakenews,594
banfakenews,577
banfakenews,471
banfakenews,707
banfakenews,1116
banfakenews,328
banfakenews,1421
banfakenews,6202
banfakenews,358
banfakenews,646
banfakenews,1389
banfakenews,532
banfakenews,345
banfakenews,707
banfakenews,326
banfakenews,3651
banfakenews,1503
banfakenews,834
banfakenews,3724
banfakenews,789
banfakenews,5535
banfakenews,646
banfakenews,535
banfakenews,415
banfakenews,875
banfakenews,525
banfakenews,5269
banfakenews,804
banfakenews,1073
banfakenews,1746
banfakenews,1345
banfakenews,4743
banfakenews,970
banfakenews,1640
banfakenews,755
banfakenews,1608
banfakenews,1261
banfakenews,1079
banfakenews,773
banfakenews,1317
banfakenews,884
banfakenews,615
banfakenews,1913
banfakenews,2473
banfakenews,465
banfakenews,1174
banfakenews,1003
banfakenews,720
banfakenews,1526
banfakenews,815
banfakenews,458
banfakenews,643
banfakenews,930
banfakenews,1725
banfakenews,690
banfakenews,507
banfakenews,1007
banfakenews,1523
banfakenews,386
banfakenews,865
banfakenews,1057
banfakenews,913
banfakenews,522
banfakenews,2084
banfakenews,2686
banfakenews,846
banfakenews,397
banfakenews,1722
banfakenews,966
banfakenews,1122
banfakenews,4934
banfakenews,2511
banfakenews,513
banfakenews,2265
banfakenews,559
banfakenews,777
banfakenews,1379
banfakenews,1549
banfakenews,832
banfakenews,2954
banfakenews,2669
banfakenews,880
banfakenews,569
banfakenews,1112
banfakenews,562
banfakenews,702
banfakenews,1388
banfakenews,1702
banfakenews,315
banfakenews,3125
banfakenews,1312
banfakenews,3395
banfakenews,1416
banfakenews,1569
banfakenews,790
banfakenews,1233
banfakenews,1269
banfakenews,624
banfakenews,1331
banfakenews,1670
banfakenews,659
banfakenews,1019
banfakenews,1319
banfakenews,771
banfakenews,1025
banfakenews,1389
banfakenews,290
banfakenews,1680
banfakenews,742
banfakenews,1181
banfakenews,1485
banfakenews,690
banfakenews,1558
banfakenews,228
banfakenews,365
banfakenews,1217
banfakenews,537
banfakenews,363
banfakenews,769
banfakenews,775
banfakenews,498
banfakenews,1155
banfakenews,673
banfakenews,3096
banfakenews,434
banfakenews,3889
banfakenews,1534
banfakenews,731
banfakenews,966
banfakenews,466
banfakenews,1459
banfakenews,685
banfakenews,602
banfakenews,1702
banfakenews,712
banfakenews,490
banfakenews,449
banfakenews,346
banfakenews,275
banfakenews,321
banfakenews,1687
banfakenews,2276
banfakenews,1180
banfakenews,1150
banfakenews,850
banfakenews,734
banfakenews,401
banfakenews,2350
banfakenews,627
banfakenews,1615
banfakenews,627
banfakenews,2250
banfakenews,1417
banfakenews,1321
banfakenews,1518
banfakenews,1020
banfakenews,1156
banfakenews,627
banfakenews,979
banfakenews,2081
banfakenews,5271
banfakenews,450
banfakenews,723
banfakenews,830
banfakenews,1197
banfakenews,422
banfakenews,1248
banfakenews,412
banfakenews,1203
banfakenews,339
banfakenews,1067
banfakenews,1363
banfakenews,2080
banfakenews,530
banfakenews,561
banfakenews,723
banfakenews,428
banfakenews,1334
banfakenews,1447
banfakenews,604
banfakenews,773
banfakenews,1149
banfakenews,988
banfakenews,536
banfakenews,1725
banfakenews,554
banfakenews,1021
banfakenews,1107
banfakenews,776
banfakenews,1015
banfakenews,4621
banfakenews,901
banfakenews,1521
banfakenews,740
banfakenews,709
banfakenews,515
banfakenews,1255
banfakenews,4183
banfakenews,1230
banfakenews,987
banfakenews,1485
banfakenews,5470
banfakenews,558
banfakenews,1750
banfakenews,1802
banfakenews,920
banfakenews,889
banfakenews,291
banfakenews,937
banfakenews,1228
banfakenews,848
banfakenews,670
banfakenews,790
banfakenews,1832
banfakenews,410
banfakenews,1045
banfakenews,572
banfakenews,567
banfakenews,989
banfakenews,962
banfakenews,433
banfakenews,2185
banfakenews,848
banfakenews,2120
banfakenews,382
banfakenews,575
banfakenews,2122
banfakenews,629
banfakenews,551
banfakenews,1091
banfakenews,787
banfakenews,349
banfakenews,930
banfakenews,840
banfakenews,392
banfakenews,3213
banfakenews,637
banfakenews,1266
banfakenews,597
banfakenews,1190
banfakenews,905
banfakenews,1216
banfakenews,857
banfakenews,924
banfakenews,525
banfakenews,457
banfakenews,532
banfakenews,604
banfakenews,2471
banfakenews,358
banfakenews,676
banfakenews,989
banfakenews,2256
banfakenews,739
banfakenews,645
banfakenews,1691
banfakenews,1213
banfakenews,487
banfakenews,572
banfakenews,912
banfakenews,1279
banfakenews,1451
banfakenews,666
banfakenews,5467
banfakenews,994
banfakenews,458
banfakenews,639
banfakenews,645
banfakenews,413
banfakenews,740
banfakenews,3316
banfakenews,2586
banfakenews,552
banfakenews,600
banfakenews,1181
banfakenews,643
banfakenews,2238
banfakenews,696
banfakenews,1223
banfakenews,441
banfakenews,559
banfakenews,805
banfakenews,3274
banfakenews,792
banfakenews,317
banfakenews,1283
banfakenews,334
banfakenews,1324
banfakenews,1201
banfakenews,536
banfakenews,392
banfakenews,3499
banfakenews,733
banfakenews,874
banfakenews,1264
banfakenews,540
banfakenews,1562
banfakenews,2776
banfakenews,236
banfakenews,244
banfakenews,667
banfakenews,848
banfakenews,942
banfakenews,3233
banfakenews,713
banfakenews,1314
banfakenews,2068
banfakenews,999
banfakenews,1359
banfakenews,1052
banfakenews,417
banfakenews,420
banfakenews,1245
banfakenews,836
banfakenews,1493
banfakenews,1062
banfakenews,1111
banfakenews,1878
banfakenews,3185
banfakenews,3455
banfakenews,4076
banfakenews,578
banfakenews,1038
banfakenews,256
banfakenews,2220
banfakenews,850
banfakenews,607
banfakenews,802
banfakenews,2307
banfakenews,1461
banfakenews,1275
banfakenews,941
banfakenews,579
banfakenews,374
banfakenews,2274
banfakenews,375
banfakenews,358
banfakenews,682
banfakenews,743
banfakenews,895
banfakenews,1411
banfakenews,2097
banfakenews,2885
banfakenews,811
banfakenews,1134
banfakenews,691
banfakenews,614
banfakenews,3260
banfakenews,584
banfakenews,526
banfakenews,333
banfakenews,459
banfakenews,1156
banfakenews,539
banfakenews,656
banfakenews,916
banfakenews,937
banfakenews,4705
banfakenews,1107
banfakenews,763
banfakenews,179
banfakenews,985
banfakenews,506
banfakenews,396
banfakenews,778
banfakenews,1126
banfakenews,497
banfakenews,904
banfakenews,844
banfakenews,577
banfakenews,729
banfakenews,1763
banfakenews,693
banfakenews,648
banfakenews,2215
banfakenews,10110
banfakenews,1017
banfakenews,470
banfakenews,1165
banfakenews,688
banfakenews,1583
banfakenews,536
banfakenews,1867
banfakenews,544
banfakenews,676
banfakenews,1021
banfakenews,1256
banfakenews,1412
banfakenews,1681
banfakenews,2105
banfakenews,1040
banfakenews,284
banfakenews,877
banfakenews,378
banfakenews,2645
banfakenews,654
banfakenews,500
banfakenews,638
banfakenews,405
banfakenews,406
banfakenews,644
banfakenews,751
banfakenews,494
banfakenews,764
banfakenews,1331
banfakenews,645
banfakenews,1247
banfakenews,800
banfakenews,802
banfakenews,1324
banfakenews,1766
banfakenews,804
banfakenews,1219
banfakenews,763
banfakenews,314
banfakenews,719
banfakenews,2537
banfakenews,1768
banfakenews,416
banfakenews,1219
banfakenews,759
banfakenews,601
banfakenews,1368
banfakenews,390
banfakenews,2093
banfakenews,2359
banfakenews,850
banfakenews,612
banfakenews,2705
banfakenews,800
banfakenews,1066
banfakenews,806
banfakenews,531
banfakenews,2630
banfakenews,1969
banfakenews,553
banfakenews,1303
banfakenews,1116
banfakenews,2185
banfakenews,443
banfakenews,621
banfakenews,1370
banfakenews,885
banfakenews,433
banfakenews,528
banfakenews,2155
banfakenews,1062
banfakenews,1804
banfakenews,193
banfakenews,1133
banfakenews,717
banfakenews,539
banfakenews,550
banfakenews,860
banfakenews,441
banfakenews,2227
banfakenews,538
banfakenews,389
banfakenews,6415
banfakenews,623
banfakenews,419
banfakenews,997
banfakenews,1180
banfakenews,3352
banfakenews,1239
banfakenews,436
banfakenews,468
banfakenews,1216
banfakenews,1601
banfakenews,1767
banfakenews,729
banfakenews,1562
banfakenews,1290
banfakenews,1844
banfakenews,816
banfakenews,422
banfakenews,1848
banfakenews,667
banfakenews,1518
banfakenews,2393
banfakenews,917
banfakenews,557
banfakenews,1007
banfakenews,328
banfakenews,1789
banfakenews,600
banfakenews,973
banfakenews,860
banfakenews,678
banfakenews,1979
banfakenews,426
banfakenews,1260
banfakenews,4461
banfakenews,227
banfakenews,1149
banfakenews,1815
banfakenews,3421
banfakenews,1696
banfakenews,2192
banfakenews,1085
banfakenews,1278
banfakenews,754
banfakenews,1198
banfakenews,2783
banfakenews,477
banfakenews,2840
banfakenews,992
banfakenews,514
banfakenews,722
banfakenews,865
banfakenews,455
banfakenews,2368
banfakenews,571
banfakenews,1333
banfakenews,589
banfakenews,486
banfakenews,2180
banfakenews,474
banfakenews,613
banfakenews,617
banfakenews,754
banfakenews,544
banfakenews,761
banfakenews,973
banfakenews,2050
banfakenews,871
banfakenews,652
banfakenews,359
banfakenews,589
banfakenews,2073
banfakenews,628
banfakenews,412
banfakenews,6399
banfakenews,2213
banfakenews,640
banfakenews,1948
banfakenews,670
banfakenews,537
banfakenews,1214
banfakenews,637
banfakenews,631
banfakenews,315
banfakenews,1570
banfakenews,1310
banfakenews,431
banfakenews,962
banfakenews,1204
banfakenews,533
banfakenews,749
banfakenews,900
banfakenews,478
banfakenews,735
banfakenews,718
banfakenews,507
banfakenews,596
banfakenews,2387
banfakenews,2017
banfakenews,870
banfakenews,446
banfakenews,3935
banfakenews,2746
banfakenews,486
banfakenews,384
banfakenews,434
banfakenews,496
banfakenews,1635
banfakenews,1053
banfakenews,1044
banfakenews,790
banfakenews,490
banfakenews,4054
banfakenews,993
banfakenews,1429
banfakenews,575
banfakenews,553
banfakenews,867
banfakenews,725
banfakenews,2293
banfakenews,852
banfakenews,1512
banfakenews,1299
banfakenews,3195
banfakenews,553
banfakenews,900
banfakenews,263
banfakenews,1400
banfakenews,890
banfakenews,2250
banfakenews,457
banfakenews,476
banfakenews,1384
banfakenews,889
banfakenews,359
banfakenews,505
banfakenews,1083
banfakenews,1243
banfakenews,1355
banfakenews,803
banfakenews,266
banfakenews,2449
banfakenews,1409
banfakenews,697
banfakenews,1079
banfakenews,984
banfakenews,1226
banfakenews,1673
banfakenews,741
banfakenews,563
banfakenews,848
banfakenews,379
banfakenews,1287
banfakenews,1048
banfakenews,582
banfakenews,3729
banfakenews,617
banfakenews,2066
banfakenews,950
banfakenews,1358
banfakenews,902
banfakenews,1328
banfakenews,404
banfakenews,1731
banfakenews,3466
banfakenews,1062
banfakenews,2262
banfakenews,424
banfakenews,2230
banfakenews,636
banfakenews,794
banfakenews,413
banfakenews,538
banfakenews,628
banfakenews,1051
banfakenews,813
banfakenews,705
banfakenews,529
banfakenews,638
banfakenews,876
banfakenews,996
banfakenews,1142
banfakenews,1643
banfakenews,2945
banfakenews,636
banfakenews,1279
banfakenews,1823
banfakenews,777
banfakenews,630
banfakenews,720
banfakenews,1135
banfakenews,825
banfakenews,1660
banfakenews,606
banfakenews,387
banfakenews,871
banfakenews,855
banfakenews,1126
banfakenews,573
banfakenews,416
banfakenews,335
banfakenews,550
banfakenews,241
banfakenews,1298
banfakenews,2381
banfakenews,748
banfakenews,615
banfakenews,979
banfakenews,820
banfakenews,1218
banfakenews,505
banfakenews,1321
banfakenews,1009
banfakenews,1191
banfakenews,863
banfakenews,1147
banfakenews,884
banfakenews,2031
banfakenews,2253
banfakenews,435
banfakenews,641
banfakenews,1054
banfakenews,1166
banfakenews,407
banfakenews,479
banfakenews,278
banfakenews,1199
banfakenews,1041
banfakenews,392
banfakenews,416
banfakenews,485
banfakenews,730
banfakenews,1630
banfakenews,489
banfakenews,438
banfakenews,1166
banfakenews,934
banfakenews,630
banfakenews,1087
banfakenews,1183
banfakenews,1803
banfakenews,681
banfakenews,2587
banfakenews,825
banfakenews,480
banfakenews,1163
banfakenews,847
banfakenews,631
banfakenews,944
banfakenews,722
banfakenews,3366
banfakenews,368
banfakenews,437
banfakenews,774
banfakenews,3526
banfakenews,476
banfakenews,2741
banfakenews,1247
banfakenews,2048
banfakenews,602
banfakenews,473
banfakenews,565
banfakenews,838
banfakenews,975
banfakenews,700
banfakenews,1179
banfakenews,1434
banfakenews,1129
banfakenews,627
banfakenews,837
banfakenews,540
banfakenews,1138
banfakenews,750
banfakenews,352
banfakenews,2414
banfakenews,622
banfakenews,496
banfakenews,1097
banfakenews,2256
banfakenews,982
banfakenews,1413
banfakenews,1126
banfakenews,1007
banfakenews,467
banfakenews,1486
banfakenews,711
banfakenews,739
banfakenews,2464
banfakenews,730
banfakenews,941
banfakenews,1138
banfakenews,2183
banfakenews,627
banfakenews,2170
banfakenews,467
banfakenews,736
banfakenews,2363
banfakenews,793
banfakenews,1443
banfakenews,1256
banfakenews,1196
banfakenews,1893
banfakenews,881
banfakenews,780
banfakenews,2218
banfakenews,1266
banfakenews,846
banfakenews,1155
banfakenews,743
banfakenews,1789
banfakenews,657
banfakenews,2353
banfakenews,690
banfakenews,3503
banfakenews,1632
banfakenews,390
banfakenews,738
banfakenews,880
banfakenews,624
banfakenews,668
banfakenews,931
banfakenews,1782
banfakenews,1397
banfakenews,1140
banfakenews,1496
banfakenews,785
banfakenews,696
banfakenews,711
banfakenews,544
banfakenews,497
banfakenews,978
banfakenews,853
banfakenews,616
banfakenews,506
banfakenews,2623
banfakenews,567
banfakenews,1304
banfakenews,627
banfakenews,1023
banfakenews,692
banfakenews,734
banfakenews,749
banfakenews,506
banfakenews,1219
banfakenews,1466
banfakenews,1305
banfakenews,1128
banfakenews,790
banfakenews,293
banfakenews,889
banfakenews,1068
banfakenews,585
banfakenews,2047
banfakenews,1256
banfakenews,213
banfakenews,615
banfakenews,2500
banfakenews,4144
banfakenews,539
banfakenews,358
banfakenews,899
banfakenews,611
banfakenews,1223
banfakenews,1089
banfakenews,895
banfakenews,637
banfakenews,1292
banfakenews,1279
banfakenews,445
banfakenews,2035
banfakenews,745
banfakenews,635
banfakenews,718
banfakenews,718
banfakenews,989
banfakenews,1042
banfakenews,1294
banfakenews,634
banfakenews,1488
banfakenews,943
banfakenews,948
banfakenews,1026
banfakenews,292
banfakenews,980
banfakenews,69
banfakenews,737
banfakenews,2181
banfakenews,752
banfakenews,703
banfakenews,1352
banfakenews,917
banfakenews,1467
banfakenews,966
banfakenews,2254
banfakenews,852
banfakenews,452
banfakenews,405
banfakenews,931
banfakenews,622
banfakenews,312
banfakenews,390
banfakenews,697
banfakenews,463
banfakenews,1530
banfakenews,372
banfakenews,542
banfakenews,509
banfakenews,1024
banfakenews,475
banfakenews,498
banfakenews,600
banfakenews,996
banfakenews,485
banfakenews,722
banfakenews,1473
banfakenews,602
banfakenews,1359
banfakenews,935
banfakenews,1054
banfakenews,761
banfakenews,635
banfakenews,357
banfakenews,731
banfakenews,824
banfakenews,1362
banfakenews,1575
banfakenews,924
banfakenews,514
banfakenews,1008
banfakenews,568
banfakenews,469
banfakenews,976
banfakenews,575
banfakenews,739
banfakenews,1102
banfakenews,873
banfakenews,596
banfakenews,1877
banfakenews,707
banfakenews,2178
banfakenews,1277
banfakenews,991
banfakenews,574
banfakenews,1591
banfakenews,474
banfakenews,1686
banfakenews,1337
banfakenews,571
banfakenews,1071
banfakenews,795
banfakenews,733
banfakenews,313
banfakenews,1298
banfakenews,836
banfakenews,1991
banfakenews,1379
banfakenews,2104
banfakenews,1447
banfakenews,3433
banfakenews,1172
banfakenews,1240
banfakenews,2376
banfakenews,1606
banfakenews,2611
banfakenews,400
banfakenews,351
banfakenews,590
banfakenews,405
banfakenews,2567
banfakenews,570
banfakenews,470
banfakenews,560
banfakenews,331
banfakenews,789
banfakenews,767
banfakenews,563
banfakenews,755
banfakenews,3853
banfakenews,695
banfakenews,927
banfakenews,637
banfakenews,865
banfakenews,709
banfakenews,2171
banfakenews,551
banfakenews,534
banfakenews,1727
banfakenews,394
banfakenews,846
banfakenews,872
banfakenews,663
banfakenews,524
banfakenews,1169
banfakenews,1618
banfakenews,2174
banfakenews,1366
banfakenews,291
banfakenews,351
banfakenews,724
banfakenews,862
banfakenews,1022
banfakenews,271
banfakenews,624
banfakenews,881
banfakenews,707
banfakenews,2160
banfakenews,800
banfakenews,1320
banfakenews,839
banfakenews,627
banfakenews,1058
banfakenews,1178
banfakenews,569
banfakenews,376
banfakenews,2282
banfakenews,1380
banfakenews,1105
banfakenews,491
banfakenews,603
banfakenews,824
banfakenews,479
banfakenews,668
banfakenews,529
banfakenews,5670
banfakenews,617
banfakenews,1189
banfakenews,1087
banfakenews,608
banfakenews,1564
banfakenews,408
banfakenews,1398
banfakenews,1706
banfakenews,734
banfakenews,475
banfakenews,947
banfakenews,1819
banfakenews,1272
banfakenews,754
banfakenews,975
banfakenews,559
banfakenews,449
banfakenews,1661
banfakenews,730
banfakenews,977
banfakenews,2081
banfakenews,1234
banfakenews,999
banfakenews,1014
banfakenews,436
banfakenews,850
banfakenews,268
banfakenews,763
banfakenews,865
banfakenews,1342
banfakenews,2115
banfakenews,607
banfakenews,1179
banfakenews,719
banfakenews,674
banfakenews,1144
banfakenews,505
banfakenews,664
banfakenews,1306
banfakenews,696
banfakenews,873
banfakenews,638
banfakenews,735
banfakenews,928
banfakenews,580
banfakenews,1092
banfakenews,745
banfakenews,827
banfakenews,2119
banfakenews,1181
banfakenews,1628
banfakenews,382
banfakenews,1099
banfakenews,1461
banfakenews,1004
banfakenews,560
banfakenews,3111
banfakenews,765
banfakenews,737
banfakenews,1937
banfakenews,1498
banfakenews,803
banfakenews,618
banfakenews,1228
banfakenews,640
banfakenews,1575
banfakenews,324
banfakenews,1401
banfakenews,1339
banfakenews,681
banfakenews,576
banfakenews,756
banfakenews,524
banfakenews,1584
banfakenews,489
banfakenews,1031
banfakenews,598
banfakenews,758
banfakenews,386
banfakenews,340
banfakenews,699
banfakenews,542
banfakenews,1151
banfakenews,2622
banfakenews,959
banfakenews,437
banfakenews,556
banfakenews,747
banfakenews,1262
banfakenews,831
banfakenews,1130
banfakenews,634
banfakenews,839
banfakenews,651
banfakenews,865
banfakenews,1996
banfakenews,987
banfakenews,668
banfakenews,2310
banfakenews,597
banfakenews,1896
banfakenews,304
banfakenews,329
banfakenews,943
banfakenews,402
banfakenews,1019
banfakenews,606
banfakenews,1001
banfakenews,680
banfakenews,1254
banfakenews,1359
banfakenews,792
banfakenews,300
banfakenews,1556
banfakenews,924
banfakenews,492
banfakenews,630
banfakenews,3332
banfakenews,435
banfakenews,4686
banfakenews,599
banfakenews,3195
banfakenews,1132
banfakenews,918
banfakenews,406
banfakenews,1324
banfakenews,895
banfakenews,481
banfakenews,505
banfakenews,960
banfakenews,1157
banfakenews,468
banfakenews,404
banfakenews,583
banfakenews,5091
banfakenews,1170
banfakenews,1339
banfakenews,736
banfakenews,3290
banfakenews,1893
banfakenews,628
banfakenews,865
banfakenews,799
banfakenews,1600
banfakenews,471
banfakenews,598
banfakenews,1024
banfakenews,765
banfakenews,742
banfakenews,1400
banfakenews,425
banfakenews,1958
banfakenews,1548
banfakenews,3044
banfakenews,1364
banfakenews,546
banfakenews,530
banfakenews,819
banfakenews,643
banfakenews,765
banfakenews,2300
banfakenews,440
banfakenews,1369
banfakenews,2212
banfakenews,1590
banfakenews,809
banfakenews,532
banfakenews,692
banfakenews,747
banfakenews,1103
banfakenews,1360
banfakenews,1427
banfakenews,587
banfakenews,1568
banfakenews,6151
banfakenews,394
banfakenews,1211
banfakenews,1395
banfakenews,574
banfakenews,2711
banfakenews,4446
banfakenews,1192
banfakenews,892
banfakenews,3900
banfakenews,629
banfakenews,528
banfakenews,524
banfakenews,400
banfakenews,1921
banfakenews,750
banfakenews,1020
banfakenews,2913
banfakenews,756
banfakenews,709
banfakenews,2270
banfakenews,1985
banfakenews,607
banfakenews,559
banfakenews,575
banfakenews,927
banfakenews,945
banfakenews,1196
banfakenews,668
banfakenews,775
banfakenews,688
banfakenews,2659
banfakenews,637
banfakenews,402
banfakenews,746
banfakenews,1139
banfakenews,326
banfakenews,512
banfakenews,580
banfakenews,1776
banfakenews,742
banfakenews,1092
banfakenews,822
banfakenews,818
banfakenews,578
banfakenews,905
banfakenews,355
banfakenews,1088
banfakenews,1455
banfakenews,1082
banfakenews,484
banfakenews,828
banfakenews,793
banfakenews,621
banfakenews,222
banfakenews,3150
banfakenews,507
banfakenews,668
banfakenews,2075
banfakenews,1043
banfakenews,1526
banfakenews,600
banfakenews,1141
banfakenews,830
banfakenews,1440
banfakenews,2086
banfakenews,547
banfakenews,462
banfakenews,403
banfakenews,1082
banfakenews,638
banfakenews,4329
banfakenews,822
banfakenews,1322
banfakenews,947
banfakenews,823
banfakenews,888
banfakenews,4004
banfakenews,308
banfakenews,1815
banfakenews,2347
banfakenews,488
banfakenews,1138
banfakenews,1212
banfakenews,1029
banfakenews,611
banfakenews,1214
banfakenews,563
banfakenews,700
banfakenews,2148
banfakenews,490
banfakenews,922
banfakenews,384
banfakenews,5192
banfakenews,3070
banfakenews,870
banfakenews,712
banfakenews,722
banfakenews,1176
banfakenews,755
banfakenews,525
banfakenews,1771
banfakenews,415
banfakenews,548
banfakenews,1406
banfakenews,225
banfakenews,1418
banfakenews,1434
banfakenews,601
banfakenews,580
banfakenews,3368
banfakenews,980
banfakenews,1153
banfakenews,1887
banfakenews,1112
banfakenews,644
banfakenews,598
banfakenews,750
banfakenews,2184
banfakenews,452
banfakenews,1479
banfakenews,569
banfakenews,1697
banfakenews,1567
banfakenews,453
banfakenews,341
banfakenews,1017
banfakenews,804
banfakenews,965
banfakenews,1120
banfakenews,5002
banfakenews,438
banfakenews,3415
banfakenews,920
banfakenews,531
banfakenews,1894
banfakenews,987
banfakenews,5228
banfakenews,362
banfakenews,1027
banfakenews,1361
banfakenews,541
banfakenews,1110
banfakenews,572
banfakenews,746
banfakenews,2175
banfakenews,1825
banfakenews,5299
banfakenews,1981
banfakenews,1177
banfakenews,403
banfakenews,3986
banfakenews,652
banfakenews,795
banfakenews,1131
banfakenews,686
banfakenews,602
banfakenews,2558
banfakenews,3559
banfakenews,999
banfakenews,2410
banfakenews,1021
banfakenews,880
banfakenews,4328
banfakenews,1969
banfakenews,2040
banfakenews,723
banfakenews,1408
banfakenews,333
banfakenews,813
banfakenews,423
banfakenews,903
banfakenews,1148
banfakenews,1485
banfakenews,1346
banfakenews,2658
banfakenews,358
banfakenews,1180
banfakenews,2410
banfakenews,1225
banfakenews,1287
banfakenews,746
banfakenews,2016
banfakenews,830
banfakenews,1142
banfakenews,1456
banfakenews,576
banfakenews,587
banfakenews,369
banfakenews,1756
banfakenews,921
banfakenews,886
banfakenews,1770
banfakenews,321
banfakenews,1483
banfakenews,2497
banfakenews,811
banfakenews,780
banfakenews,477
banfakenews,1449
banfakenews,1019
banfakenews,417
banfakenews,937
banfakenews,914
banfakenews,436
banfakenews,2929
banfakenews,2004
banfakenews,2753
banfakenews,438
banfakenews,872
banfakenews,1223
banfakenews,748
banfakenews,1135
banfakenews,379
banfakenews,624
banfakenews,1590
banfakenews,1730
banfakenews,692
banfakenews,1559
banfakenews,1158
banfakenews,5119
banfakenews,879
banfakenews,1706
banfakenews,1821
banfakenews,2174
banfakenews,875
banfakenews,777
banfakenews,1775
banfakenews,379
banfakenews,993
banfakenews,473
banfakenews,1555
banfakenews,703
banfakenews,943
banfakenews,418
banfakenews,719
banfakenews,504
banfakenews,645
banfakenews,413
banfakenews,1422
banfakenews,2546
banfakenews,2085
banfakenews,426
banfakenews,3879
banfakenews,930
banfakenews,1000
banfakenews,347
banfakenews,1656
banfakenews,1245
banfakenews,1753
banfakenews,1923
banfakenews,1120
banfakenews,1895
banfakenews,1068
banfakenews,389
banfakenews,629
banfakenews,1379
banfakenews,659
banfakenews,1035
banfakenews,855
banfakenews,1094
banfakenews,626
banfakenews,544
banfakenews,1631
banfakenews,1058
banfakenews,1340
banfakenews,616
banfakenews,1340
banfakenews,418
banfakenews,304
banfakenews,2476
banfakenews,464
banfakenews,1119
banfakenews,308
banfakenews,1342
banfakenews,290
banfakenews,647
banfakenews,896
banfakenews,457
banfakenews,575
banfakenews,2830
banfakenews,1159
banfakenews,1916
banfakenews,786
banfakenews,633
banfakenews,1206
banfakenews,4492
banfakenews,497
banfakenews,268
banfakenews,1531
banfakenews,761
banfakenews,634
banfakenews,617
banfakenews,1733
banfakenews,621
banfakenews,1232
banfakenews,604
banfakenews,1341
banfakenews,631
banfakenews,836
banfakenews,2404
banfakenews,2235
banfakenews,547
banfakenews,485
banfakenews,586
banfakenews,908
banfakenews,1420
banfakenews,1808
banfakenews,1728
banfakenews,1924
banfakenews,915
banfakenews,1380
banfakenews,794
banfakenews,2025
banfakenews,340
banfakenews,1566
banfakenews,959
banfakenews,1691
banfakenews,468
banfakenews,1048
banfakenews,474
banfakenews,1605
banfakenews,2001
banfakenews,765
banfakenews,854
banfakenews,900
banfakenews,748
banfakenews,1348
banfakenews,726
banfakenews,431
banfakenews,1794
banfakenews,1183
banfakenews,453
banfakenews,691
banfakenews,518
banfakenews,1022
banfakenews,334
banfakenews,1133
banfakenews,994
banfakenews,880
banfakenews,5073
banfakenews,859
banfakenews,1739
banfakenews,601
banfakenews,487
banfakenews,987
banfakenews,485
banfakenews,592
banfakenews,410
banfakenews,786
banfakenews,1123
banfakenews,638
banfakenews,1227
banfakenews,404
banfakenews,2147
banfakenews,961
banfakenews,843
banfakenews,923
banfakenews,415
banfakenews,584
banfakenews,260
banfakenews,1613
banfakenews,520
banfakenews,300
banfakenews,948
banfakenews,4059
banfakenews,2195
banfakenews,401
banfakenews,661
banfakenews,843
banfakenews,673
banfakenews,1025
banfakenews,1094
banfakenews,527
banfakenews,2277
banfakenews,1050
banfakenews,952
banfakenews,347
banfakenews,623
banfakenews,1777
banfakenews,2174
banfakenews,489
banfakenews,640
banfakenews,992
banfakenews,455
banfakenews,550
banfakenews,1010
banfakenews,2053
banfakenews,343
banfakenews,743
banfakenews,1669
banfakenews,465
banfakenews,371
banfakenews,1018
banfakenews,1461
banfakenews,2161
banfakenews,2223
banfakenews,1080
banfakenews,331
banfakenews,1225
banfakenews,643
banfakenews,791
banfakenews,302
banfakenews,447
banfakenews,599
banfakenews,2885
banfakenews,967
banfakenews,975
banfakenews,1270
banfakenews,563
banfakenews,2722
banfakenews,933
banfakenews,367
banfakenews,660
banfakenews,3368
banfakenews,729
banfakenews,956
banfakenews,1292
banfakenews,938
banfakenews,507
banfakenews,356
banfakenews,1590
banfakenews,725
banfakenews,496
banfakenews,405
banfakenews,1544
banfakenews,1519
banfakenews,642
banfakenews,1489
banfakenews,759
banfakenews,1413
banfakenews,356
banfakenews,389
banfakenews,691
banfakenews,739
banfakenews,1354
banfakenews,262
banfakenews,1992
banfakenews,766
banfakenews,641
banfakenews,697
banfakenews,1035
banfakenews,1114
banfakenews,1356
banfakenews,1159
banfakenews,1296
banfakenews,1105
banfakenews,1338
banfakenews,1009
banfakenews,1800
banfakenews,834
banfakenews,878
banfakenews,538
banfakenews,337
banfakenews,675
banfakenews,2816
banfakenews,586
banfakenews,608
banfakenews,1218
banfakenews,803
banfakenews,441
banfakenews,607
banfakenews,7585
banfakenews,736
banfakenews,385
banfakenews,709
banfakenews,1663
banfakenews,483
banfakenews,921
banfakenews,1955
banfakenews,768
banfakenews,409
banfakenews,613
banfakenews,1288
banfakenews,687
banfakenews,461
banfakenews,503
banfakenews,1260
banfakenews,1486
banfakenews,750
banfakenews,485
banfakenews,550
banfakenews,1470
banfakenews,1391
banfakenews,3145
banfakenews,582
banfakenews,450
banfakenews,752
banfakenews,607
banfakenews,969
banfakenews,1206
banfakenews,2458
banfakenews,1753
banfakenews,260
banfakenews,1316
banfakenews,563
banfakenews,887
banfakenews,383
banfakenews,1226
banfakenews,4235
banfakenews,1157
banfakenews,1627
banfakenews,1156
banfakenews,808
banfakenews,176
banfakenews,1768
banfakenews,553
banfakenews,885
banfakenews,1498
banfakenews,519
banfakenews,2621
banfakenews,958
banfakenews,704
banfakenews,1268
banfakenews,382
banfakenews,973
banfakenews,1249
banfakenews,2838
banfakenews,617
banfakenews,935
banfakenews,537
banfakenews,503
banfakenews,761
banfakenews,898
banfakenews,771
banfakenews,4462
banfakenews,743
banfakenews,2791
banfakenews,1332
banfakenews,700
banfakenews,569
banfakenews,539
banfakenews,883
banfakenews,757
banfakenews,626
banfakenews,752
banfakenews,1369
banfakenews,616
banfakenews,632
banfakenews,503
banfakenews,504
banfakenews,1042
banfakenews,475
banfakenews,1108
banfakenews,424
banfakenews,673
banfakenews,449
banfakenews,2392
banfakenews,583
banfakenews,2219
banfakenews,1169
banfakenews,302
banfakenews,506
banfakenews,1063
banfakenews,1311
banfakenews,577
banfakenews,369
banfakenews,714
banfakenews,441
banfakenews,1381
banfakenews,443
banfakenews,1947
banfakenews,1235
banfakenews,556
banfakenews,867
banfakenews,482
banfakenews,2346
banfakenews,525
banfakenews,1078
banfakenews,1060
banfakenews,629
banfakenews,570
banfakenews,510
banfakenews,897
banfakenews,1538
banfakenews,555
banfakenews,875
banfakenews,694
banfakenews,966
banfakenews,2625
banfakenews,400
banfakenews,928
banfakenews,1538
banfakenews,1155
banfakenews,627
banfakenews,288
banfakenews,1318
banfakenews,951
banfakenews,540
banfakenews,1401
banfakenews,2172
banfakenews,507
banfakenews,1033
banfakenews,823
banfakenews,1643
banfakenews,540
banfakenews,516
banfakenews,1175
banfakenews,560
banfakenews,585
banfakenews,852
banfakenews,1194
banfakenews,1344
banfakenews,668
banfakenews,372
banfakenews,1666
banfakenews,859
banfakenews,814
banfakenews,397
banfakenews,2840
banfakenews,791
banfakenews,1134
banfakenews,1161
banfakenews,790
banfakenews,1030
banfakenews,773
banfakenews,3592
banfakenews,482
banfakenews,1093
banfakenews,869
banfakenews,1097
banfakenews,1053
banfakenews,1223
banfakenews,2896
banfakenews,442
banfakenews,635
banfakenews,1948
banfakenews,2542
banfakenews,1754
banfakenews,453
banfakenews,2133
banfakenews,1750
banfakenews,627
banfakenews,618
banfakenews,601
banfakenews,3474
banfakenews,1151
banfakenews,1923
banfakenews,659
banfakenews,864
banfakenews,553
banfakenews,1377
banfakenews,992
banfakenews,755
banfakenews,1266
banfakenews,390
banfakenews,1474
banfakenews,1901
banfakenews,2651
banfakenews,1351
banfakenews,1369
banfakenews,838
banfakenews,985
banfakenews,3012
banfakenews,636
banfakenews,884
banfakenews,1017
banfakenews,1080
banfakenews,2577
banfakenews,1126
banfakenews,752
banfakenews,1687
banfakenews,1043
banfakenews,380
banfakenews,1057
banfakenews,524
banfakenews,1125
banfakenews,777
banfakenews,1703
banfakenews,2349
banfakenews,425
banfakenews,926
banfakenews,466
banfakenews,2480
banfakenews,1205
banfakenews,1024
banfakenews,710
banfakenews,1071
banfakenews,5194
banfakenews,426
banfakenews,698
banfakenews,1392
banfakenews,494
banfakenews,633
banfakenews,1756
banfakenews,764
banfakenews,684
banfakenews,1857
banfakenews,572
banfakenews,403
banfakenews,1165
banfakenews,663
banfakenews,606
banfakenews,599
banfakenews,1472
banfakenews,610
banfakenews,1182
banfakenews,1089
banfakenews,544
banfakenews,544
banfakenews,808
banfakenews,3360
banfakenews,644
banfakenews,1392
banfakenews,846
banfakenews,793
banfakenews,2904
banfakenews,1213
banfakenews,331
banfakenews,813
banfakenews,1229
banfakenews,517
banfakenews,969
banfakenews,1031
banfakenews,620
banfakenews,1004
banfakenews,1696
banfakenews,1625
banfakenews,1424
banfakenews,915
banfakenews,240
banfakenews,913
banfakenews,1365
banfakenews,2378
banfakenews,419
banfakenews,382
banfakenews,308
banfakenews,318
banfakenews,960
banfakenews,1091
banfakenews,652
banfakenews,372
banfakenews,2009
banfakenews,1039
banfakenews,546
banfakenews,312
banfakenews,2510
banfakenews,3155
banfakenews,647
banfakenews,1354
banfakenews,451
banfakenews,1012
banfakenews,971
banfakenews,611
banfakenews,340
banfakenews,2212
banfakenews,653
banfakenews,1109
banfakenews,437
banfakenews,1019
banfakenews,489
banfakenews,1216
banfakenews,305
banfakenews,566
banfakenews,437
banfakenews,858
banfakenews,390
banfakenews,1592
banfakenews,1003
banfakenews,1137
banfakenews,1335
banfakenews,1564
banfakenews,988
banfakenews,789
banfakenews,1645
banfakenews,1623
banfakenews,1393
banfakenews,524
banfakenews,223
banfakenews,1093
banfakenews,1022
banfakenews,327
banfakenews,434
banfakenews,416
banfakenews,1110
banfakenews,1418
banfakenews,615
banfakenews,793
banfakenews,374
banfakenews,1129
banfakenews,422
banfakenews,931
banfakenews,1537
banfakenews,1792
banfakenews,1016
banfakenews,863
banfakenews,268
banfakenews,791
banfakenews,759
banfakenews,1416
banfakenews,3218
banfakenews,601
banfakenews,2275
banfakenews,590
banfakenews,751
banfakenews,571
banfakenews,1595
banfakenews,872
banfakenews,381
banfakenews,1330
banfakenews,1465
banfakenews,576
banfakenews,547
banfakenews,300
banfakenews,2081
banfakenews,1645
banfakenews,1050
banfakenews,636
banfakenews,771
banfakenews,746
banfakenews,1182
banfakenews,440
banfakenews,875
banfakenews,706
banfakenews,950
banfakenews,943
banfakenews,918
banfakenews,616
banfakenews,1008
banfakenews,1044
banfakenews,1135
banfakenews,878
banfakenews,1117
banfakenews,520
banfakenews,1070
banfakenews,1038
banfakenews,1740
banfakenews,247
banfakenews,407
banfakenews,538
banfakenews,1032
banfakenews,805
banfakenews,476
banfakenews,682
banfakenews,1382
banfakenews,516
banfakenews,1255
banfakenews,3156
banfakenews,4980
banfakenews,276
banfakenews,250
banfakenews,464
banfakenews,518
banfakenews,2525
banfakenews,1036
banfakenews,908
banfakenews,3905
banfakenews,1318
banfakenews,872
banfakenews,1982
banfakenews,2708
banfakenews,1527
banfakenews,507
banfakenews,1704
banfakenews,3399
banfakenews,520
banfakenews,389
banfakenews,1414
banfakenews,606
banfakenews,533
banfakenews,946
banfakenews,849
banfakenews,1042
banfakenews,489
banfakenews,284
banfakenews,592
banfakenews,675
banfakenews,520
banfakenews,686
banfakenews,1262
banfakenews,590
banfakenews,701
banfakenews,538
banfakenews,1163
banfakenews,832
banfakenews,331
banfakenews,670
banfakenews,650
banfakenews,718
banfakenews,802
banfakenews,11054
banfakenews,978
banfakenews,1173
banfakenews,1026
banfakenews,1369
banfakenews,433
banfakenews,678
banfakenews,812
banfakenews,1388
banfakenews,290
banfakenews,475
banfakenews,934
banfakenews,961
banfakenews,1339
banfakenews,1523
banfakenews,962
banfakenews,723
banfakenews,2157
banfakenews,2153
banfakenews,2831
banfakenews,1042
banfakenews,755
banfakenews,528
banfakenews,2210
banfakenews,575
banfakenews,621
banfakenews,659
banfakenews,430
banfakenews,1264
banfakenews,600
banfakenews,832
banfakenews,640
banfakenews,970
banfakenews,756
banfakenews,418
banfakenews,572
banfakenews,977
banfakenews,359
banfakenews,568
banfakenews,1287
banfakenews,4381
banfakenews,1448
banfakenews,2097
banfakenews,801
banfakenews,469
banfakenews,955
banfakenews,519
banfakenews,2424
banfakenews,986
banfakenews,701
banfakenews,784
banfakenews,1444
banfakenews,3023
banfakenews,1212
banfakenews,628
banfakenews,601
banfakenews,737
banfakenews,1403
banfakenews,1141
banfakenews,891
banfakenews,1206
banfakenews,1295
banfakenews,374
banfakenews,653
banfakenews,1561
banfakenews,620
banfakenews,531
banfakenews,1661
banfakenews,543
banfakenews,1088
banfakenews,884
banfakenews,359
banfakenews,996
banfakenews,682
banfakenews,338
banfakenews,1204
banfakenews,639
banfakenews,1401
banfakenews,490
banfakenews,1132
banfakenews,2648
banfakenews,569
banfakenews,1341
banfakenews,1237
banfakenews,1261
banfakenews,1489
banfakenews,2199
banfakenews,491
banfakenews,2037
banfakenews,851
banfakenews,719
banfakenews,1030
banfakenews,1053
banfakenews,1562
banfakenews,845
banfakenews,1128
banfakenews,276
banfakenews,380
banfakenews,942
banfakenews,602
banfakenews,1072
banfakenews,1964
banfakenews,807
banfakenews,322
banfakenews,4975
banfakenews,694
banfakenews,1184
banfakenews,260
banfakenews,1085
banfakenews,782
banfakenews,984
banfakenews,6681
banfakenews,980
banfakenews,494
banfakenews,1053
banfakenews,3018
banfakenews,711
banfakenews,1904
banfakenews,2577
banfakenews,358
banfakenews,1312
banfakenews,1299
banfakenews,3315
banfakenews,303
banfakenews,2669
banfakenews,948
banfakenews,437
banfakenews,1245
banfakenews,1129
banfakenews,366
banfakenews,2711
banfakenews,1180
banfakenews,609
banfakenews,1600
banfakenews,463
banfakenews,1321
banfakenews,461
banfakenews,1810
banfakenews,992
banfakenews,430
banfakenews,575
banfakenews,1289
banfakenews,2158
banfakenews,407
banfakenews,625
banfakenews,1048
banfakenews,743
banfakenews,558
banfakenews,391
banfakenews,1304
banfakenews,662
banfakenews,1226
banfakenews,263
banfakenews,1387
banfakenews,351
banfakenews,445
banfakenews,917
banfakenews,423
banfakenews,1438
banfakenews,1104
banfakenews,1668
banfakenews,1208
banfakenews,2531
banfakenews,828
banfakenews,342
banfakenews,455
banfakenews,385
banfakenews,1106
banfakenews,1451
banfakenews,1111
banfakenews,616
banfakenews,342
banfakenews,1976
banfakenews,712
banfakenews,594
banfakenews,1541
banfakenews,1584
banfakenews,713
banfakenews,575
banfakenews,1644
banfakenews,1691
banfakenews,2203
banfakenews,441
banfakenews,1163
banfakenews,1486
banfakenews,393
banfakenews,1742
banfakenews,974
banfakenews,657
banfakenews,410
banfakenews,1189
banfakenews,979
banfakenews,454
banfakenews,1116
banfakenews,561
banfakenews,622
banfakenews,1241
banfakenews,824
banfakenews,504
banfakenews,491
banfakenews,1069
banfakenews,1125
banfakenews,1088
banfakenews,378
banfakenews,388
banfakenews,629
banfakenews,1311
banfakenews,1836
banfakenews,1400
banfakenews,634
banfakenews,703
banfakenews,774
banfakenews,984
banfakenews,829
banfakenews,1649
banfakenews,621
banfakenews,6680
banfakenews,1329
banfakenews,861
banfakenews,631
banfakenews,950
banfakenews,696
banfakenews,274
banfakenews,732
banfakenews,1536
banfakenews,2150
banfakenews,672
banfakenews,2912
banfakenews,419
banfakenews,385
banfakenews,905
banfakenews,885
banfakenews,2261
banfakenews,324
banfakenews,1947
banfakenews,677
banfakenews,922
banfakenews,704
banfakenews,752
banfakenews,516
banfakenews,1761
banfakenews,1165
banfakenews,865
banfakenews,743
banfakenews,605
banfakenews,384
banfakenews,1654
banfakenews,2906
banfakenews,849
banfakenews,1047
banfakenews,688
banfakenews,667
banfakenews,1376
banfakenews,361
banfakenews,731
banfakenews,566
banfakenews,1171
banfakenews,335
banfakenews,1032
banfakenews,587
banfakenews,737
banfakenews,4270
banfakenews,985
banfakenews,2906
banfakenews,865
banfakenews,655
banfakenews,439
banfakenews,3057
banfakenews,1979
banfakenews,395
banfakenews,359
banfakenews,746
banfakenews,982
banfakenews,1138
banfakenews,2103
banfakenews,1011
banfakenews,318
banfakenews,452
banfakenews,1655
banfakenews,1067
banfakenews,946
banfakenews,853
banfakenews,956
banfakenews,684
banfakenews,308
banfakenews,1201
banfakenews,363
banfakenews,1241
banfakenews,918
banfakenews,899
banfakenews,1835
banfakenews,1159
banfakenews,943
banfakenews,910
banfakenews,355
banfakenews,343
banfakenews,13307
banfakenews,784
banfakenews,782
banfakenews,1093
banfakenews,1485
banfakenews,1084
banfakenews,718
banfakenews,660
banfakenews,857
banfakenews,3488
banfakenews,676
banfakenews,601
banfakenews,472
banfakenews,3692
banfakenews,1141
banfakenews,937
banfakenews,2553
banfakenews,723
banfakenews,776
banfakenews,470
banfakenews,365
banfakenews,4275
banfakenews,692
banfakenews,669
banfakenews,2379
banfakenews,1049
banfakenews,4913
banfakenews,697
banfakenews,4195
banfakenews,433
banfakenews,422
banfakenews,827
banfakenews,468
banfakenews,442
banfakenews,717
banfakenews,1129
banfakenews,2049
banfakenews,1441
banfakenews,1740
banfakenews,579
banfakenews,1418
banfakenews,4878
banfakenews,598
banfakenews,736
banfakenews,2646
banfakenews,1254
banfakenews,1195
banfakenews,400
banfakenews,1337
banfakenews,867
banfakenews,474
banfakenews,330
banfakenews,515
banfakenews,873
banfakenews,331
banfakenews,990
banfakenews,1422
banfakenews,1129
banfakenews,638
banfakenews,1715
banfakenews,748
banfakenews,419
banfakenews,308
banfakenews,2208
banfakenews,923
banfakenews,809
banfakenews,504
banfakenews,571
banfakenews,793
banfakenews,2468
banfakenews,536
banfakenews,6609
banfakenews,907
banfakenews,361
banfakenews,324
banfakenews,1088
banfakenews,723
banfakenews,650
banfakenews,664
banfakenews,868
banfakenews,677
banfakenews,1148
banfakenews,458
banfakenews,976
banfakenews,868
banfakenews,2090
banfakenews,762
banfakenews,630
banfakenews,1092
banfakenews,1035
banfakenews,349
banfakenews,1526
banfakenews,2695
banfakenews,688
banfakenews,1698
banfakenews,1089
banfakenews,3193
banfakenews,625
banfakenews,1046
banfakenews,548
banfakenews,1582
banfakenews,593
banfakenews,552
banfakenews,1477
banfakenews,794
banfakenews,314
banfakenews,793
banfakenews,959
banfakenews,3453
banfakenews,1076
banfakenews,886
banfakenews,1093
banfakenews,880
banfakenews,690
banfakenews,607
banfakenews,1468
banfakenews,1210
banfakenews,2277
banfakenews,278
banfakenews,1747
banfakenews,1032
banfakenews,490
banfakenews,796
banfakenews,531
banfakenews,1503
banfakenews,6331
banfakenews,1177
banfakenews,672
banfakenews,1552
banfakenews,1289
banfakenews,4276
banfakenews,424
banfakenews,474
banfakenews,677
banfakenews,1650
banfakenews,544
banfakenews,434
banfakenews,2043
banfakenews,573
banfakenews,509
banfakenews,801
banfakenews,214
banfakenews,577
banfakenews,679
banfakenews,555
banfakenews,367
banfakenews,1846
banfakenews,712
banfakenews,1881
banfakenews,457
banfakenews,1054
banfakenews,1566
banfakenews,319
banfakenews,1098
banfakenews,528
banfakenews,666
banfakenews,862
banfakenews,717
banfakenews,446
banfakenews,976
banfakenews,1066
banfakenews,491
banfakenews,1445
banfakenews,200
banfakenews,308
banfakenews,646
banfakenews,411
banfakenews,1191
banfakenews,1032
banfakenews,1325
banfakenews,1873
banfakenews,582
banfakenews,1291
banfakenews,1135
banfakenews,764
banfakenews,567
banfakenews,371
banfakenews,622
banfakenews,1091
banfakenews,2347
banfakenews,1109
banfakenews,1220
banfakenews,1848
banfakenews,803
banfakenews,735
banfakenews,453
banfakenews,1444
banfakenews,1461
banfakenews,610
banfakenews,743
banfakenews,992
banfakenews,2055
banfakenews,3549
banfakenews,778
banfakenews,589
banfakenews,1006
banfakenews,1297
banfakenews,812
banfakenews,4439
banfakenews,786
banfakenews,771
banfakenews,209
banfakenews,975
banfakenews,544
banfakenews,779
banfakenews,1680
banfakenews,743
banfakenews,1786
banfakenews,951
banfakenews,655
banfakenews,3030
banfakenews,899
banfakenews,337
banfakenews,641
banfakenews,338
banfakenews,721
banfakenews,528
banfakenews,941
banfakenews,787
banfakenews,3021
banfakenews,986
banfakenews,1261
banfakenews,768
banfakenews,1420
banfakenews,608
banfakenews,779
banfakenews,540
banfakenews,1049
banfakenews,573
banfakenews,871
banfakenews,747
banfakenews,3204
banfakenews,767
banfakenews,678
banfakenews,586
banfakenews,1527
banfakenews,465
banfakenews,624
banfakenews,1329
banfakenews,1470
banfakenews,1395
banfakenews,1508
banfakenews,367
banfakenews,2046
banfakenews,670
banfakenews,1056
banfakenews,328
banfakenews,379
banfakenews,1531
banfakenews,1317
banfakenews,607
banfakenews,1440
banfakenews,691
banfakenews,3496
banfakenews,1884
banfakenews,1394
banfakenews,1671
banfakenews,2053
banfakenews,531
banfakenews,877
banfakenews,304
banfakenews,810
banfakenews,565
banfakenews,717
banfakenews,1057
banfakenews,324
banfakenews,610
banfakenews,544
banfakenews,5394
banfakenews,2976
banfakenews,1316
banfakenews,385
banfakenews,1141
banfakenews,240
banfakenews,739
banfakenews,765
banfakenews,1693
banfakenews,317
banfakenews,385
banfakenews,773
banfakenews,1273
banfakenews,945
banfakenews,1384
banfakenews,2427
banfakenews,1450
banfakenews,838
banfakenews,718
banfakenews,486
banfakenews,480
banfakenews,373
banfakenews,913
banfakenews,2360
banfakenews,325
banfakenews,1845
banfakenews,1185
banfakenews,1360
banfakenews,410
banfakenews,1603
banfakenews,995
banfakenews,656
banfakenews,2809
banfakenews,974
banfakenews,33
banfakenews,863
banfakenews,612
banfakenews,1493
banfakenews,864
banfakenews,618
banfakenews,704
banfakenews,877
banfakenews,998
banfakenews,704
banfakenews,757
banfakenews,771
banfakenews,1994
banfakenews,3886
banfakenews,1360
banfakenews,1053
banfakenews,586
banfakenews,377
banfakenews,2341
banfakenews,1564
banfakenews,921
banfakenews,307
banfakenews,1556
banfakenews,1224
banfakenews,2160
banfakenews,486
banfakenews,1877
banfakenews,587
banfakenews,700
banfakenews,1415
banfakenews,937
banfakenews,2463
banfakenews,1167
banfakenews,2058
banfakenews,1041
banfakenews,855
banfakenews,2108
banfakenews,766
banfakenews,1382
banfakenews,808
banfakenews,1322
banfakenews,673
banfakenews,400
banfakenews,1818
banfakenews,669
banfakenews,790
banfakenews,735
banfakenews,482
banfakenews,667
banfakenews,1384
banfakenews,766
banfakenews,1021
banfakenews,523
banfakenews,740
banfakenews,1123
banfakenews,1860
banfakenews,333
banfakenews,4461
banfakenews,1599
banfakenews,900
banfakenews,809
banfakenews,926
banfakenews,821
banfakenews,1456
banfakenews,2308
banfakenews,2375
banfakenews,643
banfakenews,1118
banfakenews,794
banfakenews,433
banfakenews,296
banfakenews,862
banfakenews,408
banfakenews,1208
banfakenews,682
banfakenews,487
banfakenews,367
banfakenews,1179
banfakenews,761
banfakenews,935
banfakenews,749
banfakenews,1277
banfakenews,1357
banfakenews,882
banfakenews,842
banfakenews,2140
banfakenews,647
banfakenews,1277
banfakenews,1430
banfakenews,1016
banfakenews,643
banfakenews,769
banfakenews,589
banfakenews,1587
banfakenews,852
banfakenews,438
banfakenews,562
banfakenews,525
banfakenews,410
banfakenews,1374
banfakenews,1271
banfakenews,1284
banfakenews,377
banfakenews,667
banfakenews,339
banfakenews,1312
banfakenews,1171
banfakenews,975
banfakenews,503
banfakenews,395
banfakenews,638
banfakenews,602
banfakenews,521
banfakenews,849
banfakenews,862
banfakenews,3211
banfakenews,729
banfakenews,908
banfakenews,314
banfakenews,743
banfakenews,356
banfakenews,1601
banfakenews,4346
banfakenews,458
banfakenews,733
banfakenews,885
banfakenews,1920
banfakenews,843
banfakenews,812
banfakenews,3206
banfakenews,447
banfakenews,422
banfakenews,529
banfakenews,2195
banfakenews,1682
banfakenews,818
banfakenews,1153
banfakenews,1032
banfakenews,2423
banfakenews,848
banfakenews,1543
banfakenews,669
banfakenews,1041
banfakenews,1266
banfakenews,1300
banfakenews,1454
banfakenews,710
banfakenews,828
banfakenews,1521
banfakenews,1223
banfakenews,912
banfakenews,1034
banfakenews,807
banfakenews,1132
banfakenews,1130
banfakenews,757
banfakenews,988
banfakenews,2311
banfakenews,970
banfakenews,2196
banfakenews,392
banfakenews,1115
banfakenews,730
banfakenews,1318
banfakenews,1410
banfakenews,583
banfakenews,435
banfakenews,2350
banfakenews,1190
banfakenews,2271
banfakenews,352
banfakenews,310
banfakenews,1087
banfakenews,5101
banfakenews,502
banfakenews,621
banfakenews,3856
banfakenews,835
banfakenews,861
banfakenews,645
banfakenews,1770
banfakenews,3103
banfakenews,748
banfakenews,344
banfakenews,545
banfakenews,2807
banfakenews,1047
banfakenews,2303
banfakenews,913
banfakenews,1872
banfakenews,1051
banfakenews,493
banfakenews,980
banfakenews,348
banfakenews,900
banfakenews,927
banfakenews,2135
banfakenews,2227
banfakenews,477
banfakenews,942
banfakenews,957
banfakenews,1883
banfakenews,2475
banfakenews,544
banfakenews,749
banfakenews,816
banfakenews,500
banfakenews,470
banfakenews,501
banfakenews,755
banfakenews,441
banfakenews,1105
banfakenews,396
banfakenews,865
banfakenews,1389
banfakenews,314
banfakenews,429
banfakenews,377
banfakenews,1080
banfakenews,505
banfakenews,896
banfakenews,697
banfakenews,348
banfakenews,332
banfakenews,2537
banfakenews,329
banfakenews,834
banfakenews,2322
banfakenews,1029
banfakenews,1434
banfakenews,697
banfakenews,1076
banfakenews,586
banfakenews,732
banfakenews,969
banfakenews,297
banfakenews,472
banfakenews,848
banfakenews,1341
banfakenews,1118
banfakenews,615
banfakenews,721
banfakenews,419
banfakenews,681
banfakenews,396
banfakenews,875
banfakenews,1318
banfakenews,1668
banfakenews,567
banfakenews,1556
banfakenews,429
banfakenews,643
banfakenews,535
banfakenews,593
banfakenews,486
banfakenews,1458
banfakenews,869
banfakenews,1331
banfakenews,314
banfakenews,994
banfakenews,1060
banfakenews,3232
banfakenews,4999
banfakenews,760
banfakenews,1855
banfakenews,772
banfakenews,606
banfakenews,1346
banfakenews,1642
banfakenews,870
banfakenews,2169
banfakenews,824
banfakenews,718
banfakenews,2520
banfakenews,723
banfakenews,287
banfakenews,1068
banfakenews,2077
banfakenews,1719
banfakenews,544
banfakenews,906
banfakenews,390
banfakenews,2049
banfakenews,1049
banfakenews,1178
banfakenews,1366
banfakenews,322
banfakenews,425
banfakenews,528
banfakenews,1185
banfakenews,2007
banfakenews,836
banfakenews,384
banfakenews,1031
banfakenews,808
banfakenews,584
banfakenews,291
banfakenews,600
banfakenews,1612
banfakenews,1529
banfakenews,696
banfakenews,1063
banfakenews,886
banfakenews,3373
banfakenews,639
banfakenews,189
banfakenews,694
banfakenews,867
banfakenews,263
banfakenews,519
banfakenews,249
banfakenews,840
banfakenews,601
banfakenews,753
banfakenews,4980
banfakenews,1661
banfakenews,1017
banfakenews,1178
banfakenews,694
banfakenews,1405
banfakenews,2355
banfakenews,532
banfakenews,450
banfakenews,1174
banfakenews,3496
banfakenews,735
banfakenews,3372
banfakenews,567
banfakenews,755
banfakenews,977
banfakenews,726
banfakenews,952
banfakenews,1157
banfakenews,438
banfakenews,279
banfakenews,3276
banfakenews,393
banfakenews,1042
banfakenews,895
banfakenews,1815
banfakenews,323
banfakenews,565
banfakenews,1165
banfakenews,924
banfakenews,523
banfakenews,533
banfakenews,1017
banfakenews,914
banfakenews,1056
banfakenews,1789
banfakenews,997
banfakenews,770
banfakenews,597
banfakenews,1222
banfakenews,571
banfakenews,265
banfakenews,1157
banfakenews,531
banfakenews,1189
banfakenews,875
banfakenews,489
banfakenews,1111
banfakenews,3869
banfakenews,1001
banfakenews,824
banfakenews,1042
banfakenews,406
banfakenews,1673
banfakenews,270
banfakenews,1063
banfakenews,2803
banfakenews,1614
banfakenews,822
banfakenews,989
banfakenews,1005
banfakenews,562
banfakenews,1229
banfakenews,855
banfakenews,1066
banfakenews,447
banfakenews,964
banfakenews,1555
banfakenews,621
banfakenews,627
banfakenews,699
banfakenews,769
banfakenews,2331
banfakenews,2724
banfakenews,907
banfakenews,1047
banfakenews,185
banfakenews,1100
banfakenews,750
banfakenews,540
banfakenews,625
banfakenews,2621
banfakenews,691
banfakenews,761
banfakenews,1175
banfakenews,372
banfakenews,1095
banfakenews,510
banfakenews,692
banfakenews,691
banfakenews,1476
banfakenews,4018
banfakenews,896
banfakenews,1068
banfakenews,905
banfakenews,1379
banfakenews,1396
banfakenews,319
banfakenews,532
banfakenews,1048
banfakenews,330
banfakenews,1703
banfakenews,652
banfakenews,2256
banfakenews,469
banfakenews,846
banfakenews,4159
banfakenews,2981
banfakenews,983
banfakenews,823
banfakenews,764
banfakenews,1492
banfakenews,967
banfakenews,490
banfakenews,301
banfakenews,890
banfakenews,2646
banfakenews,850
banfakenews,667
banfakenews,1814
banfakenews,499
banfakenews,1368
banfakenews,841
banfakenews,586
banfakenews,772
banfakenews,5613
banfakenews,1424
banfakenews,443
banfakenews,2055
banfakenews,2367
banfakenews,918
banfakenews,3025
banfakenews,553
banfakenews,598
banfakenews,276
banfakenews,1185
banfakenews,335
banfakenews,322
banfakenews,581
banfakenews,444
banfakenews,1292
banfakenews,472
banfakenews,1449
banfakenews,2215
banfakenews,649
banfakenews,353
banfakenews,1099
banfakenews,926
banfakenews,472
banfakenews,1008
banfakenews,666
banfakenews,2066
banfakenews,1361
banfakenews,1345
banfakenews,3051
banfakenews,2666
banfakenews,642
banfakenews,402
banfakenews,1041
banfakenews,475
banfakenews,848
banfakenews,1743
banfakenews,937
banfakenews,756
banfakenews,699
banfakenews,901
banfakenews,1142
banfakenews,173
banfakenews,439
banfakenews,1757
banfakenews,642
banfakenews,437
banfakenews,756
banfakenews,3055
banfakenews,585
banfakenews,2005
banfakenews,1141
banfakenews,768
banfakenews,1425
banfakenews,791
banfakenews,911
banfakenews,2110
banfakenews,440
banfakenews,683
banfakenews,958
banfakenews,1025
banfakenews,1137
banfakenews,826
banfakenews,2185
banfakenews,614
banfakenews,941
banfakenews,1758
banfakenews,622
banfakenews,1662
banfakenews,1148
banfakenews,527
banfakenews,1415
banfakenews,968
banfakenews,800
banfakenews,882
banfakenews,914
banfakenews,1083
banfakenews,459
banfakenews,997
banfakenews,1475
banfakenews,754
banfakenews,1735
banfakenews,1095
banfakenews,684
banfakenews,284
banfakenews,1027
banfakenews,489
banfakenews,479
banfakenews,543
banfakenews,592
banfakenews,1819
banfakenews,587
banfakenews,574
banfakenews,697
banfakenews,412
banfakenews,658
banfakenews,2500
banfakenews,1621
banfakenews,370
banfakenews,281
banfakenews,1426
banfakenews,496
banfakenews,273
banfakenews,943
banfakenews,1001
banfakenews,1529
banfakenews,390
banfakenews,3173
banfakenews,595
banfakenews,1835
banfakenews,841
banfakenews,1533
banfakenews,586
banfakenews,786
banfakenews,646
banfakenews,678
banfakenews,1357
banfakenews,1044
banfakenews,630
banfakenews,620
banfakenews,1274
banfakenews,737
banfakenews,758
banfakenews,901
banfakenews,422
banfakenews,1128
banfakenews,1434
banfakenews,579
banfakenews,335
banfakenews,969
banfakenews,2284
banfakenews,605
banfakenews,1480
banfakenews,2085
banfakenews,273
banfakenews,2069
banfakenews,449
banfakenews,2648
banfakenews,1388
banfakenews,975
banfakenews,1318
banfakenews,373
banfakenews,786
banfakenews,2297
banfakenews,1292
banfakenews,596
banfakenews,727
banfakenews,347
banfakenews,1602
banfakenews,3878
banfakenews,1068
banfakenews,1437
banfakenews,651
banfakenews,4277
banfakenews,1423
banfakenews,639
banfakenews,987
banfakenews,295
banfakenews,785
banfakenews,417
banfakenews,1385
banfakenews,1448
banfakenews,715
banfakenews,631
banfakenews,366
banfakenews,124
banfakenews,461
banfakenews,716
banfakenews,849
banfakenews,401
banfakenews,371
banfakenews,827
banfakenews,828
banfakenews,734
banfakenews,453
banfakenews,590
banfakenews,528
banfakenews,557
banfakenews,548
banfakenews,765
banfakenews,3334
banfakenews,973
banfakenews,1729
banfakenews,3008
banfakenews,2091
banfakenews,2797
banfakenews,1027
banfakenews,464
banfakenews,500
banfakenews,726
banfakenews,751
banfakenews,600
banfakenews,1710
banfakenews,529
banfakenews,619
banfakenews,617
banfakenews,1589
banfakenews,510
banfakenews,1373
banfakenews,1207
banfakenews,7410
banfakenews,373
banfakenews,585
banfakenews,318
banfakenews,1216
banfakenews,866
banfakenews,1732
banfakenews,946
banfakenews,2358
banfakenews,289
banfakenews,1169
banfakenews,1034
banfakenews,558
banfakenews,898
banfakenews,1331
banfakenews,1608
banfakenews,918
banfakenews,430
banfakenews,636
banfakenews,782
banfakenews,1084
banfakenews,744
banfakenews,2056
banfakenews,1110
banfakenews,671
banfakenews,2038
banfakenews,778
banfakenews,600
banfakenews,2895
banfakenews,691
banfakenews,958
banfakenews,1664
banfakenews,1114
banfakenews,340
banfakenews,1184
banfakenews,1368
banfakenews,1449
banfakenews,562
banfakenews,640
banfakenews,2053
banfakenews,1284
banfakenews,912
banfakenews,738
banfakenews,856
banfakenews,596
banfakenews,254
banfakenews,1123
banfakenews,3686
banfakenews,570
banfakenews,488
banfakenews,1120
banfakenews,738
banfakenews,632
banfakenews,1077
banfakenews,1221
banfakenews,657
banfakenews,699
banfakenews,1334
banfakenews,642
banfakenews,417
banfakenews,1200
banfakenews,788
banfakenews,1379
banfakenews,767
banfakenews,318
banfakenews,730
banfakenews,495
banfakenews,831
banfakenews,848
banfakenews,1044
banfakenews,467
banfakenews,528
banfakenews,1139
banfakenews,972
banfakenews,932
banfakenews,998
banfakenews,677
banfakenews,354
banfakenews,724
banfakenews,1254
banfakenews,672
banfakenews,726
banfakenews,870
banfakenews,632
banfakenews,252
banfakenews,329
banfakenews,407
banfakenews,338
banfakenews,1638
banfakenews,266
banfakenews,1091
banfakenews,1099
banfakenews,561
banfakenews,545
banfakenews,268
banfakenews,777
banfakenews,608
banfakenews,1056
banfakenews,736
banfakenews,1279
banfakenews,1116
banfakenews,576
banfakenews,871
banfakenews,1874
banfakenews,1397
banfakenews,749
banfakenews,324
banfakenews,283
banfakenews,2049
banfakenews,1104
banfakenews,1384
banfakenews,632
banfakenews,612
banfakenews,1057
banfakenews,835
banfakenews,544
banfakenews,1797
banfakenews,844
banfakenews,762
banfakenews,1264
banfakenews,435
banfakenews,552
banfakenews,972
banfakenews,1328
banfakenews,450
banfakenews,164
banfakenews,659
banfakenews,603
banfakenews,653
banfakenews,679
banfakenews,732
banfakenews,810
banfakenews,322
banfakenews,33
banfakenews,813
banfakenews,359
banfakenews,458
banfakenews,320
banfakenews,315
banfakenews,1139
banfakenews,185
banfakenews,1388
banfakenews,1092
banfakenews,985
banfakenews,1222
banfakenews,463
banfakenews,496
banfakenews,257
banfakenews,1096
banfakenews,788
banfakenews,3161
banfakenews,316
banfakenews,709
banfakenews,586
banfakenews,1194
banfakenews,1407
banfakenews,886
banfakenews,411
banfakenews,620
banfakenews,655
banfakenews,848
banfakenews,1386
banfakenews,893
banfakenews,701
banfakenews,1115
banfakenews,494
banfakenews,890
banfakenews,1027
banfakenews,2654
banfakenews,2442
banfakenews,1415
banfakenews,4525
banfakenews,434
banfakenews,922
banfakenews,850
banfakenews,1003
banfakenews,690
banfakenews,994
banfakenews,568
banfakenews,2193
banfakenews,638
banfakenews,1682
banfakenews,392
banfakenews,493
banfakenews,799
banfakenews,1604
banfakenews,6444
banfakenews,276
banfakenews,702
banfakenews,273
banfakenews,782
banfakenews,1271
banfakenews,636
banfakenews,530
banfakenews,486
banfakenews,1404
banfakenews,374
banfakenews,1061
banfakenews,294
banfakenews,755
banfakenews,759
banfakenews,566
banfakenews,454
banfakenews,1623
banfakenews,486
banfakenews,658
banfakenews,502
banfakenews,869
banfakenews,509
banfakenews,663
banfakenews,409
banfakenews,537
banfakenews,2979
banfakenews,483
banfakenews,778
banfakenews,746
banfakenews,357
banfakenews,892
banfakenews,961
banfakenews,165
banfakenews,324
banfakenews,1221
banfakenews,1732
banfakenews,704
banfakenews,807
banfakenews,779
banfakenews,667
banfakenews,670
banfakenews,411
banfakenews,804
banfakenews,411
banfakenews,644
banfakenews,2183
banfakenews,501
banfakenews,1341
banfakenews,939
banfakenews,1220
banfakenews,472
banfakenews,468
banfakenews,1174
banfakenews,628
banfakenews,594
banfakenews,972
banfakenews,576
banfakenews,828
banfakenews,797
banfakenews,383
banfakenews,680
banfakenews,1374
banfakenews,1163
banfakenews,3528
banfakenews,659
banfakenews,255
banfakenews,1900
banfakenews,351
banfakenews,388
banfakenews,329
banfakenews,511
banfakenews,542
banfakenews,662
banfakenews,530
banfakenews,1569
banfakenews,802
banfakenews,304
banfakenews,993
banfakenews,305
banfakenews,1375
banfakenews,416
banfakenews,1003
banfakenews,295
banfakenews,3164
banfakenews,1326
banfakenews,898
banfakenews,1487
banfakenews,686
banfakenews,432
banfakenews,1168
banfakenews,781
banfakenews,565
banfakenews,599
banfakenews,425
banfakenews,1050
banfakenews,500
banfakenews,252
banfakenews,502
banfakenews,554
banfakenews,1041
banfakenews,1323
banfakenews,447
banfakenews,776
banfakenews,1097
banfakenews,1282
banfakenews,1444
banfakenews,488
banfakenews,1101
banfakenews,870
banfakenews,1379
banfakenews,907
banfakenews,744
banfakenews,1016
banfakenews,960
banfakenews,596
banfakenews,1637
banfakenews,1248
banfakenews,1124
banfakenews,625
banfakenews,1026
banfakenews,524
banfakenews,411
banfakenews,711
banfakenews,1151
banfakenews,822
banfakenews,407
banfakenews,780
banfakenews,534
banfakenews,438
banfakenews,254
banfakenews,989
banfakenews,1299
banfakenews,1330
banfakenews,357
banfakenews,2174
banfakenews,703
banfakenews,648
banfakenews,661
banfakenews,425
banfakenews,568
banfakenews,799
banfakenews,574
banfakenews,1280
banfakenews,621
banfakenews,800
banfakenews,594
banfakenews,431
banfakenews,5929
banfakenews,372
banfakenews,1820
banfakenews,880
banfakenews,798
banfakenews,974
banfakenews,312
banfakenews,867
banfakenews,887
banfakenews,982
banfakenews,710
banfakenews,576
banfakenews,565
banfakenews,489
banfakenews,298
banfakenews,460
banfakenews,1091
banfakenews,668
banfakenews,355
banfakenews,894
banfakenews,457
banfakenews,279
banfakenews,970
banfakenews,479
banfakenews,1243
banfakenews,1516
banfakenews,1027
banfakenews,369
banfakenews,293
banfakenews,928
banfakenews,1045
banfakenews,889
banfakenews,1058
banfakenews,366
banfakenews,383
banfakenews,830
banfakenews,372
banfakenews,762
banfakenews,477
banfakenews,404
banfakenews,1112
banfakenews,1372
banfakenews,1886
banfakenews,1355
banfakenews,894
banfakenews,1212
banfakenews,3826
banfakenews,1077
banfakenews,560
banfakenews,367
banfakenews,1411
banfakenews,731
banfakenews,610
banfakenews,322
banfakenews,711
banfakenews,1073
banfakenews,732
banfakenews,377
banfakenews,341
banfakenews,506
banfakenews,611
banfakenews,363
banfakenews,1188
banfakenews,687
banfakenews,716
banfakenews,840
banfakenews,511
banfakenews,801
banfakenews,769
banfakenews,1487
banfakenews,621
banfakenews,324
banfakenews,554
banfakenews,2358
banfakenews,498
banfakenews,269
banfakenews,1280
banfakenews,1340
banfakenews,644
banfakenews,674
banfakenews,1043
banfakenews,1193
banfakenews,1689
banfakenews,712
banfakenews,312
banfakenews,697
banfakenews,618
banfakenews,453
banfakenews,384
banfakenews,1027
banfakenews,322
banfakenews,1082
banfakenews,972
banfakenews,553
banfakenews,447
banfakenews,1679
banfakenews,1347
banfakenews,385
banfakenews,425
banfakenews,778
banfakenews,692
banfakenews,794
banfakenews,1585
banfakenews,690
banfakenews,2129
banfakenews,900
banfakenews,892
banfakenews,553
banfakenews,547
banfakenews,705
banfakenews,1475
banfakenews,1348
banfakenews,408
banfakenews,451
banfakenews,572
banfakenews,846
banfakenews,833
banfakenews,286
banfakenews,546
banfakenews,231
banfakenews,952
banfakenews,629
banfakenews,617
banfakenews,599
banfakenews,337
banfakenews,1000
banfakenews,911
banfakenews,1677
banfakenews,287
banfakenews,1442
banfakenews,1730
banfakenews,2088
banfakenews,1676
banfakenews,715
banfakenews,595
banfakenews,879
banfakenews,583
banfakenews,780
banfakenews,311
banfakenews,743
banfakenews,2362
banfakenews,674
banfakenews,668
banfakenews,788
banfakenews,719
banfakenews,1442
banfakenews,2219
banfakenews,781
banfakenews,4619
banfakenews,1680
banfakenews,901
banfakenews,546
banfakenews,604
banfakenews,1246
banfakenews,950
banfakenews,2630
banfakenews,953
banfakenews,631
banfakenews,906
banfakenews,1121
banfakenews,492
banfakenews,577
banfakenews,2247
banfakenews,718
banfakenews,835
banfakenews,306
banfakenews,938
banfakenews,539
banfakenews,1038
banfakenews,876
banfakenews,601
banfakenews,1292
banfakenews,841
banfakenews,570
banfakenews,398
banfakenews,954
banfakenews,1681
banfakenews,751
banfakenews,961
banfakenews,655
banfakenews,341
banfakenews,1622
banfakenews,1438
banfakenews,861
banfakenews,536
banfakenews,885
banfakenews,1788
banfakenews,674
banfakenews,855
banfakenews,528
banfakenews,606
banfakenews,571
banfakenews,2449
banfakenews,742
banfakenews,948
banfakenews,627
banfakenews,511
banfakenews,449
banfakenews,696
banfakenews,856
banfakenews,1628
banfakenews,542
banfakenews,914
banfakenews,720
banfakenews,897
banfakenews,791
banfakenews,315
banfakenews,3610
banfakenews,361
banfakenews,808
banfakenews,788
banfakenews,630
banfakenews,1414
banfakenews,2247
banfakenews,2186
banfakenews,1925
banfakenews,1193
banfakenews,630
banfakenews,311
banfakenews,671
banfakenews,444
banfakenews,1108
banfakenews,425
banfakenews,1775
banfakenews,335
banfakenews,625
banfakenews,311
banfakenews,69
banfakenews,602
banfakenews,1269
banfakenews,1079
banfakenews,495
banfakenews,1856
banfakenews,661
banfakenews,736
banfakenews,413
banfakenews,621
banfakenews,515
banfakenews,442
banfakenews,1478
banfakenews,755
banfakenews,348
banfakenews,281
banfakenews,882
banfakenews,948
banfakenews,358
banfakenews,1571
banfakenews,907
banfakenews,717
banfakenews,401
banfakenews,607
banfakenews,552
banfakenews,911
banfakenews,342
banfakenews,445
banfakenews,342
banfakenews,1864
banfakenews,656
banfakenews,388
banfakenews,271
banfakenews,782
banfakenews,809
banfakenews,847
banfakenews,586
banfakenews,732
banfakenews,1411
banfakenews,781
banfakenews,484
banfakenews,405
banfakenews,1300
banfakenews,1011
banfakenews,359
banfakenews,1147
banfakenews,1699
banfakenews,1308
banfakenews,638
banfakenews,502
banfakenews,580
banfakenews,2246
banfakenews,391
banfakenews,1284
banfakenews,886
banfakenews,582
banfakenews,710
banfakenews,538
banfakenews,553
banfakenews,1190
banfakenews,616
banfakenews,2748
banfakenews,430
banfakenews,840
banfakenews,544
banfakenews,843
banfakenews,2133
banfakenews,958
banfakenews,402
banfakenews,1966
banfakenews,1314
banfakenews,657
banfakenews,538
banfakenews,866
banfakenews,1480
banfakenews,290
banfakenews,517
banfakenews,348
banfakenews,868
banfakenews,554
banfakenews,540
banfakenews,1180
banfakenews,512
banfakenews,939
banfakenews,916
banfakenews,209
banfakenews,676
banfakenews,1410
banfakenews,938
banfakenews,627
banfakenews,361
banfakenews,1160
banfakenews,373
banfakenews,652
banfakenews,666
banfakenews,1206
banfakenews,394
banfakenews,576
banfakenews,807
banfakenews,1675
banfakenews,854
banfakenews,470
banfakenews,1592
banfakenews,776
banfakenews,630
banfakenews,412
banfakenews,1086
banfakenews,1116
banfakenews,1531
banfakenews,947
banfakenews,539
banfakenews,183
banfakenews,1308
banfakenews,1131
banfakenews,723
banfakenews,1053
banfakenews,911
banfakenews,2449
banfakenews,384
banfakenews,514
banfakenews,874
banfakenews,463
banfakenews,363
banfakenews,956
banfakenews,549
banfakenews,1393
banfakenews,844
banfakenews,507
banfakenews,465
banfakenews,1145
banfakenews,514
banfakenews,702
banfakenews,752
banfakenews,873
banfakenews,554
banfakenews,826
banfakenews,1330
banfakenews,1069
banfakenews,928
banfakenews,1055
banfakenews,1181
banfakenews,476
banfakenews,734
banfakenews,713
banfakenews,1126
banfakenews,1816
banfakenews,753
banfakenews,1085
banfakenews,853
banfakenews,1454
banfakenews,775
banfakenews,744
banfakenews,733
banfakenews,673
banfakenews,1174
banfakenews,737
banfakenews,434
banfakenews,2803
banfakenews,2471
banfakenews,452
banfakenews,2228
banfakenews,1194
banfakenews,400
banfakenews,317
banfakenews,449
banfakenews,584
banfakenews,1179
banfakenews,1069
banfakenews,618
banfakenews,456
banfakenews,457
banfakenews,527
banfakenews,1033
banfakenews,771
banfakenews,423
banfakenews,2247
banfakenews,824
banfakenews,1674
banfakenews,547
banfakenews,855
banfakenews,833
banfakenews,294
banfakenews,698
banfakenews,3379
banfakenews,1463
banfakenews,396
banfakenews,1011
banfakenews,856
banfakenews,413
banfakenews,1020
banfakenews,1355
banfakenews,864
banfakenews,1102
banfakenews,1102
banfakenews,473
banfakenews,814
banfakenews,271
banfakenews,824
banfakenews,410
banfakenews,565
banfakenews,1423
banfakenews,642
banfakenews,568
banfakenews,1021
banfakenews,1376
banfakenews,1357
banfakenews,478
banfakenews,451
banfakenews,697
banfakenews,1548
banfakenews,703
banfakenews,1257
banfakenews,455
banfakenews,1620
banfakenews,1115
banfakenews,683
banfakenews,692
banfakenews,3471
banfakenews,269
banfakenews,780
banfakenews,921
banfakenews,911
banfakenews,884
banfakenews,853
banfakenews,571
banfakenews,743
banfakenews,1192
banfakenews,530
banfakenews,618
banfakenews,426
banfakenews,402
banfakenews,375
banfakenews,1332
banfakenews,417
banfakenews,697
banfakenews,324
banfakenews,1314
banfakenews,1028
banfakenews,681
banfakenews,746
banfakenews,1788
banfakenews,663
banfakenews,1431
banfakenews,1173
banfakenews,642
banfakenews,1468
banfakenews,331
banfakenews,772
banfakenews,522
banfakenews,337
banfakenews,320
banfakenews,870
banfakenews,256
banfakenews,1410
banfakenews,813
banfakenews,631
banfakenews,1307
banfakenews,1121
banfakenews,327
banfakenews,797
banfakenews,1144
banfakenews,669
banfakenews,484
banfakenews,578
banfakenews,2224
banfakenews,765
banfakenews,1441
banfakenews,742
banfakenews,639
banfakenews,324
banfakenews,918
banfakenews,650
banfakenews,3134
banfakenews,592
banfakenews,348
banfakenews,524
banfakenews,801
banfakenews,886
banfakenews,3715
banfakenews,1241
banfakenews,553
banfakenews,1433
banfakenews,1194
banfakenews,1798
banfakenews,2101
banfakenews,805
banfakenews,1365
banfakenews,1007
banfakenews,1098
banfakenews,696
banfakenews,863
banfakenews,489
banfakenews,1044
banfakenews,900
banfakenews,298
banfakenews,715
banfakenews,540
banfakenews,1315
banfakenews,566
banfakenews,553
banfakenews,954
banfakenews,1255
banfakenews,381
banfakenews,1112
banfakenews,347
banfakenews,297
banfakenews,614
banfakenews,811
banfakenews,978
banfakenews,620
banfakenews,450
banfakenews,980
banfakenews,396
banfakenews,2414
banfakenews,825
banfakenews,809
banfakenews,352
banfakenews,543
banfakenews,684
banfakenews,712
banfakenews,460
banfakenews,564
banfakenews,577
banfakenews,631
banfakenews,818
banfakenews,332
banfakenews,1424
banfakenews,1232
banfakenews,962
banfakenews,902
banfakenews,511
banfakenews,404
banfakenews,870
banfakenews,603
banfakenews,477
banfakenews,700
banfakenews,569
banfakenews,1317
banfakenews,297
banfakenews,512
banfakenews,1550
banfakenews,722
banfakenews,2123
banfakenews,392
banfakenews,693
banfakenews,298
banfakenews,1077
banfakenews,1135
banfakenews,566
banfakenews,1041
banfakenews,1026
banfakenews,2129
banfakenews,470
banfakenews,591
banfakenews,725
banfakenews,6583
banfakenews,692
banfakenews,397
banfakenews,768
banfakenews,1999
banfakenews,954
banfakenews,718
banfakenews,598
banfakenews,775
banfakenews,406
banfakenews,727
banfakenews,1018
banfakenews,578
banfakenews,1031
banfakenews,769
banfakenews,1138
banfakenews,609
banfakenews,631
banfakenews,613
banfakenews,373
banfakenews,388
banfakenews,514
banfakenews,1059
banfakenews,423
banfakenews,1671
banfakenews,375
banfakenews,1030
banfakenews,590
banfakenews,784
banfakenews,1916
banfakenews,951
banfakenews,2408
banfakenews,924
banfakenews,1295
banfakenews,359
banfakenews,1412
banfakenews,263
banfakenews,604
banfakenews,326
banfakenews,1591
banfakenews,1117
banfakenews,1174
banfakenews,961
banfakenews,489
banfakenews,2165
banfakenews,6071
banfakenews,686
banfakenews,582
banfakenews,264
banfakenews,355
banfakenews,648
banfakenews,425
banfakenews,1692
banfakenews,1207
banfakenews,447
banfakenews,632
banfakenews,704
banfakenews,562
banfakenews,1265
banfakenews,2400
banfakenews,827
banfakenews,545
banfakenews,845
banfakenews,1434
banfakenews,264
banfakenews,655
banfakenews,566
banfakenews,314
banfakenews,1896
banfakenews,1865
banfakenews,1029
banfakenews,528
banfakenews,899
banfakenews,796
banfakenews,1763
banfakenews,43
banfakenews,4052
banfakenews,1367
banfakenews,1018
banfakenews,879
banfakenews,1094
banfakenews,643
banfakenews,1360
banfakenews,693
banfakenews,695
banfakenews,872
banfakenews,1452
banfakenews,258
banfakenews,3017
banfakenews,949
banfakenews,1650
banfakenews,942
banfakenews,351
banfakenews,484
banfakenews,670
banfakenews,1820
banfakenews,543
banfakenews,1781
banfakenews,605
banfakenews,682
banfakenews,804
banfakenews,929
banfakenews,469
banfakenews,341
banfakenews,750
banfakenews,572
banfakenews,905
banfakenews,674
banfakenews,1220
banfakenews,1229
banfakenews,287
banfakenews,1726
banfakenews,1988
banfakenews,954
banfakenews,638
banfakenews,944
banfakenews,715
banfakenews,702
banfakenews,34
banfakenews,1261
banfakenews,1208
banfakenews,497
banfakenews,849
banfakenews,474
banfakenews,990
banfakenews,641
banfakenews,387
banfakenews,670
banfakenews,276
banfakenews,545
banfakenews,1531
banfakenews,1918
banfakenews,329
banfakenews,1185
banfakenews,801
banfakenews,805
banfakenews,432
banfakenews,2165
banfakenews,708
banfakenews,1055
banfakenews,2101
banfakenews,707
banfakenews,341
banfakenews,532
banfakenews,651
banfakenews,439
banfakenews,1282
banfakenews,1139
banfakenews,1573
banfakenews,908
banfakenews,1561
banfakenews,790
banfakenews,263
banfakenews,941
banfakenews,2744
banfakenews,1003
banfakenews,1041
banfakenews,1156
banfakenews,897
banfakenews,756
banfakenews,603
banfakenews,1128
banfakenews,544
banfakenews,1866
banfakenews,1152
banfakenews,480
banfakenews,164
banfakenews,500
banfakenews,707
banfakenews,1338
banfakenews,404
banfakenews,764
banfakenews,2544
banfakenews,514
banfakenews,490
banfakenews,1743
banfakenews,1036
banfakenews,2130
banfakenews,796
banfakenews,1980
banfakenews,924
banfakenews,496
banfakenews,584
banfakenews,955
banfakenews,577
banfakenews,536
banfakenews,2066
banfakenews,590
banfakenews,1074
banfakenews,536
banfakenews,500
banfakenews,744
banfakenews,659
banfakenews,930
banfakenews,599
banfakenews,1131
banfakenews,1811
banfakenews,747
banfakenews,460
banfakenews,384
banfakenews,551
banfakenews,718
banfakenews,861
banfakenews,1452
banfakenews,1443
banfakenews,321
banfakenews,748
banfakenews,720
banfakenews,1134
banfakenews,514
banfakenews,1256
banfakenews,728
banfakenews,626
banfakenews,1444
banfakenews,1323
banfakenews,753
banfakenews,565
banfakenews,280
banfakenews,1674
banfakenews,751
banfakenews,54
banfakenews,560
banfakenews,425
banfakenews,1553
banfakenews,918
banfakenews,1080
banfakenews,440
banfakenews,753
banfakenews,452
banfakenews,407
banfakenews,736
banfakenews,807
banfakenews,939
banfakenews,977
banfakenews,482
banfakenews,296
banfakenews,1970
banfakenews,1290
banfakenews,935
banfakenews,2546
banfakenews,1016
banfakenews,706
banfakenews,348
banfakenews,1257
banfakenews,1853
banfakenews,1291
banfakenews,1211
banfakenews,1397
banfakenews,607
banfakenews,708
banfakenews,1536
banfakenews,1011
banfakenews,512
banfakenews,1025
banfakenews,1588
banfakenews,430
banfakenews,463
banfakenews,454
banfakenews,605
banfakenews,586
banfakenews,671
banfakenews,1950
banfakenews,340
banfakenews,1427
banfakenews,375
banfakenews,881
banfakenews,581
banfakenews,562
banfakenews,268
banfakenews,690
banfakenews,651
banfakenews,970
banfakenews,869
banfakenews,300
banfakenews,1082
banfakenews,974
banfakenews,658
banfakenews,2456
banfakenews,929
banfakenews,816
banfakenews,1295
banfakenews,308
banfakenews,2199
banfakenews,381
banfakenews,346
banfakenews,991
banfakenews,675
banfakenews,736
banfakenews,515
banfakenews,677
banfakenews,873
banfakenews,817
banfakenews,646
banfakenews,358
banfakenews,955
banfakenews,589
banfakenews,395
banfakenews,812
banfakenews,447
banfakenews,319
banfakenews,334
banfakenews,1832
banfakenews,1217
banfakenews,704
banfakenews,417
banfakenews,607
banfakenews,714
banfakenews,617
banfakenews,1097
banfakenews,4254
banfakenews,3398
banfakenews,1836
banfakenews,353
banfakenews,558
banfakenews,507
banfakenews,892
banfakenews,567
banfakenews,924
banfakenews,984
banfakenews,658
banfakenews,4752
banfakenews,1328
banfakenews,2146
banfakenews,708
banfakenews,1304
banfakenews,709
banfakenews,956
banfakenews,1176
banfakenews,848
banfakenews,1030
banfakenews,345
banfakenews,436
banfakenews,1604
banfakenews,605
banfakenews,340
banfakenews,683
banfakenews,662
banfakenews,624
banfakenews,905
banfakenews,770
banfakenews,1158
banfakenews,1351
banfakenews,1764
banfakenews,720
banfakenews,2322
banfakenews,408
banfakenews,854
banfakenews,43
banfakenews,1027
banfakenews,635
banfakenews,356
banfakenews,337
banfakenews,975
banfakenews,617
banfakenews,646
banfakenews,262
banfakenews,393
banfakenews,1404
banfakenews,883
banfakenews,574
banfakenews,1537
banfakenews,619
banfakenews,1988
banfakenews,969
banfakenews,670
banfakenews,708
banfakenews,5959
banfakenews,2669
banfakenews,734
banfakenews,922
banfakenews,4883
banfakenews,2089
banfakenews,522
banfakenews,1465
banfakenews,993
banfakenews,629
banfakenews,619
banfakenews,337
banfakenews,797
banfakenews,989
banfakenews,845
banfakenews,609
banfakenews,1165
banfakenews,257
banfakenews,703
banfakenews,952
banfakenews,1468
banfakenews,394
banfakenews,658
banfakenews,286
banfakenews,1133
banfakenews,347
banfakenews,3801
banfakenews,518
banfakenews,1108
banfakenews,596
banfakenews,904
banfakenews,415
banfakenews,325
banfakenews,1703
banfakenews,1289
banfakenews,524
banfakenews,740
banfakenews,699
banfakenews,510
banfakenews,876
banfakenews,3013
banfakenews,1062
banfakenews,1353
banfakenews,1122
banfakenews,773
banfakenews,1634
banfakenews,1274
banfakenews,1147
banfakenews,471
banfakenews,895
banfakenews,616
banfakenews,2227
banfakenews,1545
banfakenews,819
banfakenews,885
banfakenews,633
banfakenews,1135
banfakenews,570
banfakenews,585
banfakenews,356
banfakenews,553
banfakenews,775
banfakenews,808
banfakenews,1160
banfakenews,422
banfakenews,478
banfakenews,617
banfakenews,676
banfakenews,710
banfakenews,1236
banfakenews,578
banfakenews,606
banfakenews,327
banfakenews,845
banfakenews,698
banfakenews,550
banfakenews,1350
banfakenews,2465
banfakenews,1020
banfakenews,325
banfakenews,832
banfakenews,885
banfakenews,335
banfakenews,431
banfakenews,1178
banfakenews,1080
banfakenews,651
banfakenews,3558
banfakenews,429
banfakenews,1161
banfakenews,732
banfakenews,781
banfakenews,533
banfakenews,413
banfakenews,890
banfakenews,423
banfakenews,1022
banfakenews,1347
banfakenews,583
banfakenews,807
banfakenews,780
banfakenews,664
banfakenews,662
banfakenews,590
banfakenews,297
banfakenews,687
banfakenews,524
banfakenews,894
banfakenews,893
banfakenews,547
banfakenews,647
banfakenews,1355
banfakenews,2349
banfakenews,682
banfakenews,678
banfakenews,719
banfakenews,498
banfakenews,781
banfakenews,307
banfakenews,631
banfakenews,501
banfakenews,436
banfakenews,381
banfakenews,1152
banfakenews,1102
banfakenews,613
banfakenews,1147
banfakenews,924
banfakenews,906
banfakenews,2779
banfakenews,1837
banfakenews,690
banfakenews,779
banfakenews,273
banfakenews,460
banfakenews,2439
banfakenews,687
banfakenews,720
banfakenews,418
banfakenews,1118
banfakenews,2532
banfakenews,501
banfakenews,390
banfakenews,643
banfakenews,981
banfakenews,421
banfakenews,897
banfakenews,1670
banfakenews,284
banfakenews,665
banfakenews,349
banfakenews,152
banfakenews,799
banfakenews,702
banfakenews,1494
banfakenews,537
banfakenews,1161
banfakenews,949
banfakenews,2206
banfakenews,1120
banfakenews,567
banfakenews,648
banfakenews,241
banfakenews,1029
banfakenews,275
banfakenews,710
banfakenews,464
banfakenews,2131
banfakenews,1597
banfakenews,593
banfakenews,675
banfakenews,1851
banfakenews,1062
banfakenews,302
banfakenews,705
banfakenews,514
banfakenews,864
banfakenews,339
banfakenews,363
banfakenews,60
banfakenews,875
banfakenews,476
banfakenews,743
banfakenews,386
banfakenews,1107
banfakenews,670
banfakenews,8118
banfakenews,561
banfakenews,979
banfakenews,909
banfakenews,629
banfakenews,1277
banfakenews,884
banfakenews,382
banfakenews,1318
banfakenews,681
banfakenews,1908
banfakenews,1067
banfakenews,1662
banfakenews,623
banfakenews,1190
banfakenews,624
banfakenews,1377
banfakenews,2258
banfakenews,680
banfakenews,1994
banfakenews,1401
banfakenews,878
banfakenews,794
banfakenews,1243
banfakenews,510
banfakenews,2875
banfakenews,784
banfakenews,1906
banfakenews,769
banfakenews,560
banfakenews,1324
banfakenews,1218
banfakenews,635
banfakenews,1211
banfakenews,241
banfakenews,428
banfakenews,617
banfakenews,565
banfakenews,1067
banfakenews,567
banfakenews,1861
banfakenews,4063
banfakenews,551
banfakenews,695
banfakenews,1104
banfakenews,582
banfakenews,1308
banfakenews,907
banfakenews,1148
banfakenews,2324
banfakenews,2867
banfakenews,349
banfakenews,638
banfakenews,131
banfakenews,848
banfakenews,553
banfakenews,1019
banfakenews,1829
banfakenews,1348
banfakenews,1512
banfakenews,366
banfakenews,954
banfakenews,1991
banfakenews,2533
banfakenews,701
banfakenews,1598
banfakenews,1257
banfakenews,1343
banfakenews,4741
banfakenews,935
banfakenews,1823
banfakenews,974
banfakenews,852
banfakenews,1198
banfakenews,515
banfakenews,663
banfakenews,1046
banfakenews,1055
banfakenews,561
banfakenews,1791
banfakenews,2357
banfakenews,1735
banfakenews,481
banfakenews,981
banfakenews,2468
banfakenews,1300
banfakenews,1183
banfakenews,276
banfakenews,966
banfakenews,2294
banfakenews,454
banfakenews,439
banfakenews,1143
banfakenews,875
banfakenews,1940
banfakenews,2607
banfakenews,583
banfakenews,1827
banfakenews,362
banfakenews,1341
banfakenews,987
banfakenews,935
banfakenews,760
banfakenews,1704
banfakenews,1410
banfakenews,1576
banfakenews,1199
banfakenews,1498
banfakenews,452
banfakenews,491
banfakenews,1350
banfakenews,503
banfakenews,357
banfakenews,853
banfakenews,1368
banfakenews,2167
banfakenews,902
banfakenews,929
banfakenews,501
banfakenews,495
banfakenews,1343
banfakenews,1133
banfakenews,2250
banfakenews,596
banfakenews,1861
banfakenews,752
banfakenews,363
banfakenews,747
banfakenews,426
banfakenews,964
banfakenews,2367
banfakenews,1267
banfakenews,874
banfakenews,1153
banfakenews,679
banfakenews,1130
banfakenews,641
banfakenews,919
banfakenews,556
banfakenews,1331
banfakenews,1241
banfakenews,1594
banfakenews,1534
banfakenews,338
banfakenews,722
banfakenews,1178
banfakenews,352
banfakenews,1581
banfakenews,990
banfakenews,529
banfakenews,421
banfakenews,2121
banfakenews,449
banfakenews,611
banfakenews,1604
banfakenews,1614
banfakenews,1324
banfakenews,1485
banfakenews,551
banfakenews,866
banfakenews,584
banfakenews,1290
banfakenews,1182
banfakenews,1031
banfakenews,260
banfakenews,1145
banfakenews,896
banfakenews,1349
banfakenews,500
banfakenews,640
banfakenews,842
banfakenews,4090
banfakenews,656
banfakenews,1370
banfakenews,636
banfakenews,1626
banfakenews,626
banfakenews,1337
banfakenews,282
banfakenews,1289
banfakenews,412
banfakenews,1415
banfakenews,843
banfakenews,398
banfakenews,708
banfakenews,927
banfakenews,1524
banfakenews,753
banfakenews,1079
banfakenews,1701
banfakenews,802
banfakenews,290
banfakenews,305
banfakenews,565
banfakenews,1134
banfakenews,2337
banfakenews,824
banfakenews,733
banfakenews,1142
banfakenews,1113
banfakenews,1983
banfakenews,916
banfakenews,721
banfakenews,594
banfakenews,920
banfakenews,268
banfakenews,677
banfakenews,767
banfakenews,2219
banfakenews,2347
banfakenews,1150
banfakenews,955
banfakenews,731
banfakenews,573
banfakenews,2210
banfakenews,446
banfakenews,1270
banfakenews,335
banfakenews,672
banfakenews,678
banfakenews,3440
banfakenews,288
banfakenews,812
banfakenews,1562
banfakenews,1606
banfakenews,1310
banfakenews,1107
banfakenews,941
banfakenews,834
banfakenews,1290
banfakenews,1185
banfakenews,1244
banfakenews,1879
banfakenews,515
banfakenews,610
banfakenews,1145
banfakenews,2633
banfakenews,817
banfakenews,635
banfakenews,494
banfakenews,820
banfakenews,1298
banfakenews,1332
banfakenews,523
banfakenews,1304
banfakenews,1562
banfakenews,1722
banfakenews,879
banfakenews,918
banfakenews,1149
banfakenews,671
banfakenews,721
banfakenews,478
banfakenews,1604
banfakenews,1204
banfakenews,1230
banfakenews,899
banfakenews,1074
banfakenews,497
banfakenews,341
banfakenews,624
banfakenews,2076
banfakenews,518
banfakenews,697
banfakenews,1020
banfakenews,926
banfakenews,1332
banfakenews,1171
banfakenews,550
banfakenews,2108
banfakenews,1583
banfakenews,451
banfakenews,1183
banfakenews,800
banfakenews,1007
banfakenews,679
banfakenews,933
banfakenews,1134
banfakenews,1419
banfakenews,1255
banfakenews,1361
banfakenews,1342
banfakenews,905
banfakenews,926
banfakenews,760
banfakenews,500
banfakenews,741
banfakenews,464
banfakenews,800
banfakenews,1672
banfakenews,765
banfakenews,448
banfakenews,1652
banfakenews,1006
banfakenews,1546
banfakenews,1204
banfakenews,1070
banfakenews,418
banfakenews,501
banfakenews,1531
banfakenews,595
banfakenews,821
banfakenews,615
banfakenews,1958
banfakenews,4607
banfakenews,611
banfakenews,1201
banfakenews,1495
banfakenews,895
banfakenews,938
banfakenews,1575
banfakenews,410
banfakenews,1259
banfakenews,1150
banfakenews,2297
banfakenews,2260
banfakenews,1249
banfakenews,1493
banfakenews,722
banfakenews,972
banfakenews,392
banfakenews,3261
banfakenews,1521
banfakenews,624
banfakenews,1259
banfakenews,1301
banfakenews,1209
banfakenews,1314
banfakenews,352
banfakenews,670
banfakenews,841
banfakenews,179
banfakenews,391
banfakenews,375
banfakenews,1222
banfakenews,810
banfakenews,794
banfakenews,882
banfakenews,3510
banfakenews,1502
banfakenews,1315
banfakenews,1241
banfakenews,1296
banfakenews,709
banfakenews,211
banfakenews,925
banfakenews,767
banfakenews,1420
banfakenews,1929
banfakenews,510
banfakenews,541
banfakenews,487
banfakenews,1501
banfakenews,349
banfakenews,501
banfakenews,471
banfakenews,2357
banfakenews,2241
banfakenews,4771
banfakenews,118
banfakenews,759
banfakenews,1352
banfakenews,694
banfakenews,1202
banfakenews,2305
banfakenews,390
banfakenews,672
banfakenews,1058
banfakenews,514
banfakenews,2605
banfakenews,421
banfakenews,619
banfakenews,920
banfakenews,717
banfakenews,1634
banfakenews,624
banfakenews,1788
banfakenews,862
banfakenews,1221
banfakenews,855
banfakenews,422
banfakenews,956
banfakenews,511
banfakenews,1353
banfakenews,2868
banfakenews,1192
banfakenews,2391
banfakenews,1608
banfakenews,594
banfakenews,1365
banfakenews,1819
banfakenews,2005
banfakenews,524
banfakenews,1522
banfakenews,720
banfakenews,2634
banfakenews,1096
banfakenews,1827
banfakenews,1644
banfakenews,1336
banfakenews,1353
banfakenews,1021
banfakenews,1096
banfakenews,3256
banfakenews,1742
banfakenews,331
banfakenews,704
banfakenews,1420
banfakenews,1125
banfakenews,453
banfakenews,1026
banfakenews,595
banfakenews,1313
banfakenews,1116
banfakenews,1289
banfakenews,1268
banfakenews,445
banfakenews,594
banfakenews,1600
banfakenews,2113
banfakenews,266
banfakenews,512
banfakenews,623
banfakenews,2214
banfakenews,866
banfakenews,685
banfakenews,720
banfakenews,2808
banfakenews,414
banfakenews,1780
banfakenews,1051
banfakenews,1057
banfakenews,742
banfakenews,676
banfakenews,1408
banfakenews,1641
banfakenews,665
banfakenews,1295
banfakenews,1575
banfakenews,1667
banfakenews,472
banfakenews,378
banfakenews,1929
banfakenews,706
banfakenews,506
banfakenews,1320
banfakenews,339
banfakenews,840
banfakenews,608
banfakenews,1746
banfakenews,1297
banfakenews,1287
banfakenews,832
banfakenews,8464
banfakenews,3247
banfakenews,1363
banfakenews,1443
banfakenews,909
banfakenews,980
banfakenews,1058
banfakenews,1769
banfakenews,1276
banfakenews,502
banfakenews,543
banfakenews,2048
banfakenews,638
banfakenews,787
banfakenews,1584
banfakenews,1424
banfakenews,716
banfakenews,942
banfakenews,975
banfakenews,1090
banfakenews,1378
banfakenews,998
banfakenews,2545
banfakenews,5620
banfakenews,2999
banfakenews,444
banfakenews,2438
banfakenews,655
banfakenews,1594
banfakenews,557
banfakenews,1620
banfakenews,2046
banfakenews,1143
banfakenews,733
banfakenews,594
banfakenews,614
banfakenews,1213
banfakenews,2366
banfakenews,3274
banfakenews,945
banfakenews,1504
banfakenews,2745
banfakenews,684
banfakenews,467
banfakenews,1522
banfakenews,1155
banfakenews,750
banfakenews,782
banfakenews,829
banfakenews,171
banfakenews,975
banfakenews,1477
banfakenews,1850
banfakenews,971
banfakenews,858
banfakenews,1133
banfakenews,687
banfakenews,1607
banfakenews,1064
banfakenews,1294
banfakenews,1009
banfakenews,343
banfakenews,1156
banfakenews,1118
banfakenews,921
banfakenews,2311
banfakenews,626
banfakenews,370
banfakenews,1720
banfakenews,856
banfakenews,806
banfakenews,1691
banfakenews,365
banfakenews,769
banfakenews,997
banfakenews,912
banfakenews,736
banfakenews,1411
banfakenews,161
banfakenews,1086
banfakenews,441
banfakenews,1239
banfakenews,511
banfakenews,512
banfakenews,556
banfakenews,171
banfakenews,378
banfakenews,1360
banfakenews,385
banfakenews,514
banfakenews,512
banfakenews,1097
banfakenews,804
banfakenews,519
banfakenews,648
banfakenews,593
banfakenews,352
banfakenews,251
banfakenews,3092
banfakenews,1330
banfakenews,1069
banfakenews,1813
banfakenews,614
banfakenews,2667
banfakenews,729
banfakenews,1124
banfakenews,712
banfakenews,1629
banfakenews,2331
banfakenews,706
banfakenews,1616
banfakenews,1084
banfakenews,368
banfakenews,692
banfakenews,824
banfakenews,1150
banfakenews,1267
banfakenews,1932
banfakenews,1174
banfakenews,1108
banfakenews,1923
banfakenews,356
banfakenews,1353
banfakenews,490
banfakenews,1128
banfakenews,877
banfakenews,1524
banfakenews,501
banfakenews,962
banfakenews,859
banfakenews,983
banfakenews,1509
banfakenews,1282
banfakenews,554
banfakenews,459
banfakenews,1282
banfakenews,745
banfakenews,749
banfakenews,840
banfakenews,804
banfakenews,1706
banfakenews,760
banfakenews,1715
banfakenews,1684
banfakenews,4067
banfakenews,773
banfakenews,388
banfakenews,378
banfakenews,856
banfakenews,1784
banfakenews,952
banfakenews,437
banfakenews,1099
banfakenews,1778
banfakenews,844
banfakenews,630
banfakenews,405
banfakenews,583
banfakenews,903
banfakenews,2041
banfakenews,537
banfakenews,1972
banfakenews,737
banfakenews,357
banfakenews,1626
banfakenews,382
banfakenews,801
banfakenews,1116
banfakenews,1196
banfakenews,733
banfakenews,570
banfakenews,737
banfakenews,860
banfakenews,679
banfakenews,1822
banfakenews,1006
banfakenews,2349
banfakenews,1091
banfakenews,363
banfakenews,1002
banfakenews,1349
banfakenews,1025
banfakenews,521
banfakenews,979
banfakenews,876
banfakenews,795
banfakenews,1463
banfakenews,1641
banfakenews,640
banfakenews,584
banfakenews,1202
banfakenews,2008
banfakenews,1021
banfakenews,6201
banfakenews,1077
banfakenews,948
banfakenews,704
banfakenews,1400
banfakenews,998
banfakenews,1158
banfakenews,338
banfakenews,583
banfakenews,1274
banfakenews,878
banfakenews,991
banfakenews,382
banfakenews,902
banfakenews,2435
banfakenews,2541
banfakenews,946
banfakenews,801
banfakenews,1688
banfakenews,1782
banfakenews,1148
banfakenews,1585
banfakenews,915
banfakenews,1590
banfakenews,898
banfakenews,868
banfakenews,1215
banfakenews,743
banfakenews,372
banfakenews,418
banfakenews,725
banfakenews,1100
banfakenews,540
banfakenews,780
banfakenews,1935
banfakenews,1572
banfakenews,1198
banfakenews,2526
banfakenews,940
banfakenews,1094
banfakenews,455
banfakenews,452
banfakenews,5762
banfakenews,1595
banfakenews,923
banfakenews,801
banfakenews,381
banfakenews,2228
banfakenews,1781
banfakenews,953
banfakenews,423
banfakenews,259
banfakenews,599
banfakenews,665
banfakenews,1158
banfakenews,744
banfakenews,503
banfakenews,1001
banfakenews,3635
banfakenews,492
banfakenews,851
banfakenews,849
banfakenews,695
banfakenews,1307
banfakenews,2648
banfakenews,1540
banfakenews,405
banfakenews,1965
banfakenews,2304
banfakenews,448
banfakenews,838
banfakenews,491
banfakenews,1452
banfakenews,966
banfakenews,1154
banfakenews,4677
banfakenews,1170
banfakenews,1033
banfakenews,851
banfakenews,1221
banfakenews,1154
banfakenews,655
banfakenews,957
banfakenews,457
banfakenews,3143
banfakenews,1375
banfakenews,688
banfakenews,953
banfakenews,472
banfakenews,1427
banfakenews,594
banfakenews,977
banfakenews,573
banfakenews,910
banfakenews,785
banfakenews,3146
banfakenews,605
banfakenews,321
banfakenews,794
banfakenews,1799
banfakenews,2909
banfakenews,927
banfakenews,1255
banfakenews,926
banfakenews,1373
banfakenews,389
banfakenews,489
banfakenews,786
banfakenews,343
banfakenews,2083
banfakenews,1909
banfakenews,929
banfakenews,690
banfakenews,939
banfakenews,503
banfakenews,1606
banfakenews,1177
banfakenews,510
banfakenews,2870
banfakenews,918
banfakenews,1135
banfakenews,930
banfakenews,767
banfakenews,963
banfakenews,1496
banfakenews,369
banfakenews,1778
banfakenews,1854
banfakenews,966
banfakenews,1516
banfakenews,766
banfakenews,1370
banfakenews,493
banfakenews,392
banfakenews,1271
banfakenews,420
banfakenews,515
banfakenews,831
banfakenews,1296
banfakenews,358
banfakenews,326
banfakenews,1188
banfakenews,777
banfakenews,1357
banfakenews,654
banfakenews,1788
banfakenews,432
banfakenews,899
banfakenews,1104
banfakenews,1359
banfakenews,714
banfakenews,804
banfakenews,1549
banfakenews,643
banfakenews,625
banfakenews,575
banfakenews,2293
banfakenews,1085
banfakenews,875
banfakenews,633
banfakenews,706
banfakenews,1234
banfakenews,824
banfakenews,529
banfakenews,11762
banfakenews,1186
banfakenews,2268
banfakenews,3270
banfakenews,938
banfakenews,2889
banfakenews,2506
banfakenews,879
banfakenews,920
banfakenews,155
banfakenews,656
banfakenews,1011
banfakenews,1321
banfakenews,928
banfakenews,1112
banfakenews,1218
banfakenews,1051
banfakenews,1460
banfakenews,1690
banfakenews,1093
banfakenews,1017
banfakenews,810
banfakenews,1339
banfakenews,873
banfakenews,3215
banfakenews,31
banfakenews,1105
banfakenews,767
banfakenews,961
banfakenews,980
banfakenews,1570
banfakenews,755
banfakenews,718
banfakenews,809
banfakenews,1081
banfakenews,1398
banfakenews,654
banfakenews,360
banfakenews,4205
banfakenews,2771
banfakenews,622
banfakenews,766
banfakenews,2132
banfakenews,5946
banfakenews,961
banfakenews,483
banfakenews,605
banfakenews,503
banfakenews,528
banfakenews,1348
banfakenews,963
banfakenews,998
banfakenews,610
banfakenews,1110
banfakenews,1132
banfakenews,248
banfakenews,130
banfakenews,1408
banfakenews,575
banfakenews,705
banfakenews,1205
banfakenews,1699
banfakenews,416
banfakenews,1594
banfakenews,929
banfakenews,1174
banfakenews,521
banfakenews,910
banfakenews,754
banfakenews,379
banfakenews,550
banfakenews,679
banfakenews,850
banfakenews,3390
banfakenews,385
banfakenews,1350
banfakenews,609
banfakenews,585
banfakenews,747
banfakenews,1464
banfakenews,537
banfakenews,534
banfakenews,511
banfakenews,1456
banfakenews,866
banfakenews,2196
banfakenews,611
banfakenews,485
banfakenews,1275
banfakenews,1438
banfakenews,550
banfakenews,3423
banfakenews,1574
banfakenews,2035
banfakenews,571
banfakenews,759
banfakenews,1496
banfakenews,1273
banfakenews,488
banfakenews,614
banfakenews,1476
banfakenews,488
banfakenews,414
banfakenews,867
banfakenews,1193
banfakenews,1609
banfakenews,1561
banfakenews,866
banfakenews,1517
banfakenews,2179
banfakenews,440
banfakenews,437
banfakenews,1014
banfakenews,442
banfakenews,670
banfakenews,4117
banfakenews,1643
banfakenews,437
banfakenews,735
banfakenews,1071
banfakenews,989
banfakenews,458
banfakenews,702
banfakenews,292
banfakenews,1441
banfakenews,1518
banfakenews,1156
banfakenews,522
banfakenews,1197
banfakenews,1279
banfakenews,453
banfakenews,762
banfakenews,572
banfakenews,1050
banfakenews,1542
banfakenews,903
banfakenews,2128
banfakenews,299
banfakenews,2002
banfakenews,1893
banfakenews,522
banfakenews,1149
banfakenews,1327
banfakenews,1679
banfakenews,702
banfakenews,407
banfakenews,1437
banfakenews,1217
banfakenews,704
banfakenews,2210
banfakenews,1423
banfakenews,1616
banfakenews,626
banfakenews,749
banfakenews,2335
banfakenews,925
banfakenews,1306
banfakenews,804
banfakenews,488
banfakenews,2904
banfakenews,422
banfakenews,1203
banfakenews,1210
banfakenews,829
banfakenews,1941
banfakenews,2418
banfakenews,1688
banfakenews,1058
banfakenews,361
banfakenews,1839
banfakenews,1001
banfakenews,1806
banfakenews,815
banfakenews,1231
banfakenews,1694
banfakenews,1558
banfakenews,833
banfakenews,1725
banfakenews,746
banfakenews,780
banfakenews,1916
banfakenews,1238
banfakenews,1318
banfakenews,1786
banfakenews,2034
banfakenews,703
banfakenews,751
banfakenews,854
banfakenews,1313
banfakenews,595
banfakenews,585
banfakenews,1348
banfakenews,710
banfakenews,509
banfakenews,1591
banfakenews,830
banfakenews,513
banfakenews,785
banfakenews,1081
banfakenews,538
banfakenews,497
banfakenews,1540
banfakenews,1027
banfakenews,2158
banfakenews,904
banfakenews,377
banfakenews,792
banfakenews,680
banfakenews,1142
banfakenews,1478
banfakenews,1025
banfakenews,457
banfakenews,1678
banfakenews,639
banfakenews,623
banfakenews,932
banfakenews,504
banfakenews,1279
banfakenews,405
banfakenews,2446
banfakenews,922
banfakenews,654
banfakenews,1124
banfakenews,762
banfakenews,690
banfakenews,1498
banfakenews,593
banfakenews,867
banfakenews,822
banfakenews,1929
banfakenews,794
banfakenews,933
banfakenews,667
banfakenews,563
banfakenews,1027
banfakenews,714
banfakenews,730
banfakenews,418
banfakenews,892
banfakenews,1172
banfakenews,2556
banfakenews,557
banfakenews,634
banfakenews,834
banfakenews,1423
banfakenews,783
banfakenews,512
banfakenews,1271
banfakenews,1114
banfakenews,322
banfakenews,703
banfakenews,1272
banfakenews,1257
banfakenews,989
banfakenews,1920
banfakenews,1111
banfakenews,1094
banfakenews,1217
banfakenews,2752
banfakenews,428
banfakenews,1193
banfakenews,1900
banfakenews,893
banfakenews,480
banfakenews,1075
banfakenews,580
banfakenews,467
banfakenews,1310
banfakenews,1208
banfakenews,981
banfakenews,1188
banfakenews,627
banfakenews,498
banfakenews,452
banfakenews,1166
banfakenews,1081
banfakenews,458
banfakenews,571
banfakenews,1418
banfakenews,350
banfakenews,2823
banfakenews,880
banfakenews,791
banfakenews,349
banfakenews,1632
banfakenews,644
banfakenews,1046
banfakenews,1123
banfakenews,970
banfakenews,803
banfakenews,1390
banfakenews,5888
banfakenews,765
banfakenews,612
banfakenews,609
banfakenews,1474
banfakenews,610
banfakenews,656
banfakenews,2424
banfakenews,937
banfakenews,2317
banfakenews,1648
banfakenews,931
banfakenews,537
banfakenews,689
banfakenews,254
banfakenews,380
banfakenews,622
banfakenews,969
banfakenews,1771
banfakenews,1555
banfakenews,567
banfakenews,696
banfakenews,2937
banfakenews,974
banfakenews,1010
banfakenews,1140
banfakenews,953
banfakenews,487
banfakenews,1562
banfakenews,1554
banfakenews,578
banfakenews,1495
banfakenews,1092
banfakenews,2285
banfakenews,765
banfakenews,1318
banfakenews,2358
banfakenews,1898
banfakenews,1216
banfakenews,2029
banfakenews,2064
banfakenews,1173
banfakenews,429
banfakenews,2670
banfakenews,603
banfakenews,1083
banfakenews,697
banfakenews,1201
banfakenews,2103
banfakenews,1369
banfakenews,784
banfakenews,3392
banfakenews,735
banfakenews,1779
banfakenews,2662
banfakenews,1092
banfakenews,711
banfakenews,812
banfakenews,714
banfakenews,707
banfakenews,505
banfakenews,1289
banfakenews,2667
banfakenews,553
banfakenews,717
banfakenews,2207
banfakenews,465
banfakenews,420
banfakenews,654
banfakenews,1350
banfakenews,1516
banfakenews,981
banfakenews,1945
banfakenews,854
banfakenews,885
banfakenews,1764
banfakenews,867
banfakenews,511
banfakenews,704
banfakenews,2329
banfakenews,1884
banfakenews,496
banfakenews,1318
banfakenews,584
banfakenews,475
banfakenews,1322
banfakenews,547
banfakenews,1072
banfakenews,1543
banfakenews,431
banfakenews,714
banfakenews,961
banfakenews,1403
banfakenews,591
banfakenews,421
banfakenews,382
banfakenews,537
banfakenews,689
banfakenews,459
banfakenews,576
banfakenews,2058
banfakenews,1454
banfakenews,1370
banfakenews,524
banfakenews,1403
banfakenews,1207
banfakenews,605
banfakenews,760
banfakenews,3270
banfakenews,1099
banfakenews,783
banfakenews,1530
banfakenews,1850
banfakenews,1817
banfakenews,1484
banfakenews,1147
banfakenews,3180
banfakenews,759
banfakenews,771
banfakenews,345
banfakenews,1363
banfakenews,313
banfakenews,748
banfakenews,955
banfakenews,564
banfakenews,899
banfakenews,2180
banfakenews,476
banfakenews,1060
banfakenews,963
banfakenews,2578
banfakenews,1304
banfakenews,595
banfakenews,420
banfakenews,1608
banfakenews,2473
banfakenews,461
banfakenews,726
banfakenews,816
banfakenews,490
banfakenews,2022
banfakenews,1562
banfakenews,2217
banfakenews,607
banfakenews,779
banfakenews,2435
banfakenews,2005
banfakenews,1169
banfakenews,936
banfakenews,1488
banfakenews,657
banfakenews,2608
banfakenews,2105
banfakenews,2868
banfakenews,935
banfakenews,511
banfakenews,3536
banfakenews,1737
banfakenews,543
banfakenews,1641
banfakenews,1747
banfakenews,964
banfakenews,659
banfakenews,1418
banfakenews,534
banfakenews,1291
banfakenews,646
banfakenews,912
banfakenews,1192
banfakenews,1329
banfakenews,1731
banfakenews,617
banfakenews,185
banfakenews,1309
banfakenews,1177
banfakenews,1229
banfakenews,985
banfakenews,369
banfakenews,1042
banfakenews,1112
banfakenews,1368
banfakenews,307
banfakenews,2974
banfakenews,560
banfakenews,478
banfakenews,747
banfakenews,1061
banfakenews,2307
banfakenews,301
banfakenews,1513
banfakenews,1497
banfakenews,2936
banfakenews,1185
banfakenews,1804
banfakenews,1001
banfakenews,415
banfakenews,690
banfakenews,3045
banfakenews,847
